image_name,signal_b50,signal_b800,signal_b2000
labels_mask_case_id_TCGA-YA-A8S7_3_1_cell_expansion_7_0_threshold_0_7_facet_size_3.0.csv.tif,24090.048745539665,12296.883401517673,6487.895308612669
labels_mask_case_id_TCGA-CC-A8HT_3_4_cell_expansion_13_0_threshold_0_8_facet_size_3.0.csv.tif,22765.58244456658,5639.708756821316,1997.9000661900368
labels_mask_case_id_TCGA-CC-A1HT_4_1_cell_expansion_15_0_threshold_0_5_facet_size_3.0.csv.tif,24778.20975748073,17154.599248759856,11028.705197528474
labels_mask_case_id_TCGA-K7-AAU7_2_0_cell_expansion_11_0_threshold_0_6_facet_size_3.0.csv.tif,22560.85642068167,4510.106281963746,1250.1265502618164
labels_mask_case_id_TCGA-G3-A7M6_2_0_cell_expansion_5_0_threshold_0_6_facet_size_3.0.csv.tif,24561.986127169606,15844.638122840855,10144.715577438728
labels_mask_case_id_TCGA-G3-A5SK_2_0_cell_expansion_11_0_threshold_0_7_facet_size_3.0.csv.tif,24461.17073738589,14925.328044951191,8987.15081734095
labels_mask_case_id_TCGA-CC-5261_2_4_cell_expansion_9_0_threshold_0_8_facet_size_3.0.csv.tif,24241.03807425233,13211.143185014842,7049.252850120956
labels_mask_case_id_TCGA-YA-A8S7_0_1_cell_expansion_11_0_threshold_0_8_facet_size_3.0.csv.tif,23478.795507886185,9045.837692286235,4167.681629099693
labels_mask_case_id_TCGA-K7-AAU7_1_1_cell_expansion_3_0_threshold_0_4_facet_size_3.0.csv.tif,24208.158044002124,13862.194638621784,9399.600996398764
labels_mask_case_id_TCGA-YA-A8S7_2_4_cell_expansion_3_0_threshold_0_5_facet_size_3.0.csv.tif,22449.204203362955,4127.227824507435,1090.3206382292456
labels_mask_case_id_TCGA-K7-AAU7_2_3_cell_expansion_3_0_threshold_0_7_facet_size_3.0.csv.tif,22874.26950095544,6106.368810703751,2556.726995535561
labels_mask_case_id_TCGA-BC-A69I_1_3_cell_expansion_3_0_threshold_0_7_facet_size_3.0.csv.tif,23509.444177317582,9447.553927331268,4952.0352906633625
labels_mask_case_id_TCGA-BC-A69I_0_1_cell_expansion_1_0_threshold_0_4_facet_size_3.0.csv.tif,23297.501333060693,8461.936575073913,4722.797751168993
labels_mask_case_id_TCGA-CC-A3MA_2_1_cell_expansion_11_0_threshold_0_4_facet_size_3.0.csv.tif,24917.824526329023,18508.69556226864,12885.769382111635
labels_mask_case_id_TCGA-CC-A8HT_0_4_cell_expansion_7_0_threshold_0_8_facet_size_3.0.csv.tif,22864.643397105145,6065.618292175115,2183.5413350096105
labels_mask_case_id_TCGA-CC-A3MA_1_4_cell_expansion_13_0_threshold_0_6_facet_size_3.0.csv.tif,24829.44647457547,17358.249651347207,10954.026757479722
labels_mask_case_id_TCGA-CC-A3MA_0_4_cell_expansion_9_0_threshold_0_8_facet_size_3.0.csv.tif,22769.04173682675,5525.703335830648,1875.276226724446
labels_mask_case_id_TCGA-DD-AAED_0_4_cell_expansion_15_0_threshold_0_5_facet_size_3.0.csv.tif,24656.52368879584,15862.391645371456,9182.380610695736
labels_mask_case_id_TCGA-CC-A3MA_1_0_cell_expansion_9_0_threshold_0_4_facet_size_3.0.csv.tif,24865.215445538648,17731.758977996644,11400.992104172254
labels_mask_case_id_TCGA-CC-A8HT_3_0_cell_expansion_11_0_threshold_0_8_facet_size_3.0.csv.tif,23497.62880349911,9080.48287652119,4051.651354113338
labels_mask_case_id_TCGA-CC-A8HT_1_1_cell_expansion_7_0_threshold_0_8_facet_size_3.0.csv.tif,23112.311336366227,7123.106372558967,2796.8707419536267
labels_mask_case_id_TCGA-G3-A5SK_1_1_cell_expansion_11_0_threshold_0_5_facet_size_3.0.csv.tif,24366.448719023152,14030.597428184072,7840.070855060895
labels_mask_case_id_TCGA-CC-A8HT_3_1_cell_expansion_5_0_threshold_0_8_facet_size_3.0.csv.tif,22908.92134629566,6245.54078886971,2409.618570175794
labels_mask_case_id_TCGA-DD-AAED_4_4_cell_expansion_5_0_threshold_0_6_facet_size_3.0.csv.tif,24797.3546953212,17338.66301327933,11200.838634444866
labels_mask_case_id_TCGA-G3-A7M6_4_0_cell_expansion_5_0_threshold_0_5_facet_size_3.0.csv.tif,24780.55102193096,17822.859792029034,12792.101623901346
labels_mask_case_id_TCGA-CC-A1HT_4_1_cell_expansion_11_0_threshold_0_7_facet_size_3.0.csv.tif,24507.557821608112,15094.031700988708,8794.6599891039
labels_mask_case_id_TCGA-K7-AAU7_2_2_cell_expansion_5_0_threshold_0_8_facet_size_3.0.csv.tif,22345.177496387743,3629.566922968249,804.5775681363448
labels_mask_case_id_TCGA-CC-5261_3_0_cell_expansion_9_0_threshold_0_4_facet_size_3.0.csv.tif,24701.04703234402,16458.5910899375,10183.389883612344
labels_mask_case_id_TCGA-YA-A8S7_0_0_cell_expansion_13_0_threshold_0_7_facet_size_3.0.csv.tif,24224.428435801343,13072.508206755932,7092.03289169448
labels_mask_case_id_TCGA-YA-A8S7_0_3_cell_expansion_1_0_threshold_0_7_facet_size_3.0.csv.tif,23283.266407374125,8344.635728138772,4494.268292935138
labels_mask_case_id_TCGA-K7-AAU7_0_4_cell_expansion_1_0_threshold_0_5_facet_size_3.0.csv.tif,23147.8116100338,7535.044852300493,4079.226211873805
labels_mask_case_id_TCGA-YA-A8S7_1_3_cell_expansion_13_0_threshold_0_6_facet_size_3.0.csv.tif,24667.38759422276,16165.351625752275,9861.877437263003
labels_mask_case_id_TCGA-YA-A8S7_4_4_cell_expansion_3_0_threshold_0_6_facet_size_3.0.csv.tif,22434.361020042947,3912.7562748779305,854.2043243057425
labels_mask_case_id_TCGA-DD-AAED_3_0_cell_expansion_15_0_threshold_0_8_facet_size_3.0.csv.tif,24221.68237631634,12951.02482493477,6606.043363710049
labels_mask_case_id_TCGA-BC-A69I_0_2_cell_expansion_9_0_threshold_0_7_facet_size_3.0.csv.tif,23524.503403225805,9466.553813305658,4503.239148159648
labels_mask_case_id_TCGA-CC-A1HT_4_1_cell_expansion_1_0_threshold_0_4_facet_size_3.0.csv.tif,23855.534124120317,11672.510922486988,7334.925326691675
labels_mask_case_id_TCGA-CC-A8HT_2_1_cell_expansion_13_0_threshold_0_7_facet_size_3.0.csv.tif,24269.83617446576,13503.915910948765,7373.060308066073
labels_mask_case_id_TCGA-G3-A7M6_0_4_cell_expansion_9_0_threshold_0_4_facet_size_3.0.csv.tif,24708.471866256423,16544.356553352445,10287.020875349412
labels_mask_case_id_TCGA-CC-A3MA_3_1_cell_expansion_13_0_threshold_0_5_facet_size_3.0.csv.tif,24847.78572909308,17955.879848426124,12322.871394655582
labels_mask_case_id_TCGA-CC-A3MA_3_0_cell_expansion_15_0_threshold_0_8_facet_size_3.0.csv.tif,22295.564725834272,3345.912720479547,555.5313772235761
labels_mask_case_id_TCGA-CC-5261_2_2_cell_expansion_15_0_threshold_0_7_facet_size_3.0.csv.tif,24685.595940050232,16228.480622665154,9812.03793543495
labels_mask_case_id_TCGA-CC-A8HT_1_2_cell_expansion_9_0_threshold_0_8_facet_size_3.0.csv.tif,22849.29616519636,6021.1019962642495,2312.2045839869274
labels_mask_case_id_TCGA-DD-AAED_2_1_cell_expansion_15_0_threshold_0_6_facet_size_3.0.csv.tif,24766.875443307355,16832.35648206821,10281.967187827062
labels_mask_case_id_TCGA-DD-AAED_3_2_cell_expansion_9_0_threshold_0_4_facet_size_3.0.csv.tif,24842.94865711564,17498.690097324594,11133.969345430996
labels_mask_case_id_TCGA-CC-A8HT_3_2_cell_expansion_13_0_threshold_0_6_facet_size_3.0.csv.tif,24584.78874849688,15739.94833570161,9710.919267967394
labels_mask_case_id_TCGA-CC-A3MA_0_4_cell_expansion_11_0_threshold_0_7_facet_size_3.0.csv.tif,23603.518303070443,9783.609987923308,4765.541982361143
labels_mask_case_id_TCGA-YA-A8S7_2_0_cell_expansion_15_0_threshold_0_8_facet_size_3.0.csv.tif,23364.8630334915,8132.009481775669,3201.489175637122
labels_mask_case_id_TCGA-G3-A7M6_4_3_cell_expansion_9_0_threshold_0_4_facet_size_3.0.csv.tif,24471.397977090684,15011.6540542051,8928.57221331324
labels_mask_case_id_TCGA-CC-A1HT_4_1_cell_expansion_3_0_threshold_0_5_facet_size_3.0.csv.tif,24375.49266242594,14681.752951416323,9273.5842886991
labels_mask_case_id_TCGA-CC-A8HT_1_0_cell_expansion_15_0_threshold_0_6_facet_size_3.0.csv.tif,24623.70721514125,15943.765321296,9773.123224845527
labels_mask_case_id_TCGA-G3-A7M6_4_2_cell_expansion_9_0_threshold_0_8_facet_size_3.0.csv.tif,22723.31939963952,5456.755730687819,1989.355406133332
labels_mask_case_id_TCGA-CC-5261_1_2_cell_expansion_5_0_threshold_0_8_facet_size_3.0.csv.tif,23452.63547486248,8900.243623109656,4107.514918688605
labels_mask_case_id_TCGA-CC-A8HT_1_4_cell_expansion_13_0_threshold_0_4_facet_size_3.0.csv.tif,24767.010655788024,16915.064187322445,10581.422841266478
labels_mask_case_id_TCGA-CC-A3MA_4_1_cell_expansion_1_0_threshold_0_7_facet_size_3.0.csv.tif,23540.647007742547,9742.37360004776,5479.964869352402
labels_mask_case_id_TCGA-G3-A5SK_3_4_cell_expansion_15_0_threshold_0_4_facet_size_3.0.csv.tif,24947.650402051466,18803.58994283057,13256.660658672808
labels_mask_case_id_TCGA-K7-AAU7_3_4_cell_expansion_15_0_threshold_0_5_facet_size_3.0.csv.tif,24225.60590402694,13372.369067370104,7665.240537924717
labels_mask_case_id_TCGA-CC-5261_2_1_cell_expansion_5_0_threshold_0_7_facet_size_3.0.csv.tif,24039.03400961843,12357.95514216058,6819.8007968704405
labels_mask_case_id_TCGA-BC-A69I_4_0_cell_expansion_11_0_threshold_0_6_facet_size_3.0.csv.tif,24273.290564603667,13385.88186318094,7228.075132219794
labels_mask_case_id_TCGA-K7-AAU7_1_2_cell_expansion_11_0_threshold_0_5_facet_size_3.0.csv.tif,24199.57771761743,13475.221725729058,8176.565566656823
labels_mask_case_id_TCGA-CC-5261_1_3_cell_expansion_3_0_threshold_0_7_facet_size_3.0.csv.tif,23749.848543109023,10827.88749216975,5926.625777892231
labels_mask_case_id_TCGA-G3-A5SK_4_2_cell_expansion_3_0_threshold_0_7_facet_size_3.0.csv.tif,23517.77527237264,9570.67438065531,5215.477881502782
labels_mask_case_id_TCGA-CC-5261_0_4_cell_expansion_13_0_threshold_0_6_facet_size_3.0.csv.tif,24652.832994377422,16331.619969762698,10520.438424771266
labels_mask_case_id_TCGA-CC-A3MA_2_1_cell_expansion_3_0_threshold_0_5_facet_size_3.0.csv.tif,24549.838196682693,16081.452406011991,10923.977013271391
labels_mask_case_id_TCGA-G3-A5SK_0_1_cell_expansion_11_0_threshold_0_5_facet_size_3.0.csv.tif,24607.432716046183,15887.597571043882,9832.215303746409
labels_mask_case_id_TCGA-G3-A5SK_1_0_cell_expansion_7_0_threshold_0_5_facet_size_3.0.csv.tif,24562.07730150347,15666.203278830177,9638.436095827064
labels_mask_case_id_TCGA-CC-A3MA_3_4_cell_expansion_5_0_threshold_0_6_facet_size_3.0.csv.tif,24439.45569751256,14962.822138313368,9112.913304154084
labels_mask_case_id_TCGA-CC-5261_3_0_cell_expansion_15_0_threshold_0_8_facet_size_3.0.csv.tif,23584.47449227926,9550.996520173398,4389.37163427742
labels_mask_case_id_TCGA-CC-A3MA_4_1_cell_expansion_5_0_threshold_0_5_facet_size_3.0.csv.tif,24672.119387994957,16441.73195562674,10438.461628772782
labels_mask_case_id_TCGA-CC-A3MA_1_3_cell_expansion_11_0_threshold_0_7_facet_size_3.0.csv.tif,24541.95391955567,15089.92210410623,8637.306246860087
labels_mask_case_id_TCGA-CC-A3MA_1_4_cell_expansion_5_0_threshold_0_7_facet_size_3.0.csv.tif,24638.530338369725,15973.489964912524,9680.108656062772
labels_mask_case_id_TCGA-K7-AAU7_1_4_cell_expansion_9_0_threshold_0_8_facet_size_3.0.csv.tif,22295.564725834272,3345.912720479547,555.5313772235761
labels_mask_case_id_TCGA-G3-A5SK_2_2_cell_expansion_5_0_threshold_0_7_facet_size_3.0.csv.tif,24187.53060643432,13235.158218533948,7573.8317912763
labels_mask_case_id_TCGA-DD-AAED_4_0_cell_expansion_9_0_threshold_0_5_facet_size_3.0.csv.tif,24653.53193458539,16299.420371711303,10198.301586502765
labels_mask_case_id_TCGA-CC-5261_4_0_cell_expansion_5_0_threshold_0_8_facet_size_3.0.csv.tif,23343.024196350325,8450.300067805534,3784.796890902866
labels_mask_case_id_TCGA-CC-5261_2_2_cell_expansion_13_0_threshold_0_4_facet_size_3.0.csv.tif,24819.216824220664,17349.684144082574,11116.625682098473
labels_mask_case_id_TCGA-DD-AAED_2_1_cell_expansion_13_0_threshold_0_5_facet_size_3.0.csv.tif,24791.847100525345,17050.20561489939,10531.563024244864
labels_mask_case_id_TCGA-G3-A7M6_4_2_cell_expansion_9_0_threshold_0_4_facet_size_3.0.csv.tif,24702.894139433414,17533.03342623504,12744.098401663015
labels_mask_case_id_TCGA-BC-A69I_1_1_cell_expansion_9_0_threshold_0_5_facet_size_3.0.csv.tif,24367.815341592777,14047.203786952708,7951.333383909674
labels_mask_case_id_TCGA-YA-A8S7_2_4_cell_expansion_13_0_threshold_0_6_facet_size_3.0.csv.tif,22379.53262333526,3769.691765016888,851.282079073336
labels_mask_case_id_TCGA-CC-5261_3_4_cell_expansion_3_0_threshold_0_8_facet_size_3.0.csv.tif,23174.03264091668,7603.941997012469,3374.069071346706
labels_mask_case_id_TCGA-DD-AAED_3_3_cell_expansion_11_0_threshold_0_7_facet_size_3.0.csv.tif,24766.36495988055,16893.224744714615,10443.65687572546
labels_mask_case_id_TCGA-CC-5261_2_3_cell_expansion_11_0_threshold_0_7_facet_size_3.0.csv.tif,24619.27693384738,15652.9699629511,9049.284323917223
labels_mask_case_id_TCGA-CC-A3MA_0_0_cell_expansion_15_0_threshold_0_8_facet_size_3.0.csv.tif,23276.322263223563,8008.097649392179,3274.9195372044624
labels_mask_case_id_TCGA-G3-A5SK_1_1_cell_expansion_1_0_threshold_0_6_facet_size_3.0.csv.tif,22992.27421057242,6838.240772974421,3418.8846603287548
labels_mask_case_id_TCGA-YA-A8S7_4_1_cell_expansion_9_0_threshold_0_6_facet_size_3.0.csv.tif,24725.321637657165,16744.574707681422,10603.272152939
labels_mask_case_id_TCGA-K7-AAU7_1_3_cell_expansion_9_0_threshold_0_6_facet_size_3.0.csv.tif,22910.315128526265,6179.467534802878,2436.348268810147
labels_mask_case_id_TCGA-CC-A8HT_0_2_cell_expansion_13_0_threshold_0_6_facet_size_3.0.csv.tif,24437.701651341165,14467.10876059336,8267.614294081282
labels_mask_case_id_TCGA-CC-A3MA_3_2_cell_expansion_5_0_threshold_0_4_facet_size_3.0.csv.tif,24785.9743520918,17463.247082658738,11690.38872700671
labels_mask_case_id_TCGA-G3-A7M6_0_4_cell_expansion_9_0_threshold_0_8_facet_size_3.0.csv.tif,23951.564049096996,11712.770985214627,6071.54004089574
labels_mask_case_id_TCGA-BC-A69I_0_3_cell_expansion_9_0_threshold_0_7_facet_size_3.0.csv.tif,23981.28740076562,11630.31815512325,5854.795442010125
labels_mask_case_id_TCGA-CC-A1HT_4_0_cell_expansion_1_0_threshold_0_4_facet_size_3.0.csv.tif,23518.220422329625,9832.330028780452,6060.284169754774
labels_mask_case_id_TCGA-CC-A3MA_4_0_cell_expansion_3_0_threshold_0_6_facet_size_3.0.csv.tif,24480.653248288378,15345.994172407298,9863.668234133424
labels_mask_case_id_TCGA-G3-A5SK_2_3_cell_expansion_3_0_threshold_0_4_facet_size_3.0.csv.tif,23938.330392737305,12154.97279206362,7586.557991241245
labels_mask_case_id_TCGA-CC-A1HT_0_0_cell_expansion_7_0_threshold_0_5_facet_size_3.0.csv.tif,24247.564617432337,13924.51947315816,8563.037015263051
labels_mask_case_id_TCGA-BC-A69I_4_1_cell_expansion_15_0_threshold_0_6_facet_size_3.0.csv.tif,23812.01906311242,10645.086184217847,5236.839762851485
labels_mask_case_id_TCGA-CC-A8HT_2_1_cell_expansion_15_0_threshold_0_8_facet_size_3.0.csv.tif,23114.838189537026,7006.790251225519,2544.162464300416
labels_mask_case_id_TCGA-G3-A5SK_4_3_cell_expansion_1_0_threshold_0_6_facet_size_3.0.csv.tif,23143.811304194583,7687.147611631623,4262.274527787857
labels_mask_case_id_TCGA-K7-AAU7_0_4_cell_expansion_13_0_threshold_0_6_facet_size_3.0.csv.tif,23858.485039003022,11257.174150390536,6138.542174995831
labels_mask_case_id_TCGA-CC-A8HT_3_3_cell_expansion_13_0_threshold_0_4_facet_size_3.0.csv.tif,24665.246372315774,16496.94529309841,10772.270171150674
labels_mask_case_id_TCGA-G3-A5SK_0_1_cell_expansion_13_0_threshold_0_8_facet_size_3.0.csv.tif,23699.395047974725,10108.106708540232,4862.989782841818
labels_mask_case_id_TCGA-CC-A3MA_0_0_cell_expansion_3_0_threshold_0_4_facet_size_3.0.csv.tif,23505.160650360653,9774.435491388653,5332.384346389842
labels_mask_case_id_TCGA-CC-5261_3_2_cell_expansion_3_0_threshold_0_6_facet_size_3.0.csv.tif,24167.42010184862,13297.660344086846,8058.672774571809
labels_mask_case_id_TCGA-YA-A8S7_2_4_cell_expansion_15_0_threshold_0_5_facet_size_3.0.csv.tif,22621.28103046233,4905.256911970964,1520.181394716701
labels_mask_case_id_TCGA-G3-A7M6_3_0_cell_expansion_9_0_threshold_0_5_facet_size_3.0.csv.tif,24658.883230343377,16080.31581276272,9655.577785241068
labels_mask_case_id_TCGA-CC-5261_3_1_cell_expansion_11_0_threshold_0_8_facet_size_3.0.csv.tif,24031.778062895377,11824.576320142703,5845.527817058452
labels_mask_case_id_TCGA-G3-A5SK_0_4_cell_expansion_1_0_threshold_0_6_facet_size_3.0.csv.tif,23013.68368048256,6941.72154827668,3544.401418114809
labels_mask_case_id_TCGA-CC-5261_3_4_cell_expansion_11_0_threshold_0_7_facet_size_3.0.csv.tif,24509.279733655883,14906.382193903846,8463.406971415585
labels_mask_case_id_TCGA-CC-A3MA_2_0_cell_expansion_3_0_threshold_0_5_facet_size_3.0.csv.tif,24541.078718650977,15589.806173952116,9840.499671520134
labels_mask_case_id_TCGA-CC-A8HT_0_3_cell_expansion_13_0_threshold_0_8_facet_size_3.0.csv.tif,23121.437757079075,7038.400018852157,2557.9587149951603
labels_mask_case_id_TCGA-K7-AAU7_0_4_cell_expansion_11_0_threshold_0_7_facet_size_3.0.csv.tif,22751.75312406469,5388.370669079724,1866.087207743758
labels_mask_case_id_TCGA-G3-A7M6_0_2_cell_expansion_9_0_threshold_0_6_facet_size_3.0.csv.tif,24629.001436533043,15847.86375621321,9392.822062967489
labels_mask_case_id_TCGA-CC-A3MA_3_0_cell_expansion_11_0_threshold_0_6_facet_size_3.0.csv.tif,22816.69099240894,5848.984570631636,2237.3992139304023
labels_mask_case_id_TCGA-G3-A5SK_3_2_cell_expansion_15_0_threshold_0_6_facet_size_3.0.csv.tif,24689.79691254361,16565.64879552973,10602.879697988044
labels_mask_case_id_TCGA-K7-AAU7_1_0_cell_expansion_11_0_threshold_0_6_facet_size_3.0.csv.tif,23031.529258450377,6979.7986000097135,3145.2702850558453
labels_mask_case_id_TCGA-CC-A3MA_1_0_cell_expansion_15_0_threshold_0_8_facet_size_3.0.csv.tif,24214.969772290708,12768.713199209653,6319.281189523591
labels_mask_case_id_TCGA-DD-AAED_0_2_cell_expansion_1_0_threshold_0_4_facet_size_3.0.csv.tif,23750.52376866061,11119.054021598702,6969.321966170975
labels_mask_case_id_TCGA-CC-A8HT_4_3_cell_expansion_5_0_threshold_0_5_facet_size_3.0.csv.tif,24170.709585005192,13211.20673398654,7803.8149180082255
labels_mask_case_id_TCGA-G3-A5SK_2_4_cell_expansion_15_0_threshold_0_8_facet_size_3.0.csv.tif,23678.948950217346,10025.160107887395,4711.071575471006
labels_mask_case_id_TCGA-CC-A3MA_0_4_cell_expansion_9_0_threshold_0_4_facet_size_3.0.csv.tif,24440.039813683565,14963.194432213742,9209.918832832544
labels_mask_case_id_TCGA-CC-A3MA_2_4_cell_expansion_11_0_threshold_0_7_facet_size_3.0.csv.tif,24603.992403961045,15487.535470148188,8932.070364911964
labels_mask_case_id_TCGA-YA-A8S7_2_2_cell_expansion_13_0_threshold_0_8_facet_size_3.0.csv.tif,23562.970346431623,9094.547936709438,3825.360175764335
labels_mask_case_id_TCGA-DD-AAED_4_2_cell_expansion_5_0_threshold_0_4_facet_size_3.0.csv.tif,24608.19259600263,16234.0808893087,10431.233619710543
labels_mask_case_id_TCGA-CC-A3MA_2_4_cell_expansion_9_0_threshold_0_5_facet_size_3.0.csv.tif,24855.560816634177,17723.553898253722,11564.446133322806
labels_mask_case_id_TCGA-YA-A8S7_2_2_cell_expansion_5_0_threshold_0_4_facet_size_3.0.csv.tif,24393.65483048317,14358.054817463708,8270.64570218046
labels_mask_case_id_TCGA-YA-A8S7_0_4_cell_expansion_3_0_threshold_0_8_facet_size_3.0.csv.tif,22504.254273634117,4295.79021098515,1180.7769640993547
labels_mask_case_id_TCGA-CC-A3MA_3_3_cell_expansion_15_0_threshold_0_5_facet_size_3.0.csv.tif,24807.157139678948,17124.005171282275,10607.539517578118
labels_mask_case_id_TCGA-CC-5261_3_3_cell_expansion_13_0_threshold_0_6_facet_size_3.0.csv.tif,24874.42173455257,17921.580400657433,11824.565538782595
labels_mask_case_id_TCGA-K7-AAU7_3_0_cell_expansion_3_0_threshold_0_5_facet_size_3.0.csv.tif,23754.51343022,11058.283363562314,6665.902752438058
labels_mask_case_id_TCGA-G3-A5SK_1_0_cell_expansion_13_0_threshold_0_6_facet_size_3.0.csv.tif,24562.147058180857,15630.575226226609,9547.147873511618
labels_mask_case_id_TCGA-YA-A8S7_0_3_cell_expansion_7_0_threshold_0_8_facet_size_3.0.csv.tif,23063.464063200187,7002.605209908268,2840.941841615765
labels_mask_case_id_TCGA-CC-A3MA_4_3_cell_expansion_9_0_threshold_0_4_facet_size_3.0.csv.tif,24885.14365845632,18039.203929693973,11961.438093621968
labels_mask_case_id_TCGA-K7-AAU7_1_0_cell_expansion_7_0_threshold_0_6_facet_size_3.0.csv.tif,23027.68714067232,6960.611973091667,3133.3872799636183
labels_mask_case_id_TCGA-BC-A69I_3_2_cell_expansion_5_0_threshold_0_5_facet_size_3.0.csv.tif,23929.536180753494,11615.509894706967,6114.008990271848
labels_mask_case_id_TCGA-CC-A8HT_0_0_cell_expansion_11_0_threshold_0_8_facet_size_3.0.csv.tif,23156.97739410377,7342.696276002374,2985.360255029744
labels_mask_case_id_TCGA-CC-A8HT_0_3_cell_expansion_7_0_threshold_0_6_facet_size_3.0.csv.tif,24434.87102531896,14667.328130031095,8612.874768239652
labels_mask_case_id_TCGA-BC-A69I_4_0_cell_expansion_3_0_threshold_0_7_facet_size_3.0.csv.tif,23426.99104070884,8947.455027482009,4464.786515258249
labels_mask_case_id_TCGA-K7-AAU7_1_4_cell_expansion_13_0_threshold_0_6_facet_size_3.0.csv.tif,23401.29452554104,9069.045403238302,4846.441050475003
labels_mask_case_id_TCGA-YA-A8S7_1_1_cell_expansion_3_0_threshold_0_8_facet_size_3.0.csv.tif,22971.570728017825,6586.464773043554,2807.2345217800025
labels_mask_case_id_TCGA-YA-A8S7_0_2_cell_expansion_1_0_threshold_0_7_facet_size_3.0.csv.tif,23238.999723393747,8050.804087778517,4218.755423990113
labels_mask_case_id_TCGA-K7-AAU7_2_1_cell_expansion_11_0_threshold_0_4_facet_size_3.0.csv.tif,24210.63047502244,13584.05388912217,8124.898221006435
labels_mask_case_id_TCGA-DD-AAED_1_0_cell_expansion_7_0_threshold_0_5_facet_size_3.0.csv.tif,24256.95825080751,13450.5017883587,7485.247494465011
labels_mask_case_id_TCGA-CC-5261_2_3_cell_expansion_9_0_threshold_0_6_facet_size_3.0.csv.tif,24748.92942237369,16676.929557510968,10164.682670753326
labels_mask_case_id_TCGA-G3-A7M6_4_4_cell_expansion_15_0_threshold_0_6_facet_size_3.0.csv.tif,24332.99337015496,13754.572723293177,7540.099909954311
labels_mask_case_id_TCGA-CC-A8HT_0_3_cell_expansion_5_0_threshold_0_7_facet_size_3.0.csv.tif,23915.23033866125,11572.69979594947,6185.4171765912015
labels_mask_case_id_TCGA-CC-A1HT_0_3_cell_expansion_9_0_threshold_0_5_facet_size_3.0.csv.tif,24657.433909100186,16156.274427655011,10000.163438105265
labels_mask_case_id_TCGA-G3-A5SK_2_1_cell_expansion_13_0_threshold_0_4_facet_size_3.0.csv.tif,24753.73318544225,16955.891427068444,10724.750024500763
labels_mask_case_id_TCGA-G3-A7M6_3_3_cell_expansion_3_0_threshold_0_7_facet_size_3.0.csv.tif,23538.257296240587,9553.602012833817,5057.527019437583
labels_mask_case_id_TCGA-K7-AAU7_2_0_cell_expansion_15_0_threshold_0_8_facet_size_3.0.csv.tif,22295.564725834272,3345.912720479547,555.5313772235761
labels_mask_case_id_TCGA-K7-AAU7_1_1_cell_expansion_11_0_threshold_0_8_facet_size_3.0.csv.tif,22295.564725834272,3345.912720479547,555.5313772235761
labels_mask_case_id_TCGA-CC-A8HT_4_3_cell_expansion_3_0_threshold_0_6_facet_size_3.0.csv.tif,23590.690553701774,9883.836976815044,5462.762292374819
labels_mask_case_id_TCGA-CC-A3MA_1_1_cell_expansion_15_0_threshold_0_6_facet_size_3.0.csv.tif,24370.63546437497,14195.922903428189,8104.286389541498
labels_mask_case_id_TCGA-DD-AAED_2_4_cell_expansion_9_0_threshold_0_4_facet_size_3.0.csv.tif,24762.79651212731,16814.390401182856,10287.516896785102
labels_mask_case_id_TCGA-YA-A8S7_4_0_cell_expansion_15_0_threshold_0_4_facet_size_3.0.csv.tif,24825.07506441773,17657.865993717838,11749.27990933562
labels_mask_case_id_TCGA-CC-A1HT_2_2_cell_expansion_3_0_threshold_0_6_facet_size_3.0.csv.tif,24213.411187575737,13189.487979884783,7466.152335758994
labels_mask_case_id_TCGA-CC-A1HT_3_0_cell_expansion_1_0_threshold_0_5_facet_size_3.0.csv.tif,23588.519640994728,10182.848868896222,6496.642679690305
labels_mask_case_id_TCGA-G3-A5SK_2_1_cell_expansion_5_0_threshold_0_7_facet_size_3.0.csv.tif,24391.98875261149,14438.443721260708,8462.385473210505
labels_mask_case_id_TCGA-G3-A5SK_0_1_cell_expansion_7_0_threshold_0_7_facet_size_3.0.csv.tif,24247.03458711166,13529.58454476755,7737.0582294691985
labels_mask_case_id_TCGA-CC-5261_2_4_cell_expansion_7_0_threshold_0_8_facet_size_3.0.csv.tif,24133.89829609697,12629.169088451636,6675.354840205035
labels_mask_case_id_TCGA-CC-A8HT_4_0_cell_expansion_15_0_threshold_0_6_facet_size_3.0.csv.tif,24469.10158853025,14682.851093487516,8471.427417557054
labels_mask_case_id_TCGA-CC-A3MA_4_2_cell_expansion_7_0_threshold_0_4_facet_size_3.0.csv.tif,24013.241038800395,12510.455949924582,7348.083021150129
labels_mask_case_id_TCGA-CC-A1HT_2_2_cell_expansion_15_0_threshold_0_8_facet_size_3.0.csv.tif,24157.55403787511,12577.178988197422,6358.171082120995
labels_mask_case_id_TCGA-DD-AAED_4_0_cell_expansion_13_0_threshold_0_7_facet_size_3.0.csv.tif,24549.883548845097,15543.702440736546,9445.09469637952
labels_mask_case_id_TCGA-G3-A7M6_1_2_cell_expansion_15_0_threshold_0_4_facet_size_3.0.csv.tif,24934.79393032824,19110.29251871779,14471.110317384591
labels_mask_case_id_TCGA-CC-A1HT_3_4_cell_expansion_13_0_threshold_0_5_facet_size_3.0.csv.tif,24895.71291639941,18173.863213845405,12260.412721659242
labels_mask_case_id_TCGA-CC-5261_4_2_cell_expansion_13_0_threshold_0_8_facet_size_3.0.csv.tif,24247.317324311287,13231.837128690371,7105.858051344399
labels_mask_case_id_TCGA-BC-A69I_2_1_cell_expansion_9_0_threshold_0_6_facet_size_3.0.csv.tif,24239.067756111406,13430.557150227856,7522.110641501295
labels_mask_case_id_TCGA-CC-A3MA_3_0_cell_expansion_5_0_threshold_0_4_facet_size_3.0.csv.tif,23094.45859715924,7313.552987903233,3349.644284596301
labels_mask_case_id_TCGA-K7-AAU7_3_1_cell_expansion_9_0_threshold_0_7_facet_size_3.0.csv.tif,22870.204362814464,6078.224501592147,2371.254185708034
labels_mask_case_id_TCGA-K7-AAU7_4_2_cell_expansion_13_0_threshold_0_4_facet_size_3.0.csv.tif,24744.818353777984,17062.77343149713,11344.815473508086
labels_mask_case_id_TCGA-G3-A5SK_1_4_cell_expansion_7_0_threshold_0_7_facet_size_3.0.csv.tif,24480.19341950409,14886.20513884287,8699.936164546927
labels_mask_case_id_TCGA-CC-A1HT_1_2_cell_expansion_13_0_threshold_0_7_facet_size_3.0.csv.tif,24100.437200242508,12275.002142085008,6426.569953643762
labels_mask_case_id_TCGA-G3-A5SK_4_3_cell_expansion_15_0_threshold_0_8_facet_size_3.0.csv.tif,23730.413873917823,10253.916369256538,4931.147733948826
labels_mask_case_id_TCGA-CC-A1HT_4_4_cell_expansion_5_0_threshold_0_8_facet_size_3.0.csv.tif,22639.743747926743,5109.017786359046,1808.4728384528544
labels_mask_case_id_TCGA-DD-AAED_3_1_cell_expansion_9_0_threshold_0_4_facet_size_3.0.csv.tif,24692.9719994334,16517.27130640306,10325.433785678084
labels_mask_case_id_TCGA-K7-AAU7_0_3_cell_expansion_9_0_threshold_0_4_facet_size_3.0.csv.tif,24378.87468386969,14860.780668060635,9614.683051835387
labels_mask_case_id_TCGA-DD-AAED_4_1_cell_expansion_11_0_threshold_0_8_facet_size_3.0.csv.tif,24300.05028195416,13514.591681997485,7200.897873361307
labels_mask_case_id_TCGA-G3-A5SK_3_4_cell_expansion_5_0_threshold_0_7_facet_size_3.0.csv.tif,24709.423191783997,16817.582840858242,11016.348054030765
labels_mask_case_id_TCGA-YA-A8S7_1_4_cell_expansion_7_0_threshold_0_8_facet_size_3.0.csv.tif,22354.129613555007,3587.424590561453,686.8045131496165
labels_mask_case_id_TCGA-K7-AAU7_1_2_cell_expansion_7_0_threshold_0_6_facet_size_3.0.csv.tif,23812.46248494153,11129.860277281234,6116.509560420582
labels_mask_case_id_TCGA-DD-AAED_2_0_cell_expansion_7_0_threshold_0_6_facet_size_3.0.csv.tif,24350.39909428277,14306.640008164097,8468.869559620773
labels_mask_case_id_TCGA-CC-A1HT_0_2_cell_expansion_15_0_threshold_0_4_facet_size_3.0.csv.tif,24137.93986183051,13223.79484624544,8171.65758715468
labels_mask_case_id_TCGA-CC-5261_0_1_cell_expansion_9_0_threshold_0_7_facet_size_3.0.csv.tif,24536.435272737428,15191.60497338444,8761.837910477781
labels_mask_case_id_TCGA-K7-AAU7_3_2_cell_expansion_5_0_threshold_0_6_facet_size_3.0.csv.tif,23847.798867086447,11391.203669234366,6392.446228148998
labels_mask_case_id_TCGA-CC-A3MA_1_2_cell_expansion_9_0_threshold_0_8_facet_size_3.0.csv.tif,23889.07526114481,11047.933229719318,5275.1308232343
labels_mask_case_id_TCGA-DD-AAED_4_0_cell_expansion_1_0_threshold_0_6_facet_size_3.0.csv.tif,23538.117889812303,9855.37312134301,5797.590551151137
labels_mask_case_id_TCGA-G3-A7M6_0_2_cell_expansion_3_0_threshold_0_8_facet_size_3.0.csv.tif,23364.017658761997,8542.676414712238,4183.466334320333
labels_mask_case_id_TCGA-K7-AAU7_3_2_cell_expansion_7_0_threshold_0_7_facet_size_3.0.csv.tif,23232.198264766917,7955.680881051133,3666.255015978267
labels_mask_case_id_TCGA-CC-A8HT_1_4_cell_expansion_3_0_threshold_0_4_facet_size_3.0.csv.tif,24334.556937036126,14267.745635696518,8902.7550333683
labels_mask_case_id_TCGA-G3-A7M6_1_0_cell_expansion_7_0_threshold_0_8_facet_size_3.0.csv.tif,23948.498178780243,11629.39042244673,5980.901628313737
labels_mask_case_id_TCGA-DD-AAED_4_3_cell_expansion_15_0_threshold_0_5_facet_size_3.0.csv.tif,24657.13530183508,16180.982707836392,9957.110660014676
labels_mask_case_id_TCGA-G3-A7M6_1_0_cell_expansion_13_0_threshold_0_8_facet_size_3.0.csv.tif,23956.98065538024,11678.634635069298,6018.782129362303
labels_mask_case_id_TCGA-G3-A5SK_3_1_cell_expansion_9_0_threshold_0_8_facet_size_3.0.csv.tif,23768.550447843823,10352.407536886862,4780.42708422927
labels_mask_case_id_TCGA-G3-A7M6_3_1_cell_expansion_5_0_threshold_0_4_facet_size_3.0.csv.tif,24742.48212362978,17360.85823325214,12072.99905153196
labels_mask_case_id_TCGA-CC-5261_1_4_cell_expansion_9_0_threshold_0_7_facet_size_3.0.csv.tif,24420.7753505476,14627.519677112185,8493.253468002466
labels_mask_case_id_TCGA-G3-A7M6_0_3_cell_expansion_7_0_threshold_0_6_facet_size_3.0.csv.tif,24514.34435406372,15070.632572040517,8760.07561902937
labels_mask_case_id_TCGA-CC-5261_4_1_cell_expansion_11_0_threshold_0_8_facet_size_3.0.csv.tif,23641.12694101137,9810.19304282428,4544.712268844655
labels_mask_case_id_TCGA-CC-A1HT_0_2_cell_expansion_13_0_threshold_0_7_facet_size_3.0.csv.tif,23278.70545213744,8105.8309831376355,3625.137152584713
labels_mask_case_id_TCGA-YA-A8S7_3_2_cell_expansion_7_0_threshold_0_7_facet_size_3.0.csv.tif,24545.049298992497,15521.338841327906,9692.306255761332
labels_mask_case_id_TCGA-YA-A8S7_2_0_cell_expansion_5_0_threshold_0_4_facet_size_3.0.csv.tif,24742.014051920694,17179.80739414582,11513.887430787374
labels_mask_case_id_TCGA-BC-A69I_1_3_cell_expansion_15_0_threshold_0_5_facet_size_3.0.csv.tif,24552.5373594132,15204.81401808769,8740.082078806627
labels_mask_case_id_TCGA-K7-AAU7_1_2_cell_expansion_1_0_threshold_0_5_facet_size_3.0.csv.tif,23119.97950597288,7507.201112876539,4147.144147764647
labels_mask_case_id_TCGA-YA-A8S7_4_3_cell_expansion_13_0_threshold_0_6_facet_size_3.0.csv.tif,22415.96558820062,3834.0188640953543,808.1074469580833
labels_mask_case_id_TCGA-BC-A69I_0_2_cell_expansion_3_0_threshold_0_5_facet_size_3.0.csv.tif,23225.590404803777,8126.575109026283,4113.334978395329
labels_mask_case_id_TCGA-DD-AAED_0_0_cell_expansion_3_0_threshold_0_5_facet_size_3.0.csv.tif,24346.993976217414,14431.07978098375,9093.956121189443
labels_mask_case_id_TCGA-YA-A8S7_0_1_cell_expansion_7_0_threshold_0_8_facet_size_3.0.csv.tif,23272.47024454523,7978.392459517765,3496.7124088101364
labels_mask_case_id_TCGA-G3-A5SK_2_2_cell_expansion_9_0_threshold_0_6_facet_size_3.0.csv.tif,24546.27994543952,15472.684330361995,9387.042347227944
labels_mask_case_id_TCGA-CC-A8HT_3_3_cell_expansion_1_0_threshold_0_6_facet_size_3.0.csv.tif,23199.94984881956,8001.677129735808,4505.680565670057
labels_mask_case_id_TCGA-G3-A7M6_2_4_cell_expansion_5_0_threshold_0_8_facet_size_3.0.csv.tif,23630.659758675414,9793.28406252854,4607.708403271867
labels_mask_case_id_TCGA-CC-A8HT_3_4_cell_expansion_1_0_threshold_0_8_facet_size_3.0.csv.tif,22445.797833315115,4108.220168093192,1147.635012234552
labels_mask_case_id_TCGA-G3-A7M6_2_1_cell_expansion_11_0_threshold_0_7_facet_size_3.0.csv.tif,24584.08636474757,15581.466008224204,9385.795174949108
labels_mask_case_id_TCGA-BC-A69I_0_4_cell_expansion_3_0_threshold_0_7_facet_size_3.0.csv.tif,23547.67197649128,9665.526073854586,5195.395827893863
labels_mask_case_id_TCGA-G3-A7M6_1_0_cell_expansion_1_0_threshold_0_7_facet_size_3.0.csv.tif,23086.98508126907,7350.151301931461,3940.955653869944
labels_mask_case_id_TCGA-CC-A8HT_2_0_cell_expansion_7_0_threshold_0_7_facet_size_3.0.csv.tif,24141.718991903814,12807.78524291729,6982.802455946197
labels_mask_case_id_TCGA-G3-A7M6_3_0_cell_expansion_3_0_threshold_0_7_facet_size_3.0.csv.tif,23712.80488535937,10553.160217546909,5871.16205395394
labels_mask_case_id_TCGA-CC-A1HT_3_2_cell_expansion_9_0_threshold_0_6_facet_size_3.0.csv.tif,24654.12676820025,15804.832589889307,9057.407789578268
labels_mask_case_id_TCGA-CC-A3MA_0_0_cell_expansion_9_0_threshold_0_6_facet_size_3.0.csv.tif,23797.340738709096,11049.607528120045,5721.5197615466095
labels_mask_case_id_TCGA-BC-A69I_2_3_cell_expansion_7_0_threshold_0_6_facet_size_3.0.csv.tif,24307.295114747794,13517.490851186514,7158.555639346608
labels_mask_case_id_TCGA-BC-A69I_3_1_cell_expansion_5_0_threshold_0_5_facet_size_3.0.csv.tif,23969.340535453688,11900.294448247074,6508.515021556768
labels_mask_case_id_TCGA-DD-AAED_1_4_cell_expansion_3_0_threshold_0_5_facet_size_3.0.csv.tif,24359.83113265585,14605.379409588695,9329.819815404757
labels_mask_case_id_TCGA-YA-A8S7_2_1_cell_expansion_3_0_threshold_0_7_facet_size_3.0.csv.tif,23539.083324545623,9588.991264194188,4963.02537801791
labels_mask_case_id_TCGA-G3-A5SK_4_4_cell_expansion_15_0_threshold_0_4_facet_size_3.0.csv.tif,24362.01080834399,14236.333269167202,8178.239258512969
labels_mask_case_id_TCGA-YA-A8S7_0_1_cell_expansion_1_0_threshold_0_7_facet_size_3.0.csv.tif,23217.56357207524,8103.782584513088,4375.144825615438
labels_mask_case_id_TCGA-K7-AAU7_4_1_cell_expansion_3_0_threshold_0_4_facet_size_3.0.csv.tif,24400.9518379137,14952.383595127983,9930.9294108927
labels_mask_case_id_TCGA-CC-A1HT_2_1_cell_expansion_9_0_threshold_0_8_facet_size_3.0.csv.tif,23122.15807788548,7052.2599168378565,2650.8454165378407
labels_mask_case_id_TCGA-CC-5261_4_1_cell_expansion_11_0_threshold_0_4_facet_size_3.0.csv.tif,24862.96968453384,17949.82014183116,12084.504802706766
labels_mask_case_id_TCGA-CC-A1HT_0_3_cell_expansion_15_0_threshold_0_6_facet_size_3.0.csv.tif,24544.017609894992,15243.968177487086,9003.595676316112
labels_mask_case_id_TCGA-G3-A5SK_4_4_cell_expansion_9_0_threshold_0_7_facet_size_3.0.csv.tif,24126.24104082632,12681.842161468332,6830.277009768746
labels_mask_case_id_TCGA-BC-A69I_2_3_cell_expansion_1_0_threshold_0_5_facet_size_3.0.csv.tif,23226.61420301,7930.69829005612,4166.186285772367
labels_mask_case_id_TCGA-G3-A7M6_0_3_cell_expansion_11_0_threshold_0_4_facet_size_3.0.csv.tif,24609.49600184577,15673.259464954412,9274.223926040377
labels_mask_case_id_TCGA-G3-A7M6_3_2_cell_expansion_15_0_threshold_0_4_facet_size_3.0.csv.tif,24616.189440903945,15889.174660313553,9660.730468699589
labels_mask_case_id_TCGA-CC-A1HT_1_4_cell_expansion_13_0_threshold_0_5_facet_size_3.0.csv.tif,24264.227932427755,13826.941021099665,8181.016368480767
labels_mask_case_id_TCGA-BC-A69I_0_3_cell_expansion_3_0_threshold_0_5_facet_size_3.0.csv.tif,23737.393891077307,10546.14633291838,5628.133482805007
labels_mask_case_id_TCGA-G3-A7M6_2_2_cell_expansion_5_0_threshold_0_6_facet_size_3.0.csv.tif,24213.54214765264,13557.25088557949,8055.431377294033
labels_mask_case_id_TCGA-K7-AAU7_1_4_cell_expansion_5_0_threshold_0_5_facet_size_3.0.csv.tif,23539.159475695466,9928.354344116644,5621.504537182404
labels_mask_case_id_TCGA-K7-AAU7_4_1_cell_expansion_5_0_threshold_0_7_facet_size_3.0.csv.tif,23807.877375787542,10883.200572246573,5748.591803015553
labels_mask_case_id_TCGA-G3-A7M6_0_2_cell_expansion_5_0_threshold_0_7_facet_size_3.0.csv.tif,24239.704744511502,13375.762642439347,7427.5904727666675
labels_mask_case_id_TCGA-YA-A8S7_4_1_cell_expansion_3_0_threshold_0_4_facet_size_3.0.csv.tif,24498.48692117557,15605.138223581393,10427.97531009946
labels_mask_case_id_TCGA-DD-AAED_3_3_cell_expansion_1_0_threshold_0_7_facet_size_3.0.csv.tif,23649.70415251539,10431.90158025942,6367.344824631429
labels_mask_case_id_TCGA-G3-A7M6_0_2_cell_expansion_15_0_threshold_0_8_facet_size_3.0.csv.tif,24111.749538313925,12262.12026345434,6155.950092905551
labels_mask_case_id_TCGA-DD-AAED_0_0_cell_expansion_1_0_threshold_0_8_facet_size_3.0.csv.tif,23066.701748399155,7240.6345816662015,3632.3508618829305
labels_mask_case_id_TCGA-G3-A7M6_3_0_cell_expansion_5_0_threshold_0_4_facet_size_3.0.csv.tif,24506.816264583395,15172.785695233006,9081.076212702135
labels_mask_case_id_TCGA-BC-A69I_3_3_cell_expansion_13_0_threshold_0_6_facet_size_3.0.csv.tif,24545.5020876817,15124.536605971844,8635.544418185364
labels_mask_case_id_TCGA-CC-5261_4_4_cell_expansion_3_0_threshold_0_5_facet_size_3.0.csv.tif,24557.79190770199,15918.04365728017,10550.181157447436
labels_mask_case_id_TCGA-CC-A3MA_3_1_cell_expansion_1_0_threshold_0_6_facet_size_3.0.csv.tif,23672.007114212654,10634.913540977024,6787.62746483239
labels_mask_case_id_TCGA-CC-5261_0_4_cell_expansion_5_0_threshold_0_4_facet_size_3.0.csv.tif,24655.23938544271,16552.499697239036,10982.176590209268
labels_mask_case_id_TCGA-YA-A8S7_4_4_cell_expansion_9_0_threshold_0_8_facet_size_3.0.csv.tif,22295.564725834272,3345.912720479547,555.5313772235761
labels_mask_case_id_TCGA-CC-5261_2_4_cell_expansion_5_0_threshold_0_5_facet_size_3.0.csv.tif,24631.403218404943,16209.599239171455,10277.212797651777
labels_mask_case_id_TCGA-K7-AAU7_4_3_cell_expansion_13_0_threshold_0_6_facet_size_3.0.csv.tif,24425.45515296174,14872.109407304808,9322.194417310437
labels_mask_case_id_TCGA-CC-A1HT_2_3_cell_expansion_11_0_threshold_0_8_facet_size_3.0.csv.tif,22600.650460299574,4628.49936570588,1232.7003959774452
labels_mask_case_id_TCGA-G3-A5SK_4_0_cell_expansion_1_0_threshold_0_6_facet_size_3.0.csv.tif,23013.33873568944,6925.373236033853,3553.431383521423
labels_mask_case_id_TCGA-CC-A3MA_2_2_cell_expansion_1_0_threshold_0_8_facet_size_3.0.csv.tif,23026.319580729323,6867.683332010495,3145.503265614693
labels_mask_case_id_TCGA-CC-5261_1_1_cell_expansion_1_0_threshold_0_6_facet_size_3.0.csv.tif,23081.768513554343,7336.624244789502,3806.715948586484
labels_mask_case_id_TCGA-CC-A1HT_0_4_cell_expansion_5_0_threshold_0_6_facet_size_3.0.csv.tif,24412.324061932948,14782.128166834584,9124.48480470294
labels_mask_case_id_TCGA-CC-A3MA_4_4_cell_expansion_1_0_threshold_0_5_facet_size_3.0.csv.tif,23721.32973922557,11064.006792784252,6969.130735364869
labels_mask_case_id_TCGA-G3-A5SK_3_4_cell_expansion_3_0_threshold_0_8_facet_size_3.0.csv.tif,23287.75907135332,8298.69269682163,4247.445293708558
labels_mask_case_id_TCGA-CC-5261_2_3_cell_expansion_1_0_threshold_0_5_facet_size_3.0.csv.tif,23639.53226996612,10384.935757024616,6318.291648206126
labels_mask_case_id_TCGA-BC-A69I_2_0_cell_expansion_11_0_threshold_0_6_facet_size_3.0.csv.tif,24297.536914240714,13407.238342487286,7150.620597135446
labels_mask_case_id_TCGA-BC-A69I_4_0_cell_expansion_9_0_threshold_0_5_facet_size_3.0.csv.tif,24407.257430493093,14253.419405260564,7906.283451022415
labels_mask_case_id_TCGA-G3-A5SK_2_1_cell_expansion_3_0_threshold_0_8_facet_size_3.0.csv.tif,23219.73763698358,7925.808476640812,3824.157428397905
labels_mask_case_id_TCGA-CC-A3MA_4_4_cell_expansion_7_0_threshold_0_6_facet_size_3.0.csv.tif,24406.84908111392,14952.327510861409,9271.9574911191
labels_mask_case_id_TCGA-CC-A1HT_2_2_cell_expansion_13_0_threshold_0_7_facet_size_3.0.csv.tif,24643.98783798544,15559.07710545274,8627.84930926618
labels_mask_case_id_TCGA-G3-A5SK_3_2_cell_expansion_3_0_threshold_0_6_facet_size_3.0.csv.tif,24197.0307389834,13646.61656642976,8755.746004185126
labels_mask_case_id_TCGA-G3-A7M6_2_3_cell_expansion_11_0_threshold_0_8_facet_size_3.0.csv.tif,23597.18063333796,9742.477862545167,4665.027021316131
labels_mask_case_id_TCGA-DD-AAED_4_1_cell_expansion_13_0_threshold_0_5_facet_size_3.0.csv.tif,24737.312321206227,16513.654943262918,9921.776326642226
labels_mask_case_id_TCGA-K7-AAU7_4_4_cell_expansion_9_0_threshold_0_8_facet_size_3.0.csv.tif,22958.994843041728,6405.231002141906,2360.478215403856
labels_mask_case_id_TCGA-K7-AAU7_4_3_cell_expansion_7_0_threshold_0_4_facet_size_3.0.csv.tif,24765.07198568648,17410.1342787961,11926.49816223188
labels_mask_case_id_TCGA-CC-A8HT_1_2_cell_expansion_13_0_threshold_0_8_facet_size_3.0.csv.tif,22853.733781374824,6039.395567516214,2323.1451907701207
labels_mask_case_id_TCGA-CC-A1HT_4_2_cell_expansion_9_0_threshold_0_5_facet_size_3.0.csv.tif,24736.196873395165,16812.45092639605,10661.88566642629
labels_mask_case_id_TCGA-BC-A69I_1_3_cell_expansion_3_0_threshold_0_5_facet_size_3.0.csv.tif,23891.558872180936,11576.711920840651,6657.754036935459
labels_mask_case_id_TCGA-YA-A8S7_3_4_cell_expansion_13_0_threshold_0_8_facet_size_3.0.csv.tif,22295.564725834272,3345.912720479547,555.5313772235761
labels_mask_case_id_TCGA-K7-AAU7_0_3_cell_expansion_1_0_threshold_0_5_facet_size_3.0.csv.tif,23176.799027210523,7856.612994328725,4485.305417481681
labels_mask_case_id_TCGA-G3-A7M6_1_2_cell_expansion_7_0_threshold_0_6_facet_size_3.0.csv.tif,24779.576635304456,17709.87253556712,12610.58647489632
labels_mask_case_id_TCGA-CC-A8HT_0_2_cell_expansion_3_0_threshold_0_6_facet_size_3.0.csv.tif,23741.63579679036,10818.248721943966,6204.092684608375
labels_mask_case_id_TCGA-YA-A8S7_2_3_cell_expansion_7_0_threshold_0_7_facet_size_3.0.csv.tif,23386.93081824465,8439.557425197367,3620.253271357869
labels_mask_case_id_TCGA-YA-A8S7_1_3_cell_expansion_15_0_threshold_0_7_facet_size_3.0.csv.tif,24422.83661057455,14330.588091608734,8009.4067423560355
labels_mask_case_id_TCGA-G3-A5SK_1_0_cell_expansion_13_0_threshold_0_8_facet_size_3.0.csv.tif,23603.067916360746,9821.673836290462,4784.051036333436
labels_mask_case_id_TCGA-G3-A5SK_2_1_cell_expansion_9_0_threshold_0_4_facet_size_3.0.csv.tif,24751.641493142488,16944.890709535535,10716.79893348006
labels_mask_case_id_TCGA-DD-AAED_4_4_cell_expansion_1_0_threshold_0_6_facet_size_3.0.csv.tif,23800.627558810484,11287.161507548946,7178.14643744951
labels_mask_case_id_TCGA-DD-AAED_0_0_cell_expansion_11_0_threshold_0_4_facet_size_3.0.csv.tif,24775.26586708921,17006.84663304774,10702.0089901615
labels_mask_case_id_TCGA-YA-A8S7_2_4_cell_expansion_1_0_threshold_0_6_facet_size_3.0.csv.tif,22320.495227734504,3481.2662670725013,673.6341633093878
labels_mask_case_id_TCGA-BC-A69I_1_2_cell_expansion_1_0_threshold_0_8_facet_size_3.0.csv.tif,22739.382261627103,5478.132533046039,2147.1976119928013
labels_mask_case_id_TCGA-DD-AAED_3_1_cell_expansion_3_0_threshold_0_4_facet_size_3.0.csv.tif,24316.37378024528,14357.453273279763,9080.330846948618
labels_mask_case_id_TCGA-BC-A69I_3_2_cell_expansion_3_0_threshold_0_8_facet_size_3.0.csv.tif,22867.171940935837,6091.378719481664,2436.703375371369
labels_mask_case_id_TCGA-G3-A5SK_1_3_cell_expansion_9_0_threshold_0_7_facet_size_3.0.csv.tif,24178.50514478581,13124.219297292722,7334.590255250609
labels_mask_case_id_TCGA-DD-AAED_4_3_cell_expansion_3_0_threshold_0_5_facet_size_3.0.csv.tif,24105.3448682148,13004.976259474171,7990.758612365197
labels_mask_case_id_TCGA-YA-A8S7_2_3_cell_expansion_3_0_threshold_0_5_facet_size_3.0.csv.tif,23161.7684199096,7587.742966140401,3516.655539058431
labels_mask_case_id_TCGA-CC-A8HT_0_2_cell_expansion_7_0_threshold_0_4_facet_size_3.0.csv.tif,24512.33725378604,15264.54193406233,9328.316979198964
labels_mask_case_id_TCGA-BC-A69I_4_1_cell_expansion_3_0_threshold_0_5_facet_size_3.0.csv.tif,23365.918025880303,8581.831194954104,4204.800378160748
labels_mask_case_id_TCGA-CC-A3MA_0_3_cell_expansion_11_0_threshold_0_5_facet_size_3.0.csv.tif,24851.72416615559,17580.70469084212,11227.754812447703
labels_mask_case_id_TCGA-CC-A3MA_3_2_cell_expansion_15_0_threshold_0_5_facet_size_3.0.csv.tif,24819.24432815152,17540.240975209363,11495.806065547566
labels_mask_case_id_TCGA-DD-AAED_2_2_cell_expansion_7_0_threshold_0_8_facet_size_3.0.csv.tif,23690.50266849548,10325.15268193956,5189.868763138807
labels_mask_case_id_TCGA-CC-A8HT_4_3_cell_expansion_3_0_threshold_0_8_facet_size_3.0.csv.tif,22648.75488300064,4924.778894706567,1562.0156036291985
labels_mask_case_id_TCGA-K7-AAU7_1_1_cell_expansion_11_0_threshold_0_6_facet_size_3.0.csv.tif,23915.2037272021,11770.114349207888,6900.621153895992
labels_mask_case_id_TCGA-G3-A5SK_1_4_cell_expansion_11_0_threshold_0_8_facet_size_3.0.csv.tif,23980.70013339273,11884.254267142634,6245.560872547681
labels_mask_case_id_TCGA-G3-A7M6_4_0_cell_expansion_5_0_threshold_0_7_facet_size_3.0.csv.tif,23987.753771117077,12405.675827503026,7452.333848455625
labels_mask_case_id_TCGA-BC-A69I_0_1_cell_expansion_7_0_threshold_0_5_facet_size_3.0.csv.tif,24308.479510125675,13750.985427923628,7633.348948270325
labels_mask_case_id_TCGA-DD-AAED_0_4_cell_expansion_13_0_threshold_0_4_facet_size_3.0.csv.tif,24686.97283109696,16186.240030519544,9630.636561200514
labels_mask_case_id_TCGA-K7-AAU7_4_3_cell_expansion_1_0_threshold_0_7_facet_size_3.0.csv.tif,22824.732278092844,6049.917290288794,2850.295979560242
labels_mask_case_id_TCGA-CC-A8HT_2_2_cell_expansion_7_0_threshold_0_5_facet_size_3.0.csv.tif,24812.409608023925,17589.487851393318,11716.147695501402
labels_mask_case_id_TCGA-YA-A8S7_0_3_cell_expansion_3_0_threshold_0_4_facet_size_3.0.csv.tif,24416.09620049136,14968.025921765868,9714.130914733036
labels_mask_case_id_TCGA-G3-A5SK_0_2_cell_expansion_11_0_threshold_0_6_facet_size_3.0.csv.tif,24454.23321325235,14741.839554147522,8577.648971538485
labels_mask_case_id_TCGA-K7-AAU7_0_2_cell_expansion_11_0_threshold_0_7_facet_size_3.0.csv.tif,22566.967262007063,4598.780745761891,1338.0476168379314
labels_mask_case_id_TCGA-DD-AAED_1_2_cell_expansion_9_0_threshold_0_7_facet_size_3.0.csv.tif,24547.60369345164,15190.064034072624,8719.048557784088
labels_mask_case_id_TCGA-CC-5261_0_4_cell_expansion_15_0_threshold_0_7_facet_size_3.0.csv.tif,24381.272685183045,14545.274810044546,8817.354535635892
labels_mask_case_id_TCGA-YA-A8S7_3_2_cell_expansion_11_0_threshold_0_7_facet_size_3.0.csv.tif,24549.88406530335,15558.80230731644,9735.39797580439
labels_mask_case_id_TCGA-CC-A3MA_3_4_cell_expansion_1_0_threshold_0_6_facet_size_3.0.csv.tif,23704.522721503563,10788.680189593775,6458.404606670992
labels_mask_case_id_TCGA-CC-A8HT_1_3_cell_expansion_9_0_threshold_0_6_facet_size_3.0.csv.tif,24505.535283058245,15210.341080338396,9100.713472954234
labels_mask_case_id_TCGA-CC-A1HT_3_2_cell_expansion_7_0_threshold_0_8_facet_size_3.0.csv.tif,24095.91514006789,12306.114367269363,6275.022996016736
labels_mask_case_id_TCGA-YA-A8S7_1_0_cell_expansion_15_0_threshold_0_6_facet_size_3.0.csv.tif,24367.98999164466,14028.563734959942,7849.7402170367
labels_mask_case_id_TCGA-G3-A5SK_0_2_cell_expansion_7_0_threshold_0_5_facet_size_3.0.csv.tif,24492.98458110429,15079.408173322345,8972.487858495579
labels_mask_case_id_TCGA-G3-A7M6_1_1_cell_expansion_9_0_threshold_0_6_facet_size_3.0.csv.tif,24450.06764386626,14918.375994266164,9044.76838740065
labels_mask_case_id_TCGA-G3-A5SK_3_4_cell_expansion_11_0_threshold_0_4_facet_size_3.0.csv.tif,24947.650402051466,18803.58994283057,13256.660658672808
labels_mask_case_id_TCGA-CC-5261_2_1_cell_expansion_1_0_threshold_0_7_facet_size_3.0.csv.tif,23279.200788323007,8398.341873277717,4584.550817576444
labels_mask_case_id_TCGA-G3-A5SK_0_1_cell_expansion_13_0_threshold_0_6_facet_size_3.0.csv.tif,24453.63449251926,14899.743893382178,9012.814721581375
labels_mask_case_id_TCGA-G3-A5SK_4_3_cell_expansion_1_0_threshold_0_8_facet_size_3.0.csv.tif,22717.65524940674,5455.3765130426655,2337.482079656319
labels_mask_case_id_TCGA-YA-A8S7_1_4_cell_expansion_15_0_threshold_0_7_facet_size_3.0.csv.tif,22414.13489599876,3841.711919593967,840.2459711686986
labels_mask_case_id_TCGA-K7-AAU7_3_0_cell_expansion_15_0_threshold_0_6_facet_size_3.0.csv.tif,23965.949692621198,11951.81462333422,6677.227528546095
labels_mask_case_id_TCGA-DD-AAED_1_0_cell_expansion_15_0_threshold_0_6_facet_size_3.0.csv.tif,24261.104993020104,13420.035756912786,7395.483613562777
labels_mask_case_id_TCGA-BC-A69I_4_4_cell_expansion_11_0_threshold_0_5_facet_size_3.0.csv.tif,24607.235643226635,15721.998491801674,9374.186597594182
labels_mask_case_id_TCGA-G3-A7M6_4_2_cell_expansion_15_0_threshold_0_6_facet_size_3.0.csv.tif,24570.368803443213,16298.32298888488,11038.43458343327
labels_mask_case_id_TCGA-G3-A5SK_0_4_cell_expansion_1_0_threshold_0_8_facet_size_3.0.csv.tif,22681.04502120767,5182.367676447453,2018.5293950156688
labels_mask_case_id_TCGA-CC-5261_1_3_cell_expansion_3_0_threshold_0_5_facet_size_3.0.csv.tif,24129.746057387616,13193.76477614895,8066.305125971341
labels_mask_case_id_TCGA-CC-A1HT_4_1_cell_expansion_5_0_threshold_0_4_facet_size_3.0.csv.tif,24697.85961742436,16743.47968676668,10903.160716444696
labels_mask_case_id_TCGA-CC-A8HT_1_4_cell_expansion_15_0_threshold_0_5_facet_size_3.0.csv.tif,24731.078493976824,16594.323056599278,10196.79945716569
labels_mask_case_id_TCGA-CC-A3MA_1_3_cell_expansion_13_0_threshold_0_4_facet_size_3.0.csv.tif,24915.867562891908,18352.545646938048,12464.320022630089
labels_mask_case_id_TCGA-G3-A5SK_3_0_cell_expansion_5_0_threshold_0_7_facet_size_3.0.csv.tif,24296.25942887363,13828.575366345096,8039.462492740986
labels_mask_case_id_TCGA-DD-AAED_3_2_cell_expansion_11_0_threshold_0_7_facet_size_3.0.csv.tif,24715.03674865424,16314.371245486594,9682.609406381567
labels_mask_case_id_TCGA-CC-A3MA_0_0_cell_expansion_5_0_threshold_0_5_facet_size_3.0.csv.tif,23660.429249282915,10425.431925546089,5470.445270891996
labels_mask_case_id_TCGA-CC-5261_4_0_cell_expansion_3_0_threshold_0_5_facet_size_3.0.csv.tif,24426.92489775469,15060.365505715488,9811.881167178102
labels_mask_case_id_TCGA-G3-A5SK_4_4_cell_expansion_3_0_threshold_0_7_facet_size_3.0.csv.tif,23439.66096615938,9132.892716272823,4833.590566828341
labels_mask_case_id_TCGA-CC-5261_3_1_cell_expansion_15_0_threshold_0_8_facet_size_3.0.csv.tif,24032.133748269003,11826.2617178949,5845.610599202162
labels_mask_case_id_TCGA-CC-A1HT_2_0_cell_expansion_5_0_threshold_0_7_facet_size_3.0.csv.tif,22940.485134715644,6552.445499038389,2734.496076599969
labels_mask_case_id_TCGA-YA-A8S7_2_4_cell_expansion_11_0_threshold_0_5_facet_size_3.0.csv.tif,22574.809439700133,4695.817113642464,1400.9690525912254
labels_mask_case_id_TCGA-DD-AAED_3_3_cell_expansion_13_0_threshold_0_4_facet_size_3.0.csv.tif,24870.846810432064,17894.203090919447,11733.73096972696
labels_mask_case_id_TCGA-CC-A3MA_3_2_cell_expansion_5_0_threshold_0_6_facet_size_3.0.csv.tif,24668.897534559,16458.31153540405,10515.584275160249
labels_mask_case_id_TCGA-G3-A5SK_1_3_cell_expansion_13_0_threshold_0_5_facet_size_3.0.csv.tif,24343.2442531524,14306.73239122107,8544.25449978939
labels_mask_case_id_TCGA-CC-A3MA_0_0_cell_expansion_7_0_threshold_0_4_facet_size_3.0.csv.tif,23840.157385816805,11459.633624131104,6301.633652502493
labels_mask_case_id_TCGA-CC-A8HT_0_2_cell_expansion_13_0_threshold_0_4_facet_size_3.0.csv.tif,24552.40078124712,15463.78234100636,9434.787859414582
labels_mask_case_id_TCGA-CC-A3MA_0_4_cell_expansion_13_0_threshold_0_8_facet_size_3.0.csv.tif,22769.04173682675,5525.703335830648,1875.276226724446
labels_mask_case_id_TCGA-CC-5261_3_2_cell_expansion_7_0_threshold_0_6_facet_size_3.0.csv.tif,24616.35113157925,15818.150982776193,9486.076132317256
labels_mask_case_id_TCGA-DD-AAED_0_2_cell_expansion_15_0_threshold_0_5_facet_size_3.0.csv.tif,24643.5368972529,16249.737982690913,10143.635065352437
labels_mask_case_id_TCGA-DD-AAED_3_3_cell_expansion_11_0_threshold_0_5_facet_size_3.0.csv.tif,24838.265537579664,17577.58813128298,11356.442848927934
labels_mask_case_id_TCGA-G3-A5SK_0_3_cell_expansion_5_0_threshold_0_4_facet_size_3.0.csv.tif,24713.44358452216,17078.274013407037,11626.655539363564
labels_mask_case_id_TCGA-CC-A8HT_3_3_cell_expansion_11_0_threshold_0_7_facet_size_3.0.csv.tif,23946.626514802323,11558.763909218373,6038.173235526947
labels_mask_case_id_TCGA-YA-A8S7_3_3_cell_expansion_13_0_threshold_0_4_facet_size_3.0.csv.tif,22767.25216542802,5574.291434660806,2004.5938268073523
labels_mask_case_id_TCGA-K7-AAU7_0_4_cell_expansion_11_0_threshold_0_5_facet_size_3.0.csv.tif,24179.29195584948,13293.79016150342,8005.839872991341
labels_mask_case_id_TCGA-G3-A5SK_2_4_cell_expansion_3_0_threshold_0_4_facet_size_3.0.csv.tif,24154.60044648043,13162.322763635082,8098.850535333334
labels_mask_case_id_TCGA-YA-A8S7_1_0_cell_expansion_11_0_threshold_0_8_facet_size_3.0.csv.tif,23054.661039335617,6995.853309547396,2777.797160059333
labels_mask_case_id_TCGA-CC-A8HT_4_0_cell_expansion_9_0_threshold_0_6_facet_size_3.0.csv.tif,24451.29117523764,14564.049083184082,8369.560683330354
labels_mask_case_id_TCGA-CC-A8HT_1_1_cell_expansion_15_0_threshold_0_6_facet_size_3.0.csv.tif,24557.293418101544,15515.322145417827,9394.609252680317
labels_mask_case_id_TCGA-CC-A3MA_2_0_cell_expansion_3_0_threshold_0_7_facet_size_3.0.csv.tif,23859.62855188281,11391.174601287368,6351.481313481961
labels_mask_case_id_TCGA-G3-A5SK_4_3_cell_expansion_3_0_threshold_0_5_facet_size_3.0.csv.tif,23752.46911673944,10887.686312758791,6314.055332545597
labels_mask_case_id_TCGA-G3-A7M6_3_0_cell_expansion_9_0_threshold_0_7_facet_size_3.0.csv.tif,24468.837226729265,14653.20796726596,8274.820932217472
labels_mask_case_id_TCGA-CC-A1HT_3_2_cell_expansion_3_0_threshold_0_6_facet_size_3.0.csv.tif,24266.067713664652,13602.876668046338,7587.765499044541
labels_mask_case_id_TCGA-CC-A3MA_2_0_cell_expansion_1_0_threshold_0_6_facet_size_3.0.csv.tif,23675.43080089429,10522.32337756463,6296.13657198911
labels_mask_case_id_TCGA-CC-5261_1_3_cell_expansion_1_0_threshold_0_8_facet_size_3.0.csv.tif,22888.00274480068,6283.209922597821,2848.506238411087
labels_mask_case_id_TCGA-G3-A5SK_1_3_cell_expansion_15_0_threshold_0_6_facet_size_3.0.csv.tif,24332.142334670465,14184.51454199391,8376.690890875576
labels_mask_case_id_TCGA-K7-AAU7_4_1_cell_expansion_9_0_threshold_0_4_facet_size_3.0.csv.tif,24771.597403707005,17267.273478004525,11498.823086255155
labels_mask_case_id_TCGA-CC-A3MA_4_3_cell_expansion_9_0_threshold_0_6_facet_size_3.0.csv.tif,24756.170519189072,16750.634955302972,10304.322836800431
labels_mask_case_id_TCGA-G3-A7M6_2_0_cell_expansion_5_0_threshold_0_8_facet_size_3.0.csv.tif,23693.056047655085,10424.476061463503,5436.002680554857
labels_mask_case_id_TCGA-CC-5261_2_4_cell_expansion_9_0_threshold_0_6_facet_size_3.0.csv.tif,24716.82898793354,16589.347069900163,10302.205222604414
labels_mask_case_id_TCGA-CC-A3MA_2_4_cell_expansion_13_0_threshold_0_4_facet_size_3.0.csv.tif,24879.98075494009,17965.85648317842,11882.257721234664
labels_mask_case_id_TCGA-BC-A69I_0_0_cell_expansion_3_0_threshold_0_7_facet_size_3.0.csv.tif,23288.222795961014,8359.612215996855,4223.128642681071
labels_mask_case_id_TCGA-CC-A3MA_2_0_cell_expansion_15_0_threshold_0_6_facet_size_3.0.csv.tif,24726.176031149826,16461.44045059514,9935.953105073506
labels_mask_case_id_TCGA-G3-A5SK_1_4_cell_expansion_15_0_threshold_0_6_facet_size_3.0.csv.tif,24587.7520679382,15676.494899086589,9420.733321064046
labels_mask_case_id_TCGA-K7-AAU7_1_0_cell_expansion_13_0_threshold_0_5_facet_size_3.0.csv.tif,23439.857421731536,9155.279246870872,4795.382381011278
labels_mask_case_id_TCGA-G3-A7M6_4_1_cell_expansion_1_0_threshold_0_5_facet_size_3.0.csv.tif,23098.47307400831,7394.477527147697,3988.350979677944
labels_mask_case_id_TCGA-CC-A1HT_0_4_cell_expansion_9_0_threshold_0_5_facet_size_3.0.csv.tif,24701.46772533389,16795.006584415307,11075.779892839362
labels_mask_case_id_TCGA-CC-5261_1_0_cell_expansion_11_0_threshold_0_8_facet_size_3.0.csv.tif,23538.7451718454,9282.232059598697,4203.918813585367
labels_mask_case_id_TCGA-K7-AAU7_0_2_cell_expansion_3_0_threshold_0_4_facet_size_3.0.csv.tif,22951.26886441921,6657.047509984526,3099.9004908878046
labels_mask_case_id_TCGA-BC-A69I_3_3_cell_expansion_3_0_threshold_0_8_facet_size_3.0.csv.tif,23177.578245064644,7622.761176536671,3477.331803850512
labels_mask_case_id_TCGA-BC-A69I_4_2_cell_expansion_15_0_threshold_0_5_facet_size_3.0.csv.tif,24360.919735738287,13910.780931669087,7586.812469258981
labels_mask_case_id_TCGA-G3-A5SK_1_0_cell_expansion_11_0_threshold_0_5_facet_size_3.0.csv.tif,24582.293524991663,15764.38627277597,9692.866701910494
labels_mask_case_id_TCGA-K7-AAU7_2_2_cell_expansion_3_0_threshold_0_5_facet_size_3.0.csv.tif,23563.958201241847,10050.992437059853,5836.17776888111
labels_mask_case_id_TCGA-G3-A7M6_4_4_cell_expansion_13_0_threshold_0_7_facet_size_3.0.csv.tif,24136.51670954323,12583.553062190902,6651.179645724333
labels_mask_case_id_TCGA-BC-A69I_2_0_cell_expansion_3_0_threshold_0_6_facet_size_3.0.csv.tif,23552.88759254737,9497.635282645906,4810.038101311749
labels_mask_case_id_TCGA-K7-AAU7_0_2_cell_expansion_1_0_threshold_0_5_facet_size_3.0.csv.tif,22610.50626826844,4906.624565218321,1897.0608731661696
labels_mask_case_id_TCGA-CC-A8HT_0_1_cell_expansion_13_0_threshold_0_5_facet_size_3.0.csv.tif,24762.63134292967,16898.349042558,10663.080169527282
labels_mask_case_id_TCGA-YA-A8S7_2_2_cell_expansion_7_0_threshold_0_7_facet_size_3.0.csv.tif,24004.74291576659,11670.359599406363,5812.711847322558
labels_mask_case_id_TCGA-YA-A8S7_3_0_cell_expansion_5_0_threshold_0_4_facet_size_3.0.csv.tif,24700.082257018024,16839.174964240072,11180.074776170532
labels_mask_case_id_TCGA-G3-A7M6_4_1_cell_expansion_13_0_threshold_0_8_facet_size_3.0.csv.tif,23843.96105091101,10693.847076623031,4910.652998948896
labels_mask_case_id_TCGA-CC-A8HT_4_2_cell_expansion_3_0_threshold_0_8_facet_size_3.0.csv.tif,22770.450316884715,5609.041621793345,2071.8431658344057
labels_mask_case_id_TCGA-CC-A3MA_2_0_cell_expansion_11_0_threshold_0_4_facet_size_3.0.csv.tif,24872.591987839627,17879.339756666337,11743.423947144252
labels_mask_case_id_TCGA-CC-A8HT_4_3_cell_expansion_3_0_threshold_0_4_facet_size_3.0.csv.tif,23998.162452832745,12389.340653645811,7665.345637520562
labels_mask_case_id_TCGA-CC-A1HT_3_1_cell_expansion_9_0_threshold_0_4_facet_size_3.0.csv.tif,24443.08610781781,15034.598037020292,9387.192965788188
labels_mask_case_id_TCGA-K7-AAU7_4_2_cell_expansion_1_0_threshold_0_7_facet_size_3.0.csv.tif,23053.56858749916,7330.261141238243,3885.484991807437
labels_mask_case_id_TCGA-YA-A8S7_0_2_cell_expansion_3_0_threshold_0_4_facet_size_3.0.csv.tif,24344.70908626177,14211.74653560208,8633.565008367377
labels_mask_case_id_TCGA-CC-A8HT_3_1_cell_expansion_5_0_threshold_0_6_facet_size_3.0.csv.tif,23931.84496279841,11762.600072449542,6481.844719755833
labels_mask_case_id_TCGA-YA-A8S7_3_1_cell_expansion_15_0_threshold_0_8_facet_size_3.0.csv.tif,22955.804555571664,6306.817629857938,2332.9596129134884
labels_mask_case_id_TCGA-CC-A8HT_0_1_cell_expansion_15_0_threshold_0_6_facet_size_3.0.csv.tif,24675.16333607516,16097.663531310358,9711.327927060616
labels_mask_case_id_TCGA-CC-A8HT_4_4_cell_expansion_7_0_threshold_0_4_facet_size_3.0.csv.tif,24511.86614546385,15390.86545477546,9601.44022864604
labels_mask_case_id_TCGA-CC-5261_1_1_cell_expansion_13_0_threshold_0_7_facet_size_3.0.csv.tif,23757.317252540797,10857.683916423752,5680.015619480435
labels_mask_case_id_TCGA-CC-A3MA_3_3_cell_expansion_11_0_threshold_0_5_facet_size_3.0.csv.tif,24806.96792215126,17122.025467131178,10605.291984777226
labels_mask_case_id_TCGA-K7-AAU7_0_2_cell_expansion_7_0_threshold_0_6_facet_size_3.0.csv.tif,23021.868970886608,6829.714679156961,2898.815673085852
labels_mask_case_id_TCGA-DD-AAED_0_2_cell_expansion_5_0_threshold_0_4_facet_size_3.0.csv.tif,24595.104387383057,16045.230102408032,10105.528170079237
labels_mask_case_id_TCGA-CC-5261_0_2_cell_expansion_11_0_threshold_0_7_facet_size_3.0.csv.tif,24161.575023633934,13142.127983876362,7460.731134035124
labels_mask_case_id_TCGA-CC-A1HT_4_1_cell_expansion_13_0_threshold_0_8_facet_size_3.0.csv.tif,24024.854760259503,11714.993879527954,5600.006888129389
labels_mask_case_id_TCGA-CC-A8HT_2_3_cell_expansion_13_0_threshold_0_6_facet_size_3.0.csv.tif,24470.544266057663,15031.09063576336,9041.290990732494
labels_mask_case_id_TCGA-G3-A5SK_1_0_cell_expansion_15_0_threshold_0_7_facet_size_3.0.csv.tif,24342.332757249576,14162.511983965,8216.745258374727
labels_mask_case_id_TCGA-YA-A8S7_2_3_cell_expansion_11_0_threshold_0_5_facet_size_3.0.csv.tif,23544.459944071703,9394.829745485053,4407.583372218913
labels_mask_case_id_TCGA-CC-A8HT_4_4_cell_expansion_5_0_threshold_0_5_facet_size_3.0.csv.tif,24330.6147667037,14221.274096728555,8680.147121490325
labels_mask_case_id_TCGA-CC-A8HT_2_4_cell_expansion_1_0_threshold_0_4_facet_size_3.0.csv.tif,23375.102941086298,9054.126206754294,5586.61747626344
labels_mask_case_id_TCGA-DD-AAED_1_2_cell_expansion_11_0_threshold_0_7_facet_size_3.0.csv.tif,24560.90547657464,15269.900054545831,8785.444209508645
labels_mask_case_id_TCGA-DD-AAED_0_4_cell_expansion_9_0_threshold_0_7_facet_size_3.0.csv.tif,24577.756110509206,15244.872111784633,8536.840553232663
labels_mask_case_id_TCGA-CC-A3MA_0_2_cell_expansion_1_0_threshold_0_7_facet_size_3.0.csv.tif,23695.169347983152,10723.700951231189,6432.86047653619
labels_mask_case_id_TCGA-CC-5261_4_3_cell_expansion_13_0_threshold_0_4_facet_size_3.0.csv.tif,24895.58033380061,18289.38092395631,12571.318565366328
labels_mask_case_id_TCGA-CC-A3MA_2_2_cell_expansion_3_0_threshold_0_7_facet_size_3.0.csv.tif,24156.188788634245,12957.735282751712,7513.092389785294
labels_mask_case_id_TCGA-CC-A3MA_3_1_cell_expansion_1_0_threshold_0_8_facet_size_3.0.csv.tif,22417.61557079991,3926.727836222629,975.0606350724132
labels_mask_case_id_TCGA-CC-A1HT_4_2_cell_expansion_5_0_threshold_0_4_facet_size_3.0.csv.tif,24678.530248670548,16476.065400756954,10531.44347258929
labels_mask_case_id_TCGA-G3-A7M6_2_3_cell_expansion_15_0_threshold_0_4_facet_size_3.0.csv.tif,24599.863793008502,15902.586135381269,9985.149965995946
labels_mask_case_id_TCGA-G3-A5SK_1_3_cell_expansion_5_0_threshold_0_6_facet_size_3.0.csv.tif,24154.818070931924,13205.620958878702,7761.062138104029
labels_mask_case_id_TCGA-BC-A69I_1_0_cell_expansion_13_0_threshold_0_5_facet_size_3.0.csv.tif,24444.228369022272,14546.29838303847,8160.0294949646
labels_mask_case_id_TCGA-CC-A1HT_0_4_cell_expansion_15_0_threshold_0_8_facet_size_3.0.csv.tif,22620.41816784597,4887.251844784216,1411.2091577957324
labels_mask_case_id_TCGA-CC-5261_4_3_cell_expansion_11_0_threshold_0_5_facet_size_3.0.csv.tif,24806.048728619822,17500.608035931396,11597.978322031817
labels_mask_case_id_TCGA-G3-A5SK_3_4_cell_expansion_3_0_threshold_0_6_facet_size_3.0.csv.tif,24718.588488967554,17136.49297490871,11912.977854939298
labels_mask_case_id_TCGA-K7-AAU7_4_3_cell_expansion_13_0_threshold_0_8_facet_size_3.0.csv.tif,22816.892777374283,5751.935633207748,2089.2367421625154
labels_mask_case_id_TCGA-G3-A7M6_2_0_cell_expansion_9_0_threshold_0_5_facet_size_3.0.csv.tif,24744.527062915862,16980.03294757128,11022.518160534068
labels_mask_case_id_TCGA-CC-A1HT_2_2_cell_expansion_3_0_threshold_0_4_facet_size_3.0.csv.tif,24411.27200927367,14388.38746656168,8450.087527049329
labels_mask_case_id_TCGA-BC-A69I_0_3_cell_expansion_13_0_threshold_0_4_facet_size_3.0.csv.tif,24449.983599054507,14471.368482861912,8100.362531909219
labels_mask_case_id_TCGA-CC-A1HT_2_3_cell_expansion_3_0_threshold_0_8_facet_size_3.0.csv.tif,22437.735194389206,3966.139150087916,939.0998706189096
labels_mask_case_id_TCGA-DD-AAED_3_1_cell_expansion_9_0_threshold_0_6_facet_size_3.0.csv.tif,24631.78658830284,16020.979152275217,9732.064958612584
labels_mask_case_id_TCGA-CC-A3MA_0_2_cell_expansion_5_0_threshold_0_5_facet_size_3.0.csv.tif,24908.61057905583,18354.42586243876,12487.458875940778
labels_mask_case_id_TCGA-G3-A7M6_2_3_cell_expansion_13_0_threshold_0_7_facet_size_3.0.csv.tif,24184.229736611247,12980.8393486311,7085.331336392446
labels_mask_case_id_TCGA-G3-A5SK_1_4_cell_expansion_7_0_threshold_0_5_facet_size_3.0.csv.tif,24603.06630383792,15834.0852413523,9640.638013030368
labels_mask_case_id_TCGA-CC-5261_0_3_cell_expansion_5_0_threshold_0_8_facet_size_3.0.csv.tif,23413.2374600746,8965.61323157985,4451.812247219268
labels_mask_case_id_TCGA-DD-AAED_0_3_cell_expansion_9_0_threshold_0_5_facet_size_3.0.csv.tif,24700.26751047576,16431.306269162244,10137.648152160176
labels_mask_case_id_TCGA-G3-A7M6_3_4_cell_expansion_15_0_threshold_0_4_facet_size_3.0.csv.tif,24710.292907043484,16733.269158622308,10753.562196088453
labels_mask_case_id_TCGA-YA-A8S7_4_3_cell_expansion_9_0_threshold_0_4_facet_size_3.0.csv.tif,22613.665988490025,4738.759761058528,1344.8689734959269
labels_mask_case_id_TCGA-CC-5261_3_0_cell_expansion_7_0_threshold_0_6_facet_size_3.0.csv.tif,24519.149459873028,15222.934709586256,9141.161320577025
labels_mask_case_id_TCGA-CC-5261_4_3_cell_expansion_15_0_threshold_0_7_facet_size_3.0.csv.tif,24586.075704849623,15686.58525436051,9418.058189118452
labels_mask_case_id_TCGA-CC-5261_4_3_cell_expansion_1_0_threshold_0_8_facet_size_3.0.csv.tif,22690.68359172197,5320.1802767386125,2194.598712194153
labels_mask_case_id_TCGA-CC-5261_4_2_cell_expansion_1_0_threshold_0_4_facet_size_3.0.csv.tif,23862.236045733003,11801.319493773775,7827.330140452823
labels_mask_case_id_TCGA-G3-A5SK_1_3_cell_expansion_1_0_threshold_0_4_facet_size_3.0.csv.tif,23181.00698349411,7855.724391669341,4416.580372560253
labels_mask_case_id_TCGA-CC-A8HT_3_0_cell_expansion_9_0_threshold_0_7_facet_size_3.0.csv.tif,24231.38027188638,13445.246127318522,7537.399139144391
labels_mask_case_id_TCGA-CC-5261_4_4_cell_expansion_5_0_threshold_0_8_facet_size_3.0.csv.tif,23951.300835753427,11641.338719706831,6095.338367647739
labels_mask_case_id_TCGA-CC-A1HT_2_3_cell_expansion_15_0_threshold_0_4_facet_size_3.0.csv.tif,24440.65853850692,14968.68094949711,9252.225391783404
labels_mask_case_id_TCGA-CC-A3MA_2_3_cell_expansion_5_0_threshold_0_8_facet_size_3.0.csv.tif,23146.553742371994,7396.845311221251,3166.9265939920224
labels_mask_case_id_TCGA-YA-A8S7_0_1_cell_expansion_3_0_threshold_0_8_facet_size_3.0.csv.tif,22881.09311696397,6153.120130737727,2566.1299592172268
labels_mask_case_id_TCGA-CC-A8HT_3_3_cell_expansion_5_0_threshold_0_6_facet_size_3.0.csv.tif,24220.232679971632,13541.61906904081,8061.022783134563
labels_mask_case_id_TCGA-YA-A8S7_0_0_cell_expansion_3_0_threshold_0_4_facet_size_3.0.csv.tif,24187.462662357146,13479.059750409966,8439.280411962687
labels_mask_case_id_TCGA-CC-5261_4_4_cell_expansion_15_0_threshold_0_7_facet_size_3.0.csv.tif,24793.845978637823,17143.286342102052,10844.460891406852
labels_mask_case_id_TCGA-BC-A69I_2_3_cell_expansion_13_0_threshold_0_8_facet_size_3.0.csv.tif,23831.610126446816,10664.394841352314,5005.36536099417
labels_mask_case_id_TCGA-CC-A8HT_3_4_cell_expansion_1_0_threshold_0_6_facet_size_3.0.csv.tif,23174.262177631976,7865.330658233862,4430.301412159352
labels_mask_case_id_TCGA-BC-A69I_0_2_cell_expansion_5_0_threshold_0_4_facet_size_3.0.csv.tif,23629.362999223064,10188.5655275609,5366.196347825568
labels_mask_case_id_TCGA-BC-A69I_3_0_cell_expansion_11_0_threshold_0_8_facet_size_3.0.csv.tif,23752.61877438549,10321.150835834796,4875.759272155285
labels_mask_case_id_TCGA-CC-A3MA_4_4_cell_expansion_11_0_threshold_0_5_facet_size_3.0.csv.tif,24580.55644788341,16014.987970159204,10174.918580823663
labels_mask_case_id_TCGA-G3-A7M6_4_3_cell_expansion_7_0_threshold_0_6_facet_size_3.0.csv.tif,24367.88871806735,14301.687042644558,8228.81578162223
labels_mask_case_id_TCGA-YA-A8S7_0_0_cell_expansion_1_0_threshold_0_5_facet_size_3.0.csv.tif,23455.69622717428,9275.492903905388,5521.738738950667
labels_mask_case_id_TCGA-CC-A8HT_2_0_cell_expansion_5_0_threshold_0_8_facet_size_3.0.csv.tif,22818.73994314047,5829.691592367089,2138.837749198651
labels_mask_case_id_TCGA-K7-AAU7_1_4_cell_expansion_3_0_threshold_0_8_facet_size_3.0.csv.tif,22295.564725834272,3345.912720479547,555.5313772235761
labels_mask_case_id_TCGA-CC-A1HT_0_2_cell_expansion_15_0_threshold_0_6_facet_size_3.0.csv.tif,23787.53684335121,10896.349618163851,5851.316339598008
labels_mask_case_id_TCGA-DD-AAED_2_0_cell_expansion_7_0_threshold_0_4_facet_size_3.0.csv.tif,24433.19377497009,14821.62428616199,8920.996660975281
labels_mask_case_id_TCGA-G3-A7M6_2_0_cell_expansion_15_0_threshold_0_5_facet_size_3.0.csv.tif,24742.7681523527,16979.463586558817,11021.821403207565
labels_mask_case_id_TCGA-G3-A7M6_2_4_cell_expansion_7_0_threshold_0_7_facet_size_3.0.csv.tif,24489.48806635615,14742.988329086991,8245.950219283952
labels_mask_case_id_TCGA-K7-AAU7_4_1_cell_expansion_13_0_threshold_0_7_facet_size_3.0.csv.tif,24082.65120514275,12333.060958761054,6615.279341258638
labels_mask_case_id_TCGA-G3-A5SK_4_1_cell_expansion_13_0_threshold_0_6_facet_size_3.0.csv.tif,24453.32237170529,14628.508964331437,8417.672755917043
labels_mask_case_id_TCGA-YA-A8S7_4_3_cell_expansion_13_0_threshold_0_4_facet_size_3.0.csv.tif,22699.239422338054,5108.039353364078,1548.7987980317848
labels_mask_case_id_TCGA-CC-A8HT_4_3_cell_expansion_11_0_threshold_0_7_facet_size_3.0.csv.tif,23937.285697242645,11285.369444925636,5612.140366021135
labels_mask_case_id_TCGA-YA-A8S7_4_0_cell_expansion_1_0_threshold_0_7_facet_size_3.0.csv.tif,23320.632079984734,8488.049823678872,4623.5958676714345
labels_mask_case_id_TCGA-CC-A1HT_3_4_cell_expansion_9_0_threshold_0_6_facet_size_3.0.csv.tif,24799.875768028836,17282.92999043861,11165.972754873468
labels_mask_case_id_TCGA-G3-A7M6_2_4_cell_expansion_1_0_threshold_0_4_facet_size_3.0.csv.tif,23338.03628264241,8784.850510586848,5268.349595433114
labels_mask_case_id_TCGA-CC-5261_4_4_cell_expansion_11_0_threshold_0_5_facet_size_3.0.csv.tif,24870.12565111516,17884.874149238203,11822.894391720432
labels_mask_case_id_TCGA-YA-A8S7_3_2_cell_expansion_7_0_threshold_0_5_facet_size_3.0.csv.tif,24809.798472191746,17945.451068502756,12674.523247473237
labels_mask_case_id_TCGA-CC-5261_1_4_cell_expansion_9_0_threshold_0_5_facet_size_3.0.csv.tif,24691.50029507564,16382.672796208488,10112.60222526623
labels_mask_case_id_TCGA-G3-A7M6_0_3_cell_expansion_7_0_threshold_0_4_facet_size_3.0.csv.tif,24597.995772867405,15591.638382432182,9197.80296769944
labels_mask_case_id_TCGA-K7-AAU7_4_1_cell_expansion_7_0_threshold_0_8_facet_size_3.0.csv.tif,23135.28666985067,7186.9618890701295,2792.7472280741217
labels_mask_case_id_TCGA-CC-A3MA_4_0_cell_expansion_13_0_threshold_0_5_facet_size_3.0.csv.tif,24895.253821427912,18203.32966846096,12264.517469759354
labels_mask_case_id_TCGA-YA-A8S7_1_2_cell_expansion_7_0_threshold_0_4_facet_size_3.0.csv.tif,24829.69037282892,17552.75613838452,11443.88846012894
labels_mask_case_id_TCGA-CC-A1HT_4_1_cell_expansion_9_0_threshold_0_5_facet_size_3.0.csv.tif,24758.31450128357,17029.901346496477,10917.193168832471
labels_mask_case_id_TCGA-DD-AAED_3_2_cell_expansion_1_0_threshold_0_5_facet_size_3.0.csv.tif,23773.54639046002,11148.790045599932,6892.036545882653
labels_mask_case_id_TCGA-YA-A8S7_0_1_cell_expansion_1_0_threshold_0_5_facet_size_3.0.csv.tif,23620.51381569389,10273.319317664804,6214.2404277220685
labels_mask_case_id_TCGA-G3-A7M6_2_2_cell_expansion_3_0_threshold_0_7_facet_size_3.0.csv.tif,23509.10527650718,9672.276306327709,5430.46109028654
labels_mask_case_id_TCGA-BC-A69I_2_3_cell_expansion_7_0_threshold_0_4_facet_size_3.0.csv.tif,24427.1879014998,14359.441027084376,7986.670740111018
labels_mask_case_id_TCGA-G3-A7M6_2_1_cell_expansion_13_0_threshold_0_4_facet_size_3.0.csv.tif,24776.82726451185,17186.14284798625,11126.748617179155
labels_mask_case_id_TCGA-CC-5261_3_2_cell_expansion_9_0_threshold_0_6_facet_size_3.0.csv.tif,24653.21117583368,16044.170573995514,9626.851638487851
labels_mask_case_id_TCGA-K7-AAU7_1_2_cell_expansion_7_0_threshold_0_8_facet_size_3.0.csv.tif,22336.30732815795,3529.953402420136,646.135757589391
labels_mask_case_id_TCGA-CC-5261_1_2_cell_expansion_9_0_threshold_0_7_facet_size_3.0.csv.tif,24386.887241376968,14241.233009920186,8022.197399166966
labels_mask_case_id_TCGA-CC-A8HT_4_1_cell_expansion_3_0_threshold_0_8_facet_size_3.0.csv.tif,22520.044819987867,4456.069514918547,1376.8323243605778
labels_mask_case_id_TCGA-BC-A69I_3_1_cell_expansion_15_0_threshold_0_8_facet_size_3.0.csv.tif,23609.60394911579,9758.389982560064,4668.43265023566
labels_mask_case_id_TCGA-G3-A7M6_0_3_cell_expansion_15_0_threshold_0_4_facet_size_3.0.csv.tif,24609.49600184577,15673.259464954412,9274.223926040377
labels_mask_case_id_TCGA-BC-A69I_0_3_cell_expansion_7_0_threshold_0_5_facet_size_3.0.csv.tif,24340.220249548,13801.050190859864,7582.706193875287
labels_mask_case_id_TCGA-K7-AAU7_4_0_cell_expansion_11_0_threshold_0_4_facet_size_3.0.csv.tif,24868.05975672368,18230.40276888369,12824.868285668548
labels_mask_case_id_TCGA-CC-A1HT_0_3_cell_expansion_11_0_threshold_0_6_facet_size_3.0.csv.tif,24537.38627021772,15212.5626879986,8992.658234994256
labels_mask_case_id_TCGA-G3-A7M6_1_1_cell_expansion_13_0_threshold_0_8_facet_size_3.0.csv.tif,23625.040378797825,9755.44180930374,4606.1317008039205
labels_mask_case_id_TCGA-YA-A8S7_4_1_cell_expansion_5_0_threshold_0_5_facet_size_3.0.csv.tif,24650.146993165326,16475.225996356738,10765.871251182329
labels_mask_case_id_TCGA-DD-AAED_2_1_cell_expansion_5_0_threshold_0_5_facet_size_3.0.csv.tif,24660.686349989297,16235.589860187849,9931.503900572165
labels_mask_case_id_TCGA-CC-A8HT_4_2_cell_expansion_15_0_threshold_0_7_facet_size_3.0.csv.tif,24237.639999122424,13165.703755925097,6919.513265870304
labels_mask_case_id_TCGA-G3-A7M6_4_3_cell_expansion_3_0_threshold_0_8_facet_size_3.0.csv.tif,23247.42117528821,8057.909841389459,3880.4938964589214
labels_mask_case_id_TCGA-DD-AAED_3_3_cell_expansion_1_0_threshold_0_5_facet_size_3.0.csv.tif,23854.14734423408,11574.02763873757,7342.687428394597
labels_mask_case_id_TCGA-K7-AAU7_0_1_cell_expansion_1_0_threshold_0_5_facet_size_3.0.csv.tif,22647.86525569419,5118.794684024875,2086.056093552294
labels_mask_case_id_TCGA-YA-A8S7_1_4_cell_expansion_3_0_threshold_0_4_facet_size_3.0.csv.tif,22432.862968434143,3994.036168206285,1041.9367860833852
labels_mask_case_id_TCGA-YA-A8S7_3_2_cell_expansion_5_0_threshold_0_8_facet_size_3.0.csv.tif,22962.832878813817,6540.908514415957,2665.8326486978885
labels_mask_case_id_TCGA-G3-A5SK_4_4_cell_expansion_13_0_threshold_0_5_facet_size_3.0.csv.tif,24322.543430818598,13924.34013635512,7868.6090956933
labels_mask_case_id_TCGA-BC-A69I_1_1_cell_expansion_1_0_threshold_0_4_facet_size_3.0.csv.tif,23280.171587281297,8334.253905828718,4598.125562857711
labels_mask_case_id_TCGA-K7-AAU7_3_3_cell_expansion_3_0_threshold_0_7_facet_size_3.0.csv.tif,22777.68149335941,5694.315379348108,2275.487662557809
labels_mask_case_id_TCGA-DD-AAED_0_1_cell_expansion_3_0_threshold_0_7_facet_size_3.0.csv.tif,24120.31013839626,12958.138362532269,7606.692136309975
labels_mask_case_id_TCGA-YA-A8S7_3_3_cell_expansion_7_0_threshold_0_5_facet_size_3.0.csv.tif,22764.13498914597,5556.755587773378,1994.0604637846209
labels_mask_case_id_TCGA-G3-A7M6_0_2_cell_expansion_7_0_threshold_0_4_facet_size_3.0.csv.tif,24651.284163842214,16055.971342729266,9688.956824026423
labels_mask_case_id_TCGA-G3-A7M6_0_4_cell_expansion_11_0_threshold_0_6_facet_size_3.0.csv.tif,24612.8520024692,15740.59412268434,9367.138670022285
labels_mask_case_id_TCGA-G3-A7M6_1_3_cell_expansion_15_0_threshold_0_4_facet_size_3.0.csv.tif,24659.776552595453,16163.427917226283,9905.54868440878
labels_mask_case_id_TCGA-G3-A5SK_1_2_cell_expansion_7_0_threshold_0_7_facet_size_3.0.csv.tif,24206.20006136744,13008.29439163208,7030.392433085479
labels_mask_case_id_TCGA-G3-A5SK_4_0_cell_expansion_3_0_threshold_0_5_facet_size_3.0.csv.tif,23596.05124188686,9935.420656891569,5485.222544082502
labels_mask_case_id_TCGA-CC-A3MA_0_4_cell_expansion_5_0_threshold_0_7_facet_size_3.0.csv.tif,23418.817960142103,8825.876054070999,4194.410027742622
labels_mask_case_id_TCGA-G3-A5SK_3_2_cell_expansion_5_0_threshold_0_7_facet_size_3.0.csv.tif,24398.429169672283,14595.26648063276,8827.396360443441
labels_mask_case_id_TCGA-CC-A8HT_4_1_cell_expansion_13_0_threshold_0_5_facet_size_3.0.csv.tif,24403.08149474179,14692.11995297914,9033.240841357336
labels_mask_case_id_TCGA-CC-A8HT_0_2_cell_expansion_9_0_threshold_0_8_facet_size_3.0.csv.tif,22881.882436383232,6125.367519809035,2319.8088106502946
labels_mask_case_id_TCGA-G3-A5SK_1_2_cell_expansion_1_0_threshold_0_4_facet_size_3.0.csv.tif,23207.05338331769,8064.275931189663,4586.616929442034
labels_mask_case_id_TCGA-G3-A5SK_3_3_cell_expansion_3_0_threshold_0_8_facet_size_3.0.csv.tif,23048.210976524308,7063.097488491598,3197.791416659161
labels_mask_case_id_TCGA-CC-A8HT_4_1_cell_expansion_15_0_threshold_0_6_facet_size_3.0.csv.tif,24299.85700966342,14082.481077733111,8512.122352710569
labels_mask_case_id_TCGA-CC-A1HT_2_3_cell_expansion_15_0_threshold_0_8_facet_size_3.0.csv.tif,22602.755210479307,4638.374292691711,1237.2314960718668
labels_mask_case_id_TCGA-CC-5261_1_1_cell_expansion_5_0_threshold_0_6_facet_size_3.0.csv.tif,23699.75088897243,10720.778572403437,5917.236399493996
labels_mask_case_id_TCGA-CC-A3MA_2_2_cell_expansion_5_0_threshold_0_8_facet_size_3.0.csv.tif,23713.022417371634,10244.044097720742,4981.345170901821
labels_mask_case_id_TCGA-DD-AAED_4_1_cell_expansion_11_0_threshold_0_6_facet_size_3.0.csv.tif,24711.909602401603,16286.466718432535,9679.605042754429
labels_mask_case_id_TCGA-YA-A8S7_0_4_cell_expansion_9_0_threshold_0_8_facet_size_3.0.csv.tif,22708.368105039983,5176.972618632833,1608.2858476062502
labels_mask_case_id_TCGA-CC-5261_2_2_cell_expansion_7_0_threshold_0_8_facet_size_3.0.csv.tif,24155.807638061116,12679.356590199051,6684.797240071235
labels_mask_case_id_TCGA-CC-A1HT_4_3_cell_expansion_1_0_threshold_0_6_facet_size_3.0.csv.tif,23753.48114953764,10921.971471099112,6606.945652700113
labels_mask_case_id_TCGA-CC-A1HT_2_0_cell_expansion_13_0_threshold_0_7_facet_size_3.0.csv.tif,23036.900388209277,7008.550542830365,2964.884483506602
labels_mask_case_id_TCGA-CC-A3MA_4_4_cell_expansion_13_0_threshold_0_5_facet_size_3.0.csv.tif,24582.627124174483,16021.27734027964,10183.085621737584
labels_mask_case_id_TCGA-CC-A8HT_1_4_cell_expansion_3_0_threshold_0_7_facet_size_3.0.csv.tif,23856.78409193997,11150.59750623626,6057.891071532727
labels_mask_case_id_TCGA-CC-A8HT_4_1_cell_expansion_3_0_threshold_0_5_facet_size_3.0.csv.tif,23842.84115506337,11524.246349158566,6984.312551063743
labels_mask_case_id_TCGA-BC-A69I_3_1_cell_expansion_15_0_threshold_0_5_facet_size_3.0.csv.tif,24385.99484227044,14088.80385785697,7819.698503206592
labels_mask_case_id_TCGA-DD-AAED_3_2_cell_expansion_7_0_threshold_0_7_facet_size_3.0.csv.tif,24716.438210591696,16349.621957851232,9762.385614510731
labels_mask_case_id_TCGA-BC-A69I_1_3_cell_expansion_11_0_threshold_0_4_facet_size_3.0.csv.tif,24595.08169655994,15498.57580947274,8995.86587818711
labels_mask_case_id_TCGA-CC-A1HT_3_3_cell_expansion_13_0_threshold_0_6_facet_size_3.0.csv.tif,24728.53332223208,16457.731170447572,9841.328314124145
labels_mask_case_id_TCGA-G3-A7M6_0_2_cell_expansion_11_0_threshold_0_5_facet_size_3.0.csv.tif,24652.19154924589,16052.275674527598,9658.215609088033
labels_mask_case_id_TCGA-CC-A8HT_1_4_cell_expansion_1_0_threshold_0_6_facet_size_3.0.csv.tif,23429.6829110868,9046.54632580066,5133.328661863813
labels_mask_case_id_TCGA-CC-A3MA_4_4_cell_expansion_11_0_threshold_0_4_facet_size_3.0.csv.tif,24649.6515962124,16475.636841627034,10627.898197471575
labels_mask_case_id_TCGA-YA-A8S7_4_3_cell_expansion_15_0_threshold_0_6_facet_size_3.0.csv.tif,22415.96558820062,3834.0188640953543,808.1074469580833
labels_mask_case_id_TCGA-CC-5261_0_1_cell_expansion_9_0_threshold_0_4_facet_size_3.0.csv.tif,24697.93311604325,16559.285875610127,10459.109771208416
labels_mask_case_id_TCGA-DD-AAED_2_0_cell_expansion_7_0_threshold_0_5_facet_size_3.0.csv.tif,24424.00921846349,14723.910300546391,8791.36199055759
labels_mask_case_id_TCGA-YA-A8S7_2_1_cell_expansion_3_0_threshold_0_8_facet_size_3.0.csv.tif,22937.37290995096,6399.858681415145,2603.308909290883
labels_mask_case_id_TCGA-DD-AAED_4_3_cell_expansion_11_0_threshold_0_4_facet_size_3.0.csv.tif,24662.561969740396,16244.6346992893,10060.016933415667
labels_mask_case_id_TCGA-BC-A69I_0_2_cell_expansion_3_0_threshold_0_6_facet_size_3.0.csv.tif,23160.55543484047,7760.95197347087,3850.1602043508574
labels_mask_case_id_TCGA-YA-A8S7_4_2_cell_expansion_15_0_threshold_0_8_facet_size_3.0.csv.tif,22561.30478028485,4478.55429741473,1137.4651009914414
labels_mask_case_id_TCGA-G3-A7M6_0_4_cell_expansion_3_0_threshold_0_5_facet_size_3.0.csv.tif,24140.72806031954,13162.513691306129,8128.97409430134
labels_mask_case_id_TCGA-CC-A8HT_4_3_cell_expansion_11_0_threshold_0_6_facet_size_3.0.csv.tif,24235.94719558433,13192.501426849183,7278.738796634405
labels_mask_case_id_TCGA-CC-A1HT_2_1_cell_expansion_11_0_threshold_0_8_facet_size_3.0.csv.tif,23197.22931167325,7380.528810623178,2806.347380982519
labels_mask_case_id_TCGA-G3-A7M6_3_1_cell_expansion_7_0_threshold_0_6_facet_size_3.0.csv.tif,24732.48419818208,16982.65574608517,11191.760416317426
labels_mask_case_id_TCGA-K7-AAU7_1_2_cell_expansion_1_0_threshold_0_6_facet_size_3.0.csv.tif,22874.062848890124,6229.404648758534,3041.417099149653
labels_mask_case_id_TCGA-BC-A69I_2_2_cell_expansion_11_0_threshold_0_6_facet_size_3.0.csv.tif,24369.473599979887,13966.38373433262,7669.175600127717
labels_mask_case_id_TCGA-YA-A8S7_1_4_cell_expansion_1_0_threshold_0_8_facet_size_3.0.csv.tif,22309.444091779857,3411.382180714216,607.5261306588839
labels_mask_case_id_TCGA-CC-A1HT_4_0_cell_expansion_9_0_threshold_0_8_facet_size_3.0.csv.tif,23117.523285869243,7256.327421553037,2963.294724856993
labels_mask_case_id_TCGA-CC-A1HT_1_1_cell_expansion_11_0_threshold_0_4_facet_size_3.0.csv.tif,24547.93571953713,15607.051664427196,9742.49639376836
labels_mask_case_id_TCGA-CC-A8HT_2_1_cell_expansion_1_0_threshold_0_7_facet_size_3.0.csv.tif,23078.27853803908,7267.2659150276595,3656.4106246374768
labels_mask_case_id_TCGA-YA-A8S7_2_0_cell_expansion_7_0_threshold_0_6_facet_size_3.0.csv.tif,24733.47297557268,16913.63842701885,10939.402534820145
labels_mask_case_id_TCGA-CC-5261_4_0_cell_expansion_15_0_threshold_0_7_facet_size_3.0.csv.tif,24575.92375519147,15534.449462678314,9242.864351263055
labels_mask_case_id_TCGA-BC-A69I_2_2_cell_expansion_3_0_threshold_0_7_facet_size_3.0.csv.tif,23375.793684843236,8593.45858402963,4236.630576275148
labels_mask_case_id_TCGA-CC-A1HT_3_0_cell_expansion_13_0_threshold_0_7_facet_size_3.0.csv.tif,23920.64771438657,11495.541283318413,6079.647044956142
labels_mask_case_id_TCGA-CC-A1HT_3_4_cell_expansion_15_0_threshold_0_5_facet_size_3.0.csv.tif,24895.71291639941,18173.863213845405,12260.412721659242
labels_mask_case_id_TCGA-CC-A1HT_1_0_cell_expansion_1_0_threshold_0_7_facet_size_3.0.csv.tif,22782.541283766564,5798.853177785025,2643.286060967827
labels_mask_case_id_TCGA-G3-A7M6_1_2_cell_expansion_13_0_threshold_0_4_facet_size_3.0.csv.tif,24934.79393032824,19110.29251871779,14471.110317384591
labels_mask_case_id_TCGA-G3-A5SK_1_3_cell_expansion_7_0_threshold_0_6_facet_size_3.0.csv.tif,24310.86043233667,14079.593411845875,8313.20071315304
labels_mask_case_id_TCGA-YA-A8S7_0_3_cell_expansion_9_0_threshold_0_7_facet_size_3.0.csv.tif,24463.198414910046,14774.091166463211,8630.892924605992
labels_mask_case_id_TCGA-G3-A7M6_0_0_cell_expansion_15_0_threshold_0_8_facet_size_3.0.csv.tif,23715.558130372578,10304.434560399272,5007.534649802692
labels_mask_case_id_TCGA-CC-A3MA_2_2_cell_expansion_3_0_threshold_0_6_facet_size_3.0.csv.tif,24370.82590645778,14319.428146304712,8657.008996732178
labels_mask_case_id_TCGA-CC-A8HT_4_4_cell_expansion_13_0_threshold_0_7_facet_size_3.0.csv.tif,24167.149097344296,12904.990025462475,7051.754587076265
labels_mask_case_id_TCGA-CC-A3MA_0_2_cell_expansion_3_0_threshold_0_7_facet_size_3.0.csv.tif,24250.999195188106,13826.998665529023,8384.832423860564
labels_mask_case_id_TCGA-G3-A5SK_4_2_cell_expansion_15_0_threshold_0_5_facet_size_3.0.csv.tif,24396.630665088287,14271.241441380524,8008.411813209566
labels_mask_case_id_TCGA-K7-AAU7_4_3_cell_expansion_9_0_threshold_0_5_facet_size_3.0.csv.tif,24688.914292689227,16715.911470181523,11047.034287831855
labels_mask_case_id_TCGA-G3-A7M6_2_3_cell_expansion_13_0_threshold_0_6_facet_size_3.0.csv.tif,24473.14652904251,14936.8658534905,8946.731020535824
labels_mask_case_id_TCGA-G3-A5SK_0_1_cell_expansion_1_0_threshold_0_7_facet_size_3.0.csv.tif,23057.53248085212,7299.580971878368,3979.3314229563935
labels_mask_case_id_TCGA-BC-A69I_2_1_cell_expansion_11_0_threshold_0_7_facet_size_3.0.csv.tif,24048.171337054635,12380.27153421049,6703.130490843245
labels_mask_case_id_TCGA-G3-A5SK_3_4_cell_expansion_5_0_threshold_0_4_facet_size_3.0.csv.tif,24930.94553838311,18723.897369803148,13273.889849331528
labels_mask_case_id_TCGA-DD-AAED_0_2_cell_expansion_9_0_threshold_0_8_facet_size_3.0.csv.tif,24131.113136426186,12737.786831434303,6770.302874353348
labels_mask_case_id_TCGA-CC-5261_0_2_cell_expansion_5_0_threshold_0_5_facet_size_3.0.csv.tif,24317.39734550828,14221.102661028855,8657.348001590406
labels_mask_case_id_TCGA-BC-A69I_0_1_cell_expansion_9_0_threshold_0_4_facet_size_3.0.csv.tif,24437.238922477634,14543.605998304483,8272.653122676078
labels_mask_case_id_TCGA-CC-A1HT_1_0_cell_expansion_7_0_threshold_0_4_facet_size_3.0.csv.tif,24580.575551740465,15998.020935034005,10339.012203956356
labels_mask_case_id_TCGA-BC-A69I_2_1_cell_expansion_9_0_threshold_0_5_facet_size_3.0.csv.tif,24276.580380826526,13636.267760666611,7682.056280428106
labels_mask_case_id_TCGA-DD-AAED_4_0_cell_expansion_15_0_threshold_0_7_facet_size_3.0.csv.tif,24549.665485821824,15542.016698783013,9443.751985751373
labels_mask_case_id_TCGA-K7-AAU7_1_1_cell_expansion_9_0_threshold_0_5_facet_size_3.0.csv.tif,24404.05494343049,14826.341792303418,9587.96109818254
labels_mask_case_id_TCGA-DD-AAED_4_4_cell_expansion_9_0_threshold_0_4_facet_size_3.0.csv.tif,24891.69646043153,18051.488239342787,11933.71662531624
labels_mask_case_id_TCGA-CC-A3MA_4_3_cell_expansion_13_0_threshold_0_5_facet_size_3.0.csv.tif,24837.671235527952,17483.826109760157,11137.828199150395
labels_mask_case_id_TCGA-CC-5261_0_2_cell_expansion_7_0_threshold_0_4_facet_size_3.0.csv.tif,24563.037713665024,15656.144206199428,9669.063254498047
labels_mask_case_id_TCGA-G3-A5SK_4_1_cell_expansion_5_0_threshold_0_7_facet_size_3.0.csv.tif,23997.004097093886,11987.569650246707,6500.162906888729
labels_mask_case_id_TCGA-CC-A1HT_4_2_cell_expansion_3_0_threshold_0_6_facet_size_3.0.csv.tif,24118.55538021378,12936.045653178498,7693.317388263349
labels_mask_case_id_TCGA-G3-A5SK_1_2_cell_expansion_5_0_threshold_0_7_facet_size_3.0.csv.tif,23968.99139718053,11772.950162807636,6286.483569359239
labels_mask_case_id_TCGA-CC-5261_4_3_cell_expansion_5_0_threshold_0_7_facet_size_3.0.csv.tif,24343.698137585125,14232.13387353164,8437.032757140147
labels_mask_case_id_TCGA-CC-5261_0_4_cell_expansion_7_0_threshold_0_6_facet_size_3.0.csv.tif,24642.000508711888,16275.562770672088,10477.641984785509
labels_mask_case_id_TCGA-BC-A69I_3_3_cell_expansion_11_0_threshold_0_4_facet_size_3.0.csv.tif,24666.077774084803,15905.857823492646,9265.981710216374
labels_mask_case_id_TCGA-CC-A1HT_0_2_cell_expansion_3_0_threshold_0_8_facet_size_3.0.csv.tif,22337.70283214138,3557.2770215143505,718.817291020314
labels_mask_case_id_TCGA-CC-5261_4_3_cell_expansion_7_0_threshold_0_6_facet_size_3.0.csv.tif,24724.48808176116,16778.247824666243,10689.467536957372
labels_mask_case_id_TCGA-G3-A5SK_1_2_cell_expansion_7_0_threshold_0_6_facet_size_3.0.csv.tif,24364.66744642071,14139.464023283612,8156.081362894338
labels_mask_case_id_TCGA-K7-AAU7_4_3_cell_expansion_11_0_threshold_0_4_facet_size_3.0.csv.tif,24793.193285697955,17625.743062091973,12151.040373309035
labels_mask_case_id_TCGA-DD-AAED_4_1_cell_expansion_13_0_threshold_0_6_facet_size_3.0.csv.tif,24712.67371694884,16284.116798132864,9675.006941126689
labels_mask_case_id_TCGA-CC-A3MA_3_1_cell_expansion_7_0_threshold_0_6_facet_size_3.0.csv.tif,24736.0959827928,16956.32823922644,11031.870313724212
labels_mask_case_id_TCGA-G3-A7M6_4_1_cell_expansion_9_0_threshold_0_7_facet_size_3.0.csv.tif,24228.231853806923,13137.749676278894,6986.496774227661
labels_mask_case_id_TCGA-CC-A1HT_1_1_cell_expansion_5_0_threshold_0_5_facet_size_3.0.csv.tif,24277.26091565389,13770.81746073426,8173.568224902328
labels_mask_case_id_TCGA-BC-A69I_2_4_cell_expansion_11_0_threshold_0_4_facet_size_3.0.csv.tif,24470.14755757071,14654.55296937659,8325.291063046894
labels_mask_case_id_TCGA-DD-AAED_3_0_cell_expansion_9_0_threshold_0_7_facet_size_3.0.csv.tif,24609.010175604744,15652.452156861613,9118.510558975257
labels_mask_case_id_TCGA-CC-A1HT_2_3_cell_expansion_5_0_threshold_0_6_facet_size_3.0.csv.tif,23702.766645068823,10557.03063541374,5630.91445396269
labels_mask_case_id_TCGA-CC-A8HT_2_2_cell_expansion_9_0_threshold_0_8_facet_size_3.0.csv.tif,22682.902588018984,5096.94375476536,1570.0815706041103
labels_mask_case_id_TCGA-BC-A69I_4_4_cell_expansion_7_0_threshold_0_4_facet_size_3.0.csv.tif,24604.88477028306,15822.614563249048,9599.831098912127
labels_mask_case_id_TCGA-G3-A5SK_4_0_cell_expansion_13_0_threshold_0_5_facet_size_3.0.csv.tif,24312.501274546463,13631.20830682918,7521.161649629776
labels_mask_case_id_TCGA-YA-A8S7_4_1_cell_expansion_7_0_threshold_0_5_facet_size_3.0.csv.tif,24733.10841620969,16987.172656553124,11096.33821872931
labels_mask_case_id_TCGA-CC-5261_3_2_cell_expansion_9_0_threshold_0_7_facet_size_3.0.csv.tif,24516.071844895207,14921.221614756592,8400.554193288246
labels_mask_case_id_TCGA-YA-A8S7_2_0_cell_expansion_3_0_threshold_0_8_facet_size_3.0.csv.tif,22847.964598186238,5844.709561630343,2121.718936127916
labels_mask_case_id_TCGA-CC-A1HT_3_2_cell_expansion_9_0_threshold_0_5_facet_size_3.0.csv.tif,24704.722099063307,16185.2424483196,9438.197628584756
labels_mask_case_id_TCGA-G3-A7M6_3_1_cell_expansion_3_0_threshold_0_8_facet_size_3.0.csv.tif,22801.822721689685,5817.394968546695,2353.610265064415
labels_mask_case_id_TCGA-BC-A69I_0_2_cell_expansion_7_0_threshold_0_8_facet_size_3.0.csv.tif,22970.146933666565,6533.029311857973,2542.6823082629053
labels_mask_case_id_TCGA-DD-AAED_1_3_cell_expansion_5_0_threshold_0_7_facet_size_3.0.csv.tif,24412.547977941133,14471.544798762909,8434.811109704016
labels_mask_case_id_TCGA-K7-AAU7_3_3_cell_expansion_7_0_threshold_0_4_facet_size_3.0.csv.tif,24344.00111501692,14225.351310878445,8745.000144384505
labels_mask_case_id_TCGA-BC-A69I_0_3_cell_expansion_7_0_threshold_0_4_facet_size_3.0.csv.tif,24372.22502183292,14095.371090652505,7890.602905763025
labels_mask_case_id_TCGA-BC-A69I_1_0_cell_expansion_3_0_threshold_0_8_facet_size_3.0.csv.tif,22941.970210439627,6488.389768543926,2790.3816592230746
labels_mask_case_id_TCGA-CC-A8HT_3_2_cell_expansion_3_0_threshold_0_4_facet_size_3.0.csv.tif,24304.965718921107,14315.14025510144,9277.713631954408
labels_mask_case_id_TCGA-CC-A8HT_0_0_cell_expansion_3_0_threshold_0_7_facet_size_3.0.csv.tif,23849.010974511508,11575.457208938244,6921.19971047034
labels_mask_case_id_TCGA-DD-AAED_3_2_cell_expansion_1_0_threshold_0_8_facet_size_3.0.csv.tif,23041.967602264413,7093.790097912303,3493.4620080972954
labels_mask_case_id_TCGA-DD-AAED_2_1_cell_expansion_3_0_threshold_0_7_facet_size_3.0.csv.tif,24146.47398066152,13107.701556697386,7652.421186828428
labels_mask_case_id_TCGA-CC-A1HT_1_4_cell_expansion_13_0_threshold_0_6_facet_size_3.0.csv.tif,23957.689934653863,11785.2276522426,6340.787792397632
labels_mask_case_id_TCGA-CC-A8HT_3_2_cell_expansion_1_0_threshold_0_5_facet_size_3.0.csv.tif,23485.87416522605,9617.51074257917,5909.777061862336
labels_mask_case_id_TCGA-YA-A8S7_1_2_cell_expansion_5_0_threshold_0_8_facet_size_3.0.csv.tif,23216.62975387551,7685.540196906419,3221.366674994186
labels_mask_case_id_TCGA-BC-A69I_4_3_cell_expansion_5_0_threshold_0_7_facet_size_3.0.csv.tif,23407.692895699125,8766.691030438633,4067.845957607064
labels_mask_case_id_TCGA-CC-5261_1_3_cell_expansion_13_0_threshold_0_5_facet_size_3.0.csv.tif,24670.9183809206,16302.73620511645,10118.66134922711
labels_mask_case_id_TCGA-CC-A3MA_3_4_cell_expansion_3_0_threshold_0_6_facet_size_3.0.csv.tif,24196.85447606944,13642.221401776773,8346.55393950471
labels_mask_case_id_TCGA-CC-5261_1_4_cell_expansion_1_0_threshold_0_7_facet_size_3.0.csv.tif,23238.06403905998,8201.987584665045,4579.878252552848
labels_mask_case_id_TCGA-DD-AAED_2_0_cell_expansion_9_0_threshold_0_5_facet_size_3.0.csv.tif,24468.223909616703,14960.812258980226,8949.375300420179
labels_mask_case_id_TCGA-K7-AAU7_3_4_cell_expansion_15_0_threshold_0_6_facet_size_3.0.csv.tif,24039.36848816028,12073.979760152226,6386.493193722774
labels_mask_case_id_TCGA-CC-A1HT_3_4_cell_expansion_1_0_threshold_0_4_facet_size_3.0.csv.tif,23938.25724053651,12222.540388737614,8250.613477335033
labels_mask_case_id_TCGA-CC-5261_0_0_cell_expansion_7_0_threshold_0_8_facet_size_3.0.csv.tif,23911.71593147497,11627.468900784765,6223.843727411544
labels_mask_case_id_TCGA-CC-A3MA_3_3_cell_expansion_7_0_threshold_0_6_facet_size_3.0.csv.tif,24675.561756090778,16192.905731711058,9770.856654123443
labels_mask_case_id_TCGA-CC-A8HT_2_1_cell_expansion_11_0_threshold_0_5_facet_size_3.0.csv.tif,24851.851904998788,17930.618829178813,12063.486201823816
labels_mask_case_id_TCGA-CC-5261_0_4_cell_expansion_15_0_threshold_0_6_facet_size_3.0.csv.tif,24652.832994377422,16331.619969762698,10520.438424771266
labels_mask_case_id_TCGA-CC-5261_0_0_cell_expansion_13_0_threshold_0_4_facet_size_3.0.csv.tif,24771.527997770198,17160.48991927675,11035.430882413728
labels_mask_case_id_TCGA-CC-A1HT_3_2_cell_expansion_5_0_threshold_0_8_facet_size_3.0.csv.tif,23917.53991221966,11368.740325062052,5683.92554482362
labels_mask_case_id_TCGA-DD-AAED_3_2_cell_expansion_9_0_threshold_0_7_facet_size_3.0.csv.tif,24716.185076517755,16324.048220481003,9689.667373303351
labels_mask_case_id_TCGA-DD-AAED_0_1_cell_expansion_9_0_threshold_0_8_facet_size_3.0.csv.tif,24219.881363275985,13180.296622534972,7082.525982735317
labels_mask_case_id_TCGA-G3-A5SK_2_3_cell_expansion_11_0_threshold_0_5_facet_size_3.0.csv.tif,24487.556984437146,15233.811826104818,9414.756112266668
labels_mask_case_id_TCGA-CC-A3MA_2_1_cell_expansion_7_0_threshold_0_4_facet_size_3.0.csv.tif,24898.47054375187,18392.15352754156,12801.459451514598
labels_mask_case_id_TCGA-CC-A3MA_3_3_cell_expansion_5_0_threshold_0_7_facet_size_3.0.csv.tif,24340.81489510259,13961.503689402109,7871.527973779195
labels_mask_case_id_TCGA-CC-A3MA_2_2_cell_expansion_13_0_threshold_0_7_facet_size_3.0.csv.tif,24686.205012359547,16088.954748607966,9497.180899442505
labels_mask_case_id_TCGA-CC-A1HT_4_2_cell_expansion_15_0_threshold_0_7_facet_size_3.0.csv.tif,24424.4288762842,14262.19993293554,7900.987057528452
labels_mask_case_id_TCGA-G3-A7M6_4_4_cell_expansion_9_0_threshold_0_5_facet_size_3.0.csv.tif,24385.741436683234,14137.91828419907,7911.368299472576
labels_mask_case_id_TCGA-CC-A1HT_2_1_cell_expansion_3_0_threshold_0_5_facet_size_3.0.csv.tif,24174.374031261512,13327.955908109312,7962.293544775107
labels_mask_case_id_TCGA-G3-A7M6_2_3_cell_expansion_9_0_threshold_0_4_facet_size_3.0.csv.tif,24599.863793008502,15902.586135381269,9985.149965995946
labels_mask_case_id_TCGA-G3-A7M6_2_2_cell_expansion_9_0_threshold_0_8_facet_size_3.0.csv.tif,23584.362503089334,9756.880580292956,4714.719191342592
labels_mask_case_id_TCGA-CC-A3MA_1_4_cell_expansion_5_0_threshold_0_4_facet_size_3.0.csv.tif,24846.614734091418,17711.812594796822,11666.097794538153
labels_mask_case_id_TCGA-YA-A8S7_1_0_cell_expansion_13_0_threshold_0_4_facet_size_3.0.csv.tif,24485.26271364942,14895.58435551581,8756.115089325758
labels_mask_case_id_TCGA-YA-A8S7_3_2_cell_expansion_15_0_threshold_0_4_facet_size_3.0.csv.tif,24886.11404261269,18600.28676448064,13480.889559762303
labels_mask_case_id_TCGA-CC-A8HT_0_3_cell_expansion_13_0_threshold_0_7_facet_size_3.0.csv.tif,24256.826846766216,13252.28972809537,7072.423200457891
labels_mask_case_id_TCGA-G3-A5SK_1_0_cell_expansion_7_0_threshold_0_6_facet_size_3.0.csv.tif,24540.68972610719,15524.956324436076,9486.907295425804
labels_mask_case_id_TCGA-G3-A5SK_0_2_cell_expansion_5_0_threshold_0_5_facet_size_3.0.csv.tif,24232.25008362669,13566.4743386828,7935.198588986853
labels_mask_case_id_TCGA-CC-A8HT_1_4_cell_expansion_15_0_threshold_0_4_facet_size_3.0.csv.tif,24767.010655788024,16915.064187322445,10581.422841266478
labels_mask_case_id_TCGA-DD-AAED_0_3_cell_expansion_15_0_threshold_0_6_facet_size_3.0.csv.tif,24644.255137557106,15944.050278388147,9588.776765279124
labels_mask_case_id_TCGA-CC-A3MA_3_3_cell_expansion_1_0_threshold_0_5_facet_size_3.0.csv.tif,23898.48202612705,11853.702148908003,7351.369399974525
labels_mask_case_id_TCGA-DD-AAED_0_0_cell_expansion_13_0_threshold_0_4_facet_size_3.0.csv.tif,24775.87779770113,17009.139582342792,10703.232210749167
labels_mask_case_id_TCGA-BC-A69I_3_4_cell_expansion_5_0_threshold_0_4_facet_size_3.0.csv.tif,24459.42514593604,15243.049955952876,9633.461125316328
labels_mask_case_id_TCGA-G3-A5SK_2_1_cell_expansion_15_0_threshold_0_8_facet_size_3.0.csv.tif,23909.029265929985,11471.907600038005,5795.881785101514
labels_mask_case_id_TCGA-CC-A8HT_0_2_cell_expansion_3_0_threshold_0_7_facet_size_3.0.csv.tif,23280.535835596795,8139.405238499005,3979.259887086906
labels_mask_case_id_TCGA-CC-5261_1_4_cell_expansion_15_0_threshold_0_6_facet_size_3.0.csv.tif,24594.889200681515,15738.83627491878,9544.448505728142
labels_mask_case_id_TCGA-DD-AAED_3_0_cell_expansion_1_0_threshold_0_8_facet_size_3.0.csv.tif,22974.777927104293,6703.528877064919,3137.580733700005
labels_mask_case_id_TCGA-YA-A8S7_0_4_cell_expansion_11_0_threshold_0_4_facet_size_3.0.csv.tif,24682.36298316183,16655.981661741964,10806.746487957378
labels_mask_case_id_TCGA-DD-AAED_4_4_cell_expansion_1_0_threshold_0_7_facet_size_3.0.csv.tif,23650.556908061582,10412.853375833018,6432.964675915073
labels_mask_case_id_TCGA-DD-AAED_0_3_cell_expansion_3_0_threshold_0_6_facet_size_3.0.csv.tif,24026.382421606177,12527.383761394294,7487.597863892907
labels_mask_case_id_TCGA-DD-AAED_3_1_cell_expansion_15_0_threshold_0_5_facet_size_3.0.csv.tif,24654.71324316881,16245.19129172803,10041.642354096886
labels_mask_case_id_TCGA-K7-AAU7_2_0_cell_expansion_11_0_threshold_0_5_facet_size_3.0.csv.tif,22730.071716145245,5332.011513309551,1775.8335955685338
labels_mask_case_id_TCGA-YA-A8S7_2_2_cell_expansion_11_0_threshold_0_6_facet_size_3.0.csv.tif,24535.79363994989,14961.355929431962,8401.02262605973
labels_mask_case_id_TCGA-CC-A8HT_0_2_cell_expansion_1_0_threshold_0_6_facet_size_3.0.csv.tif,23144.92171850724,7650.7338199439855,4150.90431466906
labels_mask_case_id_TCGA-G3-A5SK_1_3_cell_expansion_9_0_threshold_0_6_facet_size_3.0.csv.tif,24329.13192387923,14170.267356364726,8365.849403862341
labels_mask_case_id_TCGA-CC-5261_2_0_cell_expansion_13_0_threshold_0_8_facet_size_3.0.csv.tif,23986.629151065703,11735.05537941997,5904.043839199778
labels_mask_case_id_TCGA-K7-AAU7_3_3_cell_expansion_11_0_threshold_0_4_facet_size_3.0.csv.tif,24362.17419117693,14335.810129252126,8827.5612022854
labels_mask_case_id_TCGA-K7-AAU7_0_4_cell_expansion_1_0_threshold_0_6_facet_size_3.0.csv.tif,22907.093597370607,6281.7407965415,2991.323057174818
labels_mask_case_id_TCGA-CC-A8HT_4_2_cell_expansion_1_0_threshold_0_4_facet_size_3.0.csv.tif,23334.013514403065,8690.132819979226,4911.268066523538
labels_mask_case_id_TCGA-CC-5261_0_3_cell_expansion_9_0_threshold_0_8_facet_size_3.0.csv.tif,23811.54602215232,10924.04887337311,5574.546051862386
labels_mask_case_id_TCGA-DD-AAED_0_3_cell_expansion_5_0_threshold_0_5_facet_size_3.0.csv.tif,24503.54331615432,15304.6226393922,9403.943272969342
labels_mask_case_id_TCGA-G3-A5SK_1_4_cell_expansion_13_0_threshold_0_8_facet_size_3.0.csv.tif,23980.70013339273,11884.254267142634,6245.560872547681
labels_mask_case_id_TCGA-CC-A8HT_4_3_cell_expansion_1_0_threshold_0_8_facet_size_3.0.csv.tif,22511.18391121989,4324.552034004282,1281.9823700401964
labels_mask_case_id_TCGA-DD-AAED_3_1_cell_expansion_5_0_threshold_0_6_facet_size_3.0.csv.tif,24505.57857162848,15346.43578645696,9396.340342434432
labels_mask_case_id_TCGA-CC-A8HT_3_1_cell_expansion_15_0_threshold_0_7_facet_size_3.0.csv.tif,23871.26292430559,11148.78924618914,5630.299231157263
labels_mask_case_id_TCGA-CC-A8HT_0_2_cell_expansion_7_0_threshold_0_5_facet_size_3.0.csv.tif,24447.05733497564,14708.05413883484,8682.48200095532
labels_mask_case_id_TCGA-G3-A7M6_1_2_cell_expansion_3_0_threshold_0_5_facet_size_3.0.csv.tif,24716.43530525713,17603.51886375318,13279.08226621236
labels_mask_case_id_TCGA-DD-AAED_2_4_cell_expansion_1_0_threshold_0_4_facet_size_3.0.csv.tif,23682.120922362083,10587.040086415598,6532.515614387617
labels_mask_case_id_TCGA-BC-A69I_0_0_cell_expansion_7_0_threshold_0_8_facet_size_3.0.csv.tif,23241.481372286675,7894.107975792121,3439.6335349790147
labels_mask_case_id_TCGA-CC-A8HT_0_4_cell_expansion_1_0_threshold_0_8_facet_size_3.0.csv.tif,22509.540353586628,4393.234019041045,1314.8336960411295
labels_mask_case_id_TCGA-G3-A7M6_4_0_cell_expansion_5_0_threshold_0_6_facet_size_3.0.csv.tif,24630.11098703574,16709.068769584377,11488.37603836468
labels_mask_case_id_TCGA-K7-AAU7_3_3_cell_expansion_15_0_threshold_0_6_facet_size_3.0.csv.tif,23980.00703098077,11933.157841977729,6647.945733890745
labels_mask_case_id_TCGA-YA-A8S7_0_4_cell_expansion_7_0_threshold_0_5_facet_size_3.0.csv.tif,24602.06138489435,16024.211855556608,10121.287556573438
labels_mask_case_id_TCGA-BC-A69I_4_1_cell_expansion_1_0_threshold_0_5_facet_size_3.0.csv.tif,23042.63916449971,6988.914637062793,3258.723126302202
labels_mask_case_id_TCGA-CC-A3MA_1_1_cell_expansion_11_0_threshold_0_7_facet_size_3.0.csv.tif,24211.40134969045,13047.940794206705,6938.592223818099
labels_mask_case_id_TCGA-CC-A8HT_4_3_cell_expansion_7_0_threshold_0_7_facet_size_3.0.csv.tif,23811.84358243696,10675.900888254424,5259.946377946234
labels_mask_case_id_TCGA-YA-A8S7_1_1_cell_expansion_5_0_threshold_0_8_facet_size_3.0.csv.tif,23209.868637835072,7671.554806204187,3321.2841669253507
labels_mask_case_id_TCGA-CC-5261_4_3_cell_expansion_9_0_threshold_0_6_facet_size_3.0.csv.tif,24750.66254250996,16968.87261197169,10855.167075870251
labels_mask_case_id_TCGA-YA-A8S7_4_2_cell_expansion_1_0_threshold_0_6_facet_size_3.0.csv.tif,22536.242227544237,4487.59440542738,1456.8515306498923
labels_mask_case_id_TCGA-K7-AAU7_4_4_cell_expansion_1_0_threshold_0_8_facet_size_3.0.csv.tif,22503.755429611127,4376.118890884664,1330.5299626079825
labels_mask_case_id_TCGA-CC-A8HT_0_4_cell_expansion_7_0_threshold_0_7_facet_size_3.0.csv.tif,24058.544077337727,12385.543263602827,6604.370428391145
labels_mask_case_id_TCGA-K7-AAU7_2_0_cell_expansion_13_0_threshold_0_8_facet_size_3.0.csv.tif,22295.564725834272,3345.912720479547,555.5313772235761
labels_mask_case_id_TCGA-CC-A3MA_2_4_cell_expansion_11_0_threshold_0_4_facet_size_3.0.csv.tif,24879.98075494009,17965.85648317842,11882.257721234664
labels_mask_case_id_TCGA-CC-A8HT_2_2_cell_expansion_11_0_threshold_0_8_facet_size_3.0.csv.tif,22683.83889239138,5098.923839746738,1571.5812570731414
labels_mask_case_id_TCGA-G3-A5SK_1_0_cell_expansion_11_0_threshold_0_4_facet_size_3.0.csv.tif,24591.79658429073,15851.43593135094,9800.129957905949
labels_mask_case_id_TCGA-YA-A8S7_1_0_cell_expansion_7_0_threshold_0_5_facet_size_3.0.csv.tif,24297.287241901176,13762.04541705234,7820.528513998005
labels_mask_case_id_TCGA-G3-A5SK_0_0_cell_expansion_9_0_threshold_0_4_facet_size_3.0.csv.tif,24626.13017651376,16367.73330166959,10720.248539784345
labels_mask_case_id_TCGA-CC-A8HT_0_3_cell_expansion_3_0_threshold_0_7_facet_size_3.0.csv.tif,23550.46614670564,9708.0574478353,5129.416359180784
labels_mask_case_id_TCGA-K7-AAU7_3_2_cell_expansion_15_0_threshold_0_4_facet_size_3.0.csv.tif,24366.17086545057,14683.233881228476,9341.281611937626
labels_mask_case_id_TCGA-YA-A8S7_4_2_cell_expansion_3_0_threshold_0_7_facet_size_3.0.csv.tif,22582.4301985397,4657.813007970555,1419.55376202092
labels_mask_case_id_TCGA-CC-5261_2_0_cell_expansion_11_0_threshold_0_5_facet_size_3.0.csv.tif,24745.648788716622,16878.16779109022,10725.027648353962
labels_mask_case_id_TCGA-CC-A8HT_2_4_cell_expansion_5_0_threshold_0_7_facet_size_3.0.csv.tif,23808.389690331103,10705.780184976218,5402.156869037504
labels_mask_case_id_TCGA-CC-A3MA_0_2_cell_expansion_13_0_threshold_0_7_facet_size_3.0.csv.tif,24727.86712506459,16478.03838529614,9910.29942040934
labels_mask_case_id_TCGA-DD-AAED_2_2_cell_expansion_3_0_threshold_0_7_facet_size_3.0.csv.tif,23608.280152217667,10163.562334145385,5576.235855365869
labels_mask_case_id_TCGA-YA-A8S7_1_3_cell_expansion_11_0_threshold_0_8_facet_size_3.0.csv.tif,22981.53735231297,6408.70101866322,2298.921994366933
labels_mask_case_id_TCGA-CC-A3MA_2_3_cell_expansion_9_0_threshold_0_4_facet_size_3.0.csv.tif,24932.125817909546,18551.183438997086,12770.835812266288
labels_mask_case_id_TCGA-BC-A69I_0_0_cell_expansion_7_0_threshold_0_4_facet_size_3.0.csv.tif,24166.908826471088,12990.406560863918,7248.1821759771665
labels_mask_case_id_TCGA-CC-5261_1_1_cell_expansion_13_0_threshold_0_6_facet_size_3.0.csv.tif,23836.47607159491,11449.236031751692,6354.2458822680055
labels_mask_case_id_TCGA-YA-A8S7_4_2_cell_expansion_5_0_threshold_0_4_facet_size_3.0.csv.tif,23058.28125568307,7054.551176688078,3091.930417612624
labels_mask_case_id_TCGA-CC-A3MA_4_4_cell_expansion_9_0_threshold_0_5_facet_size_3.0.csv.tif,24578.74274885545,16002.96938769283,10166.20877335334
labels_mask_case_id_TCGA-CC-A8HT_0_2_cell_expansion_5_0_threshold_0_8_facet_size_3.0.csv.tif,22677.4305271171,5172.193835767247,1780.6651457558228
labels_mask_case_id_TCGA-BC-A69I_4_2_cell_expansion_11_0_threshold_0_6_facet_size_3.0.csv.tif,24218.94601464656,13012.11315204589,6841.685884822371
labels_mask_case_id_TCGA-CC-A8HT_1_1_cell_expansion_7_0_threshold_0_7_facet_size_3.0.csv.tif,24191.41764178067,13174.071337666182,7353.500789782466
labels_mask_case_id_TCGA-K7-AAU7_4_2_cell_expansion_3_0_threshold_0_7_facet_size_3.0.csv.tif,23475.527254803084,9574.805457613958,5363.842418636981
labels_mask_case_id_TCGA-G3-A5SK_1_4_cell_expansion_13_0_threshold_0_4_facet_size_3.0.csv.tif,24663.603224288287,16273.756051846429,10072.292627220117
labels_mask_case_id_TCGA-DD-AAED_2_2_cell_expansion_7_0_threshold_0_5_facet_size_3.0.csv.tif,24262.714293622517,13693.465328048886,7804.300129517786
labels_mask_case_id_TCGA-CC-5261_2_0_cell_expansion_15_0_threshold_0_7_facet_size_3.0.csv.tif,24630.971834614866,15775.566516661233,9294.15343651476
labels_mask_case_id_TCGA-CC-A3MA_3_2_cell_expansion_15_0_threshold_0_8_facet_size_3.0.csv.tif,23203.83265567772,7500.907720785908,2993.194021689295
labels_mask_case_id_TCGA-DD-AAED_2_3_cell_expansion_15_0_threshold_0_6_facet_size_3.0.csv.tif,24528.77365611057,15050.543205678625,8736.332308266023
labels_mask_case_id_TCGA-G3-A7M6_4_0_cell_expansion_11_0_threshold_0_6_facet_size_3.0.csv.tif,24647.27487389352,16805.06453684235,11525.83197350047
labels_mask_case_id_TCGA-YA-A8S7_3_0_cell_expansion_11_0_threshold_0_5_facet_size_3.0.csv.tif,24773.0585261744,17255.551224781062,11368.821806607508
labels_mask_case_id_TCGA-G3-A5SK_3_2_cell_expansion_11_0_threshold_0_7_facet_size_3.0.csv.tif,24570.52019074542,15561.41687095553,9417.651890830315
labels_mask_case_id_TCGA-YA-A8S7_0_0_cell_expansion_13_0_threshold_0_8_facet_size_3.0.csv.tif,22944.418446976524,6370.579128073945,2387.0106846537624
labels_mask_case_id_TCGA-G3-A5SK_0_3_cell_expansion_1_0_threshold_0_7_facet_size_3.0.csv.tif,23319.554149480304,8606.795116722411,5075.699860486972
labels_mask_case_id_TCGA-CC-5261_2_3_cell_expansion_13_0_threshold_0_5_facet_size_3.0.csv.tif,24789.830916857507,17060.73499634832,10611.748162618933
labels_mask_case_id_TCGA-G3-A5SK_2_4_cell_expansion_7_0_threshold_0_7_facet_size_3.0.csv.tif,24524.1133308407,15076.823202273305,8721.015060376658
labels_mask_case_id_TCGA-CC-A8HT_3_3_cell_expansion_15_0_threshold_0_4_facet_size_3.0.csv.tif,24665.246372315774,16496.94529309841,10772.270171150674
labels_mask_case_id_TCGA-G3-A5SK_4_3_cell_expansion_7_0_threshold_0_6_facet_size_3.0.csv.tif,24400.626286670584,14286.512460439184,8182.8569388439955
labels_mask_case_id_TCGA-G3-A5SK_3_1_cell_expansion_1_0_threshold_0_4_facet_size_3.0.csv.tif,23132.22944064029,7573.418224563565,4060.378052201501
labels_mask_case_id_TCGA-G3-A5SK_2_3_cell_expansion_3_0_threshold_0_7_facet_size_3.0.csv.tif,23578.22857119817,9961.450066227488,5616.882205081434
labels_mask_case_id_TCGA-G3-A5SK_3_0_cell_expansion_1_0_threshold_0_8_facet_size_3.0.csv.tif,22733.136638475185,5508.346933113035,2379.012888331395
labels_mask_case_id_TCGA-CC-A8HT_0_0_cell_expansion_9_0_threshold_0_5_facet_size_3.0.csv.tif,24853.02550528307,17797.494459094054,11848.66536972923
labels_mask_case_id_TCGA-CC-A1HT_0_0_cell_expansion_5_0_threshold_0_7_facet_size_3.0.csv.tif,22956.47585993477,6483.327358742757,2634.1237956274035
labels_mask_case_id_TCGA-G3-A5SK_4_4_cell_expansion_1_0_threshold_0_7_facet_size_3.0.csv.tif,22921.039564381244,6495.581245628222,3205.0826533754075
labels_mask_case_id_TCGA-G3-A5SK_0_0_cell_expansion_11_0_threshold_0_4_facet_size_3.0.csv.tif,24626.13017651376,16367.73330166959,10720.248539784345
labels_mask_case_id_TCGA-CC-A8HT_0_2_cell_expansion_13_0_threshold_0_5_facet_size_3.0.csv.tif,24491.108707188745,14933.374326498732,8799.62842504053
labels_mask_case_id_TCGA-YA-A8S7_2_0_cell_expansion_15_0_threshold_0_7_facet_size_3.0.csv.tif,24470.54761020215,14839.51668606226,8693.640695829721
labels_mask_case_id_TCGA-CC-A3MA_4_1_cell_expansion_1_0_threshold_0_8_facet_size_3.0.csv.tif,22888.85652452842,6285.425129823425,2817.32755539541
labels_mask_case_id_TCGA-DD-AAED_2_4_cell_expansion_11_0_threshold_0_4_facet_size_3.0.csv.tif,24763.168466092346,16818.43707253258,10290.360090765063
labels_mask_case_id_TCGA-K7-AAU7_3_4_cell_expansion_9_0_threshold_0_6_facet_size_3.0.csv.tif,24031.72783879579,12041.62686915225,6381.662403518128
labels_mask_case_id_TCGA-CC-A3MA_0_1_cell_expansion_15_0_threshold_0_5_facet_size_3.0.csv.tif,23390.14883882249,8899.407956365263,4318.67793233291
labels_mask_case_id_TCGA-CC-5261_3_4_cell_expansion_5_0_threshold_0_8_facet_size_3.0.csv.tif,23473.273195108573,9009.287621943868,4057.1983720845647
labels_mask_case_id_TCGA-CC-A1HT_2_1_cell_expansion_1_0_threshold_0_8_facet_size_3.0.csv.tif,22588.54126886707,4696.093142893671,1508.3456522379845
labels_mask_case_id_TCGA-YA-A8S7_0_1_cell_expansion_9_0_threshold_0_7_facet_size_3.0.csv.tif,24350.803136359944,14110.380564264637,8085.150094919094
labels_mask_case_id_TCGA-YA-A8S7_2_4_cell_expansion_15_0_threshold_0_6_facet_size_3.0.csv.tif,22379.53262333526,3769.691765016888,851.282079073336
labels_mask_case_id_TCGA-CC-5261_1_3_cell_expansion_3_0_threshold_0_8_facet_size_3.0.csv.tif,23228.68880527493,7914.148160802461,3730.332665050495
labels_mask_case_id_TCGA-CC-5261_1_2_cell_expansion_3_0_threshold_0_4_facet_size_3.0.csv.tif,24175.52837017072,13579.570544435,8556.58146906401
labels_mask_case_id_TCGA-K7-AAU7_3_4_cell_expansion_11_0_threshold_0_8_facet_size_3.0.csv.tif,22958.94731686745,6333.1892713683765,2220.62477559009
labels_mask_case_id_TCGA-G3-A7M6_1_0_cell_expansion_9_0_threshold_0_7_facet_size_3.0.csv.tif,24324.75933147717,13894.638535110462,7898.472997071929
labels_mask_case_id_TCGA-CC-A3MA_2_3_cell_expansion_13_0_threshold_0_5_facet_size_3.0.csv.tif,24878.65671264601,17988.79042847766,11975.985506515144
labels_mask_case_id_TCGA-CC-5261_0_0_cell_expansion_3_0_threshold_0_6_facet_size_3.0.csv.tif,24212.9204818313,13824.978622456456,8689.213368129287
labels_mask_case_id_TCGA-G3-A5SK_4_3_cell_expansion_1_0_threshold_0_5_facet_size_3.0.csv.tif,23153.54664989404,7748.531165739236,4308.791831121101
labels_mask_case_id_TCGA-CC-A8HT_1_2_cell_expansion_5_0_threshold_0_8_facet_size_3.0.csv.tif,22717.05425643912,5409.89685308697,1986.3161920093908
labels_mask_case_id_TCGA-G3-A7M6_1_1_cell_expansion_3_0_threshold_0_7_facet_size_3.0.csv.tif,23543.32934491508,9750.469350045045,5442.415278001391
labels_mask_case_id_TCGA-CC-A1HT_1_3_cell_expansion_9_0_threshold_0_6_facet_size_3.0.csv.tif,24757.954960714647,16695.828418231322,10191.223216703293
labels_mask_case_id_TCGA-CC-A1HT_0_3_cell_expansion_13_0_threshold_0_8_facet_size_3.0.csv.tif,23382.01848256785,8537.961332660905,3654.4764027556794
labels_mask_case_id_TCGA-K7-AAU7_1_2_cell_expansion_7_0_threshold_0_7_facet_size_3.0.csv.tif,23174.6775509367,7562.417595456754,3310.349599367109
labels_mask_case_id_TCGA-YA-A8S7_4_0_cell_expansion_7_0_threshold_0_7_facet_size_3.0.csv.tif,24354.0764049008,14074.5923521411,8026.411322780785
labels_mask_case_id_TCGA-G3-A5SK_0_4_cell_expansion_9_0_threshold_0_8_facet_size_3.0.csv.tif,23598.190460005484,9419.29898750997,4150.065683379787
labels_mask_case_id_TCGA-CC-A8HT_3_3_cell_expansion_7_0_threshold_0_4_facet_size_3.0.csv.tif,24649.852805638715,16398.573086877008,10717.083922458882
labels_mask_case_id_TCGA-YA-A8S7_3_3_cell_expansion_3_0_threshold_0_8_facet_size_3.0.csv.tif,22337.757634403624,3557.343287327361,723.8477825280141
labels_mask_case_id_TCGA-YA-A8S7_4_0_cell_expansion_5_0_threshold_0_6_facet_size_3.0.csv.tif,24571.427790752103,15746.4819927829,9817.221017141655
labels_mask_case_id_TCGA-BC-A69I_1_0_cell_expansion_5_0_threshold_0_5_facet_size_3.0.csv.tif,24104.932629641044,12612.24318813546,6909.277536951083
labels_mask_case_id_TCGA-G3-A5SK_4_3_cell_expansion_9_0_threshold_0_8_facet_size_3.0.csv.tif,23730.413873917823,10253.916369256538,4931.147733948826
labels_mask_case_id_TCGA-G3-A7M6_0_4_cell_expansion_7_0_threshold_0_5_facet_size_3.0.csv.tif,24675.237527448837,16288.523115375465,10036.691528302896
labels_mask_case_id_TCGA-CC-A8HT_3_3_cell_expansion_5_0_threshold_0_5_facet_size_3.0.csv.tif,24519.10633493075,15573.959652587966,10039.797777800686
labels_mask_case_id_TCGA-BC-A69I_1_2_cell_expansion_11_0_threshold_0_8_facet_size_3.0.csv.tif,23742.87753936932,10289.431897440554,4785.466573091361
labels_mask_case_id_TCGA-G3-A7M6_1_1_cell_expansion_15_0_threshold_0_4_facet_size_3.0.csv.tif,24635.867933109286,16058.3643337148,10042.272622660796
labels_mask_case_id_TCGA-CC-A8HT_1_3_cell_expansion_1_0_threshold_0_6_facet_size_3.0.csv.tif,23267.794553313382,8388.71318090789,4762.522983694123
labels_mask_case_id_TCGA-CC-A1HT_3_3_cell_expansion_15_0_threshold_0_7_facet_size_3.0.csv.tif,24692.08305938227,16127.278146678223,9427.186382940885
labels_mask_case_id_TCGA-BC-A69I_4_2_cell_expansion_7_0_threshold_0_4_facet_size_3.0.csv.tif,24341.024312982707,13910.249892065678,7693.618840440816
labels_mask_case_id_TCGA-CC-A1HT_0_2_cell_expansion_11_0_threshold_0_7_facet_size_3.0.csv.tif,23277.331097084272,8102.375040799807,3622.84913780933
labels_mask_case_id_TCGA-DD-AAED_4_0_cell_expansion_7_0_threshold_0_4_facet_size_3.0.csv.tif,24703.625932943414,16656.875214873085,10549.373151052632
labels_mask_case_id_TCGA-G3-A5SK_0_2_cell_expansion_9_0_threshold_0_6_facet_size_3.0.csv.tif,24452.920873943185,14740.75751863724,8576.147329893503
labels_mask_case_id_TCGA-CC-A1HT_1_1_cell_expansion_11_0_threshold_0_6_facet_size_3.0.csv.tif,24137.488960854032,12827.456638172374,7201.431524405392
labels_mask_case_id_TCGA-G3-A7M6_3_1_cell_expansion_5_0_threshold_0_5_facet_size_3.0.csv.tif,24729.68486014566,17201.25262289394,11811.50660470373
labels_mask_case_id_TCGA-K7-AAU7_3_2_cell_expansion_1_0_threshold_0_5_facet_size_3.0.csv.tif,23174.548503181235,7871.766829657635,4441.310639280988
labels_mask_case_id_TCGA-CC-A8HT_1_4_cell_expansion_5_0_threshold_0_6_facet_size_3.0.csv.tif,24495.98043470089,14973.605671132736,8821.026400866498
labels_mask_case_id_TCGA-BC-A69I_3_1_cell_expansion_13_0_threshold_0_4_facet_size_3.0.csv.tif,24421.24071020452,14436.180407025684,8218.65128602184
labels_mask_case_id_TCGA-G3-A5SK_4_1_cell_expansion_11_0_threshold_0_4_facet_size_3.0.csv.tif,24477.435910160595,14781.678333929653,8557.56554735942
labels_mask_case_id_TCGA-G3-A7M6_4_3_cell_expansion_3_0_threshold_0_7_facet_size_3.0.csv.tif,23561.90812772385,9777.007702951383,5217.31497057062
labels_mask_case_id_TCGA-CC-A3MA_4_4_cell_expansion_15_0_threshold_0_4_facet_size_3.0.csv.tif,24650.089579328567,16476.07159568751,10626.624338565482
labels_mask_case_id_TCGA-CC-A1HT_3_4_cell_expansion_9_0_threshold_0_5_facet_size_3.0.csv.tif,24895.01560412385,18178.021695181957,12267.420792284443
labels_mask_case_id_TCGA-YA-A8S7_4_0_cell_expansion_1_0_threshold_0_4_facet_size_3.0.csv.tif,23858.988388919905,11574.687175187542,7331.847442095119
labels_mask_case_id_TCGA-CC-5261_4_1_cell_expansion_9_0_threshold_0_4_facet_size_3.0.csv.tif,24863.34024122841,17947.367075343245,12084.638722412474
labels_mask_case_id_TCGA-G3-A7M6_1_1_cell_expansion_5_0_threshold_0_4_facet_size_3.0.csv.tif,24472.926002641565,15048.185397902596,9285.826858031778
labels_mask_case_id_TCGA-YA-A8S7_2_0_cell_expansion_5_0_threshold_0_5_facet_size_3.0.csv.tif,24717.379681357903,16957.043270885326,11239.32408605478
labels_mask_case_id_TCGA-G3-A7M6_3_0_cell_expansion_7_0_threshold_0_8_facet_size_3.0.csv.tif,23875.871157074704,11006.106671560116,5346.757024748521
labels_mask_case_id_TCGA-CC-A1HT_2_4_cell_expansion_11_0_threshold_0_5_facet_size_3.0.csv.tif,24795.46379984564,16989.647456544517,10454.338159301997
labels_mask_case_id_TCGA-CC-A1HT_1_4_cell_expansion_13_0_threshold_0_8_facet_size_3.0.csv.tif,22715.99675883048,5213.740899334857,1593.6603102385966
labels_mask_case_id_TCGA-DD-AAED_0_0_cell_expansion_3_0_threshold_0_4_facet_size_3.0.csv.tif,24366.885793772984,14590.044142889992,9283.273713294791
labels_mask_case_id_TCGA-CC-A8HT_4_4_cell_expansion_11_0_threshold_0_4_facet_size_3.0.csv.tif,24529.679408287517,15491.6688784445,9676.239952857828
labels_mask_case_id_TCGA-G3-A5SK_1_4_cell_expansion_1_0_threshold_0_5_facet_size_3.0.csv.tif,23296.478447846483,8552.25642377678,4951.082563664006
labels_mask_case_id_TCGA-CC-5261_0_4_cell_expansion_7_0_threshold_0_8_facet_size_3.0.csv.tif,23183.45874254409,7782.49114006751,3492.0413582083847
labels_mask_case_id_TCGA-BC-A69I_1_0_cell_expansion_13_0_threshold_0_6_facet_size_3.0.csv.tif,24381.3693288688,14056.480410417202,7652.829343245761
labels_mask_case_id_TCGA-CC-5261_1_0_cell_expansion_3_0_threshold_0_6_facet_size_3.0.csv.tif,23924.04556351929,11945.93393354602,6977.189232988795
labels_mask_case_id_TCGA-YA-A8S7_4_4_cell_expansion_11_0_threshold_0_6_facet_size_3.0.csv.tif,22628.95508702635,4678.824705726611,1169.208281011273
labels_mask_case_id_TCGA-G3-A5SK_2_1_cell_expansion_7_0_threshold_0_7_facet_size_3.0.csv.tif,24559.638631647304,15450.84869754755,9155.991049146942
labels_mask_case_id_TCGA-BC-A69I_3_2_cell_expansion_15_0_threshold_0_6_facet_size_3.0.csv.tif,24053.056324739773,12069.083794906215,6214.09569305948
labels_mask_case_id_TCGA-CC-A1HT_3_0_cell_expansion_3_0_threshold_0_5_facet_size_3.0.csv.tif,24380.20490307853,14923.3842876571,10000.856477891692
labels_mask_case_id_TCGA-BC-A69I_3_4_cell_expansion_9_0_threshold_0_7_facet_size_3.0.csv.tif,24304.98612989368,13773.341322037886,7804.013580465721
labels_mask_case_id_TCGA-G3-A5SK_3_2_cell_expansion_5_0_threshold_0_8_facet_size_3.0.csv.tif,23433.815110299827,9071.024742423277,4535.085451587241
labels_mask_case_id_TCGA-CC-A3MA_0_2_cell_expansion_1_0_threshold_0_4_facet_size_3.0.csv.tif,24493.872192017683,15711.209085272509,10955.382948443914
labels_mask_case_id_TCGA-G3-A5SK_3_3_cell_expansion_3_0_threshold_0_7_facet_size_3.0.csv.tif,23652.393608679504,10220.534542697014,5657.74773369055
labels_mask_case_id_TCGA-G3-A7M6_3_0_cell_expansion_11_0_threshold_0_4_facet_size_3.0.csv.tif,24672.060026517374,16215.805382502887,9833.18241134448
labels_mask_case_id_TCGA-CC-A3MA_3_1_cell_expansion_7_0_threshold_0_8_facet_size_3.0.csv.tif,22672.20416594828,5094.734241217998,1551.7463861785727
labels_mask_case_id_TCGA-DD-AAED_2_3_cell_expansion_9_0_threshold_0_7_facet_size_3.0.csv.tif,24423.471563659463,14262.422124162767,7904.788015625794
labels_mask_case_id_TCGA-CC-A1HT_4_2_cell_expansion_1_0_threshold_0_5_facet_size_3.0.csv.tif,23699.238894953985,10552.792783234278,6257.119700349835
labels_mask_case_id_TCGA-CC-A3MA_4_3_cell_expansion_11_0_threshold_0_6_facet_size_3.0.csv.tif,24767.77495413749,16843.70841400019,10390.59257655658
labels_mask_case_id_TCGA-CC-5261_3_1_cell_expansion_5_0_threshold_0_8_facet_size_3.0.csv.tif,23657.98064188315,9946.872087630658,4839.8094295869005
labels_mask_case_id_TCGA-BC-A69I_1_4_cell_expansion_13_0_threshold_0_7_facet_size_3.0.csv.tif,24084.926068570134,12512.291681265971,6775.32355760654
labels_mask_case_id_TCGA-CC-5261_4_4_cell_expansion_3_0_threshold_0_4_facet_size_3.0.csv.tif,24615.383514698427,16337.966613422315,10947.29056580883
labels_mask_case_id_TCGA-K7-AAU7_4_3_cell_expansion_11_0_threshold_0_6_facet_size_3.0.csv.tif,24424.532167985133,14868.697028710114,9318.538938561487
labels_mask_case_id_TCGA-CC-A8HT_4_3_cell_expansion_9_0_threshold_0_5_facet_size_3.0.csv.tif,24407.074749073472,14453.71087070232,8517.631419895173
labels_mask_case_id_TCGA-CC-A3MA_4_3_cell_expansion_7_0_threshold_0_5_facet_size_3.0.csv.tif,24795.51618052441,17188.838563062218,10900.650599489782
labels_mask_case_id_TCGA-CC-A8HT_2_4_cell_expansion_9_0_threshold_0_4_facet_size_3.0.csv.tif,24661.16418830953,16432.700552692244,10715.576796520249
labels_mask_case_id_TCGA-CC-5261_4_2_cell_expansion_15_0_threshold_0_6_facet_size_3.0.csv.tif,24812.277407457423,17491.264591222323,11468.57272771476
labels_mask_case_id_TCGA-CC-A8HT_0_4_cell_expansion_9_0_threshold_0_5_facet_size_3.0.csv.tif,24696.23108041354,16596.109916470064,10628.08331777226
labels_mask_case_id_TCGA-G3-A7M6_2_1_cell_expansion_9_0_threshold_0_6_facet_size_3.0.csv.tif,24697.103688984025,16500.75234750253,10338.629743847425
labels_mask_case_id_TCGA-G3-A5SK_3_2_cell_expansion_7_0_threshold_0_5_facet_size_3.0.csv.tif,24750.15249383902,17024.356991638288,11088.283554609405
labels_mask_case_id_TCGA-CC-A1HT_1_0_cell_expansion_3_0_threshold_0_8_facet_size_3.0.csv.tif,22451.191614976047,4074.112460084195,1091.707577398994
labels_mask_case_id_TCGA-BC-A69I_1_1_cell_expansion_15_0_threshold_0_7_facet_size_3.0.csv.tif,24179.377422087276,12869.183075562903,6930.283216579664
labels_mask_case_id_TCGA-CC-5261_0_4_cell_expansion_7_0_threshold_0_4_facet_size_3.0.csv.tif,24759.72015852191,17216.057490643107,11484.09833345796
labels_mask_case_id_TCGA-G3-A5SK_4_3_cell_expansion_15_0_threshold_0_5_facet_size_3.0.csv.tif,24426.65797107874,14456.333208879696,8327.379521990897
labels_mask_case_id_TCGA-CC-5261_1_0_cell_expansion_7_0_threshold_0_8_facet_size_3.0.csv.tif,23401.20695220244,8633.845136773796,3840.4623195835534
labels_mask_case_id_TCGA-K7-AAU7_0_2_cell_expansion_9_0_threshold_0_5_facet_size_3.0.csv.tif,23171.861738035997,7668.596988604791,3548.687901642205
labels_mask_case_id_TCGA-CC-A1HT_3_1_cell_expansion_11_0_threshold_0_6_facet_size_3.0.csv.tif,23709.672419487342,10605.171256650752,5749.40125988916
labels_mask_case_id_TCGA-BC-A69I_3_2_cell_expansion_9_0_threshold_0_5_facet_size_3.0.csv.tif,24258.811617448704,13389.48251262296,7309.997748749819
labels_mask_case_id_TCGA-CC-A1HT_0_2_cell_expansion_7_0_threshold_0_8_facet_size_3.0.csv.tif,22365.84749740904,3698.573501780272,794.5787359103656
labels_mask_case_id_TCGA-G3-A5SK_3_2_cell_expansion_3_0_threshold_0_7_facet_size_3.0.csv.tif,23948.590671421138,12070.289817283185,7306.824556276893
labels_mask_case_id_TCGA-CC-A8HT_4_0_cell_expansion_13_0_threshold_0_8_facet_size_3.0.csv.tif,23138.09131152117,7291.794210679978,2920.0545678566564
labels_mask_case_id_TCGA-BC-A69I_3_3_cell_expansion_15_0_threshold_0_4_facet_size_3.0.csv.tif,24666.604976155053,15906.235940115992,9266.540920016403
labels_mask_case_id_TCGA-CC-A3MA_3_0_cell_expansion_7_0_threshold_0_8_facet_size_3.0.csv.tif,22295.564725834272,3345.912720479547,555.5313772235761
labels_mask_case_id_TCGA-CC-A1HT_3_1_cell_expansion_13_0_threshold_0_7_facet_size_3.0.csv.tif,23175.190001531904,7648.115286202982,3499.585689982079
labels_mask_case_id_TCGA-DD-AAED_2_2_cell_expansion_9_0_threshold_0_7_facet_size_3.0.csv.tif,24159.148143767605,13064.584374730028,7262.11778106482
labels_mask_case_id_TCGA-CC-A3MA_4_4_cell_expansion_5_0_threshold_0_6_facet_size_3.0.csv.tif,24261.21951147786,14140.26637316892,8771.431990272697
labels_mask_case_id_TCGA-K7-AAU7_0_1_cell_expansion_7_0_threshold_0_5_facet_size_3.0.csv.tif,23315.787078943013,8446.16901240438,4190.597369938208
labels_mask_case_id_TCGA-CC-5261_4_4_cell_expansion_15_0_threshold_0_8_facet_size_3.0.csv.tif,24352.39870627296,13818.023705090842,7493.544284331178
labels_mask_case_id_TCGA-YA-A8S7_3_4_cell_expansion_7_0_threshold_0_4_facet_size_3.0.csv.tif,22357.0828878928,3600.656571802468,691.0978756546463
labels_mask_case_id_TCGA-YA-A8S7_1_3_cell_expansion_1_0_threshold_0_4_facet_size_3.0.csv.tif,23585.952110269824,10032.47397758728,5976.570635325478
labels_mask_case_id_TCGA-K7-AAU7_4_0_cell_expansion_11_0_threshold_0_7_facet_size_3.0.csv.tif,23546.556804391963,9529.737694635602,4653.45689906659
labels_mask_case_id_TCGA-CC-A1HT_0_3_cell_expansion_13_0_threshold_0_4_facet_size_3.0.csv.tif,24735.70605044463,16783.329400936298,10703.05355423309
labels_mask_case_id_TCGA-G3-A7M6_1_4_cell_expansion_11_0_threshold_0_5_facet_size_3.0.csv.tif,24085.334755438933,12908.631770098282,7655.4034401373
labels_mask_case_id_TCGA-K7-AAU7_3_4_cell_expansion_1_0_threshold_0_7_facet_size_3.0.csv.tif,22801.740895660783,5843.905059393934,2516.311592562176
labels_mask_case_id_TCGA-BC-A69I_4_3_cell_expansion_3_0_threshold_0_6_facet_size_3.0.csv.tif,23395.54223676745,8820.836558079545,4425.4623251238345
labels_mask_case_id_TCGA-CC-A8HT_0_0_cell_expansion_7_0_threshold_0_7_facet_size_3.0.csv.tif,24459.41111629276,14962.268345284014,9030.97361606162
labels_mask_case_id_TCGA-YA-A8S7_4_1_cell_expansion_7_0_threshold_0_7_facet_size_3.0.csv.tif,24412.72959462907,14369.063703591924,8177.108106653121
labels_mask_case_id_TCGA-K7-AAU7_2_0_cell_expansion_7_0_threshold_0_8_facet_size_3.0.csv.tif,22295.564725834272,3345.912720479547,555.5313772235761
labels_mask_case_id_TCGA-G3-A7M6_3_2_cell_expansion_13_0_threshold_0_6_facet_size_3.0.csv.tif,24539.56717844132,15357.409339500016,9118.508546763074
labels_mask_case_id_TCGA-G3-A5SK_4_0_cell_expansion_13_0_threshold_0_7_facet_size_3.0.csv.tif,24133.160472677213,12402.718225917844,6330.942254680333
labels_mask_case_id_TCGA-BC-A69I_4_4_cell_expansion_7_0_threshold_0_6_facet_size_3.0.csv.tif,24488.96014274158,14932.290547357265,8648.824819660429
labels_mask_case_id_TCGA-YA-A8S7_4_2_cell_expansion_13_0_threshold_0_5_facet_size_3.0.csv.tif,23139.66748131721,7336.884953771532,3104.581992603509
labels_mask_case_id_TCGA-YA-A8S7_1_3_cell_expansion_3_0_threshold_0_5_facet_size_3.0.csv.tif,24200.14078527252,13507.74681652268,8301.606042929167
labels_mask_case_id_TCGA-G3-A5SK_1_0_cell_expansion_9_0_threshold_0_8_facet_size_3.0.csv.tif,23601.43666464749,9811.239991885845,4774.117784636292
labels_mask_case_id_TCGA-DD-AAED_0_0_cell_expansion_3_0_threshold_0_8_facet_size_3.0.csv.tif,23504.91412923354,9441.937391146115,4866.755074881724
labels_mask_case_id_TCGA-DD-AAED_3_3_cell_expansion_1_0_threshold_0_6_facet_size_3.0.csv.tif,23771.68720309784,11096.998137256223,6912.568203832086
labels_mask_case_id_TCGA-G3-A7M6_1_0_cell_expansion_13_0_threshold_0_5_facet_size_3.0.csv.tif,24627.887014154527,16143.117067352425,10181.220683631856
labels_mask_case_id_TCGA-K7-AAU7_3_4_cell_expansion_5_0_threshold_0_5_facet_size_3.0.csv.tif,24059.069105676303,12497.237616135022,7141.0138726332325
labels_mask_case_id_TCGA-K7-AAU7_4_1_cell_expansion_7_0_threshold_0_7_facet_size_3.0.csv.tif,24001.91830800025,11879.545914014489,6318.202762755456
labels_mask_case_id_TCGA-YA-A8S7_0_1_cell_expansion_5_0_threshold_0_4_facet_size_3.0.csv.tif,24624.45179965199,16269.727042870953,10455.58966432452
labels_mask_case_id_TCGA-YA-A8S7_0_0_cell_expansion_5_0_threshold_0_8_facet_size_3.0.csv.tif,22721.8204280668,5321.225803917479,1812.213170899907
labels_mask_case_id_TCGA-G3-A5SK_4_1_cell_expansion_11_0_threshold_0_8_facet_size_3.0.csv.tif,23636.715595668145,9772.765668760974,4569.382474995109
labels_mask_case_id_TCGA-G3-A7M6_0_3_cell_expansion_13_0_threshold_0_4_facet_size_3.0.csv.tif,24609.49600184577,15673.259464954412,9274.223926040377
labels_mask_case_id_TCGA-K7-AAU7_2_3_cell_expansion_11_0_threshold_0_6_facet_size_3.0.csv.tif,23871.37599339301,11577.707498131873,6597.614026589683
labels_mask_case_id_TCGA-CC-5261_3_1_cell_expansion_15_0_threshold_0_7_facet_size_3.0.csv.tif,24561.67305690136,15433.523171629917,9117.808451263743
labels_mask_case_id_TCGA-DD-AAED_3_2_cell_expansion_15_0_threshold_0_6_facet_size_3.0.csv.tif,24793.263447483856,17004.747765015785,10473.61694536666
labels_mask_case_id_TCGA-DD-AAED_0_3_cell_expansion_11_0_threshold_0_6_facet_size_3.0.csv.tif,24642.589468718783,15939.968098156904,9584.897890787011
labels_mask_case_id_TCGA-G3-A5SK_2_2_cell_expansion_3_0_threshold_0_5_facet_size_3.0.csv.tif,24115.56428000498,13075.65543745087,8117.571073914598
labels_mask_case_id_TCGA-YA-A8S7_3_4_cell_expansion_9_0_threshold_0_8_facet_size_3.0.csv.tif,22295.564725834272,3345.912720479547,555.5313772235761
labels_mask_case_id_TCGA-K7-AAU7_0_0_cell_expansion_9_0_threshold_0_5_facet_size_3.0.csv.tif,23322.2733208792,8303.559474790614,3885.3336327823295
labels_mask_case_id_TCGA-G3-A5SK_4_4_cell_expansion_3_0_threshold_0_8_facet_size_3.0.csv.tif,22890.482447738603,6355.5390906775065,2812.369271783483
labels_mask_case_id_TCGA-G3-A5SK_0_2_cell_expansion_1_0_threshold_0_5_facet_size_3.0.csv.tif,23105.75852577993,7470.955544172715,4056.1507306191234
labels_mask_case_id_TCGA-CC-A1HT_0_1_cell_expansion_7_0_threshold_0_4_facet_size_3.0.csv.tif,24914.758819980914,18565.45343637432,13125.264944399629
labels_mask_case_id_TCGA-CC-A1HT_2_1_cell_expansion_7_0_threshold_0_5_facet_size_3.0.csv.tif,24568.62041544471,15495.125507906192,9209.117538136936
labels_mask_case_id_TCGA-K7-AAU7_2_3_cell_expansion_13_0_threshold_0_7_facet_size_3.0.csv.tif,23249.94647229905,7811.8851550850595,3379.036503071191
labels_mask_case_id_TCGA-YA-A8S7_1_4_cell_expansion_11_0_threshold_0_6_facet_size_3.0.csv.tif,22430.50122356052,3938.0238721903743,936.294053306475
labels_mask_case_id_TCGA-YA-A8S7_3_3_cell_expansion_15_0_threshold_0_8_facet_size_3.0.csv.tif,22385.587138663257,3758.623143191917,823.4423350519799
labels_mask_case_id_TCGA-CC-A1HT_0_1_cell_expansion_5_0_threshold_0_5_facet_size_3.0.csv.tif,24838.793561536804,17906.544982328363,12327.974838383598
labels_mask_case_id_TCGA-DD-AAED_1_0_cell_expansion_13_0_threshold_0_6_facet_size_3.0.csv.tif,24261.104993020104,13420.035756912786,7395.483613562777
labels_mask_case_id_TCGA-CC-A8HT_0_1_cell_expansion_9_0_threshold_0_7_facet_size_3.0.csv.tif,24284.659697405517,13568.141491413426,7471.8631650927155
labels_mask_case_id_TCGA-G3-A5SK_0_3_cell_expansion_3_0_threshold_0_8_facet_size_3.0.csv.tif,23025.95776508004,6998.420407589705,3273.6535150946443
labels_mask_case_id_TCGA-G3-A5SK_4_2_cell_expansion_3_0_threshold_0_6_facet_size_3.0.csv.tif,23629.10925229582,10230.465116035431,5729.099679030889
labels_mask_case_id_TCGA-YA-A8S7_1_0_cell_expansion_11_0_threshold_0_7_facet_size_3.0.csv.tif,23958.112467061896,11587.262966751843,5947.27862821748
labels_mask_case_id_TCGA-CC-A1HT_2_1_cell_expansion_1_0_threshold_0_6_facet_size_3.0.csv.tif,23497.046246855643,9504.054587543244,5304.349664993482
labels_mask_case_id_TCGA-G3-A7M6_3_1_cell_expansion_9_0_threshold_0_4_facet_size_3.0.csv.tif,24801.691932897207,17712.702123817024,12287.811811785565
labels_mask_case_id_TCGA-BC-A69I_0_4_cell_expansion_9_0_threshold_0_8_facet_size_3.0.csv.tif,23613.00553566157,9628.72561312019,4399.583055992396
labels_mask_case_id_TCGA-BC-A69I_4_4_cell_expansion_11_0_threshold_0_6_facet_size_3.0.csv.tif,24561.427641247843,15342.250689801487,8946.697197512814
labels_mask_case_id_TCGA-K7-AAU7_3_4_cell_expansion_9_0_threshold_0_8_facet_size_3.0.csv.tif,22944.51098442796,6259.906583746755,2182.2939790942187
labels_mask_case_id_TCGA-CC-A3MA_0_0_cell_expansion_13_0_threshold_0_6_facet_size_3.0.csv.tif,23841.9130849176,11246.097307443775,5825.987007638868
labels_mask_case_id_TCGA-G3-A5SK_0_1_cell_expansion_11_0_threshold_0_4_facet_size_3.0.csv.tif,24651.393447760507,16244.665179906542,10251.011345650728
labels_mask_case_id_TCGA-CC-A8HT_0_3_cell_expansion_13_0_threshold_0_5_facet_size_3.0.csv.tif,24559.45827652404,15471.6990464951,9333.22161558492
labels_mask_case_id_TCGA-CC-A1HT_1_4_cell_expansion_7_0_threshold_0_4_facet_size_3.0.csv.tif,24316.957350306,14298.792435661817,8769.882070018775
labels_mask_case_id_TCGA-G3-A5SK_1_0_cell_expansion_5_0_threshold_0_5_facet_size_3.0.csv.tif,24445.62691169778,14973.406213593376,9174.461681802311
labels_mask_case_id_TCGA-CC-A3MA_3_4_cell_expansion_15_0_threshold_0_8_facet_size_3.0.csv.tif,24015.90505919345,11932.788178468758,6077.775394707403
labels_mask_case_id_TCGA-CC-A3MA_3_3_cell_expansion_15_0_threshold_0_8_facet_size_3.0.csv.tif,24083.178006385428,12062.982543208123,5878.307510354183
labels_mask_case_id_TCGA-CC-A8HT_0_4_cell_expansion_11_0_threshold_0_4_facet_size_3.0.csv.tif,24746.232383265757,17008.46543933021,11139.970813925738
labels_mask_case_id_TCGA-CC-A3MA_0_2_cell_expansion_11_0_threshold_0_8_facet_size_3.0.csv.tif,23873.211618735608,11254.599097380851,5666.770381033295
labels_mask_case_id_TCGA-DD-AAED_2_2_cell_expansion_15_0_threshold_0_6_facet_size_3.0.csv.tif,24280.537227623237,13768.66278923292,7836.4405323302035
labels_mask_case_id_TCGA-G3-A7M6_1_2_cell_expansion_5_0_threshold_0_4_facet_size_3.0.csv.tif,24901.4491843867,18877.7927103901,14281.717090110056
labels_mask_case_id_TCGA-YA-A8S7_0_1_cell_expansion_13_0_threshold_0_8_facet_size_3.0.csv.tif,23515.218522413903,9247.282949972778,4327.353259418869
labels_mask_case_id_TCGA-G3-A7M6_3_2_cell_expansion_7_0_threshold_0_4_facet_size_3.0.csv.tif,24610.06082994628,15839.966195017803,9601.511220427095
labels_mask_case_id_TCGA-YA-A8S7_2_2_cell_expansion_11_0_threshold_0_4_facet_size_3.0.csv.tif,24664.9294179118,16015.50016333967,9525.367269704611
labels_mask_case_id_TCGA-G3-A7M6_4_0_cell_expansion_1_0_threshold_0_6_facet_size_3.0.csv.tif,23584.08110284356,10241.555308310231,6682.068473320975
labels_mask_case_id_TCGA-CC-5261_3_2_cell_expansion_15_0_threshold_0_6_facet_size_3.0.csv.tif,24656.96430476137,16074.20040546088,9658.48834235451
labels_mask_case_id_TCGA-BC-A69I_0_1_cell_expansion_3_0_threshold_0_4_facet_size_3.0.csv.tif,23814.71994290232,11224.044883960678,6419.511812241337
labels_mask_case_id_TCGA-DD-AAED_3_1_cell_expansion_15_0_threshold_0_7_facet_size_3.0.csv.tif,24550.798120138177,15386.7463897115,9045.825064055482
labels_mask_case_id_TCGA-K7-AAU7_4_4_cell_expansion_3_0_threshold_0_7_facet_size_3.0.csv.tif,23029.829400121933,6916.384328796948,2998.8697087996925
labels_mask_case_id_TCGA-DD-AAED_1_3_cell_expansion_13_0_threshold_0_7_facet_size_3.0.csv.tif,24621.77479228339,15705.584906298893,9231.959804879629
labels_mask_case_id_TCGA-CC-A8HT_3_4_cell_expansion_11_0_threshold_0_8_facet_size_3.0.csv.tif,22764.199704108112,5639.3177315221365,2000.8106056095423
labels_mask_case_id_TCGA-CC-A8HT_0_2_cell_expansion_3_0_threshold_0_5_facet_size_3.0.csv.tif,23817.88075261192,11293.95565976367,6663.729796796903
labels_mask_case_id_TCGA-YA-A8S7_3_1_cell_expansion_5_0_threshold_0_7_facet_size_3.0.csv.tif,23931.461777764325,11474.616194528267,6030.566252017741
labels_mask_case_id_TCGA-BC-A69I_4_1_cell_expansion_7_0_threshold_0_4_facet_size_3.0.csv.tif,23981.054403890645,11640.201117047918,5975.148063545426
labels_mask_case_id_TCGA-CC-A8HT_0_0_cell_expansion_15_0_threshold_0_7_facet_size_3.0.csv.tif,24510.18649494397,15225.12814975244,9172.679956226437
labels_mask_case_id_TCGA-DD-AAED_4_3_cell_expansion_7_0_threshold_0_4_facet_size_3.0.csv.tif,24630.24054998125,16045.866443333136,9912.589080099291
labels_mask_case_id_TCGA-CC-A8HT_3_1_cell_expansion_11_0_threshold_0_7_facet_size_3.0.csv.tif,23872.799169638965,11150.874247384876,5632.517989171046
labels_mask_case_id_TCGA-G3-A5SK_0_1_cell_expansion_9_0_threshold_0_6_facet_size_3.0.csv.tif,24453.63449251926,14899.743893382178,9012.814721581375
labels_mask_case_id_TCGA-DD-AAED_2_4_cell_expansion_7_0_threshold_0_5_facet_size_3.0.csv.tif,24710.21116139441,16447.81068676656,9953.044226375578
labels_mask_case_id_TCGA-CC-A8HT_2_2_cell_expansion_1_0_threshold_0_5_facet_size_3.0.csv.tif,23701.905160500075,10825.80958427039,6904.65782806576
labels_mask_case_id_TCGA-YA-A8S7_0_2_cell_expansion_5_0_threshold_0_8_facet_size_3.0.csv.tif,23039.215848076987,6904.945781549661,2850.995760660895
labels_mask_case_id_TCGA-K7-AAU7_2_3_cell_expansion_3_0_threshold_0_6_facet_size_3.0.csv.tif,23416.58128557547,9178.410179702556,5172.6876398130935
labels_mask_case_id_TCGA-BC-A69I_4_1_cell_expansion_1_0_threshold_0_7_facet_size_3.0.csv.tif,22786.14872829313,5773.825391859082,2442.591771416586
labels_mask_case_id_TCGA-CC-A8HT_0_2_cell_expansion_5_0_threshold_0_6_facet_size_3.0.csv.tif,24197.62345946191,13194.672876545945,7527.58061235393
labels_mask_case_id_TCGA-BC-A69I_1_4_cell_expansion_1_0_threshold_0_5_facet_size_3.0.csv.tif,23175.93746075934,7832.705560890239,4197.289647507558
labels_mask_case_id_TCGA-G3-A5SK_0_2_cell_expansion_11_0_threshold_0_5_facet_size_3.0.csv.tif,24521.01557049893,15261.069569997046,9123.90474266522
labels_mask_case_id_TCGA-YA-A8S7_3_0_cell_expansion_3_0_threshold_0_8_facet_size_3.0.csv.tif,22658.809584072907,5184.655042458653,1863.7287511915952
labels_mask_case_id_TCGA-BC-A69I_4_2_cell_expansion_11_0_threshold_0_8_facet_size_3.0.csv.tif,23352.03735658242,8420.378245366903,3761.241783001613
labels_mask_case_id_TCGA-DD-AAED_1_3_cell_expansion_15_0_threshold_0_4_facet_size_3.0.csv.tif,24738.65270150263,16691.687147375895,10338.85249953407
labels_mask_case_id_TCGA-K7-AAU7_2_3_cell_expansion_5_0_threshold_0_5_facet_size_3.0.csv.tif,24063.04366666545,12887.05951575932,7985.881056208055
labels_mask_case_id_TCGA-DD-AAED_0_3_cell_expansion_7_0_threshold_0_6_facet_size_3.0.csv.tif,24583.079613567308,15599.966963165964,9368.655014406238
labels_mask_case_id_TCGA-G3-A7M6_4_0_cell_expansion_5_0_threshold_0_4_facet_size_3.0.csv.tif,24833.406544570487,18256.611245422628,13351.97291815018
labels_mask_case_id_TCGA-CC-A8HT_2_3_cell_expansion_11_0_threshold_0_8_facet_size_3.0.csv.tif,22906.085662844303,6096.727463677335,2073.2789346840377
labels_mask_case_id_TCGA-CC-A8HT_3_0_cell_expansion_5_0_threshold_0_5_facet_size_3.0.csv.tif,24510.718686213128,15368.801885091863,9548.633164276023
labels_mask_case_id_TCGA-K7-AAU7_4_2_cell_expansion_1_0_threshold_0_8_facet_size_3.0.csv.tif,22578.919943020832,4813.986868987712,1804.9797899153057
labels_mask_case_id_TCGA-CC-5261_3_2_cell_expansion_13_0_threshold_0_5_facet_size_3.0.csv.tif,24682.221365936337,16341.129099870865,10021.190479581392
labels_mask_case_id_TCGA-K7-AAU7_1_1_cell_expansion_13_0_threshold_0_4_facet_size_3.0.csv.tif,24516.1685714087,15727.375296447812,10629.048345670646
labels_mask_case_id_TCGA-K7-AAU7_3_1_cell_expansion_5_0_threshold_0_7_facet_size_3.0.csv.tif,22797.675625333643,5740.41233413651,2187.441969447047
labels_mask_case_id_TCGA-YA-A8S7_2_4_cell_expansion_7_0_threshold_0_6_facet_size_3.0.csv.tif,22379.53262333526,3769.691765016888,851.282079073336
labels_mask_case_id_TCGA-G3-A7M6_2_0_cell_expansion_3_0_threshold_0_4_facet_size_3.0.csv.tif,24348.237794351284,14687.274679021595,9812.52364636745
labels_mask_case_id_TCGA-CC-A8HT_3_0_cell_expansion_7_0_threshold_0_4_facet_size_3.0.csv.tif,24653.159945255586,16284.51207982512,10208.37201241391
labels_mask_case_id_TCGA-G3-A5SK_2_1_cell_expansion_11_0_threshold_0_8_facet_size_3.0.csv.tif,23909.029265929985,11471.907600038005,5795.881785101514
labels_mask_case_id_TCGA-G3-A5SK_1_0_cell_expansion_15_0_threshold_0_8_facet_size_3.0.csv.tif,23603.067916360746,9821.673836290462,4784.051036333436
labels_mask_case_id_TCGA-YA-A8S7_2_2_cell_expansion_7_0_threshold_0_4_facet_size_3.0.csv.tif,24571.95300747193,15437.352736123205,9068.62330216173
labels_mask_case_id_TCGA-G3-A7M6_0_1_cell_expansion_5_0_threshold_0_6_facet_size_3.0.csv.tif,24188.593123621635,13252.495321404313,7533.869709006673
labels_mask_case_id_TCGA-G3-A5SK_3_2_cell_expansion_15_0_threshold_0_7_facet_size_3.0.csv.tif,24570.52019074542,15561.41687095553,9417.651890830315
labels_mask_case_id_TCGA-K7-AAU7_2_1_cell_expansion_15_0_threshold_0_7_facet_size_3.0.csv.tif,22878.563247504502,6051.927431013504,2236.7802186715808
labels_mask_case_id_TCGA-DD-AAED_2_3_cell_expansion_1_0_threshold_0_8_facet_size_3.0.csv.tif,22973.695384859577,6698.964372017254,3186.182894255869
labels_mask_case_id_TCGA-K7-AAU7_1_0_cell_expansion_1_0_threshold_0_4_facet_size_3.0.csv.tif,22845.704970291103,6078.12576346839,2924.135402529889
labels_mask_case_id_TCGA-CC-A8HT_0_3_cell_expansion_1_0_threshold_0_4_facet_size_3.0.csv.tif,23504.199820017435,9575.090774971835,5656.970637960912
labels_mask_case_id_TCGA-CC-5261_4_2_cell_expansion_9_0_threshold_0_8_facet_size_3.0.csv.tif,24233.1309163431,13152.013615494006,7045.446574074764
labels_mask_case_id_TCGA-K7-AAU7_3_1_cell_expansion_3_0_threshold_0_8_facet_size_3.0.csv.tif,22295.564725834272,3345.912720479547,555.5313772235761
labels_mask_case_id_TCGA-CC-A8HT_4_3_cell_expansion_7_0_threshold_0_5_facet_size_3.0.csv.tif,24355.14577474064,14185.579384244153,8367.511487113858
labels_mask_case_id_TCGA-G3-A5SK_1_4_cell_expansion_15_0_threshold_0_5_facet_size_3.0.csv.tif,24616.90395929292,15924.85227998088,9710.299507099511
labels_mask_case_id_TCGA-CC-A8HT_0_4_cell_expansion_5_0_threshold_0_4_facet_size_3.0.csv.tif,24666.354659254142,16572.31223237227,10939.131361606216
labels_mask_case_id_TCGA-YA-A8S7_3_0_cell_expansion_11_0_threshold_0_7_facet_size_3.0.csv.tif,24361.93448187101,14312.102298050182,8515.550614318912
labels_mask_case_id_TCGA-BC-A69I_4_3_cell_expansion_15_0_threshold_0_8_facet_size_3.0.csv.tif,23011.156280406834,6775.642568635953,2622.7471310371743
labels_mask_case_id_TCGA-K7-AAU7_1_0_cell_expansion_7_0_threshold_0_7_facet_size_3.0.csv.tif,22435.760816802336,3969.989899625631,956.6284030134386
labels_mask_case_id_TCGA-G3-A7M6_4_1_cell_expansion_7_0_threshold_0_5_facet_size_3.0.csv.tif,24375.83834298033,14267.182237592398,8223.970684945596
labels_mask_case_id_TCGA-CC-5261_0_3_cell_expansion_9_0_threshold_0_6_facet_size_3.0.csv.tif,24636.51277493276,16000.356537900365,9779.443475428356
labels_mask_case_id_TCGA-DD-AAED_0_1_cell_expansion_11_0_threshold_0_5_facet_size_3.0.csv.tif,24666.812779497828,16177.800357904998,9868.478725633817
labels_mask_case_id_TCGA-G3-A7M6_1_4_cell_expansion_7_0_threshold_0_7_facet_size_3.0.csv.tif,23613.001859006767,10057.632741227728,5229.159277092122
labels_mask_case_id_TCGA-CC-A3MA_2_0_cell_expansion_13_0_threshold_0_6_facet_size_3.0.csv.tif,24724.44574918462,16460.84284627936,9934.843206692183
labels_mask_case_id_TCGA-CC-A8HT_0_4_cell_expansion_3_0_threshold_0_7_facet_size_3.0.csv.tif,23483.586371214755,9419.515756769386,4980.658929314644
labels_mask_case_id_TCGA-BC-A69I_3_4_cell_expansion_1_0_threshold_0_8_facet_size_3.0.csv.tif,22874.85608509757,6282.8946831192825,2987.4927398426235
labels_mask_case_id_TCGA-K7-AAU7_4_2_cell_expansion_3_0_threshold_0_5_facet_size_3.0.csv.tif,24225.031663166403,13901.28711789396,9108.086982436336
labels_mask_case_id_TCGA-BC-A69I_4_2_cell_expansion_11_0_threshold_0_4_facet_size_3.0.csv.tif,24455.15455631907,14584.815471400709,8170.917055168418
labels_mask_case_id_TCGA-DD-AAED_1_0_cell_expansion_5_0_threshold_0_5_facet_size_3.0.csv.tif,24096.88849116828,12663.994278749971,7131.385066914183
labels_mask_case_id_TCGA-G3-A5SK_4_1_cell_expansion_9_0_threshold_0_8_facet_size_3.0.csv.tif,23633.294684367436,9760.511494608774,4560.837740594791
labels_mask_case_id_TCGA-CC-A8HT_4_3_cell_expansion_3_0_threshold_0_7_facet_size_3.0.csv.tif,23265.675660204168,8071.04058281528,3960.547588032913
labels_mask_case_id_TCGA-CC-A3MA_1_1_cell_expansion_15_0_threshold_0_7_facet_size_3.0.csv.tif,24213.541493452656,13061.209573195809,6943.68328264101
labels_mask_case_id_TCGA-BC-A69I_0_0_cell_expansion_7_0_threshold_0_6_facet_size_3.0.csv.tif,24032.069383854927,12141.22917923592,6509.460372583057
labels_mask_case_id_TCGA-K7-AAU7_4_2_cell_expansion_1_0_threshold_0_4_facet_size_3.0.csv.tif,23676.742617460837,10736.058316087776,6905.754794128417
labels_mask_case_id_TCGA-CC-A8HT_1_2_cell_expansion_15_0_threshold_0_4_facet_size_3.0.csv.tif,24672.390852146757,16553.838365074218,10748.828709366877
labels_mask_case_id_TCGA-K7-AAU7_4_3_cell_expansion_1_0_threshold_0_8_facet_size_3.0.csv.tif,22436.117335240397,4057.627547169337,1156.7204496315371
labels_mask_case_id_TCGA-G3-A7M6_2_1_cell_expansion_1_0_threshold_0_5_facet_size_3.0.csv.tif,23315.960764175077,8692.167575112442,5313.425807387655
labels_mask_case_id_TCGA-G3-A5SK_2_2_cell_expansion_1_0_threshold_0_8_facet_size_3.0.csv.tif,22775.6620587292,5719.45642768614,2496.182849852742
labels_mask_case_id_TCGA-G3-A5SK_4_3_cell_expansion_5_0_threshold_0_5_facet_size_3.0.csv.tif,24217.165939386963,13307.91765308806,7642.757530658471
labels_mask_case_id_TCGA-DD-AAED_1_3_cell_expansion_9_0_threshold_0_4_facet_size_3.0.csv.tif,24733.986646371843,16667.8918154149,10329.75802953934
labels_mask_case_id_TCGA-CC-A1HT_4_1_cell_expansion_3_0_threshold_0_8_facet_size_3.0.csv.tif,23236.742242474666,7770.254120061092,3315.0033885089715
labels_mask_case_id_TCGA-BC-A69I_4_4_cell_expansion_9_0_threshold_0_6_facet_size_3.0.csv.tif,24554.135758329525,15294.501712814275,8910.346849641162
labels_mask_case_id_TCGA-DD-AAED_1_4_cell_expansion_15_0_threshold_0_8_facet_size_3.0.csv.tif,24178.68344765117,12808.633685521285,6687.379990734265
labels_mask_case_id_TCGA-CC-A1HT_1_2_cell_expansion_7_0_threshold_0_6_facet_size_3.0.csv.tif,24329.499137759856,13889.39426907797,8001.638442847307
labels_mask_case_id_TCGA-CC-A3MA_1_2_cell_expansion_11_0_threshold_0_4_facet_size_3.0.csv.tif,24906.13137469826,18225.769648103455,12241.17524955297
labels_mask_case_id_TCGA-CC-A1HT_4_3_cell_expansion_13_0_threshold_0_4_facet_size_3.0.csv.tif,24866.52597129943,17924.47826654445,11964.737156711111
labels_mask_case_id_TCGA-YA-A8S7_2_4_cell_expansion_11_0_threshold_0_6_facet_size_3.0.csv.tif,22379.53262333526,3769.691765016888,851.282079073336
labels_mask_case_id_TCGA-CC-5261_3_4_cell_expansion_15_0_threshold_0_4_facet_size_3.0.csv.tif,24782.472072584816,17019.094620237367,10725.441561121934
labels_mask_case_id_TCGA-BC-A69I_0_3_cell_expansion_9_0_threshold_0_6_facet_size_3.0.csv.tif,24181.984211278526,12835.84700540344,6811.270527263139
labels_mask_case_id_TCGA-CC-5261_1_4_cell_expansion_3_0_threshold_0_8_facet_size_3.0.csv.tif,23083.7897982501,7186.859946502607,3191.501389026337
labels_mask_case_id_TCGA-BC-A69I_4_4_cell_expansion_15_0_threshold_0_8_facet_size_3.0.csv.tif,23840.7337154079,10977.403296054545,5424.037103931883
labels_mask_case_id_TCGA-CC-A3MA_2_0_cell_expansion_1_0_threshold_0_5_facet_size_3.0.csv.tif,23970.14798596026,12175.227097491925,7633.392819667111
labels_mask_case_id_TCGA-CC-A3MA_3_2_cell_expansion_3_0_threshold_0_6_facet_size_3.0.csv.tif,24364.51992066461,14675.232222894158,9401.311839815831
labels_mask_case_id_TCGA-CC-A1HT_1_4_cell_expansion_7_0_threshold_0_8_facet_size_3.0.csv.tif,22586.962631847506,4684.450075115497,1350.097998832386
labels_mask_case_id_TCGA-K7-AAU7_2_2_cell_expansion_11_0_threshold_0_4_facet_size_3.0.csv.tif,24239.06739900449,13865.09842635471,8556.025432381639
labels_mask_case_id_TCGA-G3-A5SK_3_1_cell_expansion_7_0_threshold_0_5_facet_size_3.0.csv.tif,24335.518926963,13831.569938138611,7713.032850199921
labels_mask_case_id_TCGA-DD-AAED_2_1_cell_expansion_13_0_threshold_0_8_facet_size_3.0.csv.tif,24596.57002154448,15537.097414366604,8929.087796786247
labels_mask_case_id_TCGA-CC-A3MA_3_0_cell_expansion_13_0_threshold_0_6_facet_size_3.0.csv.tif,22816.69099240894,5848.984570631636,2237.3992139304023
labels_mask_case_id_TCGA-YA-A8S7_2_0_cell_expansion_9_0_threshold_0_8_facet_size_3.0.csv.tif,23318.522022502693,7925.664826432865,3121.693686414218
labels_mask_case_id_TCGA-CC-5261_2_3_cell_expansion_15_0_threshold_0_4_facet_size_3.0.csv.tif,24829.054540052828,17471.26489595804,11173.869189097615
labels_mask_case_id_TCGA-BC-A69I_4_1_cell_expansion_13_0_threshold_0_4_facet_size_3.0.csv.tif,24185.08890704222,12681.65050382758,6581.846323330026
labels_mask_case_id_TCGA-CC-A3MA_2_1_cell_expansion_3_0_threshold_0_8_facet_size_3.0.csv.tif,22890.82846570921,6111.168439452698,2340.777195623899
labels_mask_case_id_TCGA-CC-5261_0_1_cell_expansion_13_0_threshold_0_4_facet_size_3.0.csv.tif,24707.35135130408,16612.173613325853,10493.140517257292
labels_mask_case_id_TCGA-CC-A3MA_1_2_cell_expansion_15_0_threshold_0_6_facet_size_3.0.csv.tif,24813.36149695215,17225.174291973948,10788.00075485139
labels_mask_case_id_TCGA-CC-A1HT_3_2_cell_expansion_3_0_threshold_0_5_facet_size_3.0.csv.tif,24370.40926879636,14286.282998588988,8189.031325593097
labels_mask_case_id_TCGA-YA-A8S7_0_1_cell_expansion_9_0_threshold_0_5_facet_size_3.0.csv.tif,24710.81721353328,16688.57444788891,10605.921778157266
labels_mask_case_id_TCGA-DD-AAED_0_3_cell_expansion_15_0_threshold_0_8_facet_size_3.0.csv.tif,24255.44775076356,13281.993690317711,7101.937637221037
labels_mask_case_id_TCGA-CC-A1HT_0_0_cell_expansion_3_0_threshold_0_6_facet_size_3.0.csv.tif,23422.6157312063,9173.841680086169,5081.469923336446
labels_mask_case_id_TCGA-CC-5261_4_0_cell_expansion_7_0_threshold_0_4_facet_size_3.0.csv.tif,24848.03864178669,17898.879138036868,12055.065906687403
labels_mask_case_id_TCGA-CC-5261_2_2_cell_expansion_11_0_threshold_0_8_facet_size_3.0.csv.tif,24290.91298975527,13394.46154085112,7137.209375966137
labels_mask_case_id_TCGA-G3-A5SK_2_4_cell_expansion_3_0_threshold_0_7_facet_size_3.0.csv.tif,23898.24545945809,11577.135849462356,6678.376481023806
labels_mask_case_id_TCGA-CC-A1HT_2_2_cell_expansion_1_0_threshold_0_8_facet_size_3.0.csv.tif,22981.19957856992,6689.664080691067,2961.991943371328
labels_mask_case_id_TCGA-CC-5261_0_3_cell_expansion_1_0_threshold_0_7_facet_size_3.0.csv.tif,23232.365217809194,8236.931576354025,4658.100102605689
labels_mask_case_id_TCGA-CC-A3MA_2_3_cell_expansion_3_0_threshold_0_6_facet_size_3.0.csv.tif,24609.735587772644,16150.171897315484,10534.508784085538
labels_mask_case_id_TCGA-CC-A1HT_2_4_cell_expansion_5_0_threshold_0_4_facet_size_3.0.csv.tif,24753.13769570904,16794.835903616633,10473.785637956198
labels_mask_case_id_TCGA-CC-A8HT_4_0_cell_expansion_11_0_threshold_0_7_facet_size_3.0.csv.tif,24275.680752344146,13424.094296893069,7365.226889423892
labels_mask_case_id_TCGA-CC-5261_2_3_cell_expansion_3_0_threshold_0_7_facet_size_3.0.csv.tif,23951.2038604243,11940.984848722535,6830.714954944495
labels_mask_case_id_TCGA-G3-A7M6_3_0_cell_expansion_13_0_threshold_0_7_facet_size_3.0.csv.tif,24473.710971394463,14680.36570396583,8296.132028248157
labels_mask_case_id_TCGA-K7-AAU7_4_2_cell_expansion_9_0_threshold_0_5_facet_size_3.0.csv.tif,24670.63706550669,16487.054147836458,10742.958210140056
labels_mask_case_id_TCGA-BC-A69I_1_4_cell_expansion_11_0_threshold_0_4_facet_size_3.0.csv.tif,24348.03181397236,14234.303831789295,8298.412318019771
labels_mask_case_id_TCGA-CC-A8HT_0_4_cell_expansion_9_0_threshold_0_7_facet_size_3.0.csv.tif,24105.5554923192,12631.94249255811,6760.649181148267
labels_mask_case_id_TCGA-CC-A1HT_3_4_cell_expansion_13_0_threshold_0_6_facet_size_3.0.csv.tif,24803.076624014717,17309.07688090962,11191.112317499508
labels_mask_case_id_TCGA-CC-A3MA_1_0_cell_expansion_1_0_threshold_0_8_facet_size_3.0.csv.tif,23113.17102358517,7343.337117241394,3432.5456432102005
labels_mask_case_id_TCGA-K7-AAU7_4_2_cell_expansion_11_0_threshold_0_6_facet_size_3.0.csv.tif,24576.172178261837,15770.015018456408,9932.120336799384
labels_mask_case_id_TCGA-CC-A3MA_2_2_cell_expansion_7_0_threshold_0_8_facet_size_3.0.csv.tif,23959.928669511068,11492.135898458624,5682.551643207184
labels_mask_case_id_TCGA-CC-5261_4_3_cell_expansion_13_0_threshold_0_5_facet_size_3.0.csv.tif,24806.048728619822,17500.608035931396,11597.978322031817
labels_mask_case_id_TCGA-DD-AAED_4_0_cell_expansion_13_0_threshold_0_4_facet_size_3.0.csv.tif,24727.291012756024,16753.4133446947,10581.087564673857
labels_mask_case_id_TCGA-CC-A1HT_0_3_cell_expansion_7_0_threshold_0_6_facet_size_3.0.csv.tif,24452.830783347214,14742.02383367065,8687.619146217952
labels_mask_case_id_TCGA-CC-5261_0_4_cell_expansion_1_0_threshold_0_5_facet_size_3.0.csv.tif,23505.21031172919,9771.679462157692,6169.801220354332
labels_mask_case_id_TCGA-CC-A1HT_4_4_cell_expansion_5_0_threshold_0_7_facet_size_3.0.csv.tif,23482.57999969164,9267.296591521575,4556.78357699914
labels_mask_case_id_TCGA-CC-A3MA_1_1_cell_expansion_7_0_threshold_0_7_facet_size_3.0.csv.tif,24107.733712299567,12494.63361909669,6578.663647846112
labels_mask_case_id_TCGA-CC-5261_3_1_cell_expansion_5_0_threshold_0_6_facet_size_3.0.csv.tif,24652.501261585407,16260.71834589072,10294.334174698248
labels_mask_case_id_TCGA-CC-A1HT_0_4_cell_expansion_1_0_threshold_0_7_facet_size_3.0.csv.tif,22924.21820099811,6434.098787795879,3065.151000731523
labels_mask_case_id_TCGA-G3-A7M6_1_4_cell_expansion_9_0_threshold_0_5_facet_size_3.0.csv.tif,24086.72718201988,12918.418073385836,7669.7572006351475
labels_mask_case_id_TCGA-CC-5261_0_2_cell_expansion_7_0_threshold_0_8_facet_size_3.0.csv.tif,23743.060273322262,10413.744618557968,5166.986978910341
labels_mask_case_id_TCGA-CC-A3MA_2_3_cell_expansion_5_0_threshold_0_5_facet_size_3.0.csv.tif,24852.958509952517,17851.428664215142,11938.95233486187
labels_mask_case_id_TCGA-K7-AAU7_2_2_cell_expansion_9_0_threshold_0_6_facet_size_3.0.csv.tif,23615.02262552987,9962.010504699174,5214.655628519988
labels_mask_case_id_TCGA-G3-A7M6_1_2_cell_expansion_11_0_threshold_0_5_facet_size_3.0.csv.tif,24924.151255015604,18989.5447315317,14250.386772720369
labels_mask_case_id_TCGA-CC-A8HT_4_4_cell_expansion_11_0_threshold_0_6_facet_size_3.0.csv.tif,24454.06546277488,14854.818393514744,8934.420991128998
labels_mask_case_id_TCGA-CC-A8HT_0_3_cell_expansion_9_0_threshold_0_5_facet_size_3.0.csv.tif,24550.077475401355,15406.152748501663,9277.370298861371
labels_mask_case_id_TCGA-BC-A69I_3_3_cell_expansion_11_0_threshold_0_8_facet_size_3.0.csv.tif,24014.88432502407,11644.737662263173,5565.768848961616
labels_mask_case_id_TCGA-CC-A3MA_1_2_cell_expansion_9_0_threshold_0_7_facet_size_3.0.csv.tif,24552.640172654043,15178.763158920136,8717.775601008736
labels_mask_case_id_TCGA-CC-A1HT_1_1_cell_expansion_13_0_threshold_0_5_facet_size_3.0.csv.tif,24470.748570157164,14887.52950874444,8894.935197919462
labels_mask_case_id_TCGA-K7-AAU7_1_2_cell_expansion_5_0_threshold_0_8_facet_size_3.0.csv.tif,22328.40075182473,3492.131827343893,632.4194330637177
labels_mask_case_id_TCGA-CC-A1HT_1_0_cell_expansion_15_0_threshold_0_8_facet_size_3.0.csv.tif,22618.839385774227,4787.421614314007,1437.6085745483772
labels_mask_case_id_TCGA-DD-AAED_2_0_cell_expansion_5_0_threshold_0_8_facet_size_3.0.csv.tif,23835.170241044463,11133.933672107458,5754.76652724618
labels_mask_case_id_TCGA-BC-A69I_4_3_cell_expansion_1_0_threshold_0_5_facet_size_3.0.csv.tif,23034.768344695905,6997.976754828892,3440.192635162982
labels_mask_case_id_TCGA-CC-A1HT_0_0_cell_expansion_9_0_threshold_0_6_facet_size_3.0.csv.tif,23869.37047285989,11549.826265518032,6480.430029416708
labels_mask_case_id_TCGA-BC-A69I_3_1_cell_expansion_11_0_threshold_0_7_facet_size_3.0.csv.tif,24130.392371660007,12463.353173257585,6413.513889108321
labels_mask_case_id_TCGA-DD-AAED_3_4_cell_expansion_3_0_threshold_0_7_facet_size_3.0.csv.tif,24015.937171888265,12502.66277687196,7563.3696377762835
labels_mask_case_id_TCGA-G3-A7M6_3_0_cell_expansion_3_0_threshold_0_4_facet_size_3.0.csv.tif,24022.794630972672,12373.722468730775,7366.798722178728
labels_mask_case_id_TCGA-CC-A8HT_2_1_cell_expansion_7_0_threshold_0_8_facet_size_3.0.csv.tif,22983.30179745991,6447.575458535586,2299.258427833207
labels_mask_case_id_TCGA-G3-A7M6_2_0_cell_expansion_13_0_threshold_0_7_facet_size_3.0.csv.tif,24506.11008129189,15159.061148863482,9056.89106802182
labels_mask_case_id_TCGA-DD-AAED_0_0_cell_expansion_7_0_threshold_0_8_facet_size_3.0.csv.tif,24047.57902663695,12261.865288455314,6462.55491937087
labels_mask_case_id_TCGA-CC-A3MA_4_0_cell_expansion_13_0_threshold_0_4_facet_size_3.0.csv.tif,24912.61329398205,18358.64173184052,12459.666607279214
labels_mask_case_id_TCGA-G3-A7M6_0_2_cell_expansion_15_0_threshold_0_7_facet_size_3.0.csv.tif,24475.70394075614,14734.153223850652,8325.044531582553
labels_mask_case_id_TCGA-G3-A7M6_2_0_cell_expansion_11_0_threshold_0_6_facet_size_3.0.csv.tif,24674.1707849739,16481.675369124372,10510.408234448249
labels_mask_case_id_TCGA-K7-AAU7_4_1_cell_expansion_3_0_threshold_0_7_facet_size_3.0.csv.tif,23485.65044592691,9269.519952311924,4887.566475984831
labels_mask_case_id_TCGA-CC-A8HT_2_0_cell_expansion_5_0_threshold_0_5_facet_size_3.0.csv.tif,24659.169342905705,16411.204501366974,10510.79350255532
labels_mask_case_id_TCGA-CC-5261_0_0_cell_expansion_9_0_threshold_0_4_facet_size_3.0.csv.tif,24765.26641867882,17125.182213981796,11005.250598843206
labels_mask_case_id_TCGA-G3-A7M6_4_2_cell_expansion_7_0_threshold_0_7_facet_size_3.0.csv.tif,23934.54405408215,12015.581362457237,7009.675618053226
labels_mask_case_id_TCGA-K7-AAU7_2_1_cell_expansion_7_0_threshold_0_6_facet_size_3.0.csv.tif,23451.26580995925,9330.236202719509,4915.442115111966
labels_mask_case_id_TCGA-G3-A5SK_4_0_cell_expansion_11_0_threshold_0_8_facet_size_3.0.csv.tif,23522.771370119717,9033.859902668086,3921.017162331334
labels_mask_case_id_TCGA-CC-A8HT_0_0_cell_expansion_1_0_threshold_0_6_facet_size_3.0.csv.tif,23631.720606326617,10364.217283587945,6446.111732585142
labels_mask_case_id_TCGA-K7-AAU7_3_4_cell_expansion_7_0_threshold_0_6_facet_size_3.0.csv.tif,23965.53609464708,11733.817444598712,6231.970406806983
labels_mask_case_id_TCGA-DD-AAED_3_3_cell_expansion_3_0_threshold_0_5_facet_size_3.0.csv.tif,24572.14359980384,15823.999745286206,10143.122138286952
labels_mask_case_id_TCGA-CC-5261_4_0_cell_expansion_13_0_threshold_0_4_facet_size_3.0.csv.tif,24873.12406596168,18078.726195561343,12254.63661714263
labels_mask_case_id_TCGA-K7-AAU7_3_3_cell_expansion_3_0_threshold_0_6_facet_size_3.0.csv.tif,23467.96085519794,9312.075774402574,5137.82967656286
labels_mask_case_id_TCGA-DD-AAED_0_1_cell_expansion_3_0_threshold_0_6_facet_size_3.0.csv.tif,24218.38680224416,13589.73674445867,8187.227322918172
labels_mask_case_id_TCGA-CC-A8HT_4_0_cell_expansion_7_0_threshold_0_7_facet_size_3.0.csv.tif,24176.35787941532,12893.32832967872,7032.87845297203
labels_mask_case_id_TCGA-G3-A7M6_1_1_cell_expansion_13_0_threshold_0_5_facet_size_3.0.csv.tif,24532.803433712477,15478.374093170236,9614.663598360929
labels_mask_case_id_TCGA-K7-AAU7_4_0_cell_expansion_5_0_threshold_0_8_facet_size_3.0.csv.tif,22496.60062798138,4259.71172893547,1075.244924961618
labels_mask_case_id_TCGA-YA-A8S7_3_3_cell_expansion_5_0_threshold_0_5_facet_size_3.0.csv.tif,22684.096380904248,5203.372330863373,1791.5827398741128
labels_mask_case_id_TCGA-CC-A1HT_4_0_cell_expansion_9_0_threshold_0_4_facet_size_3.0.csv.tif,24711.722472418376,16785.572331368174,10874.157861988862
labels_mask_case_id_TCGA-BC-A69I_2_4_cell_expansion_7_0_threshold_0_7_facet_size_3.0.csv.tif,23891.737121545,11363.51966583145,5863.184026599524
labels_mask_case_id_TCGA-BC-A69I_2_3_cell_expansion_11_0_threshold_0_8_facet_size_3.0.csv.tif,23832.400334936945,10658.716680185553,5003.001016418832
labels_mask_case_id_TCGA-G3-A7M6_3_0_cell_expansion_5_0_threshold_0_7_facet_size_3.0.csv.tif,24217.710440112845,13219.9090349039,7317.779074352881
labels_mask_case_id_TCGA-CC-A8HT_3_3_cell_expansion_3_0_threshold_0_8_facet_size_3.0.csv.tif,22432.92494203356,3985.0428504781817,1001.8638403256318
labels_mask_case_id_TCGA-DD-AAED_4_1_cell_expansion_3_0_threshold_0_8_facet_size_3.0.csv.tif,23681.769450305324,10324.816747599029,5348.401162875779
labels_mask_case_id_TCGA-G3-A7M6_0_3_cell_expansion_13_0_threshold_0_6_facet_size_3.0.csv.tif,24529.038781980067,15161.267365548392,8838.357071486313
labels_mask_case_id_TCGA-K7-AAU7_4_0_cell_expansion_3_0_threshold_0_7_facet_size_3.0.csv.tif,23120.0137068942,7424.612854108263,3503.046193273799
labels_mask_case_id_TCGA-G3-A7M6_1_0_cell_expansion_13_0_threshold_0_7_facet_size_3.0.csv.tif,24324.75933147717,13894.638535110462,7898.472997071929
labels_mask_case_id_TCGA-YA-A8S7_1_2_cell_expansion_3_0_threshold_0_7_facet_size_3.0.csv.tif,24055.530758534853,12496.04419555863,7160.985982724463
labels_mask_case_id_TCGA-CC-A8HT_2_1_cell_expansion_5_0_threshold_0_5_facet_size_3.0.csv.tif,24775.520909596507,17405.50089518109,11609.652469343037
labels_mask_case_id_TCGA-G3-A7M6_4_3_cell_expansion_7_0_threshold_0_7_facet_size_3.0.csv.tif,24139.29711821868,12904.700296671606,7051.527387552571
labels_mask_case_id_TCGA-CC-5261_4_1_cell_expansion_13_0_threshold_0_6_facet_size_3.0.csv.tif,24745.241074247704,16841.064958407245,10682.265497688082
labels_mask_case_id_TCGA-CC-A1HT_3_2_cell_expansion_13_0_threshold_0_4_facet_size_3.0.csv.tif,24744.005277660544,16452.45663975588,9711.0800155637
labels_mask_case_id_TCGA-BC-A69I_1_0_cell_expansion_7_0_threshold_0_6_facet_size_3.0.csv.tif,24267.212333098963,13391.570775872187,7175.068655969706
labels_mask_case_id_TCGA-K7-AAU7_1_2_cell_expansion_5_0_threshold_0_4_facet_size_3.0.csv.tif,24251.41844052326,13966.942711010452,8852.445510394467
labels_mask_case_id_TCGA-BC-A69I_2_2_cell_expansion_5_0_threshold_0_4_facet_size_3.0.csv.tif,24275.65059432243,13550.248089715236,7543.09150877553
labels_mask_case_id_TCGA-YA-A8S7_3_2_cell_expansion_3_0_threshold_0_6_facet_size_3.0.csv.tif,24431.483678773264,15462.604645388426,10791.28562951645
labels_mask_case_id_TCGA-YA-A8S7_4_2_cell_expansion_15_0_threshold_0_4_facet_size_3.0.csv.tif,23172.96683030024,7555.165555050678,3322.471850173391
labels_mask_case_id_TCGA-CC-A1HT_3_3_cell_expansion_9_0_threshold_0_5_facet_size_3.0.csv.tif,24712.925918571305,16452.04065740629,9917.1511397532
labels_mask_case_id_TCGA-K7-AAU7_3_3_cell_expansion_7_0_threshold_0_8_facet_size_3.0.csv.tif,22295.564725834272,3345.912720479547,555.5313772235761
labels_mask_case_id_TCGA-DD-AAED_0_1_cell_expansion_7_0_threshold_0_8_facet_size_3.0.csv.tif,24127.840012300883,12698.578756976673,6790.029625629993
labels_mask_case_id_TCGA-G3-A5SK_4_2_cell_expansion_9_0_threshold_0_6_facet_size_3.0.csv.tif,24340.8993758796,13899.051689067235,7692.70024959339
labels_mask_case_id_TCGA-CC-A3MA_3_4_cell_expansion_9_0_threshold_0_4_facet_size_3.0.csv.tif,24753.65759766909,17092.708711493844,11119.707950141355
labels_mask_case_id_TCGA-DD-AAED_4_0_cell_expansion_7_0_threshold_0_6_facet_size_3.0.csv.tif,24583.36072049325,15899.63542607097,9916.173225447095
labels_mask_case_id_TCGA-BC-A69I_0_1_cell_expansion_15_0_threshold_0_5_facet_size_3.0.csv.tif,24419.537801727038,14435.444781102133,8186.176528121059
labels_mask_case_id_TCGA-G3-A5SK_0_3_cell_expansion_9_0_threshold_0_8_facet_size_3.0.csv.tif,23474.91342770096,9197.952571872926,4445.0553261273335
labels_mask_case_id_TCGA-G3-A5SK_0_2_cell_expansion_9_0_threshold_0_4_facet_size_3.0.csv.tif,24536.23075302827,15361.67780153135,9222.94911144458
labels_mask_case_id_TCGA-YA-A8S7_4_2_cell_expansion_13_0_threshold_0_7_facet_size_3.0.csv.tif,22863.985375180346,5826.344884781721,1880.1876016794104
labels_mask_case_id_TCGA-DD-AAED_2_0_cell_expansion_3_0_threshold_0_7_facet_size_3.0.csv.tif,23834.15540774829,11229.081543200697,6149.806390111458
labels_mask_case_id_TCGA-CC-A8HT_3_4_cell_expansion_7_0_threshold_0_4_facet_size_3.0.csv.tif,24515.46713913065,15559.123248601076,10020.139345263397
labels_mask_case_id_TCGA-K7-AAU7_0_0_cell_expansion_1_0_threshold_0_4_facet_size_3.0.csv.tif,22705.919740699173,5398.900846762341,2331.80815237957
labels_mask_case_id_TCGA-BC-A69I_3_0_cell_expansion_1_0_threshold_0_4_facet_size_3.0.csv.tif,23128.5467898224,7553.07458086963,3924.2810255940576
labels_mask_case_id_TCGA-YA-A8S7_4_0_cell_expansion_3_0_threshold_0_7_facet_size_3.0.csv.tif,23796.1712908848,10991.53430219406,6148.330965214239
labels_mask_case_id_TCGA-G3-A5SK_4_4_cell_expansion_15_0_threshold_0_7_facet_size_3.0.csv.tif,24130.94324127937,12703.885621634954,6849.767316352419
labels_mask_case_id_TCGA-G3-A7M6_2_4_cell_expansion_3_0_threshold_0_4_facet_size_3.0.csv.tif,24070.09877974245,12825.09698193136,7979.544297564829
labels_mask_case_id_TCGA-BC-A69I_0_2_cell_expansion_1_0_threshold_0_7_facet_size_3.0.csv.tif,22735.92410713531,5517.29952154326,2259.0365734683523
labels_mask_case_id_TCGA-YA-A8S7_1_2_cell_expansion_7_0_threshold_0_5_facet_size_3.0.csv.tif,24778.75097058119,17091.408105324423,10910.538429607665
labels_mask_case_id_TCGA-CC-5261_1_4_cell_expansion_9_0_threshold_0_4_facet_size_3.0.csv.tif,24714.12707784968,16623.617971293763,10455.692586096302
labels_mask_case_id_TCGA-CC-A8HT_4_3_cell_expansion_15_0_threshold_0_8_facet_size_3.0.csv.tif,23029.179114276085,6563.325212313525,2320.1941330904474
labels_mask_case_id_TCGA-CC-A8HT_1_3_cell_expansion_3_0_threshold_0_5_facet_size_3.0.csv.tif,24047.22653593433,12697.11007378708,7715.858560173647
labels_mask_case_id_TCGA-BC-A69I_3_0_cell_expansion_3_0_threshold_0_5_facet_size_3.0.csv.tif,23599.708279525068,9899.46085532916,5212.8999090703455
labels_mask_case_id_TCGA-DD-AAED_2_0_cell_expansion_1_0_threshold_0_6_facet_size_3.0.csv.tif,23428.827804201224,9208.464450438189,5200.236082103649
labels_mask_case_id_TCGA-CC-A8HT_1_4_cell_expansion_7_0_threshold_0_5_facet_size_3.0.csv.tif,24708.84599990433,16442.579624800856,10087.982475687388
labels_mask_case_id_TCGA-K7-AAU7_2_0_cell_expansion_1_0_threshold_0_5_facet_size_3.0.csv.tif,22422.204284670337,3934.056111690499,1019.04263279221
labels_mask_case_id_TCGA-CC-5261_4_2_cell_expansion_13_0_threshold_0_7_facet_size_3.0.csv.tif,24723.651751493904,16630.797461895905,10320.349519573345
labels_mask_case_id_TCGA-G3-A7M6_2_0_cell_expansion_9_0_threshold_0_4_facet_size_3.0.csv.tif,24794.21411834629,17414.484697371838,11540.475329149283
labels_mask_case_id_TCGA-G3-A7M6_1_3_cell_expansion_13_0_threshold_0_6_facet_size_3.0.csv.tif,24562.012067851465,15524.36357572982,9355.121683801355
labels_mask_case_id_TCGA-CC-5261_2_2_cell_expansion_1_0_threshold_0_6_facet_size_3.0.csv.tif,23774.95640039117,11138.74776936649,6887.065466719565
labels_mask_case_id_TCGA-CC-A8HT_4_4_cell_expansion_15_0_threshold_0_8_facet_size_3.0.csv.tif,22857.975998298367,5868.171378034763,2031.393749129697
labels_mask_case_id_TCGA-CC-A1HT_0_0_cell_expansion_15_0_threshold_0_4_facet_size_3.0.csv.tif,24412.992997167807,15053.75716171616,9675.717299006645
labels_mask_case_id_TCGA-G3-A5SK_2_1_cell_expansion_7_0_threshold_0_5_facet_size_3.0.csv.tif,24739.287866054183,16821.446392082104,10559.233183079028
labels_mask_case_id_TCGA-DD-AAED_4_1_cell_expansion_11_0_threshold_0_7_facet_size_3.0.csv.tif,24604.79134160826,15523.169195826951,8953.109957733455
labels_mask_case_id_TCGA-G3-A5SK_1_4_cell_expansion_3_0_threshold_0_6_facet_size_3.0.csv.tif,23965.031165714598,12155.992048189846,7232.988808628443
labels_mask_case_id_TCGA-G3-A7M6_2_2_cell_expansion_15_0_threshold_0_7_facet_size_3.0.csv.tif,24260.309130151327,13632.400465448984,7764.09997786722
labels_mask_case_id_TCGA-CC-5261_3_0_cell_expansion_1_0_threshold_0_4_facet_size_3.0.csv.tif,23569.72920915195,9993.364721946467,6008.402639494329
labels_mask_case_id_TCGA-CC-A1HT_2_4_cell_expansion_5_0_threshold_0_8_facet_size_3.0.csv.tif,23670.9069637331,9897.330805344154,4542.787989365894
labels_mask_case_id_TCGA-BC-A69I_1_0_cell_expansion_13_0_threshold_0_8_facet_size_3.0.csv.tif,23566.002034549165,9403.290030244136,4279.989212919819
labels_mask_case_id_TCGA-CC-A1HT_0_4_cell_expansion_15_0_threshold_0_5_facet_size_3.0.csv.tif,24704.12169952814,16813.663079847513,11094.61867529503
labels_mask_case_id_TCGA-CC-5261_4_3_cell_expansion_11_0_threshold_0_8_facet_size_3.0.csv.tif,23615.341715714385,9743.950892370074,4654.861948320795
labels_mask_case_id_TCGA-G3-A5SK_3_4_cell_expansion_7_0_threshold_0_5_facet_size_3.0.csv.tif,24932.758057245097,18647.993545757923,13021.3986415643
labels_mask_case_id_TCGA-DD-AAED_0_3_cell_expansion_9_0_threshold_0_4_facet_size_3.0.csv.tif,24735.898377014368,16722.97614016055,10465.42245416586
labels_mask_case_id_TCGA-BC-A69I_0_0_cell_expansion_9_0_threshold_0_8_facet_size_3.0.csv.tif,23354.88457094665,8441.611138118806,3754.806751364354
labels_mask_case_id_TCGA-CC-A1HT_0_2_cell_expansion_7_0_threshold_0_6_facet_size_3.0.csv.tif,23744.221040243137,10682.690758520144,5716.945631616352
labels_mask_case_id_TCGA-YA-A8S7_4_4_cell_expansion_11_0_threshold_0_8_facet_size_3.0.csv.tif,22295.564725834272,3345.912720479547,555.5313772235761
labels_mask_case_id_TCGA-G3-A7M6_3_4_cell_expansion_9_0_threshold_0_8_facet_size_3.0.csv.tif,23922.671372752626,11532.539742812798,5990.645110703465
labels_mask_case_id_TCGA-G3-A7M6_0_0_cell_expansion_15_0_threshold_0_4_facet_size_3.0.csv.tif,24724.08436315232,16706.43958740575,10492.910863609835
labels_mask_case_id_TCGA-BC-A69I_3_3_cell_expansion_13_0_threshold_0_5_facet_size_3.0.csv.tif,24641.229877614,15721.502822831624,9092.620871633815
labels_mask_case_id_TCGA-G3-A7M6_0_0_cell_expansion_5_0_threshold_0_8_facet_size_3.0.csv.tif,23463.18676371897,9051.064023261531,4300.740079437489
labels_mask_case_id_TCGA-K7-AAU7_1_1_cell_expansion_13_0_threshold_0_6_facet_size_3.0.csv.tif,23915.2037272021,11770.114349207888,6900.621153895992
labels_mask_case_id_TCGA-YA-A8S7_2_2_cell_expansion_7_0_threshold_0_6_facet_size_3.0.csv.tif,24416.56024639713,14245.531539668456,7882.171016802811
labels_mask_case_id_TCGA-K7-AAU7_2_4_cell_expansion_7_0_threshold_0_8_facet_size_3.0.csv.tif,22789.484441115404,5506.806537978857,1760.024567950756
labels_mask_case_id_TCGA-DD-AAED_0_4_cell_expansion_11_0_threshold_0_4_facet_size_3.0.csv.tif,24685.752665298216,16178.772682264433,9621.356064782209
labels_mask_case_id_TCGA-BC-A69I_2_0_cell_expansion_3_0_threshold_0_7_facet_size_3.0.csv.tif,23445.510071760003,8875.135493281223,4297.881621178815
labels_mask_case_id_TCGA-CC-A1HT_2_4_cell_expansion_9_0_threshold_0_5_facet_size_3.0.csv.tif,24793.12514945353,16979.480944560073,10439.027625834491
labels_mask_case_id_TCGA-BC-A69I_4_3_cell_expansion_15_0_threshold_0_6_facet_size_3.0.csv.tif,24148.90357617557,12682.846715823229,6758.483596242395
labels_mask_case_id_TCGA-DD-AAED_1_0_cell_expansion_3_0_threshold_0_4_facet_size_3.0.csv.tif,23833.2697509066,11336.173043994284,6563.833414392917
labels_mask_case_id_TCGA-DD-AAED_0_2_cell_expansion_1_0_threshold_0_7_facet_size_3.0.csv.tif,23475.88099766026,9545.672794159937,5580.434789703865
labels_mask_case_id_TCGA-BC-A69I_1_3_cell_expansion_3_0_threshold_0_8_facet_size_3.0.csv.tif,22899.959740516068,6247.21602621925,2557.354103238756
labels_mask_case_id_TCGA-K7-AAU7_0_2_cell_expansion_13_0_threshold_0_7_facet_size_3.0.csv.tif,22566.967262007063,4598.780745761891,1338.0476168379314
labels_mask_case_id_TCGA-CC-A3MA_0_4_cell_expansion_9_0_threshold_0_7_facet_size_3.0.csv.tif,23603.518303070443,9783.609987923308,4765.541982361143
labels_mask_case_id_TCGA-K7-AAU7_0_4_cell_expansion_5_0_threshold_0_8_facet_size_3.0.csv.tif,22295.564725834272,3345.912720479547,555.5313772235761
labels_mask_case_id_TCGA-CC-A8HT_3_0_cell_expansion_3_0_threshold_0_8_facet_size_3.0.csv.tif,22912.355100915014,6407.603743500469,2715.745621243421
labels_mask_case_id_TCGA-BC-A69I_4_0_cell_expansion_5_0_threshold_0_7_facet_size_3.0.csv.tif,23729.349034923267,10406.199220278892,5222.358615640984
labels_mask_case_id_TCGA-K7-AAU7_1_1_cell_expansion_11_0_threshold_0_7_facet_size_3.0.csv.tif,22849.956657911243,5877.401074971915,2161.2314826065717
labels_mask_case_id_TCGA-G3-A5SK_2_0_cell_expansion_15_0_threshold_0_6_facet_size_3.0.csv.tif,24568.559386925303,15797.25941420734,9910.44808203295
labels_mask_case_id_TCGA-K7-AAU7_2_4_cell_expansion_13_0_threshold_0_5_facet_size_3.0.csv.tif,23776.88498555425,10693.86757337016,5471.305957115527
labels_mask_case_id_TCGA-CC-A8HT_2_4_cell_expansion_7_0_threshold_0_6_facet_size_3.0.csv.tif,24427.7918182626,14710.78798853763,8868.730797511042
labels_mask_case_id_TCGA-G3-A7M6_4_0_cell_expansion_1_0_threshold_0_8_facet_size_3.0.csv.tif,22382.305789405724,3782.937297311864,930.515309812026
labels_mask_case_id_TCGA-G3-A7M6_4_1_cell_expansion_15_0_threshold_0_6_facet_size_3.0.csv.tif,24335.7965535988,13968.885448642126,7923.701879884564
labels_mask_case_id_TCGA-CC-A1HT_4_4_cell_expansion_9_0_threshold_0_6_facet_size_3.0.csv.tif,24169.70472951502,13117.060594362698,7365.224416940027
labels_mask_case_id_TCGA-CC-5261_3_3_cell_expansion_11_0_threshold_0_8_facet_size_3.0.csv.tif,24128.593812368737,12442.05095452775,6393.531115049861
labels_mask_case_id_TCGA-K7-AAU7_2_0_cell_expansion_13_0_threshold_0_4_facet_size_3.0.csv.tif,22845.652113663826,5960.075724386223,2280.7777032215845
labels_mask_case_id_TCGA-CC-A8HT_0_4_cell_expansion_13_0_threshold_0_7_facet_size_3.0.csv.tif,24115.944768442285,12692.232184420507,6808.34024693526
labels_mask_case_id_TCGA-G3-A7M6_4_1_cell_expansion_7_0_threshold_0_7_facet_size_3.0.csv.tif,24224.570262154437,13108.159424530404,6966.567029832302
labels_mask_case_id_TCGA-DD-AAED_0_2_cell_expansion_5_0_threshold_0_5_facet_size_3.0.csv.tif,24533.499925928158,15637.928833672957,9737.780628036846
labels_mask_case_id_TCGA-CC-A8HT_4_3_cell_expansion_1_0_threshold_0_4_facet_size_3.0.csv.tif,23366.99574470027,8902.718299167493,5280.352385925366
labels_mask_case_id_TCGA-CC-5261_2_3_cell_expansion_9_0_threshold_0_5_facet_size_3.0.csv.tif,24789.01454435599,17053.51179943884,10606.574711987676
labels_mask_case_id_TCGA-G3-A5SK_2_0_cell_expansion_11_0_threshold_0_4_facet_size_3.0.csv.tif,24612.425248386367,16180.4412800955,10395.45933167478
labels_mask_case_id_TCGA-BC-A69I_4_0_cell_expansion_1_0_threshold_0_5_facet_size_3.0.csv.tif,23381.32931580741,8844.076018786567,4697.560960493121
labels_mask_case_id_TCGA-DD-AAED_0_0_cell_expansion_11_0_threshold_0_5_facet_size_3.0.csv.tif,24767.25246387325,16910.358533393635,10534.838398933767
labels_mask_case_id_TCGA-CC-A8HT_2_3_cell_expansion_7_0_threshold_0_4_facet_size_3.0.csv.tif,24587.6339400996,16048.565283148404,10318.656673809752
labels_mask_case_id_TCGA-CC-A3MA_3_2_cell_expansion_13_0_threshold_0_7_facet_size_3.0.csv.tif,24392.75324007447,14196.272914409115,7993.94084918828
labels_mask_case_id_TCGA-YA-A8S7_3_4_cell_expansion_11_0_threshold_0_8_facet_size_3.0.csv.tif,22295.564725834272,3345.912720479547,555.5313772235761
labels_mask_case_id_TCGA-CC-A8HT_3_1_cell_expansion_13_0_threshold_0_4_facet_size_3.0.csv.tif,24422.62478789078,14558.779355731724,8531.044799837953
labels_mask_case_id_TCGA-CC-A3MA_3_1_cell_expansion_15_0_threshold_0_5_facet_size_3.0.csv.tif,24847.78572909308,17955.879848426124,12322.871394655582
labels_mask_case_id_TCGA-BC-A69I_4_0_cell_expansion_15_0_threshold_0_7_facet_size_3.0.csv.tif,24169.0179839001,12629.564379060552,6517.766441927904
labels_mask_case_id_TCGA-CC-A3MA_4_0_cell_expansion_1_0_threshold_0_4_facet_size_3.0.csv.tif,24070.098843446583,12878.594322994852,8475.042408891275
labels_mask_case_id_TCGA-CC-A8HT_0_3_cell_expansion_11_0_threshold_0_6_facet_size_3.0.csv.tif,24500.47326336218,15036.083672613398,8854.650086694386
labels_mask_case_id_TCGA-CC-A1HT_3_3_cell_expansion_5_0_threshold_0_8_facet_size_3.0.csv.tif,24024.82111650516,11880.65679766282,5994.120945504339
labels_mask_case_id_TCGA-CC-5261_0_4_cell_expansion_11_0_threshold_0_4_facet_size_3.0.csv.tif,24766.42155807184,17245.752896036207,11496.20514232525
labels_mask_case_id_TCGA-K7-AAU7_1_2_cell_expansion_13_0_threshold_0_7_facet_size_3.0.csv.tif,23183.17348317257,7596.470467135528,3327.3687129273703
labels_mask_case_id_TCGA-CC-5261_3_1_cell_expansion_13_0_threshold_0_6_facet_size_3.0.csv.tif,24796.24022300614,17203.945254336333,10949.51400404573
labels_mask_case_id_TCGA-DD-AAED_3_2_cell_expansion_13_0_threshold_0_7_facet_size_3.0.csv.tif,24714.89168497039,16309.542509851535,9676.60007449752
labels_mask_case_id_TCGA-CC-5261_1_2_cell_expansion_7_0_threshold_0_6_facet_size_3.0.csv.tif,24474.59781479848,14952.03474644372,8851.922393601644
labels_mask_case_id_TCGA-CC-A3MA_0_4_cell_expansion_15_0_threshold_0_6_facet_size_3.0.csv.tif,24222.830343190628,13579.610254211024,7958.356086699247
labels_mask_case_id_TCGA-CC-A8HT_1_2_cell_expansion_9_0_threshold_0_7_facet_size_3.0.csv.tif,23934.027711868115,11793.65953023249,6467.727440163559
labels_mask_case_id_TCGA-K7-AAU7_0_1_cell_expansion_9_0_threshold_0_7_facet_size_3.0.csv.tif,22677.92919578608,5190.89114957699,1811.7609845769975
labels_mask_case_id_TCGA-CC-A3MA_2_3_cell_expansion_11_0_threshold_0_8_facet_size_3.0.csv.tif,23515.396051978627,9106.284567010109,4091.062710678241
labels_mask_case_id_TCGA-G3-A7M6_4_2_cell_expansion_13_0_threshold_0_4_facet_size_3.0.csv.tif,24704.04969968081,17535.514959440643,12743.775487472009
labels_mask_case_id_TCGA-K7-AAU7_3_0_cell_expansion_13_0_threshold_0_4_facet_size_3.0.csv.tif,24463.11673719496,15092.10096695172,9433.953503086246
labels_mask_case_id_TCGA-CC-A8HT_1_0_cell_expansion_15_0_threshold_0_5_facet_size_3.0.csv.tif,24710.092175090955,16655.903535315272,10593.590632367856
labels_mask_case_id_TCGA-CC-A3MA_3_4_cell_expansion_7_0_threshold_0_8_facet_size_3.0.csv.tif,23783.9184924976,10755.137310744894,5366.337804767252
labels_mask_case_id_TCGA-K7-AAU7_0_1_cell_expansion_15_0_threshold_0_5_facet_size_3.0.csv.tif,23362.11887321573,8643.239249377464,4300.942096904742
labels_mask_case_id_TCGA-G3-A5SK_0_4_cell_expansion_1_0_threshold_0_5_facet_size_3.0.csv.tif,23037.01985378209,7089.6715176154885,3698.278652960462
labels_mask_case_id_TCGA-CC-5261_0_0_cell_expansion_1_0_threshold_0_7_facet_size_3.0.csv.tif,23425.74266395071,9323.95997679339,5515.533001566982
labels_mask_case_id_TCGA-CC-A8HT_4_0_cell_expansion_9_0_threshold_0_7_facet_size_3.0.csv.tif,24254.11226755239,13311.893672071425,7299.826538770743
labels_mask_case_id_TCGA-K7-AAU7_1_2_cell_expansion_15_0_threshold_0_4_facet_size_3.0.csv.tif,24331.907025742406,14405.337214629708,9122.810286379874
labels_mask_case_id_TCGA-G3-A5SK_1_1_cell_expansion_7_0_threshold_0_6_facet_size_3.0.csv.tif,24275.550846687307,13461.582651796349,7359.069910493088
labels_mask_case_id_TCGA-G3-A7M6_4_3_cell_expansion_13_0_threshold_0_6_facet_size_3.0.csv.tif,24371.334366821,14325.653349576794,8252.695548995143
labels_mask_case_id_TCGA-K7-AAU7_0_4_cell_expansion_11_0_threshold_0_4_facet_size_3.0.csv.tif,24375.559221272182,14644.5830276938,9316.012488482564
labels_mask_case_id_TCGA-G3-A5SK_1_1_cell_expansion_3_0_threshold_0_8_facet_size_3.0.csv.tif,23039.935090311967,6950.142780404512,3035.243896848664
labels_mask_case_id_TCGA-CC-A8HT_1_3_cell_expansion_9_0_threshold_0_7_facet_size_3.0.csv.tif,24210.05649778843,13375.5269436651,7512.981016479356
labels_mask_case_id_TCGA-CC-5261_1_4_cell_expansion_3_0_threshold_0_6_facet_size_3.0.csv.tif,24038.95590561691,12622.494239461965,7587.41544118586
labels_mask_case_id_TCGA-CC-5261_3_4_cell_expansion_11_0_threshold_0_4_facet_size_3.0.csv.tif,24783.107316938756,17017.651518741404,10724.583445631486
labels_mask_case_id_TCGA-K7-AAU7_2_2_cell_expansion_13_0_threshold_0_7_facet_size_3.0.csv.tif,23013.300664918424,6833.033808996981,2972.76570220704
labels_mask_case_id_TCGA-K7-AAU7_0_0_cell_expansion_15_0_threshold_0_7_facet_size_3.0.csv.tif,22674.809970319988,5050.032198825154,1545.6917172235974
labels_mask_case_id_TCGA-G3-A5SK_0_4_cell_expansion_13_0_threshold_0_4_facet_size_3.0.csv.tif,24307.19367557769,13822.254008648191,7828.810420266616
labels_mask_case_id_TCGA-DD-AAED_1_2_cell_expansion_9_0_threshold_0_6_facet_size_3.0.csv.tif,24660.123978818046,16114.423292117246,9709.681474617862
labels_mask_case_id_TCGA-YA-A8S7_3_3_cell_expansion_11_0_threshold_0_4_facet_size_3.0.csv.tif,22767.25216542802,5574.291434660806,2004.5938268073523
labels_mask_case_id_TCGA-CC-A3MA_4_1_cell_expansion_1_0_threshold_0_4_facet_size_3.0.csv.tif,24082.946679028457,12960.435804703588,8298.138095716144
labels_mask_case_id_TCGA-CC-A3MA_1_4_cell_expansion_1_0_threshold_0_6_facet_size_3.0.csv.tif,23954.13816648771,12219.895417215528,7629.6796597095135
labels_mask_case_id_TCGA-CC-5261_4_1_cell_expansion_1_0_threshold_0_5_facet_size_3.0.csv.tif,24004.54066741698,12616.735259537612,8368.922394017474
labels_mask_case_id_TCGA-YA-A8S7_1_0_cell_expansion_13_0_threshold_0_8_facet_size_3.0.csv.tif,23099.653166752734,7219.458079531578,2928.6267293803
labels_mask_case_id_TCGA-CC-5261_0_4_cell_expansion_11_0_threshold_0_8_facet_size_3.0.csv.tif,23242.95899023704,8074.300161174771,3652.439134213064
labels_mask_case_id_TCGA-DD-AAED_0_2_cell_expansion_11_0_threshold_0_6_facet_size_3.0.csv.tif,24611.675572262466,15971.920499156286,9824.321009293097
labels_mask_case_id_TCGA-CC-A3MA_2_2_cell_expansion_15_0_threshold_0_8_facet_size_3.0.csv.tif,24171.50734315661,12580.215507905898,6354.636734138789
labels_mask_case_id_TCGA-BC-A69I_4_1_cell_expansion_15_0_threshold_0_5_facet_size_3.0.csv.tif,24058.411615373418,11911.543018569231,6031.132820699469
labels_mask_case_id_TCGA-G3-A7M6_0_3_cell_expansion_9_0_threshold_0_5_facet_size_3.0.csv.tif,24560.829270751183,15387.13775077006,9038.19097747879
labels_mask_case_id_TCGA-CC-A8HT_1_1_cell_expansion_11_0_threshold_0_5_facet_size_3.0.csv.tif,24763.542772700293,17026.54666519556,10871.04545725769
labels_mask_case_id_TCGA-G3-A7M6_4_3_cell_expansion_15_0_threshold_0_5_facet_size_3.0.csv.tif,24418.09309649175,14635.346658183496,8541.262477403603
labels_mask_case_id_TCGA-CC-A1HT_4_0_cell_expansion_7_0_threshold_0_8_facet_size_3.0.csv.tif,23061.868427934474,6989.0237655607925,2800.7759510990645
labels_mask_case_id_TCGA-G3-A5SK_0_4_cell_expansion_3_0_threshold_0_8_facet_size_3.0.csv.tif,22977.52957510369,6561.713258559056,2761.055371213646
labels_mask_case_id_TCGA-CC-5261_2_3_cell_expansion_11_0_threshold_0_4_facet_size_3.0.csv.tif,24829.212605320998,17470.68776460265,11171.33245696874
labels_mask_case_id_TCGA-CC-A3MA_1_3_cell_expansion_1_0_threshold_0_4_facet_size_3.0.csv.tif,24360.559596477604,14826.072137480696,10140.563133463478
labels_mask_case_id_TCGA-CC-5261_3_0_cell_expansion_11_0_threshold_0_5_facet_size_3.0.csv.tif,24624.255850007503,15960.961220233115,9801.568638808109
labels_mask_case_id_TCGA-CC-5261_0_1_cell_expansion_15_0_threshold_0_5_facet_size_3.0.csv.tif,24682.075319188563,16354.333189646664,10137.600000226084
labels_mask_case_id_TCGA-CC-A3MA_3_4_cell_expansion_7_0_threshold_0_4_facet_size_3.0.csv.tif,24735.246360868296,16998.819403691497,11072.161010247357
labels_mask_case_id_TCGA-DD-AAED_4_0_cell_expansion_9_0_threshold_0_6_facet_size_3.0.csv.tif,24619.92150716052,16064.30920790479,9984.795460885824
labels_mask_case_id_TCGA-CC-5261_4_1_cell_expansion_5_0_threshold_0_7_facet_size_3.0.csv.tif,24304.71401465777,13930.614973611291,8115.273140277511
labels_mask_case_id_TCGA-CC-A1HT_4_1_cell_expansion_11_0_threshold_0_8_facet_size_3.0.csv.tif,23998.75667581582,11563.051965218436,5460.415007133746
labels_mask_case_id_TCGA-BC-A69I_3_3_cell_expansion_3_0_threshold_0_5_facet_size_3.0.csv.tif,23965.243309942853,11926.78385272744,6777.635372060484
labels_mask_case_id_TCGA-G3-A7M6_4_0_cell_expansion_13_0_threshold_0_7_facet_size_3.0.csv.tif,24043.08669821766,12692.756694344054,7602.706171844667
labels_mask_case_id_TCGA-CC-A8HT_0_1_cell_expansion_15_0_threshold_0_7_facet_size_3.0.csv.tif,24290.850631210124,13593.486537092567,7484.408838675414
labels_mask_case_id_TCGA-DD-AAED_1_1_cell_expansion_1_0_threshold_0_5_facet_size_3.0.csv.tif,23555.97734743752,9885.901449013343,5794.37803584904
labels_mask_case_id_TCGA-YA-A8S7_3_0_cell_expansion_13_0_threshold_0_4_facet_size_3.0.csv.tif,24809.45282149928,17639.526520332864,11931.1898294381
labels_mask_case_id_TCGA-K7-AAU7_3_1_cell_expansion_3_0_threshold_0_6_facet_size_3.0.csv.tif,23277.468405703272,8331.561885779267,4531.066625832257
labels_mask_case_id_TCGA-CC-A1HT_0_4_cell_expansion_9_0_threshold_0_8_facet_size_3.0.csv.tif,22592.37689568596,4765.090005344515,1351.8436521330773
labels_mask_case_id_TCGA-CC-A3MA_0_2_cell_expansion_15_0_threshold_0_4_facet_size_3.0.csv.tif,24960.801986911312,18865.33226844196,13185.308370077157
labels_mask_case_id_TCGA-G3-A7M6_3_2_cell_expansion_7_0_threshold_0_6_facet_size_3.0.csv.tif,24532.0497628646,15298.68215565898,9047.983445275888
labels_mask_case_id_TCGA-K7-AAU7_4_3_cell_expansion_5_0_threshold_0_4_facet_size_3.0.csv.tif,24660.450081093943,16748.01354775428,11403.129031838707
labels_mask_case_id_TCGA-BC-A69I_1_4_cell_expansion_7_0_threshold_0_4_facet_size_3.0.csv.tif,24252.70532268852,13705.852405213329,7936.34692079654
labels_mask_case_id_TCGA-G3-A5SK_0_0_cell_expansion_9_0_threshold_0_8_facet_size_3.0.csv.tif,23523.07684697232,9441.606929552489,4518.900995690704
labels_mask_case_id_TCGA-CC-A8HT_1_0_cell_expansion_1_0_threshold_0_4_facet_size_3.0.csv.tif,23779.705458438228,11183.646096111032,7207.248632473287
labels_mask_case_id_TCGA-CC-A1HT_4_0_cell_expansion_15_0_threshold_0_4_facet_size_3.0.csv.tif,24712.45059372489,16788.476323981115,10881.297071945535
labels_mask_case_id_TCGA-DD-AAED_3_1_cell_expansion_1_0_threshold_0_4_facet_size_3.0.csv.tif,23678.87809745766,10684.299330041436,6648.764650126028
labels_mask_case_id_TCGA-DD-AAED_3_4_cell_expansion_13_0_threshold_0_5_facet_size_3.0.csv.tif,24672.687021075697,16568.403532819142,10586.295132921889
labels_mask_case_id_TCGA-CC-A8HT_4_2_cell_expansion_5_0_threshold_0_6_facet_size_3.0.csv.tif,24189.83118855565,13059.47392019285,7185.067287322593
labels_mask_case_id_TCGA-DD-AAED_0_3_cell_expansion_1_0_threshold_0_7_facet_size_3.0.csv.tif,23393.957831674983,9051.38047720119,5182.075240563053
labels_mask_case_id_TCGA-K7-AAU7_0_3_cell_expansion_15_0_threshold_0_6_facet_size_3.0.csv.tif,24026.66611737692,12380.705570072936,7120.147688254937
labels_mask_case_id_TCGA-CC-A8HT_3_1_cell_expansion_3_0_threshold_0_8_facet_size_3.0.csv.tif,22708.31538210961,5332.578560700008,1942.404379482113
labels_mask_case_id_TCGA-K7-AAU7_1_1_cell_expansion_5_0_threshold_0_4_facet_size_3.0.csv.tif,24497.618887194167,15622.666479149426,10563.893078440862
labels_mask_case_id_TCGA-CC-A3MA_2_4_cell_expansion_13_0_threshold_0_5_facet_size_3.0.csv.tif,24856.10598428157,17714.8289883551,11552.116438616344
labels_mask_case_id_TCGA-K7-AAU7_4_4_cell_expansion_5_0_threshold_0_6_facet_size_3.0.csv.tif,23802.3725349463,11064.964404859757,5939.151229520937
labels_mask_case_id_TCGA-DD-AAED_2_2_cell_expansion_5_0_threshold_0_8_facet_size_3.0.csv.tif,23510.91687954876,9465.89123375637,4764.403597959035
labels_mask_case_id_TCGA-CC-A8HT_2_4_cell_expansion_3_0_threshold_0_8_facet_size_3.0.csv.tif,22475.310293434828,4165.711480380316,1079.5644899936212
labels_mask_case_id_TCGA-CC-5261_2_0_cell_expansion_13_0_threshold_0_4_facet_size_3.0.csv.tif,24768.33186489018,17068.846195261725,10928.292256137383
labels_mask_case_id_TCGA-K7-AAU7_0_3_cell_expansion_13_0_threshold_0_5_facet_size_3.0.csv.tif,24244.498082240705,13854.263325953838,8591.941067660864
labels_mask_case_id_TCGA-BC-A69I_1_3_cell_expansion_5_0_threshold_0_7_facet_size_3.0.csv.tif,23862.35035821784,11184.24106778434,5794.283157296417
labels_mask_case_id_TCGA-K7-AAU7_3_1_cell_expansion_7_0_threshold_0_4_facet_size_3.0.csv.tif,24243.76117663354,14025.495008178565,9044.123733182229
labels_mask_case_id_TCGA-K7-AAU7_1_1_cell_expansion_7_0_threshold_0_5_facet_size_3.0.csv.tif,24402.10736778769,14819.966541870685,9582.458332473165
labels_mask_case_id_TCGA-BC-A69I_1_4_cell_expansion_3_0_threshold_0_6_facet_size_3.0.csv.tif,23546.20498162626,9797.00259763986,5359.485867340292
labels_mask_case_id_TCGA-K7-AAU7_4_3_cell_expansion_3_0_threshold_0_7_facet_size_3.0.csv.tif,23211.758295920077,8056.29861692834,4155.145810308579
labels_mask_case_id_TCGA-DD-AAED_4_4_cell_expansion_7_0_threshold_0_4_facet_size_3.0.csv.tif,24888.766756600457,18047.825729845263,11932.923428504591
labels_mask_case_id_TCGA-CC-A1HT_1_1_cell_expansion_3_0_threshold_0_4_facet_size_3.0.csv.tif,24003.83994947174,12510.52724969752,7849.879681373309
labels_mask_case_id_TCGA-YA-A8S7_2_3_cell_expansion_9_0_threshold_0_8_facet_size_3.0.csv.tif,22749.12719264372,5358.1680796038,1709.7438849189896
labels_mask_case_id_TCGA-CC-5261_1_1_cell_expansion_1_0_threshold_0_7_facet_size_3.0.csv.tif,22937.97158235446,6581.856701160421,3157.059403848584
labels_mask_case_id_TCGA-G3-A7M6_1_2_cell_expansion_15_0_threshold_0_5_facet_size_3.0.csv.tif,24924.151255015604,18989.5447315317,14250.386772720369
labels_mask_case_id_TCGA-BC-A69I_1_4_cell_expansion_11_0_threshold_0_6_facet_size_3.0.csv.tif,24268.398467395236,13695.350404222976,7779.309212687675
labels_mask_case_id_TCGA-CC-A3MA_4_3_cell_expansion_5_0_threshold_0_4_facet_size_3.0.csv.tif,24796.67524834661,17477.640761262723,11599.410045117822
labels_mask_case_id_TCGA-G3-A5SK_1_2_cell_expansion_7_0_threshold_0_4_facet_size_3.0.csv.tif,24510.9435613755,15267.046705080633,9260.924904347326
labels_mask_case_id_TCGA-CC-5261_4_3_cell_expansion_7_0_threshold_0_4_facet_size_3.0.csv.tif,24876.94846239552,18163.017476984664,12453.853535045822
labels_mask_case_id_TCGA-G3-A7M6_0_0_cell_expansion_11_0_threshold_0_8_facet_size_3.0.csv.tif,23715.558130372578,10304.434560399272,5007.534649802692
labels_mask_case_id_TCGA-CC-A3MA_0_3_cell_expansion_1_0_threshold_0_4_facet_size_3.0.csv.tif,24244.71722756324,13902.174509970944,8998.96962607897
labels_mask_case_id_TCGA-CC-5261_1_1_cell_expansion_3_0_threshold_0_6_facet_size_3.0.csv.tif,23484.856259174743,9530.819387561653,5217.641471955053
labels_mask_case_id_TCGA-CC-5261_4_2_cell_expansion_11_0_threshold_0_8_facet_size_3.0.csv.tif,24247.189311527007,13229.753940991865,7105.393072389973
labels_mask_case_id_TCGA-CC-A1HT_1_3_cell_expansion_13_0_threshold_0_8_facet_size_3.0.csv.tif,24321.402892453807,13169.975611475693,6463.326778834316
labels_mask_case_id_TCGA-CC-A1HT_0_3_cell_expansion_5_0_threshold_0_5_facet_size_3.0.csv.tif,24514.033906515724,15376.579810446296,9599.737868579134
labels_mask_case_id_TCGA-CC-A3MA_2_3_cell_expansion_5_0_threshold_0_7_facet_size_3.0.csv.tif,24411.965106511925,14550.371001080432,8573.026148555911
labels_mask_case_id_TCGA-CC-5261_3_1_cell_expansion_5_0_threshold_0_4_facet_size_3.0.csv.tif,24781.365990025304,17287.81901792346,11458.95104217368
labels_mask_case_id_TCGA-G3-A5SK_0_0_cell_expansion_1_0_threshold_0_5_facet_size_3.0.csv.tif,23300.49308836528,8640.00116528137,5245.080936204789
labels_mask_case_id_TCGA-G3-A5SK_1_2_cell_expansion_3_0_threshold_0_6_facet_size_3.0.csv.tif,23711.15869189093,10718.191522120847,6198.929785226406
labels_mask_case_id_TCGA-CC-A1HT_2_3_cell_expansion_13_0_threshold_0_4_facet_size_3.0.csv.tif,24422.14101890907,14871.462162895128,9191.015834651243
labels_mask_case_id_TCGA-CC-A1HT_3_1_cell_expansion_7_0_threshold_0_7_facet_size_3.0.csv.tif,23172.95273909039,7627.920971049582,3485.4047032413964
labels_mask_case_id_TCGA-CC-A8HT_2_3_cell_expansion_9_0_threshold_0_6_facet_size_3.0.csv.tif,24466.98380809484,15003.631372997048,9027.672231446672
labels_mask_case_id_TCGA-CC-A3MA_4_3_cell_expansion_3_0_threshold_0_7_facet_size_3.0.csv.tif,23851.53578480505,11341.355325950986,6357.416157412123
labels_mask_case_id_TCGA-BC-A69I_0_0_cell_expansion_9_0_threshold_0_6_facet_size_3.0.csv.tif,24156.623085528816,12836.753222609785,6987.681141636032
labels_mask_case_id_TCGA-CC-A3MA_3_1_cell_expansion_5_0_threshold_0_5_facet_size_3.0.csv.tif,24774.76405290693,17518.93550311106,12065.768774927796
labels_mask_case_id_TCGA-BC-A69I_1_0_cell_expansion_7_0_threshold_0_8_facet_size_3.0.csv.tif,23439.78341290325,8772.144091552087,3893.627568188151
labels_mask_case_id_TCGA-CC-5261_0_0_cell_expansion_9_0_threshold_0_6_facet_size_3.0.csv.tif,24707.244623980117,16577.952372425232,10314.223368368654
labels_mask_case_id_TCGA-CC-A1HT_2_4_cell_expansion_13_0_threshold_0_4_facet_size_3.0.csv.tif,24812.126584938414,17187.394176744303,10732.937899110571
labels_mask_case_id_TCGA-CC-A8HT_4_3_cell_expansion_13_0_threshold_0_5_facet_size_3.0.csv.tif,24423.50353605599,14536.330961023074,8580.008428118983
labels_mask_case_id_TCGA-DD-AAED_4_1_cell_expansion_3_0_threshold_0_6_facet_size_3.0.csv.tif,24229.82447164255,13523.329513087949,7993.020714564887
labels_mask_case_id_TCGA-K7-AAU7_0_1_cell_expansion_5_0_threshold_0_4_facet_size_3.0.csv.tif,23257.01340452718,8240.886908401262,4187.507729721296
labels_mask_case_id_TCGA-DD-AAED_3_3_cell_expansion_5_0_threshold_0_4_facet_size_3.0.csv.tif,24819.214871122746,17497.669715214462,11344.610645135082
labels_mask_case_id_TCGA-CC-5261_3_2_cell_expansion_9_0_threshold_0_5_facet_size_3.0.csv.tif,24680.53668831628,16318.869968427029,9994.540060448537
labels_mask_case_id_TCGA-CC-A1HT_0_0_cell_expansion_9_0_threshold_0_4_facet_size_3.0.csv.tif,24411.27316223341,15051.643941531023,9675.30678138763
labels_mask_case_id_TCGA-G3-A7M6_0_2_cell_expansion_3_0_threshold_0_5_facet_size_3.0.csv.tif,23950.743115360536,12003.91221300692,7125.505672169646
labels_mask_case_id_TCGA-BC-A69I_0_0_cell_expansion_15_0_threshold_0_5_facet_size_3.0.csv.tif,24278.84459570742,13569.313224045149,7580.435849752266
labels_mask_case_id_TCGA-DD-AAED_4_1_cell_expansion_1_0_threshold_0_7_facet_size_3.0.csv.tif,23456.322888869203,9327.819759685934,5205.853777129196
labels_mask_case_id_TCGA-BC-A69I_0_4_cell_expansion_3_0_threshold_0_6_facet_size_3.0.csv.tif,23841.24128625072,11303.452765661785,6404.486610795915
labels_mask_case_id_TCGA-CC-A1HT_0_1_cell_expansion_9_0_threshold_0_8_facet_size_3.0.csv.tif,22932.39053314606,6115.450099491459,2108.563851288772
labels_mask_case_id_TCGA-K7-AAU7_3_4_cell_expansion_3_0_threshold_0_6_facet_size_3.0.csv.tif,23446.93108956462,9168.103491112117,4808.243631603757
labels_mask_case_id_TCGA-G3-A7M6_4_4_cell_expansion_1_0_threshold_0_8_facet_size_3.0.csv.tif,22684.073484821674,5270.40956044325,2176.260222443942
labels_mask_case_id_TCGA-K7-AAU7_4_1_cell_expansion_13_0_threshold_0_4_facet_size_3.0.csv.tif,24772.50584752915,17284.841046048776,11518.216494801942
labels_mask_case_id_TCGA-DD-AAED_3_4_cell_expansion_5_0_threshold_0_6_facet_size_3.0.csv.tif,24517.57974276723,15533.776246693444,9722.202265253
labels_mask_case_id_TCGA-G3-A7M6_4_2_cell_expansion_3_0_threshold_0_7_facet_size_3.0.csv.tif,23500.425014498105,9753.305218587067,5707.986902223913
labels_mask_case_id_TCGA-CC-A1HT_4_0_cell_expansion_9_0_threshold_0_6_facet_size_3.0.csv.tif,24457.981612972984,14790.159959971692,8663.165619091033
labels_mask_case_id_TCGA-CC-5261_4_0_cell_expansion_11_0_threshold_0_7_facet_size_3.0.csv.tif,24575.92375519147,15534.449462678314,9242.864351263055
labels_mask_case_id_TCGA-CC-A8HT_4_1_cell_expansion_5_0_threshold_0_8_facet_size_3.0.csv.tif,22623.9661304208,4918.837688319319,1611.672808807482
labels_mask_case_id_TCGA-BC-A69I_1_1_cell_expansion_3_0_threshold_0_6_facet_size_3.0.csv.tif,23588.48442804501,9823.450540331472,5134.630893421506
labels_mask_case_id_TCGA-DD-AAED_1_3_cell_expansion_3_0_threshold_0_6_facet_size_3.0.csv.tif,24246.860085778266,13738.77711452548,8426.303422791972
labels_mask_case_id_TCGA-K7-AAU7_3_3_cell_expansion_1_0_threshold_0_5_facet_size_3.0.csv.tif,23141.786388543595,7549.3611314134305,4083.3548204615263
labels_mask_case_id_TCGA-BC-A69I_4_4_cell_expansion_3_0_threshold_0_4_facet_size_3.0.csv.tif,24113.596126682896,13025.960812212075,7908.028705947454
labels_mask_case_id_TCGA-YA-A8S7_1_4_cell_expansion_3_0_threshold_0_7_facet_size_3.0.csv.tif,22351.93265770984,3590.765828228221,722.8719273017052
labels_mask_case_id_TCGA-DD-AAED_4_0_cell_expansion_7_0_threshold_0_8_facet_size_3.0.csv.tif,24110.78659199295,12705.535716058024,6863.736608410307
labels_mask_case_id_TCGA-CC-A3MA_4_4_cell_expansion_11_0_threshold_0_6_facet_size_3.0.csv.tif,24453.47428916565,15211.62073863463,9453.35502095516
labels_mask_case_id_TCGA-DD-AAED_1_4_cell_expansion_7_0_threshold_0_6_facet_size_3.0.csv.tif,24736.12680472311,16803.50506071498,10534.3330964915
labels_mask_case_id_TCGA-YA-A8S7_1_3_cell_expansion_5_0_threshold_0_6_facet_size_3.0.csv.tif,24505.731730898824,15250.278336633628,9307.63117216949
labels_mask_case_id_TCGA-G3-A7M6_3_0_cell_expansion_7_0_threshold_0_4_facet_size_3.0.csv.tif,24651.94832724156,16082.646502679658,9709.833546363729
labels_mask_case_id_TCGA-YA-A8S7_3_4_cell_expansion_3_0_threshold_0_6_facet_size_3.0.csv.tif,22331.4896778524,3497.546839119883,650.8266423169168
labels_mask_case_id_TCGA-DD-AAED_1_3_cell_expansion_1_0_threshold_0_7_facet_size_3.0.csv.tif,23457.50578263352,9282.722194791357,5377.280392765526
labels_mask_case_id_TCGA-CC-A1HT_3_3_cell_expansion_13_0_threshold_0_4_facet_size_3.0.csv.tif,24773.1002632881,16814.82099392983,10223.830597127784
labels_mask_case_id_TCGA-DD-AAED_2_0_cell_expansion_1_0_threshold_0_8_facet_size_3.0.csv.tif,23095.084132409065,7380.590422873046,3635.406061077185
labels_mask_case_id_TCGA-K7-AAU7_1_2_cell_expansion_1_0_threshold_0_8_facet_size_3.0.csv.tif,22310.146095899552,3412.020650216359,606.5964672244723
labels_mask_case_id_TCGA-CC-A8HT_4_3_cell_expansion_15_0_threshold_0_6_facet_size_3.0.csv.tif,24238.21269549855,13199.161526315112,7282.458504517913
labels_mask_case_id_TCGA-CC-A1HT_0_3_cell_expansion_15_0_threshold_0_7_facet_size_3.0.csv.tif,24313.17513920096,13701.04704765149,7567.521395300031
labels_mask_case_id_TCGA-CC-A1HT_3_3_cell_expansion_9_0_threshold_0_7_facet_size_3.0.csv.tif,24655.137564014032,15906.981013964054,9213.022696684273
labels_mask_case_id_TCGA-BC-A69I_2_2_cell_expansion_11_0_threshold_0_8_facet_size_3.0.csv.tif,23608.753264271647,9498.783168181682,4206.941707041494
labels_mask_case_id_TCGA-G3-A7M6_1_0_cell_expansion_11_0_threshold_0_4_facet_size_3.0.csv.tif,24677.80874866083,16522.21482243154,10615.943646484324
labels_mask_case_id_TCGA-G3-A7M6_1_1_cell_expansion_1_0_threshold_0_6_facet_size_3.0.csv.tif,23126.882437988912,7540.3387643932865,4121.751181444572
labels_mask_case_id_TCGA-G3-A7M6_0_3_cell_expansion_11_0_threshold_0_5_facet_size_3.0.csv.tif,24560.829270751183,15387.13775077006,9038.19097747879
labels_mask_case_id_TCGA-CC-A1HT_1_0_cell_expansion_15_0_threshold_0_6_facet_size_3.0.csv.tif,24327.876765299872,14105.765286889518,8368.033142750919
labels_mask_case_id_TCGA-K7-AAU7_0_0_cell_expansion_7_0_threshold_0_5_facet_size_3.0.csv.tif,23310.114262221847,8247.252093932519,3855.363891855303
labels_mask_case_id_TCGA-K7-AAU7_3_2_cell_expansion_5_0_threshold_0_7_facet_size_3.0.csv.tif,23122.21271336312,7428.173471533829,3370.668777765234
labels_mask_case_id_TCGA-CC-A1HT_3_2_cell_expansion_13_0_threshold_0_6_facet_size_3.0.csv.tif,24702.143680374204,16067.06237294562,9251.380665705576
labels_mask_case_id_TCGA-CC-5261_0_1_cell_expansion_9_0_threshold_0_6_facet_size_3.0.csv.tif,24627.90199255953,15858.261774179491,9491.17303595333
labels_mask_case_id_TCGA-BC-A69I_4_2_cell_expansion_3_0_threshold_0_6_facet_size_3.0.csv.tif,23465.924522740897,9110.919764606586,4545.435854038196
labels_mask_case_id_TCGA-YA-A8S7_3_2_cell_expansion_1_0_threshold_0_5_facet_size_3.0.csv.tif,23826.63087411009,11670.38160606267,7939.129172653642
labels_mask_case_id_TCGA-CC-A1HT_2_1_cell_expansion_13_0_threshold_0_7_facet_size_3.0.csv.tif,24392.838198497888,13881.603412683482,7302.763804064636
labels_mask_case_id_TCGA-BC-A69I_3_1_cell_expansion_5_0_threshold_0_8_facet_size_3.0.csv.tif,23165.28992459288,7629.705413998438,3457.61833600892
labels_mask_case_id_TCGA-CC-5261_3_3_cell_expansion_9_0_threshold_0_5_facet_size_3.0.csv.tif,24909.051085620515,18294.22304931848,12380.811842698433
labels_mask_case_id_TCGA-CC-A8HT_3_3_cell_expansion_1_0_threshold_0_7_facet_size_3.0.csv.tif,22858.16949173496,6191.646082034467,2956.3580125774056
labels_mask_case_id_TCGA-G3-A7M6_4_3_cell_expansion_1_0_threshold_0_6_facet_size_3.0.csv.tif,23156.87748347532,7688.714869386272,4167.468900622092
labels_mask_case_id_TCGA-K7-AAU7_0_0_cell_expansion_3_0_threshold_0_7_facet_size_3.0.csv.tif,22494.59098511097,4277.224208477357,1193.380964797147
labels_mask_case_id_TCGA-K7-AAU7_1_2_cell_expansion_1_0_threshold_0_4_facet_size_3.0.csv.tif,23268.77818913423,8279.959752296329,4804.658640020175
labels_mask_case_id_TCGA-K7-AAU7_1_3_cell_expansion_1_0_threshold_0_8_facet_size_3.0.csv.tif,22308.64975574472,3407.211592483316,605.1277718884616
labels_mask_case_id_TCGA-G3-A7M6_3_2_cell_expansion_11_0_threshold_0_7_facet_size_3.0.csv.tif,24392.119828368923,14276.913608590512,8030.205370009135
labels_mask_case_id_TCGA-CC-A8HT_1_3_cell_expansion_3_0_threshold_0_7_facet_size_3.0.csv.tif,23570.134017703556,9950.22708923983,5465.992928275216
labels_mask_case_id_TCGA-DD-AAED_4_0_cell_expansion_5_0_threshold_0_5_facet_size_3.0.csv.tif,24500.81039111568,15477.530302007415,9662.041145693256
labels_mask_case_id_TCGA-G3-A7M6_0_3_cell_expansion_7_0_threshold_0_7_facet_size_3.0.csv.tif,24319.241535715737,13768.470977655435,7580.2580856650275
labels_mask_case_id_TCGA-BC-A69I_0_4_cell_expansion_7_0_threshold_0_8_facet_size_3.0.csv.tif,23549.446963622173,9311.909588623395,4242.805035197412
labels_mask_case_id_TCGA-G3-A7M6_2_3_cell_expansion_7_0_threshold_0_6_facet_size_3.0.csv.tif,24469.55538944116,14908.830286626546,8921.816436060752
labels_mask_case_id_TCGA-CC-5261_3_4_cell_expansion_9_0_threshold_0_7_facet_size_3.0.csv.tif,24501.679708776268,14864.019748993263,8440.168649325915
labels_mask_case_id_TCGA-DD-AAED_0_0_cell_expansion_1_0_threshold_0_5_facet_size_3.0.csv.tif,23617.341180321408,10261.91398505317,6300.104075154961
labels_mask_case_id_TCGA-K7-AAU7_4_4_cell_expansion_15_0_threshold_0_4_facet_size_3.0.csv.tif,24392.34110144365,14561.627680171376,8850.522729085384
labels_mask_case_id_TCGA-G3-A7M6_0_3_cell_expansion_5_0_threshold_0_6_facet_size_3.0.csv.tif,24321.38096390455,13961.532987544018,8037.005323980532
labels_mask_case_id_TCGA-DD-AAED_4_1_cell_expansion_7_0_threshold_0_8_facet_size_3.0.csv.tif,24182.298283526085,12906.836229922745,6850.617354291611
labels_mask_case_id_TCGA-BC-A69I_0_1_cell_expansion_15_0_threshold_0_7_facet_size_3.0.csv.tif,24210.515159220395,13140.352322844676,7115.721524905321
labels_mask_case_id_TCGA-G3-A5SK_1_3_cell_expansion_7_0_threshold_0_4_facet_size_3.0.csv.tif,24406.938621620844,14648.245701308972,8803.409257932275
labels_mask_case_id_TCGA-BC-A69I_0_3_cell_expansion_15_0_threshold_0_8_facet_size_3.0.csv.tif,23465.131085927704,8624.389849157615,3567.5938671464546
labels_mask_case_id_TCGA-G3-A7M6_2_2_cell_expansion_15_0_threshold_0_5_facet_size_3.0.csv.tif,24477.81800571817,15042.1485809901,9033.78157788585
labels_mask_case_id_TCGA-YA-A8S7_0_3_cell_expansion_9_0_threshold_0_5_facet_size_3.0.csv.tif,24757.53549785079,16931.84263860544,10771.847073291929
labels_mask_case_id_TCGA-DD-AAED_4_1_cell_expansion_11_0_threshold_0_5_facet_size_3.0.csv.tif,24738.11571558054,16516.35471638765,9924.299670951028
labels_mask_case_id_TCGA-CC-A3MA_0_4_cell_expansion_5_0_threshold_0_8_facet_size_3.0.csv.tif,22662.78483923394,5048.439451866752,1641.0827328191092
labels_mask_case_id_TCGA-CC-A1HT_1_1_cell_expansion_3_0_threshold_0_8_facet_size_3.0.csv.tif,22351.60261624737,3627.443705212836,801.3463071403344
labels_mask_case_id_TCGA-CC-5261_3_0_cell_expansion_3_0_threshold_0_7_facet_size_3.0.csv.tif,23646.605835885624,10222.536911558953,5635.516232114615
labels_mask_case_id_TCGA-CC-A8HT_4_1_cell_expansion_15_0_threshold_0_5_facet_size_3.0.csv.tif,24403.08149474179,14692.11995297914,9033.240841357336
labels_mask_case_id_TCGA-BC-A69I_1_1_cell_expansion_11_0_threshold_0_5_facet_size_3.0.csv.tif,24376.962192536303,14105.204230711184,8008.864172221116
labels_mask_case_id_TCGA-CC-5261_2_4_cell_expansion_5_0_threshold_0_8_facet_size_3.0.csv.tif,23879.52448048904,11283.518653750849,5866.943500980083
labels_mask_case_id_TCGA-YA-A8S7_4_4_cell_expansion_9_0_threshold_0_5_facet_size_3.0.csv.tif,22576.09803429388,4471.8608546060295,1088.2945318793654
labels_mask_case_id_TCGA-YA-A8S7_1_1_cell_expansion_9_0_threshold_0_7_facet_size_3.0.csv.tif,24445.40842121747,14590.534474860977,8383.042446316724
labels_mask_case_id_TCGA-DD-AAED_2_4_cell_expansion_9_0_threshold_0_5_facet_size_3.0.csv.tif,24726.959211996167,16550.530861396244,10034.294988530928
labels_mask_case_id_TCGA-CC-A3MA_0_2_cell_expansion_5_0_threshold_0_6_facet_size_3.0.csv.tif,24817.311783120924,17525.178926060813,11452.222131737191
labels_mask_case_id_TCGA-CC-A1HT_1_3_cell_expansion_11_0_threshold_0_5_facet_size_3.0.csv.tif,24806.293481115776,17172.899379108057,10789.689564514105
labels_mask_case_id_TCGA-CC-A1HT_0_4_cell_expansion_3_0_threshold_0_8_facet_size_3.0.csv.tif,22439.81427570668,4045.3738645683206,993.8830295878812
labels_mask_case_id_TCGA-CC-A3MA_3_0_cell_expansion_5_0_threshold_0_5_facet_size_3.0.csv.tif,22957.468259798006,6584.3926124114405,2779.824766506556
labels_mask_case_id_TCGA-YA-A8S7_4_3_cell_expansion_9_0_threshold_0_7_facet_size_3.0.csv.tif,22295.564725834272,3345.912720479547,555.5313772235761
labels_mask_case_id_TCGA-CC-5261_2_2_cell_expansion_5_0_threshold_0_6_facet_size_3.0.csv.tif,24621.17029930765,16052.473311901522,10038.135921371268
labels_mask_case_id_TCGA-K7-AAU7_4_3_cell_expansion_13_0_threshold_0_7_facet_size_3.0.csv.tif,23867.423525379745,11312.395257767812,6121.361386101775
labels_mask_case_id_TCGA-CC-A1HT_3_0_cell_expansion_5_0_threshold_0_6_facet_size_3.0.csv.tif,24456.49281833013,15074.626380739108,9391.736634579913
labels_mask_case_id_TCGA-K7-AAU7_2_3_cell_expansion_9_0_threshold_0_4_facet_size_3.0.csv.tif,24336.185061322238,14515.297251026072,9289.663356394783
labels_mask_case_id_TCGA-CC-5261_1_0_cell_expansion_5_0_threshold_0_5_facet_size_3.0.csv.tif,24391.35968306359,14747.33760827532,9002.433566391595
labels_mask_case_id_TCGA-CC-5261_1_4_cell_expansion_13_0_threshold_0_7_facet_size_3.0.csv.tif,24426.92581149969,14657.136966274084,8516.949597195593
labels_mask_case_id_TCGA-YA-A8S7_0_0_cell_expansion_11_0_threshold_0_7_facet_size_3.0.csv.tif,24220.256147356136,13047.469261501066,7075.6405778680855
labels_mask_case_id_TCGA-BC-A69I_2_1_cell_expansion_1_0_threshold_0_8_facet_size_3.0.csv.tif,22794.13064897676,5892.892650283116,2602.1257146707885
labels_mask_case_id_TCGA-K7-AAU7_0_2_cell_expansion_13_0_threshold_0_5_facet_size_3.0.csv.tif,23181.311808633527,7729.493151822175,3601.6501196550485
labels_mask_case_id_TCGA-G3-A5SK_0_2_cell_expansion_13_0_threshold_0_4_facet_size_3.0.csv.tif,24535.204873363786,15356.829538523993,9219.104108710024
labels_mask_case_id_TCGA-CC-A8HT_0_0_cell_expansion_11_0_threshold_0_5_facet_size_3.0.csv.tif,24853.27875470031,17806.278136869478,11857.05971775612
labels_mask_case_id_TCGA-BC-A69I_4_3_cell_expansion_15_0_threshold_0_4_facet_size_3.0.csv.tif,24277.97947331681,13594.548455794436,7649.181551961553
labels_mask_case_id_TCGA-CC-A8HT_4_3_cell_expansion_5_0_threshold_0_4_facet_size_3.0.csv.tif,24355.934648814226,14419.8113161158,8879.58656520761
labels_mask_case_id_TCGA-DD-AAED_1_0_cell_expansion_3_0_threshold_0_6_facet_size_3.0.csv.tif,23719.20853545658,10718.098003704636,6060.436547107314
labels_mask_case_id_TCGA-G3-A7M6_3_4_cell_expansion_1_0_threshold_0_5_facet_size_3.0.csv.tif,23390.020511646355,9064.732254979705,5558.947113495677
labels_mask_case_id_TCGA-BC-A69I_2_0_cell_expansion_3_0_threshold_0_5_facet_size_3.0.csv.tif,23770.478288524133,10631.08966446342,5588.12944885449
labels_mask_case_id_TCGA-CC-A1HT_4_1_cell_expansion_13_0_threshold_0_7_facet_size_3.0.csv.tif,24510.910538919423,15086.09380534957,8765.402779551938
labels_mask_case_id_TCGA-CC-5261_0_2_cell_expansion_11_0_threshold_0_8_facet_size_3.0.csv.tif,23795.247357289543,10675.567224957678,5316.1636975446045
labels_mask_case_id_TCGA-G3-A7M6_4_1_cell_expansion_11_0_threshold_0_6_facet_size_3.0.csv.tif,24335.7965535988,13968.885448642126,7923.701879884564
labels_mask_case_id_TCGA-DD-AAED_0_0_cell_expansion_11_0_threshold_0_7_facet_size_3.0.csv.tif,24607.93203190885,15630.412038639714,9225.676775567354
labels_mask_case_id_TCGA-K7-AAU7_1_1_cell_expansion_15_0_threshold_0_7_facet_size_3.0.csv.tif,22849.956657911243,5877.401074971915,2161.2314826065717
labels_mask_case_id_TCGA-DD-AAED_1_1_cell_expansion_7_0_threshold_0_8_facet_size_3.0.csv.tif,24292.260067758463,13273.08785812228,6985.041674286681
labels_mask_case_id_TCGA-DD-AAED_4_2_cell_expansion_3_0_threshold_0_6_facet_size_3.0.csv.tif,24206.033844754205,13762.701919622292,8608.03929740112
labels_mask_case_id_TCGA-G3-A7M6_0_0_cell_expansion_1_0_threshold_0_8_facet_size_3.0.csv.tif,22738.753193334083,5552.562806954382,2402.302766943009
labels_mask_case_id_TCGA-CC-A1HT_1_1_cell_expansion_9_0_threshold_0_6_facet_size_3.0.csv.tif,24126.717896356186,12774.09167979814,7172.2339904491455
labels_mask_case_id_TCGA-CC-5261_3_1_cell_expansion_11_0_threshold_0_5_facet_size_3.0.csv.tif,24846.668263349697,17619.46997627543,11377.407647125958
labels_mask_case_id_TCGA-G3-A5SK_1_1_cell_expansion_3_0_threshold_0_6_facet_size_3.0.csv.tif,23508.561604117134,9484.667894214555,5092.068244983653
labels_mask_case_id_TCGA-G3-A5SK_4_3_cell_expansion_7_0_threshold_0_4_facet_size_3.0.csv.tif,24424.805901568023,14501.709770660978,8442.896321953362
labels_mask_case_id_TCGA-K7-AAU7_3_1_cell_expansion_13_0_threshold_0_8_facet_size_3.0.csv.tif,22295.564725834272,3345.912720479547,555.5313772235761
labels_mask_case_id_TCGA-CC-5261_2_2_cell_expansion_11_0_threshold_0_4_facet_size_3.0.csv.tif,24815.666750634187,17336.464125224353,11103.680997847956
labels_mask_case_id_TCGA-DD-AAED_1_1_cell_expansion_13_0_threshold_0_8_facet_size_3.0.csv.tif,24450.984165464084,14197.402136571103,7573.509696857105
labels_mask_case_id_TCGA-YA-A8S7_1_4_cell_expansion_15_0_threshold_0_4_facet_size_3.0.csv.tif,22541.057097545337,4444.869682409087,1262.0243117699538
labels_mask_case_id_TCGA-CC-5261_0_4_cell_expansion_11_0_threshold_0_6_facet_size_3.0.csv.tif,24652.832994377422,16331.619969762698,10520.438424771266
labels_mask_case_id_TCGA-G3-A5SK_0_3_cell_expansion_3_0_threshold_0_4_facet_size_3.0.csv.tif,24363.2755206363,14974.559783335691,10332.15313309103
labels_mask_case_id_TCGA-CC-A3MA_3_4_cell_expansion_3_0_threshold_0_8_facet_size_3.0.csv.tif,23309.95687958243,8400.619196411255,4006.797814304258
labels_mask_case_id_TCGA-G3-A5SK_0_0_cell_expansion_15_0_threshold_0_8_facet_size_3.0.csv.tif,23523.07684697232,9441.606929552489,4518.900995690704
labels_mask_case_id_TCGA-YA-A8S7_0_3_cell_expansion_13_0_threshold_0_7_facet_size_3.0.csv.tif,24487.95875991717,14905.825082666504,8720.677504682531
labels_mask_case_id_TCGA-BC-A69I_4_0_cell_expansion_15_0_threshold_0_5_facet_size_3.0.csv.tif,24503.044526441467,14807.499544909266,8317.304324565932
labels_mask_case_id_TCGA-G3-A5SK_2_3_cell_expansion_1_0_threshold_0_4_facet_size_3.0.csv.tif,23279.954820432555,8471.031314123902,5001.0002424345175
labels_mask_case_id_TCGA-DD-AAED_2_1_cell_expansion_13_0_threshold_0_4_facet_size_3.0.csv.tif,24802.69538844819,17165.393796030417,10702.457274859433
labels_mask_case_id_TCGA-G3-A5SK_1_0_cell_expansion_7_0_threshold_0_8_facet_size_3.0.csv.tif,23574.04003463776,9660.09623107926,4657.078975656624
labels_mask_case_id_TCGA-G3-A5SK_4_3_cell_expansion_3_0_threshold_0_6_facet_size_3.0.csv.tif,23741.428274227837,10801.60794557969,6242.271937174106
labels_mask_case_id_TCGA-G3-A7M6_1_0_cell_expansion_9_0_threshold_0_5_facet_size_3.0.csv.tif,24627.887014154527,16143.117067352425,10181.220683631856
labels_mask_case_id_TCGA-CC-5261_3_2_cell_expansion_3_0_threshold_0_7_facet_size_3.0.csv.tif,23916.93797794838,11709.609307426,6651.489249327329
labels_mask_case_id_TCGA-CC-5261_0_0_cell_expansion_13_0_threshold_0_6_facet_size_3.0.csv.tif,24714.663017214145,16620.13595910209,10337.704196043716
labels_mask_case_id_TCGA-CC-5261_2_1_cell_expansion_1_0_threshold_0_8_facet_size_3.0.csv.tif,22774.586978651783,5696.388396468814,2323.275623074346
labels_mask_case_id_TCGA-CC-A1HT_3_4_cell_expansion_5_0_threshold_0_8_facet_size_3.0.csv.tif,22885.570322035583,6235.213274178281,2444.5328756289573
labels_mask_case_id_TCGA-BC-A69I_4_0_cell_expansion_11_0_threshold_0_7_facet_size_3.0.csv.tif,24102.309082301523,12301.85256973995,6321.197770576197
labels_mask_case_id_TCGA-CC-A3MA_0_4_cell_expansion_13_0_threshold_0_7_facet_size_3.0.csv.tif,23603.518303070443,9783.609987923308,4765.541982361143
labels_mask_case_id_TCGA-DD-AAED_2_0_cell_expansion_9_0_threshold_0_7_facet_size_3.0.csv.tif,24323.5169125948,13955.124242352436,7971.837963916105
labels_mask_case_id_TCGA-CC-A3MA_1_3_cell_expansion_5_0_threshold_0_4_facet_size_3.0.csv.tif,24913.4526968254,18351.5938056843,12541.273628311445
labels_mask_case_id_TCGA-G3-A7M6_2_4_cell_expansion_9_0_threshold_0_4_facet_size_3.0.csv.tif,24713.60432846648,16544.5317334188,10245.133565948132
labels_mask_case_id_TCGA-CC-A1HT_3_4_cell_expansion_1_0_threshold_0_6_facet_size_3.0.csv.tif,23679.76995665773,10604.378958429936,6684.99651697936
labels_mask_case_id_TCGA-G3-A5SK_2_2_cell_expansion_1_0_threshold_0_4_facet_size_3.0.csv.tif,23408.0117192684,9112.9871985016,5468.089252140228
labels_mask_case_id_TCGA-K7-AAU7_0_0_cell_expansion_15_0_threshold_0_5_facet_size_3.0.csv.tif,23323.7593054304,8307.530770448186,3887.586481347872
labels_mask_case_id_TCGA-CC-5261_1_2_cell_expansion_11_0_threshold_0_4_facet_size_3.0.csv.tif,24642.938274373453,16181.036878225115,10146.089879296242
labels_mask_case_id_TCGA-K7-AAU7_0_1_cell_expansion_13_0_threshold_0_8_facet_size_3.0.csv.tif,22295.564725834272,3345.912720479547,555.5313772235761
labels_mask_case_id_TCGA-CC-5261_1_3_cell_expansion_5_0_threshold_0_5_facet_size_3.0.csv.tif,24441.118179194436,15005.238221733554,9247.83855108096
labels_mask_case_id_TCGA-CC-5261_3_4_cell_expansion_11_0_threshold_0_6_facet_size_3.0.csv.tif,24679.509712179726,16050.184288924807,9499.049104104402
labels_mask_case_id_TCGA-CC-A1HT_0_0_cell_expansion_7_0_threshold_0_8_facet_size_3.0.csv.tif,22295.564725834272,3345.912720479547,555.5313772235761
labels_mask_case_id_TCGA-G3-A5SK_0_1_cell_expansion_11_0_threshold_0_8_facet_size_3.0.csv.tif,23699.395047974725,10108.106708540232,4862.989782841818
labels_mask_case_id_TCGA-CC-A1HT_4_1_cell_expansion_1_0_threshold_0_5_facet_size_3.0.csv.tif,23800.78698467812,11299.442889309845,6925.409164536547
labels_mask_case_id_TCGA-CC-A3MA_3_0_cell_expansion_11_0_threshold_0_7_facet_size_3.0.csv.tif,22400.07975385225,3879.227696508948,953.5750767495728
labels_mask_case_id_TCGA-DD-AAED_4_1_cell_expansion_9_0_threshold_0_8_facet_size_3.0.csv.tif,24277.42712823773,13402.960498230284,7144.667902186515
labels_mask_case_id_TCGA-CC-A8HT_1_1_cell_expansion_13_0_threshold_0_6_facet_size_3.0.csv.tif,24557.293418101544,15515.322145417827,9394.609252680317
labels_mask_case_id_TCGA-CC-A3MA_1_2_cell_expansion_13_0_threshold_0_5_facet_size_3.0.csv.tif,24860.98739294956,17722.226729083734,11494.424043630064
labels_mask_case_id_TCGA-CC-A3MA_0_1_cell_expansion_3_0_threshold_0_5_facet_size_3.0.csv.tif,23027.14629873861,7177.086926117286,3403.2806126175515
labels_mask_case_id_TCGA-CC-A1HT_4_1_cell_expansion_7_0_threshold_0_6_facet_size_3.0.csv.tif,24622.33216500775,16042.26172641235,9910.281716064825
labels_mask_case_id_TCGA-CC-A8HT_0_2_cell_expansion_13_0_threshold_0_7_facet_size_3.0.csv.tif,24020.063846196867,11775.800665543296,5950.054206335995
labels_mask_case_id_TCGA-CC-5261_4_0_cell_expansion_7_0_threshold_0_8_facet_size_3.0.csv.tif,23611.118260869924,9749.896825040987,4518.2536650341535
labels_mask_case_id_TCGA-CC-A1HT_0_1_cell_expansion_3_0_threshold_0_6_facet_size_3.0.csv.tif,24269.2873971983,14068.806990760851,9138.44595420904
labels_mask_case_id_TCGA-CC-A8HT_2_0_cell_expansion_15_0_threshold_0_7_facet_size_3.0.csv.tif,24184.816018619294,13010.956284724492,7079.351375616632
labels_mask_case_id_TCGA-CC-5261_2_3_cell_expansion_13_0_threshold_0_7_facet_size_3.0.csv.tif,24621.82145680913,15666.979524030738,9064.528770859482
labels_mask_case_id_TCGA-CC-A3MA_2_1_cell_expansion_3_0_threshold_0_4_facet_size_3.0.csv.tif,24665.46012520777,17033.375358297148,12099.377269409426
labels_mask_case_id_TCGA-YA-A8S7_0_3_cell_expansion_15_0_threshold_0_8_facet_size_3.0.csv.tif,23145.948638576883,7406.050070568292,3057.997611846629
labels_mask_case_id_TCGA-CC-5261_2_1_cell_expansion_13_0_threshold_0_8_facet_size_3.0.csv.tif,23805.68233791659,10733.608460128931,5107.992138626325
labels_mask_case_id_TCGA-BC-A69I_4_2_cell_expansion_13_0_threshold_0_5_facet_size_3.0.csv.tif,24353.641316314828,13869.705400392442,7552.600259037772
labels_mask_case_id_TCGA-CC-A1HT_4_2_cell_expansion_9_0_threshold_0_6_facet_size_3.0.csv.tif,24689.97327209256,16357.758637822924,10113.5308159596
labels_mask_case_id_TCGA-K7-AAU7_3_1_cell_expansion_1_0_threshold_0_5_facet_size_3.0.csv.tif,23163.549417029848,7772.932078518478,4436.062068994913
labels_mask_case_id_TCGA-YA-A8S7_1_2_cell_expansion_15_0_threshold_0_6_facet_size_3.0.csv.tif,24745.612275321,16712.62014619272,10371.957666436056
labels_mask_case_id_TCGA-CC-5261_3_3_cell_expansion_15_0_threshold_0_4_facet_size_3.0.csv.tif,24923.294668154707,18495.50599355885,12737.74265337884
labels_mask_case_id_TCGA-G3-A5SK_1_4_cell_expansion_13_0_threshold_0_6_facet_size_3.0.csv.tif,24587.7520679382,15676.494899086589,9420.733321064046
labels_mask_case_id_TCGA-G3-A7M6_0_0_cell_expansion_5_0_threshold_0_6_facet_size_3.0.csv.tif,24526.47880240368,15349.1099730007,9334.69416609374
labels_mask_case_id_TCGA-DD-AAED_3_0_cell_expansion_15_0_threshold_0_5_facet_size_3.0.csv.tif,24755.643554783077,16796.279184715095,10370.070255298766
labels_mask_case_id_TCGA-K7-AAU7_2_4_cell_expansion_7_0_threshold_0_6_facet_size_3.0.csv.tif,23377.872371262787,8650.892496930477,4066.0940002877146
labels_mask_case_id_TCGA-YA-A8S7_1_1_cell_expansion_5_0_threshold_0_6_facet_size_3.0.csv.tif,24434.533687145024,14790.710169427675,8856.823067967995
labels_mask_case_id_TCGA-K7-AAU7_0_2_cell_expansion_11_0_threshold_0_8_facet_size_3.0.csv.tif,22358.47650961071,3617.3328954453336,698.2905384988708
labels_mask_case_id_TCGA-DD-AAED_0_3_cell_expansion_3_0_threshold_0_4_facet_size_3.0.csv.tif,24238.826774914363,13780.974184398236,8484.357014116305
labels_mask_case_id_TCGA-CC-A8HT_0_1_cell_expansion_15_0_threshold_0_5_facet_size_3.0.csv.tif,24762.63134292967,16898.349042558,10663.080169527282
labels_mask_case_id_TCGA-G3-A7M6_1_4_cell_expansion_1_0_threshold_0_8_facet_size_3.0.csv.tif,22497.0230899785,4392.403587356584,1464.846341253415
labels_mask_case_id_TCGA-BC-A69I_3_3_cell_expansion_3_0_threshold_0_7_facet_size_3.0.csv.tif,23617.71379017361,10047.089317857128,5334.999870328683
labels_mask_case_id_TCGA-YA-A8S7_2_3_cell_expansion_13_0_threshold_0_7_facet_size_3.0.csv.tif,23443.35070171227,8686.464830392259,3715.61310897528
labels_mask_case_id_TCGA-G3-A5SK_1_1_cell_expansion_11_0_threshold_0_8_facet_size_3.0.csv.tif,23753.042800414714,10305.254307897005,4821.625319215491
labels_mask_case_id_TCGA-DD-AAED_0_4_cell_expansion_7_0_threshold_0_4_facet_size_3.0.csv.tif,24634.433699673173,15853.059850493384,9421.647831134283
labels_mask_case_id_TCGA-CC-5261_0_3_cell_expansion_15_0_threshold_0_8_facet_size_3.0.csv.tif,23816.172041411315,10942.899531730232,5578.783327455875
labels_mask_case_id_TCGA-G3-A5SK_1_3_cell_expansion_9_0_threshold_0_4_facet_size_3.0.csv.tif,24429.181328927247,14761.184878436885,8865.695717149836
labels_mask_case_id_TCGA-CC-5261_0_2_cell_expansion_13_0_threshold_0_5_facet_size_3.0.csv.tif,24481.793845709588,15144.819044462563,9200.356179192466
labels_mask_case_id_TCGA-CC-A8HT_0_3_cell_expansion_1_0_threshold_0_8_facet_size_3.0.csv.tif,22538.99910150533,4478.264175265954,1362.5530437850916
labels_mask_case_id_TCGA-K7-AAU7_2_3_cell_expansion_7_0_threshold_0_4_facet_size_3.0.csv.tif,24313.729218716227,14381.222799963009,9196.64668161863
labels_mask_case_id_TCGA-YA-A8S7_3_1_cell_expansion_13_0_threshold_0_8_facet_size_3.0.csv.tif,22955.77740318148,6305.940084416581,2336.1727091743105
labels_mask_case_id_TCGA-CC-A3MA_0_2_cell_expansion_13_0_threshold_0_5_facet_size_3.0.csv.tif,24914.84688554848,18319.022808207275,12328.091807328115
labels_mask_case_id_TCGA-CC-A3MA_0_3_cell_expansion_15_0_threshold_0_8_facet_size_3.0.csv.tif,24198.28426213217,12744.45215994893,6396.864132777407
labels_mask_case_id_TCGA-YA-A8S7_2_3_cell_expansion_3_0_threshold_0_6_facet_size_3.0.csv.tif,23076.53677986849,7139.249971486534,3206.915452812124
labels_mask_case_id_TCGA-BC-A69I_1_4_cell_expansion_3_0_threshold_0_4_facet_size_3.0.csv.tif,23667.08832425025,10546.337197563083,6001.931476041334
labels_mask_case_id_TCGA-G3-A7M6_0_0_cell_expansion_1_0_threshold_0_4_facet_size_3.0.csv.tif,23322.065234974725,8630.768758747974,5131.050942964831
labels_mask_case_id_TCGA-BC-A69I_3_3_cell_expansion_5_0_threshold_0_4_facet_size_3.0.csv.tif,24397.747129452702,14238.199527888532,8058.079227531758
labels_mask_case_id_TCGA-DD-AAED_3_1_cell_expansion_5_0_threshold_0_4_facet_size_3.0.csv.tif,24590.24549543102,15959.399516727652,10064.586446308807
labels_mask_case_id_TCGA-K7-AAU7_1_1_cell_expansion_7_0_threshold_0_7_facet_size_3.0.csv.tif,22850.03405995146,5878.163752988317,2161.70358744596
labels_mask_case_id_TCGA-K7-AAU7_3_1_cell_expansion_7_0_threshold_0_6_facet_size_3.0.csv.tif,23653.03179231455,10242.636634354289,5648.316124327367
labels_mask_case_id_TCGA-YA-A8S7_2_4_cell_expansion_5_0_threshold_0_7_facet_size_3.0.csv.tif,22349.477050407346,3604.461480838486,726.3606968100278
labels_mask_case_id_TCGA-CC-A3MA_0_2_cell_expansion_11_0_threshold_0_4_facet_size_3.0.csv.tif,24961.397887856547,18860.984605040823,13179.265276460694
labels_mask_case_id_TCGA-K7-AAU7_4_3_cell_expansion_1_0_threshold_0_4_facet_size_3.0.csv.tif,23614.4242046423,10323.93979512502,6607.648561597705
labels_mask_case_id_TCGA-K7-AAU7_1_0_cell_expansion_13_0_threshold_0_6_facet_size_3.0.csv.tif,23031.529258450377,6979.7986000097135,3145.2702850558453
labels_mask_case_id_TCGA-CC-A8HT_1_0_cell_expansion_7_0_threshold_0_5_facet_size_3.0.csv.tif,24698.76805852437,16578.131341382035,10516.336087933858
labels_mask_case_id_TCGA-DD-AAED_3_1_cell_expansion_7_0_threshold_0_5_facet_size_3.0.csv.tif,24615.057042122688,15998.827882850754,9849.38111920357
labels_mask_case_id_TCGA-YA-A8S7_2_1_cell_expansion_15_0_threshold_0_6_facet_size_3.0.csv.tif,24457.745463009,14541.20433556979,8158.966982087348
labels_mask_case_id_TCGA-CC-A8HT_1_1_cell_expansion_15_0_threshold_0_8_facet_size_3.0.csv.tif,23223.16315863484,7609.310906995895,3051.4296631138823
labels_mask_case_id_TCGA-CC-5261_3_2_cell_expansion_5_0_threshold_0_5_facet_size_3.0.csv.tif,24535.967116798016,15538.400716875052,9623.126871930312
labels_mask_case_id_TCGA-CC-A8HT_1_4_cell_expansion_15_0_threshold_0_7_facet_size_3.0.csv.tif,24521.36563820136,14816.346829568443,8230.277635536888
labels_mask_case_id_TCGA-CC-A3MA_0_0_cell_expansion_13_0_threshold_0_7_facet_size_3.0.csv.tif,23801.54178753553,10971.633471299509,5532.5126826688565
labels_mask_case_id_TCGA-G3-A5SK_0_4_cell_expansion_5_0_threshold_0_4_facet_size_3.0.csv.tif,24056.46608289748,12483.785493720132,7005.4785087713935
labels_mask_case_id_TCGA-K7-AAU7_3_0_cell_expansion_15_0_threshold_0_4_facet_size_3.0.csv.tif,24463.11673719496,15092.10096695172,9433.953503086246
labels_mask_case_id_TCGA-BC-A69I_4_4_cell_expansion_11_0_threshold_0_7_facet_size_3.0.csv.tif,24337.045578283647,13995.051383352757,7896.352487026143
labels_mask_case_id_TCGA-DD-AAED_2_1_cell_expansion_11_0_threshold_0_4_facet_size_3.0.csv.tif,24799.26525548884,17153.232848277137,10696.660661562662
labels_mask_case_id_TCGA-G3-A5SK_1_3_cell_expansion_15_0_threshold_0_8_facet_size_3.0.csv.tif,23533.50031795329,9393.790989262658,4446.859529814556
labels_mask_case_id_TCGA-G3-A5SK_4_4_cell_expansion_1_0_threshold_0_4_facet_size_3.0.csv.tif,23108.84340456093,7471.571712375743,4026.8539133440686
labels_mask_case_id_TCGA-CC-A1HT_4_2_cell_expansion_13_0_threshold_0_7_facet_size_3.0.csv.tif,24423.70604590819,14258.29902547511,7908.940381965279
labels_mask_case_id_TCGA-CC-5261_0_1_cell_expansion_11_0_threshold_0_8_facet_size_3.0.csv.tif,24090.981354568077,12214.876409969373,6104.577669453374
labels_mask_case_id_TCGA-CC-5261_0_0_cell_expansion_7_0_threshold_0_7_facet_size_3.0.csv.tif,24534.059547437428,15522.714707609988,9466.144655705892
labels_mask_case_id_TCGA-CC-A3MA_0_0_cell_expansion_11_0_threshold_0_6_facet_size_3.0.csv.tif,23826.835661202025,11181.179101540223,5791.579026293804
labels_mask_case_id_TCGA-CC-A1HT_2_1_cell_expansion_7_0_threshold_0_8_facet_size_3.0.csv.tif,23023.58882307733,6631.906771993563,2460.6095027781503
labels_mask_case_id_TCGA-BC-A69I_4_0_cell_expansion_15_0_threshold_0_4_facet_size_3.0.csv.tif,24533.08692743744,15076.448983657428,8634.228596591727
labels_mask_case_id_TCGA-G3-A5SK_2_3_cell_expansion_1_0_threshold_0_5_facet_size_3.0.csv.tif,23248.67471429298,8318.81880601422,4875.406276793099
labels_mask_case_id_TCGA-DD-AAED_1_4_cell_expansion_11_0_threshold_0_7_facet_size_3.0.csv.tif,24688.16348372592,16324.776947101554,9948.291620818232
labels_mask_case_id_TCGA-DD-AAED_3_2_cell_expansion_15_0_threshold_0_7_facet_size_3.0.csv.tif,24714.89168497039,16309.542509851535,9676.60007449752
labels_mask_case_id_TCGA-DD-AAED_0_3_cell_expansion_11_0_threshold_0_7_facet_size_3.0.csv.tif,24579.36613449621,15436.054938107396,9062.048144531162
labels_mask_case_id_TCGA-CC-5261_2_1_cell_expansion_3_0_threshold_0_8_facet_size_3.0.csv.tif,23083.4591943954,7162.972183582077,3059.347252578291
labels_mask_case_id_TCGA-G3-A5SK_2_4_cell_expansion_3_0_threshold_0_6_facet_size_3.0.csv.tif,24089.54611937156,12723.902873783538,7647.187496764903
labels_mask_case_id_TCGA-CC-A1HT_4_2_cell_expansion_15_0_threshold_0_4_facet_size_3.0.csv.tif,24792.82463329158,17241.180074329466,11156.30722255648
labels_mask_case_id_TCGA-YA-A8S7_0_1_cell_expansion_9_0_threshold_0_4_facet_size_3.0.csv.tif,24723.76551788202,16869.957564654287,10896.65001387292
labels_mask_case_id_TCGA-YA-A8S7_0_2_cell_expansion_13_0_threshold_0_8_facet_size_3.0.csv.tif,23385.8328635909,8513.860249039055,3751.6186588234
labels_mask_case_id_TCGA-BC-A69I_4_0_cell_expansion_13_0_threshold_0_7_facet_size_3.0.csv.tif,24142.822497243997,12495.288203277854,6431.019155583286
labels_mask_case_id_TCGA-G3-A5SK_4_3_cell_expansion_3_0_threshold_0_7_facet_size_3.0.csv.tif,23563.09602136425,9756.484381086377,5356.154903116092
labels_mask_case_id_TCGA-CC-5261_0_0_cell_expansion_1_0_threshold_0_4_facet_size_3.0.csv.tif,23752.4838917245,11211.279574003082,7145.751152587748
labels_mask_case_id_TCGA-CC-5261_1_2_cell_expansion_3_0_threshold_0_7_facet_size_3.0.csv.tif,23865.758839373048,11470.898368084903,6516.771678807355
labels_mask_case_id_TCGA-CC-A3MA_1_3_cell_expansion_15_0_threshold_0_5_facet_size_3.0.csv.tif,24872.05727711457,17929.5480091823,11917.139306937244
labels_mask_case_id_TCGA-CC-A1HT_0_0_cell_expansion_1_0_threshold_0_6_facet_size_3.0.csv.tif,22891.50962335158,6359.212101220924,3151.936311380534
labels_mask_case_id_TCGA-CC-A8HT_2_1_cell_expansion_11_0_threshold_0_6_facet_size_3.0.csv.tif,24727.97698703617,16763.566988946113,10568.355753440932
labels_mask_case_id_TCGA-CC-5261_4_1_cell_expansion_5_0_threshold_0_8_facet_size_3.0.csv.tif,23324.490302691756,8286.388293553711,3734.138004050822
labels_mask_case_id_TCGA-BC-A69I_1_2_cell_expansion_1_0_threshold_0_6_facet_size_3.0.csv.tif,23310.02791136629,8303.830098248578,4308.104594394486
labels_mask_case_id_TCGA-CC-5261_1_4_cell_expansion_13_0_threshold_0_6_facet_size_3.0.csv.tif,24594.889200681515,15738.83627491878,9544.448505728142
labels_mask_case_id_TCGA-G3-A7M6_4_1_cell_expansion_1_0_threshold_0_7_facet_size_3.0.csv.tif,22934.82895400036,6506.254774778727,3177.683730466076
labels_mask_case_id_TCGA-CC-A8HT_0_4_cell_expansion_15_0_threshold_0_7_facet_size_3.0.csv.tif,24117.199580685672,12699.815545634294,6814.0929823736415
labels_mask_case_id_TCGA-G3-A5SK_2_0_cell_expansion_9_0_threshold_0_6_facet_size_3.0.csv.tif,24567.222520633062,15794.406099049216,9909.288471251191
labels_mask_case_id_TCGA-CC-A3MA_1_0_cell_expansion_13_0_threshold_0_7_facet_size_3.0.csv.tif,24663.089426261344,15821.124916465023,9122.88238760915
labels_mask_case_id_TCGA-CC-5261_0_2_cell_expansion_13_0_threshold_0_8_facet_size_3.0.csv.tif,23795.247357289543,10675.567224957678,5316.1636975446045
labels_mask_case_id_TCGA-DD-AAED_0_3_cell_expansion_1_0_threshold_0_8_facet_size_3.0.csv.tif,23042.93746480888,7111.876611049721,3545.8382305827818
labels_mask_case_id_TCGA-BC-A69I_0_1_cell_expansion_1_0_threshold_0_8_facet_size_3.0.csv.tif,22757.04671723977,5610.36877798589,2338.2868521196538
labels_mask_case_id_TCGA-DD-AAED_1_0_cell_expansion_3_0_threshold_0_7_facet_size_3.0.csv.tif,23520.39920488859,9615.675341720116,5194.255292504209
labels_mask_case_id_TCGA-CC-5261_1_1_cell_expansion_11_0_threshold_0_8_facet_size_3.0.csv.tif,23213.128578507167,7832.851504798738,3464.1465107434165
labels_mask_case_id_TCGA-DD-AAED_0_4_cell_expansion_5_0_threshold_0_8_facet_size_3.0.csv.tif,24010.246663298967,11972.918022226586,6358.654086804954
labels_mask_case_id_TCGA-YA-A8S7_2_2_cell_expansion_7_0_threshold_0_5_facet_size_3.0.csv.tif,24513.013380171866,14950.605579426938,8536.753407968441
labels_mask_case_id_TCGA-CC-A8HT_1_1_cell_expansion_1_0_threshold_0_7_facet_size_3.0.csv.tif,23054.60382278569,7197.610423575621,3776.8886750389456
labels_mask_case_id_TCGA-CC-A1HT_2_4_cell_expansion_9_0_threshold_0_6_facet_size_3.0.csv.tif,24772.01567183129,16739.65367892705,10092.106910476188
labels_mask_case_id_TCGA-DD-AAED_0_4_cell_expansion_11_0_threshold_0_7_facet_size_3.0.csv.tif,24590.94616950645,15343.204407261594,8610.279676702696
labels_mask_case_id_TCGA-DD-AAED_1_3_cell_expansion_11_0_threshold_0_7_facet_size_3.0.csv.tif,24621.29302657407,15702.744142929065,9229.157668712782
labels_mask_case_id_TCGA-BC-A69I_3_4_cell_expansion_3_0_threshold_0_8_facet_size_3.0.csv.tif,23282.26914128912,8264.757827249914,4098.448064191138
labels_mask_case_id_TCGA-CC-A1HT_3_1_cell_expansion_9_0_threshold_0_6_facet_size_3.0.csv.tif,23709.023908056184,10596.473460831005,5745.399868779383
labels_mask_case_id_TCGA-G3-A7M6_4_4_cell_expansion_11_0_threshold_0_8_facet_size_3.0.csv.tif,23648.08155820529,9814.12257217182,4646.753151462091
labels_mask_case_id_TCGA-G3-A7M6_2_0_cell_expansion_1_0_threshold_0_8_facet_size_3.0.csv.tif,22849.5141868324,6154.341575905062,2924.941290680186
labels_mask_case_id_TCGA-G3-A7M6_4_1_cell_expansion_5_0_threshold_0_5_facet_size_3.0.csv.tif,24215.04152286612,13292.41699183862,7555.57100125602
labels_mask_case_id_TCGA-G3-A5SK_4_0_cell_expansion_9_0_threshold_0_5_facet_size_3.0.csv.tif,24309.288835688614,13611.877405915026,7503.726412334354
labels_mask_case_id_TCGA-DD-AAED_3_1_cell_expansion_7_0_threshold_0_8_facet_size_3.0.csv.tif,24024.16546148935,12197.17027676602,6441.464276534018
labels_mask_case_id_TCGA-K7-AAU7_1_0_cell_expansion_5_0_threshold_0_7_facet_size_3.0.csv.tif,22421.297831503325,3914.200135047084,933.8729330720714
labels_mask_case_id_TCGA-K7-AAU7_0_2_cell_expansion_7_0_threshold_0_4_facet_size_3.0.csv.tif,23228.859754093806,7968.246189886582,3735.7894344175593
labels_mask_case_id_TCGA-K7-AAU7_2_4_cell_expansion_1_0_threshold_0_8_facet_size_3.0.csv.tif,22468.27905608758,4131.622612187617,1114.493478133102
labels_mask_case_id_TCGA-DD-AAED_3_1_cell_expansion_15_0_threshold_0_6_facet_size_3.0.csv.tif,24638.58048759928,16061.567430482984,9756.042228395454
labels_mask_case_id_TCGA-CC-A3MA_3_1_cell_expansion_9_0_threshold_0_5_facet_size_3.0.csv.tif,24846.897766414048,17947.15947870943,12307.3195612799
labels_mask_case_id_TCGA-YA-A8S7_3_0_cell_expansion_15_0_threshold_0_8_facet_size_3.0.csv.tif,23079.90213496471,7133.838336904102,2967.906367055174
labels_mask_case_id_TCGA-CC-A8HT_2_4_cell_expansion_1_0_threshold_0_6_facet_size_3.0.csv.tif,23184.896734682912,7928.594710788129,4485.751583991377
labels_mask_case_id_TCGA-G3-A5SK_2_4_cell_expansion_15_0_threshold_0_4_facet_size_3.0.csv.tif,24698.53161593026,16443.62463358818,10226.970745438328
labels_mask_case_id_TCGA-CC-A1HT_1_1_cell_expansion_9_0_threshold_0_7_facet_size_3.0.csv.tif,23522.22796043633,9395.847518770215,4648.808144043542
labels_mask_case_id_TCGA-K7-AAU7_0_3_cell_expansion_15_0_threshold_0_5_facet_size_3.0.csv.tif,24244.498082240705,13854.263325953838,8591.941067660864
labels_mask_case_id_TCGA-DD-AAED_2_3_cell_expansion_15_0_threshold_0_5_facet_size_3.0.csv.tif,24558.85250592036,15342.60157555579,9077.043600543318
labels_mask_case_id_TCGA-G3-A7M6_1_3_cell_expansion_7_0_threshold_0_8_facet_size_3.0.csv.tif,24049.902193871883,12015.197793114789,6187.780506690563
labels_mask_case_id_TCGA-DD-AAED_3_0_cell_expansion_15_0_threshold_0_4_facet_size_3.0.csv.tif,24766.25023140884,16886.645700374203,10479.076752965162
labels_mask_case_id_TCGA-BC-A69I_2_0_cell_expansion_3_0_threshold_0_8_facet_size_3.0.csv.tif,23132.230820657707,7291.032221967629,3150.241844397008
labels_mask_case_id_TCGA-K7-AAU7_0_3_cell_expansion_1_0_threshold_0_7_facet_size_3.0.csv.tif,22610.268384215284,4853.6600128284645,1810.896547697463
labels_mask_case_id_TCGA-BC-A69I_1_3_cell_expansion_1_0_threshold_0_6_facet_size_3.0.csv.tif,23177.95537616964,7785.002455366108,4185.566098514681
labels_mask_case_id_TCGA-G3-A5SK_0_2_cell_expansion_11_0_threshold_0_8_facet_size_3.0.csv.tif,23923.50870533143,11541.104940873583,5936.511529113501
labels_mask_case_id_TCGA-CC-A8HT_2_2_cell_expansion_3_0_threshold_0_5_facet_size_3.0.csv.tif,24454.70823825001,15414.60213335892,10301.14274541966
labels_mask_case_id_TCGA-YA-A8S7_1_1_cell_expansion_5_0_threshold_0_7_facet_size_3.0.csv.tif,24187.938443192703,13140.186961790849,7419.964033775836
labels_mask_case_id_TCGA-K7-AAU7_3_2_cell_expansion_13_0_threshold_0_4_facet_size_3.0.csv.tif,24366.17086545057,14683.233881228476,9341.281611937626
labels_mask_case_id_TCGA-YA-A8S7_3_4_cell_expansion_15_0_threshold_0_5_facet_size_3.0.csv.tif,22366.370087630068,3634.259233324692,704.2323279877243
labels_mask_case_id_TCGA-DD-AAED_0_4_cell_expansion_7_0_threshold_0_5_facet_size_3.0.csv.tif,24590.98114224021,15463.09068833973,8953.962329592607
labels_mask_case_id_TCGA-G3-A7M6_1_2_cell_expansion_5_0_threshold_0_5_facet_size_3.0.csv.tif,24890.608192729997,18755.561900130717,14060.240773242189
labels_mask_case_id_TCGA-BC-A69I_4_0_cell_expansion_5_0_threshold_0_8_facet_size_3.0.csv.tif,22874.338784277774,6260.372933684605,2599.3853131625538
labels_mask_case_id_TCGA-BC-A69I_2_1_cell_expansion_1_0_threshold_0_5_facet_size_3.0.csv.tif,23096.80426119544,7531.030735401866,4018.1872971666735
labels_mask_case_id_TCGA-K7-AAU7_1_1_cell_expansion_1_0_threshold_0_5_facet_size_3.0.csv.tif,23324.08410652271,8572.517015042125,5113.431316472795
labels_mask_case_id_TCGA-CC-5261_1_1_cell_expansion_15_0_threshold_0_6_facet_size_3.0.csv.tif,23836.47607159491,11449.236031751692,6354.2458822680055
labels_mask_case_id_TCGA-DD-AAED_1_1_cell_expansion_7_0_threshold_0_5_facet_size_3.0.csv.tif,24681.692712114826,16127.021244878226,9635.895110629834
labels_mask_case_id_TCGA-BC-A69I_0_1_cell_expansion_5_0_threshold_0_6_facet_size_3.0.csv.tif,23973.48350268164,11959.259441084112,6531.8899374449575
labels_mask_case_id_TCGA-YA-A8S7_0_4_cell_expansion_5_0_threshold_0_7_facet_size_3.0.csv.tif,23977.57022098794,12034.031648019514,6653.954567000484
labels_mask_case_id_TCGA-CC-A3MA_1_1_cell_expansion_9_0_threshold_0_8_facet_size_3.0.csv.tif,23784.65713911146,10640.35415008555,5118.3258461792
labels_mask_case_id_TCGA-K7-AAU7_1_1_cell_expansion_5_0_threshold_0_7_facet_size_3.0.csv.tif,22812.031483251976,5712.1635073539765,2079.583159292514
labels_mask_case_id_TCGA-DD-AAED_0_4_cell_expansion_3_0_threshold_0_7_facet_size_3.0.csv.tif,24044.527693053475,12324.050126992614,6958.533117865934
labels_mask_case_id_TCGA-BC-A69I_4_1_cell_expansion_1_0_threshold_0_6_facet_size_3.0.csv.tif,22848.97450075181,6074.546809792504,2665.989509947548
labels_mask_case_id_TCGA-CC-A1HT_0_0_cell_expansion_5_0_threshold_0_8_facet_size_3.0.csv.tif,22295.564725834272,3345.912720479547,555.5313772235761
labels_mask_case_id_TCGA-CC-5261_4_1_cell_expansion_1_0_threshold_0_6_facet_size_3.0.csv.tif,23848.68130500317,11630.700155522689,7406.892115378321
labels_mask_case_id_TCGA-DD-AAED_2_0_cell_expansion_9_0_threshold_0_6_facet_size_3.0.csv.tif,24397.500539379194,14544.540337269696,8618.689468008055
labels_mask_case_id_TCGA-CC-5261_3_0_cell_expansion_15_0_threshold_0_4_facet_size_3.0.csv.tif,24705.468522212537,16484.776885771847,10193.673374035494
labels_mask_case_id_TCGA-CC-5261_3_2_cell_expansion_7_0_threshold_0_8_facet_size_3.0.csv.tif,24002.64612844338,11793.495334344549,5984.440634420616
labels_mask_case_id_TCGA-YA-A8S7_1_4_cell_expansion_9_0_threshold_0_8_facet_size_3.0.csv.tif,22355.176649788933,3590.901340595223,688.4980465378771
labels_mask_case_id_TCGA-CC-5261_2_3_cell_expansion_15_0_threshold_0_5_facet_size_3.0.csv.tif,24789.830916857507,17060.73499634832,10611.748162618933
labels_mask_case_id_TCGA-CC-A3MA_2_1_cell_expansion_5_0_threshold_0_6_facet_size_3.0.csv.tif,24594.42230073756,15945.950325300908,10045.717040404452
labels_mask_case_id_TCGA-CC-5261_1_3_cell_expansion_5_0_threshold_0_4_facet_size_3.0.csv.tif,24618.62409437933,16188.752744766512,10306.609862536225
labels_mask_case_id_TCGA-G3-A7M6_4_3_cell_expansion_11_0_threshold_0_4_facet_size_3.0.csv.tif,24471.397977090684,15011.6540542051,8928.57221331324
labels_mask_case_id_TCGA-CC-A1HT_3_3_cell_expansion_5_0_threshold_0_7_facet_size_3.0.csv.tif,24523.50920270139,15119.087503659795,8685.844179886892
labels_mask_case_id_TCGA-G3-A5SK_2_2_cell_expansion_1_0_threshold_0_5_facet_size_3.0.csv.tif,23359.18913167324,8847.026802185519,5212.228529196397
labels_mask_case_id_TCGA-G3-A5SK_0_2_cell_expansion_1_0_threshold_0_4_facet_size_3.0.csv.tif,23126.32032784236,7568.171982703669,4133.979928953286
labels_mask_case_id_TCGA-DD-AAED_0_2_cell_expansion_13_0_threshold_0_4_facet_size_3.0.csv.tif,24706.192837165912,16701.78516331612,10596.854299213415
labels_mask_case_id_TCGA-CC-A3MA_0_1_cell_expansion_15_0_threshold_0_6_facet_size_3.0.csv.tif,23313.81225800492,8452.470929807401,3950.822431969509
labels_mask_case_id_TCGA-CC-A1HT_4_0_cell_expansion_1_0_threshold_0_8_facet_size_3.0.csv.tif,22535.32831552812,4558.158023812022,1534.6766481809543
labels_mask_case_id_TCGA-CC-A8HT_3_4_cell_expansion_9_0_threshold_0_7_facet_size_3.0.csv.tif,23682.03343288463,10278.831379255353,5231.573310377649
labels_mask_case_id_TCGA-K7-AAU7_1_3_cell_expansion_11_0_threshold_0_7_facet_size_3.0.csv.tif,22506.475532548266,4273.892829821833,1136.6539518901427
labels_mask_case_id_TCGA-G3-A5SK_1_3_cell_expansion_11_0_threshold_0_6_facet_size_3.0.csv.tif,24332.142334670465,14184.51454199391,8376.690890875576
labels_mask_case_id_TCGA-G3-A5SK_3_0_cell_expansion_7_0_threshold_0_4_facet_size_3.0.csv.tif,24638.86008731926,16256.747648454277,10406.431016494322
labels_mask_case_id_TCGA-YA-A8S7_0_2_cell_expansion_11_0_threshold_0_5_facet_size_3.0.csv.tif,24705.610537353685,16370.078144192988,9982.848921333429
labels_mask_case_id_TCGA-G3-A7M6_2_3_cell_expansion_9_0_threshold_0_7_facet_size_3.0.csv.tif,24184.229736611247,12980.8393486311,7085.331336392446
labels_mask_case_id_TCGA-DD-AAED_2_0_cell_expansion_11_0_threshold_0_6_facet_size_3.0.csv.tif,24420.32153760208,14669.998094196711,8706.1488245404
labels_mask_case_id_TCGA-K7-AAU7_1_3_cell_expansion_13_0_threshold_0_6_facet_size_3.0.csv.tif,22912.616589521465,6187.228367421732,2440.730122944551
labels_mask_case_id_TCGA-DD-AAED_3_3_cell_expansion_13_0_threshold_0_6_facet_size_3.0.csv.tif,24796.706232814427,17199.62908691906,10862.395195286255
labels_mask_case_id_TCGA-CC-5261_4_1_cell_expansion_7_0_threshold_0_5_facet_size_3.0.csv.tif,24779.660061854825,17262.856097039148,11347.985921455558
labels_mask_case_id_TCGA-YA-A8S7_1_1_cell_expansion_13_0_threshold_0_5_facet_size_3.0.csv.tif,24739.300477195357,16682.422684001802,10319.607906724992
labels_mask_case_id_TCGA-CC-5261_1_4_cell_expansion_7_0_threshold_0_7_facet_size_3.0.csv.tif,24340.1114941781,14173.452524224776,8160.917816843154
labels_mask_case_id_TCGA-CC-A3MA_4_0_cell_expansion_7_0_threshold_0_8_facet_size_3.0.csv.tif,23431.613096904654,8736.79879522524,3853.855247338276
labels_mask_case_id_TCGA-G3-A5SK_3_0_cell_expansion_5_0_threshold_0_5_facet_size_3.0.csv.tif,24512.623115354385,15512.232379275283,9920.5081029319
labels_mask_case_id_TCGA-CC-A8HT_0_2_cell_expansion_11_0_threshold_0_7_facet_size_3.0.csv.tif,24019.362316163155,11770.071035540808,5945.263720752775
labels_mask_case_id_TCGA-CC-A8HT_4_1_cell_expansion_9_0_threshold_0_4_facet_size_3.0.csv.tif,24451.740424438016,15015.33053206241,9281.244082603573
labels_mask_case_id_TCGA-G3-A5SK_0_4_cell_expansion_15_0_threshold_0_4_facet_size_3.0.csv.tif,24307.19367557769,13822.254008648191,7828.810420266616
labels_mask_case_id_TCGA-CC-A3MA_0_1_cell_expansion_11_0_threshold_0_4_facet_size_3.0.csv.tif,23434.199576267973,9214.007535969187,4614.228160162325
labels_mask_case_id_TCGA-CC-5261_0_0_cell_expansion_9_0_threshold_0_7_facet_size_3.0.csv.tif,24572.070693418107,15702.625314461806,9537.859982226084
labels_mask_case_id_TCGA-G3-A5SK_0_4_cell_expansion_9_0_threshold_0_5_facet_size_3.0.csv.tif,24287.9147307874,13629.720262845543,7577.511457426655
labels_mask_case_id_TCGA-YA-A8S7_4_1_cell_expansion_7_0_threshold_0_6_facet_size_3.0.csv.tif,24701.46152049427,16640.925873261913,10562.74970596332
labels_mask_case_id_TCGA-K7-AAU7_1_3_cell_expansion_7_0_threshold_0_6_facet_size_3.0.csv.tif,22895.491271811465,6120.5978861814965,2402.994813235358
labels_mask_case_id_TCGA-DD-AAED_3_3_cell_expansion_5_0_threshold_0_5_facet_size_3.0.csv.tif,24783.4238856295,17169.90106673647,10961.358332826132
labels_mask_case_id_TCGA-YA-A8S7_3_3_cell_expansion_1_0_threshold_0_4_facet_size_3.0.csv.tif,22420.862210136787,3960.058638566922,1077.374799801355
labels_mask_case_id_TCGA-YA-A8S7_4_3_cell_expansion_11_0_threshold_0_7_facet_size_3.0.csv.tif,22295.564725834272,3345.912720479547,555.5313772235761
labels_mask_case_id_TCGA-CC-A8HT_4_3_cell_expansion_13_0_threshold_0_4_facet_size_3.0.csv.tif,24533.94715762016,15395.171323738256,9433.665919756568
labels_mask_case_id_TCGA-BC-A69I_3_0_cell_expansion_15_0_threshold_0_8_facet_size_3.0.csv.tif,23752.61877438549,10321.150835834796,4875.759272155285
labels_mask_case_id_TCGA-YA-A8S7_1_3_cell_expansion_1_0_threshold_0_5_facet_size_3.0.csv.tif,23531.365783664754,9733.151851542492,5729.975320926407
labels_mask_case_id_TCGA-DD-AAED_1_2_cell_expansion_5_0_threshold_0_8_facet_size_3.0.csv.tif,23885.18479289215,11183.865302840384,5601.30776896745
labels_mask_case_id_TCGA-BC-A69I_1_0_cell_expansion_5_0_threshold_0_8_facet_size_3.0.csv.tif,23193.037722669436,7626.755767814502,3322.0746755096607
labels_mask_case_id_TCGA-CC-A3MA_2_0_cell_expansion_9_0_threshold_0_7_facet_size_3.0.csv.tif,24427.84112820123,14405.123722902445,8062.20021306405
labels_mask_case_id_TCGA-K7-AAU7_0_0_cell_expansion_7_0_threshold_0_8_facet_size_3.0.csv.tif,22295.564725834272,3345.912720479547,555.5313772235761
labels_mask_case_id_TCGA-BC-A69I_0_4_cell_expansion_13_0_threshold_0_6_facet_size_3.0.csv.tif,24547.28017674192,15073.219657001891,8535.504731867493
labels_mask_case_id_TCGA-YA-A8S7_1_4_cell_expansion_5_0_threshold_0_5_facet_size_3.0.csv.tif,22476.109583978054,4179.473500607105,1125.7083540509957
labels_mask_case_id_TCGA-K7-AAU7_0_1_cell_expansion_7_0_threshold_0_4_facet_size_3.0.csv.tif,23354.578969136943,8705.448866794588,4465.662784266216
labels_mask_case_id_TCGA-CC-A8HT_4_3_cell_expansion_11_0_threshold_0_5_facet_size_3.0.csv.tif,24424.294202876383,14542.910571309514,8587.82824044491
labels_mask_case_id_TCGA-CC-A8HT_0_0_cell_expansion_5_0_threshold_0_7_facet_size_3.0.csv.tif,24280.310939130755,13928.1080179566,8359.254407315544
labels_mask_case_id_TCGA-CC-A8HT_4_0_cell_expansion_5_0_threshold_0_5_facet_size_3.0.csv.tif,24334.873724164587,14122.569098259788,8312.699325585902
labels_mask_case_id_TCGA-DD-AAED_0_1_cell_expansion_1_0_threshold_0_4_facet_size_3.0.csv.tif,23721.14066899941,10779.09866929605,6547.598139439182
labels_mask_case_id_TCGA-DD-AAED_1_3_cell_expansion_3_0_threshold_0_7_facet_size_3.0.csv.tif,24081.223654275305,12607.826144306662,7324.750253634935
labels_mask_case_id_TCGA-K7-AAU7_2_1_cell_expansion_3_0_threshold_0_7_facet_size_3.0.csv.tif,22598.96986934333,4812.597461167143,1617.4201468544738
labels_mask_case_id_TCGA-YA-A8S7_0_1_cell_expansion_5_0_threshold_0_5_facet_size_3.0.csv.tif,24586.221883743645,15925.089206564042,10030.478321108989
labels_mask_case_id_TCGA-G3-A7M6_3_3_cell_expansion_15_0_threshold_0_6_facet_size_3.0.csv.tif,24425.530561282678,14373.791820084014,8146.942763146719
labels_mask_case_id_TCGA-G3-A5SK_4_1_cell_expansion_15_0_threshold_0_7_facet_size_3.0.csv.tif,24250.00263551796,13317.918683085449,7273.783223099591
labels_mask_case_id_TCGA-CC-A8HT_1_2_cell_expansion_1_0_threshold_0_7_facet_size_3.0.csv.tif,22891.131120139733,6434.624999169389,3224.373171391591
labels_mask_case_id_TCGA-K7-AAU7_0_1_cell_expansion_1_0_threshold_0_7_facet_size_3.0.csv.tif,22405.87682179723,3912.32491533974,1034.3032370118617
labels_mask_case_id_TCGA-CC-A8HT_4_1_cell_expansion_7_0_threshold_0_8_facet_size_3.0.csv.tif,22736.344150933262,5413.956054277325,1863.2622448154616
labels_mask_case_id_TCGA-CC-A8HT_2_0_cell_expansion_3_0_threshold_0_5_facet_size_3.0.csv.tif,24327.32466778758,14408.317555408084,9251.153161388347
labels_mask_case_id_TCGA-G3-A7M6_1_1_cell_expansion_13_0_threshold_0_6_facet_size_3.0.csv.tif,24450.06764386626,14918.375994266164,9044.76838740065
labels_mask_case_id_TCGA-CC-A1HT_2_4_cell_expansion_15_0_threshold_0_6_facet_size_3.0.csv.tif,24768.4204069068,16706.095329494237,10051.088717281951
labels_mask_case_id_TCGA-YA-A8S7_3_3_cell_expansion_7_0_threshold_0_7_facet_size_3.0.csv.tif,22645.71752899366,5024.853358457916,1639.5680457119329
labels_mask_case_id_TCGA-CC-A8HT_1_2_cell_expansion_3_0_threshold_0_6_facet_size_3.0.csv.tif,23781.123103645245,11218.66083168115,6769.836096110847
labels_mask_case_id_TCGA-CC-A8HT_0_0_cell_expansion_1_0_threshold_0_5_facet_size_3.0.csv.tif,23793.14527310691,11295.566461208273,7279.33311104309
labels_mask_case_id_TCGA-YA-A8S7_2_1_cell_expansion_5_0_threshold_0_4_facet_size_3.0.csv.tif,24453.003010197004,14772.002275369348,8703.292543619038
labels_mask_case_id_TCGA-YA-A8S7_1_4_cell_expansion_1_0_threshold_0_7_facet_size_3.0.csv.tif,22324.399188636824,3474.6966524015465,658.1560146232877
labels_mask_case_id_TCGA-CC-A3MA_4_0_cell_expansion_15_0_threshold_0_4_facet_size_3.0.csv.tif,24911.566762127924,18363.436687810325,12463.35724477412
labels_mask_case_id_TCGA-BC-A69I_3_2_cell_expansion_13_0_threshold_0_4_facet_size_3.0.csv.tif,24357.873786646327,13975.423056134388,7783.348520216573
labels_mask_case_id_TCGA-G3-A7M6_1_3_cell_expansion_9_0_threshold_0_4_facet_size_3.0.csv.tif,24659.776552595453,16163.427917226283,9905.54868440878
labels_mask_case_id_TCGA-CC-A1HT_1_1_cell_expansion_3_0_threshold_0_5_facet_size_3.0.csv.tif,23855.996330829217,11516.237059072442,6924.30098765285
labels_mask_case_id_TCGA-CC-A1HT_4_4_cell_expansion_3_0_threshold_0_7_facet_size_3.0.csv.tif,23202.55057491953,7876.18767603742,3785.9751488741063
labels_mask_case_id_TCGA-CC-5261_4_2_cell_expansion_5_0_threshold_0_8_facet_size_3.0.csv.tif,23895.059142158083,11304.80620065916,5868.8078868578295
labels_mask_case_id_TCGA-CC-A1HT_3_1_cell_expansion_1_0_threshold_0_5_facet_size_3.0.csv.tif,23116.987890023105,7520.744723974399,4077.373290841296
labels_mask_case_id_TCGA-CC-A3MA_4_3_cell_expansion_5_0_threshold_0_5_facet_size_3.0.csv.tif,24718.23200494986,16719.51992145845,10642.009750650725
labels_mask_case_id_TCGA-G3-A7M6_3_0_cell_expansion_13_0_threshold_0_4_facet_size_3.0.csv.tif,24672.060026517374,16215.805382502887,9833.18241134448
labels_mask_case_id_TCGA-YA-A8S7_4_0_cell_expansion_13_0_threshold_0_7_facet_size_3.0.csv.tif,24519.47384763073,15166.37476305444,8986.814922386338
labels_mask_case_id_TCGA-CC-A1HT_4_4_cell_expansion_1_0_threshold_0_6_facet_size_3.0.csv.tif,23100.212167348567,7438.929937908998,3768.533683489751
labels_mask_case_id_TCGA-G3-A7M6_2_3_cell_expansion_13_0_threshold_0_5_facet_size_3.0.csv.tif,24540.329275528544,15454.238697862198,9513.964266589948
labels_mask_case_id_TCGA-BC-A69I_2_1_cell_expansion_11_0_threshold_0_4_facet_size_3.0.csv.tif,24357.3015284828,14141.247706371734,8105.497852487767
labels_mask_case_id_TCGA-CC-A1HT_0_2_cell_expansion_5_0_threshold_0_8_facet_size_3.0.csv.tif,22354.41768650095,3640.528353202692,759.3349417572979
labels_mask_case_id_TCGA-CC-A3MA_3_1_cell_expansion_7_0_threshold_0_5_facet_size_3.0.csv.tif,24840.01790784859,17892.83065650392,12256.3042291843
labels_mask_case_id_TCGA-CC-A1HT_3_0_cell_expansion_11_0_threshold_0_5_facet_size_3.0.csv.tif,24801.54030558177,17506.253824506704,11762.57994384291
labels_mask_case_id_TCGA-CC-A8HT_3_1_cell_expansion_9_0_threshold_0_5_facet_size_3.0.csv.tif,24334.735407701854,13945.217575232342,7925.82673037139
labels_mask_case_id_TCGA-CC-A1HT_0_0_cell_expansion_13_0_threshold_0_8_facet_size_3.0.csv.tif,22295.564725834272,3345.912720479547,555.5313772235761
labels_mask_case_id_TCGA-CC-A8HT_1_0_cell_expansion_9_0_threshold_0_8_facet_size_3.0.csv.tif,22739.162706481056,5333.85918761413,1712.305833991284
labels_mask_case_id_TCGA-CC-A3MA_2_4_cell_expansion_3_0_threshold_0_7_facet_size_3.0.csv.tif,23990.438000944927,12059.170688443322,6791.991895939796
labels_mask_case_id_TCGA-YA-A8S7_4_1_cell_expansion_11_0_threshold_0_8_facet_size_3.0.csv.tif,23199.67441767619,7517.449026547865,3043.7388957837657
labels_mask_case_id_TCGA-BC-A69I_3_3_cell_expansion_9_0_threshold_0_8_facet_size_3.0.csv.tif,23989.41727870197,11529.175630515563,5497.244668074954
labels_mask_case_id_TCGA-K7-AAU7_3_0_cell_expansion_9_0_threshold_0_7_facet_size_3.0.csv.tif,23223.16563290989,7897.580909177912,3614.905906135568
labels_mask_case_id_TCGA-G3-A5SK_2_0_cell_expansion_3_0_threshold_0_4_facet_size_3.0.csv.tif,24049.12961852568,12866.174285114936,8255.794043314168
labels_mask_case_id_TCGA-CC-A3MA_0_4_cell_expansion_1_0_threshold_0_7_facet_size_3.0.csv.tif,22714.47873178828,5384.995279721774,2244.17349469534
labels_mask_case_id_TCGA-G3-A5SK_0_1_cell_expansion_5_0_threshold_0_6_facet_size_3.0.csv.tif,24310.69941986551,14078.936850698265,8483.146712359194
labels_mask_case_id_TCGA-K7-AAU7_4_3_cell_expansion_15_0_threshold_0_5_facet_size_3.0.csv.tif,24699.52658904248,16803.23543070352,11148.395447519026
labels_mask_case_id_TCGA-CC-A1HT_0_0_cell_expansion_15_0_threshold_0_7_facet_size_3.0.csv.tif,23064.32804127379,6987.448047944502,2898.226272315256
labels_mask_case_id_TCGA-CC-5261_4_2_cell_expansion_11_0_threshold_0_5_facet_size_3.0.csv.tif,24834.73697346155,17732.66823800973,11850.418932573231
labels_mask_case_id_TCGA-CC-A1HT_3_4_cell_expansion_11_0_threshold_0_8_facet_size_3.0.csv.tif,23122.08984501041,7344.803327167212,3057.176372655132
labels_mask_case_id_TCGA-G3-A5SK_1_3_cell_expansion_5_0_threshold_0_4_facet_size_3.0.csv.tif,24257.323259586174,13790.83078704498,8232.921934768809
labels_mask_case_id_TCGA-CC-A1HT_4_2_cell_expansion_7_0_threshold_0_7_facet_size_3.0.csv.tif,24301.730266546845,13649.911447833312,7542.169774430931
labels_mask_case_id_TCGA-CC-A8HT_0_4_cell_expansion_9_0_threshold_0_8_facet_size_3.0.csv.tif,22921.33579308934,6326.2642869443625,2335.171975071817
labels_mask_case_id_TCGA-CC-5261_4_4_cell_expansion_1_0_threshold_0_8_facet_size_3.0.csv.tif,23108.9891824366,7414.512101678065,3778.221895814474
labels_mask_case_id_TCGA-G3-A5SK_0_1_cell_expansion_1_0_threshold_0_4_facet_size_3.0.csv.tif,23370.49596751915,8922.017222248143,5368.55444346205
labels_mask_case_id_TCGA-CC-A3MA_4_2_cell_expansion_13_0_threshold_0_4_facet_size_3.0.csv.tif,24054.540092541563,12716.037154888294,7457.240424046754
labels_mask_case_id_TCGA-CC-A8HT_4_4_cell_expansion_13_0_threshold_0_8_facet_size_3.0.csv.tif,22857.975998298367,5868.171378034763,2031.393749129697
labels_mask_case_id_TCGA-CC-A3MA_0_2_cell_expansion_5_0_threshold_0_7_facet_size_3.0.csv.tif,24551.5851287738,15523.97237208178,9395.304330335332
labels_mask_case_id_TCGA-G3-A7M6_1_3_cell_expansion_15_0_threshold_0_6_facet_size_3.0.csv.tif,24562.012067851465,15524.36357572982,9355.121683801355
labels_mask_case_id_TCGA-CC-5261_4_2_cell_expansion_15_0_threshold_0_7_facet_size_3.0.csv.tif,24723.651751493904,16630.797461895905,10320.349519573345
labels_mask_case_id_TCGA-CC-A1HT_3_0_cell_expansion_7_0_threshold_0_6_facet_size_3.0.csv.tif,24557.3442695337,15680.83478695271,9815.289099118978
labels_mask_case_id_TCGA-YA-A8S7_4_1_cell_expansion_13_0_threshold_0_5_facet_size_3.0.csv.tif,24759.16714387281,17104.647945583718,11150.358609668114
labels_mask_case_id_TCGA-CC-A3MA_1_0_cell_expansion_5_0_threshold_0_5_facet_size_3.0.csv.tif,24786.094914806126,17107.332752020673,10761.445859014972
labels_mask_case_id_TCGA-CC-A1HT_0_4_cell_expansion_1_0_threshold_0_8_facet_size_3.0.csv.tif,22374.66811193319,3738.149909224523,837.4762641346549
labels_mask_case_id_TCGA-BC-A69I_1_3_cell_expansion_9_0_threshold_0_5_facet_size_3.0.csv.tif,24541.177860796157,15122.422545921956,8657.86209305748
labels_mask_case_id_TCGA-DD-AAED_1_1_cell_expansion_9_0_threshold_0_5_facet_size_3.0.csv.tif,24709.924593618343,16274.035823942362,9720.458475425416
labels_mask_case_id_TCGA-CC-A1HT_4_2_cell_expansion_3_0_threshold_0_5_facet_size_3.0.csv.tif,24273.90110837288,13899.530376883631,8527.023712171474
labels_mask_case_id_TCGA-BC-A69I_1_1_cell_expansion_15_0_threshold_0_6_facet_size_3.0.csv.tif,24244.17417649219,13257.176632915149,7223.094009064388
labels_mask_case_id_TCGA-CC-A1HT_3_3_cell_expansion_9_0_threshold_0_6_facet_size_3.0.csv.tif,24692.68743451672,16246.686736328014,9642.279047934728
labels_mask_case_id_TCGA-G3-A7M6_2_2_cell_expansion_1_0_threshold_0_8_facet_size_3.0.csv.tif,22675.947294111407,5271.85066202434,2166.8817277389926
labels_mask_case_id_TCGA-G3-A5SK_4_2_cell_expansion_9_0_threshold_0_5_facet_size_3.0.csv.tif,24395.288307127004,14265.951968680934,8001.487988796836
labels_mask_case_id_TCGA-CC-A1HT_3_2_cell_expansion_11_0_threshold_0_6_facet_size_3.0.csv.tif,24682.526835886463,15971.922165064369,9194.51162756588
labels_mask_case_id_TCGA-BC-A69I_3_4_cell_expansion_11_0_threshold_0_7_facet_size_3.0.csv.tif,24311.557877676663,13806.09520923541,7826.18407071168
labels_mask_case_id_TCGA-G3-A5SK_4_0_cell_expansion_15_0_threshold_0_5_facet_size_3.0.csv.tif,24312.501274546463,13631.20830682918,7521.161649629776
labels_mask_case_id_TCGA-CC-A1HT_0_1_cell_expansion_9_0_threshold_0_5_facet_size_3.0.csv.tif,24875.29617574625,18136.001331551022,12480.578026785137
labels_mask_case_id_TCGA-G3-A5SK_4_1_cell_expansion_13_0_threshold_0_8_facet_size_3.0.csv.tif,23636.715595668145,9772.765668760974,4569.382474995109
labels_mask_case_id_TCGA-CC-A8HT_1_3_cell_expansion_7_0_threshold_0_4_facet_size_3.0.csv.tif,24666.75196797711,16428.951532500112,10426.659063724528
labels_mask_case_id_TCGA-CC-A1HT_2_0_cell_expansion_9_0_threshold_0_8_facet_size_3.0.csv.tif,22339.230536879662,3582.854430923617,742.5090430710004
labels_mask_case_id_TCGA-BC-A69I_2_2_cell_expansion_13_0_threshold_0_8_facet_size_3.0.csv.tif,23608.75981292597,9501.697451671853,4209.585077011468
labels_mask_case_id_TCGA-CC-A8HT_2_1_cell_expansion_5_0_threshold_0_6_facet_size_3.0.csv.tif,24611.478131795364,16006.034170715426,9966.752844253637
labels_mask_case_id_TCGA-G3-A7M6_2_3_cell_expansion_3_0_threshold_0_5_facet_size_3.0.csv.tif,23944.41023067592,12057.321252571928,7382.106714523498
labels_mask_case_id_TCGA-K7-AAU7_2_0_cell_expansion_7_0_threshold_0_5_facet_size_3.0.csv.tif,22688.89351330369,5154.680103519679,1684.950807278865
labels_mask_case_id_TCGA-CC-A8HT_1_4_cell_expansion_1_0_threshold_0_5_facet_size_3.0.csv.tif,23521.67961446277,9555.946158764136,5584.847780071021
labels_mask_case_id_TCGA-DD-AAED_1_2_cell_expansion_7_0_threshold_0_5_facet_size_3.0.csv.tif,24646.68471123788,16080.67435839633,9759.631990540482
labels_mask_case_id_TCGA-BC-A69I_0_2_cell_expansion_5_0_threshold_0_6_facet_size_3.0.csv.tif,23463.41524688599,9270.49580356066,4692.7696252827045
labels_mask_case_id_TCGA-G3-A7M6_0_3_cell_expansion_13_0_threshold_0_5_facet_size_3.0.csv.tif,24560.829270751183,15387.13775077006,9038.19097747879
labels_mask_case_id_TCGA-BC-A69I_4_2_cell_expansion_3_0_threshold_0_7_facet_size_3.0.csv.tif,23282.221749159944,8200.037952847239,3972.290775491592
labels_mask_case_id_TCGA-G3-A7M6_0_3_cell_expansion_1_0_threshold_0_5_facet_size_3.0.csv.tif,23140.504445835573,7612.922062759571,4168.33900564708
labels_mask_case_id_TCGA-CC-A8HT_4_1_cell_expansion_7_0_threshold_0_4_facet_size_3.0.csv.tif,24429.934601020384,14864.600000401562,9153.382795233729
labels_mask_case_id_TCGA-BC-A69I_4_3_cell_expansion_5_0_threshold_0_8_facet_size_3.0.csv.tif,22798.31906875164,5759.229074039627,2025.1432575981344
labels_mask_case_id_TCGA-CC-A1HT_2_0_cell_expansion_13_0_threshold_0_8_facet_size_3.0.csv.tif,22339.230536879662,3582.854430923617,742.5090430710004
labels_mask_case_id_TCGA-CC-A1HT_1_0_cell_expansion_11_0_threshold_0_5_facet_size_3.0.csv.tif,24512.20499727021,15510.830962795231,9821.969560056084
labels_mask_case_id_TCGA-CC-A8HT_3_3_cell_expansion_3_0_threshold_0_7_facet_size_3.0.csv.tif,23326.21941864063,8545.913386863838,4456.638481580248
labels_mask_case_id_TCGA-CC-A8HT_2_1_cell_expansion_1_0_threshold_0_4_facet_size_3.0.csv.tif,23783.750087546192,11273.924749457889,7224.6880150180605
labels_mask_case_id_TCGA-YA-A8S7_0_0_cell_expansion_5_0_threshold_0_5_facet_size_3.0.csv.tif,24406.38992923304,14677.487150576282,8975.599397104163
labels_mask_case_id_TCGA-G3-A5SK_4_0_cell_expansion_13_0_threshold_0_6_facet_size_3.0.csv.tif,24276.836295177367,13449.255932774162,7385.638634929276
labels_mask_case_id_TCGA-CC-A8HT_0_0_cell_expansion_3_0_threshold_0_8_facet_size_3.0.csv.tif,22724.09425291965,5382.768196010244,1968.0412148419184
labels_mask_case_id_TCGA-G3-A7M6_4_4_cell_expansion_7_0_threshold_0_6_facet_size_3.0.csv.tif,24321.779480699926,13693.453097061012,7496.993171768971
labels_mask_case_id_TCGA-BC-A69I_0_4_cell_expansion_5_0_threshold_0_8_facet_size_3.0.csv.tif,23311.85034171524,8161.156214754566,3656.409778841501
labels_mask_case_id_TCGA-YA-A8S7_2_0_cell_expansion_7_0_threshold_0_5_facet_size_3.0.csv.tif,24797.174714768684,17473.994454963096,11610.545551331994
labels_mask_case_id_TCGA-CC-A8HT_0_1_cell_expansion_3_0_threshold_0_4_facet_size_3.0.csv.tif,24432.04947478688,14951.172837104485,9579.26130008394
labels_mask_case_id_TCGA-BC-A69I_2_3_cell_expansion_3_0_threshold_0_8_facet_size_3.0.csv.tif,23153.505303562783,7386.448157472698,3244.4641656061285
labels_mask_case_id_TCGA-BC-A69I_2_2_cell_expansion_3_0_threshold_0_4_facet_size_3.0.csv.tif,23860.598277294743,11256.504771053222,6256.170455217887
labels_mask_case_id_TCGA-DD-AAED_2_4_cell_expansion_13_0_threshold_0_8_facet_size_3.0.csv.tif,24199.582578553254,12803.358693270036,6496.931762768787
labels_mask_case_id_TCGA-YA-A8S7_0_3_cell_expansion_13_0_threshold_0_4_facet_size_3.0.csv.tif,24800.22606521008,17322.698219475213,11283.784663793544
labels_mask_case_id_TCGA-BC-A69I_4_4_cell_expansion_9_0_threshold_0_5_facet_size_3.0.csv.tif,24601.06141141357,15684.897207432728,9337.755098622514
labels_mask_case_id_TCGA-CC-A3MA_0_1_cell_expansion_7_0_threshold_0_8_facet_size_3.0.csv.tif,22651.16283463424,4948.054865836151,1476.5889474983933
labels_mask_case_id_TCGA-YA-A8S7_4_0_cell_expansion_9_0_threshold_0_8_facet_size_3.0.csv.tif,23102.518626316647,7157.419823412239,2908.037734121759
labels_mask_case_id_TCGA-YA-A8S7_1_4_cell_expansion_9_0_threshold_0_6_facet_size_3.0.csv.tif,22430.50122356052,3938.0238721903743,936.294053306475
labels_mask_case_id_TCGA-CC-5261_4_0_cell_expansion_1_0_threshold_0_4_facet_size_3.0.csv.tif,23813.01570817136,11434.506219637406,7390.931059480059
labels_mask_case_id_TCGA-CC-A1HT_1_2_cell_expansion_7_0_threshold_0_5_facet_size_3.0.csv.tif,24454.00323257879,14828.266368789682,8987.444866810263
labels_mask_case_id_TCGA-CC-A3MA_3_0_cell_expansion_11_0_threshold_0_8_facet_size_3.0.csv.tif,22295.564725834272,3345.912720479547,555.5313772235761
labels_mask_case_id_TCGA-CC-5261_2_1_cell_expansion_7_0_threshold_0_8_facet_size_3.0.csv.tif,23630.44008331214,9849.084604398391,4539.744323177703
labels_mask_case_id_TCGA-G3-A5SK_2_4_cell_expansion_7_0_threshold_0_6_facet_size_3.0.csv.tif,24634.129449020733,15976.863436447842,9705.199299068645
labels_mask_case_id_TCGA-CC-5261_0_0_cell_expansion_15_0_threshold_0_6_facet_size_3.0.csv.tif,24714.663017214145,16620.13595910209,10337.704196043716
labels_mask_case_id_TCGA-K7-AAU7_3_1_cell_expansion_15_0_threshold_0_8_facet_size_3.0.csv.tif,22295.564725834272,3345.912720479547,555.5313772235761
labels_mask_case_id_TCGA-CC-A3MA_3_1_cell_expansion_11_0_threshold_0_6_facet_size_3.0.csv.tif,24756.446375541254,17081.427010837506,11136.097745813113
labels_mask_case_id_TCGA-CC-5261_3_4_cell_expansion_7_0_threshold_0_8_facet_size_3.0.csv.tif,23717.99703651165,10203.165844961552,4709.825274036275
labels_mask_case_id_TCGA-CC-A8HT_0_2_cell_expansion_13_0_threshold_0_8_facet_size_3.0.csv.tif,22893.75995381425,6181.872383045098,2348.485539797691
labels_mask_case_id_TCGA-CC-A8HT_1_0_cell_expansion_15_0_threshold_0_4_facet_size_3.0.csv.tif,24795.02679459213,17441.700514878736,11583.585904072588
labels_mask_case_id_TCGA-G3-A5SK_2_3_cell_expansion_13_0_threshold_0_5_facet_size_3.0.csv.tif,24487.556984437146,15233.811826104818,9414.756112266668
labels_mask_case_id_TCGA-DD-AAED_4_1_cell_expansion_9_0_threshold_0_7_facet_size_3.0.csv.tif,24589.01021922527,15446.597569531432,8920.096087916283
labels_mask_case_id_TCGA-CC-A1HT_1_2_cell_expansion_3_0_threshold_0_7_facet_size_3.0.csv.tif,23368.34876401935,8624.88057956122,4353.239407606089
labels_mask_case_id_TCGA-CC-A1HT_0_0_cell_expansion_1_0_threshold_0_4_facet_size_3.0.csv.tif,23296.98835689115,8519.633467646996,5031.126253483159
labels_mask_case_id_TCGA-DD-AAED_0_3_cell_expansion_13_0_threshold_0_4_facet_size_3.0.csv.tif,24735.852420512747,16715.7791702678,10451.168057045152
labels_mask_case_id_TCGA-CC-5261_3_2_cell_expansion_3_0_threshold_0_4_facet_size_3.0.csv.tif,24343.96901985546,14468.125447960902,9154.26417568104
labels_mask_case_id_TCGA-CC-A1HT_2_0_cell_expansion_1_0_threshold_0_5_facet_size_3.0.csv.tif,23008.612133742048,7043.015554893595,3753.238558224668
labels_mask_case_id_TCGA-BC-A69I_4_1_cell_expansion_15_0_threshold_0_8_facet_size_3.0.csv.tif,23160.24195869537,7259.661484306198,2802.39757205516
labels_mask_case_id_TCGA-YA-A8S7_0_1_cell_expansion_9_0_threshold_0_6_facet_size_3.0.csv.tif,24590.491442320366,15705.0187896694,9492.255117058376
labels_mask_case_id_TCGA-G3-A5SK_2_2_cell_expansion_7_0_threshold_0_8_facet_size_3.0.csv.tif,23827.927533283204,10858.834375308748,5324.98749188592
labels_mask_case_id_TCGA-YA-A8S7_0_3_cell_expansion_15_0_threshold_0_7_facet_size_3.0.csv.tif,24492.478723720928,14944.730731162035,8760.715776309897
labels_mask_case_id_TCGA-BC-A69I_0_4_cell_expansion_9_0_threshold_0_7_facet_size_3.0.csv.tif,24314.52290521404,13604.653054427175,7352.011702005306
labels_mask_case_id_TCGA-K7-AAU7_1_2_cell_expansion_15_0_threshold_0_5_facet_size_3.0.csv.tif,24199.57771761743,13475.221725729058,8176.565566656823
labels_mask_case_id_TCGA-DD-AAED_3_4_cell_expansion_13_0_threshold_0_8_facet_size_3.0.csv.tif,23819.851958618918,10976.69634999587,5469.594444502736
labels_mask_case_id_TCGA-CC-5261_0_4_cell_expansion_9_0_threshold_0_7_facet_size_3.0.csv.tif,24381.012130542596,14532.20977658949,8803.359687207761
labels_mask_case_id_TCGA-G3-A7M6_0_1_cell_expansion_5_0_threshold_0_5_facet_size_3.0.csv.tif,24272.413076506265,13812.195261523297,8061.310085133166
labels_mask_case_id_TCGA-CC-5261_2_1_cell_expansion_13_0_threshold_0_7_facet_size_3.0.csv.tif,24343.76497415233,13987.266068094796,7829.516172412565
labels_mask_case_id_TCGA-K7-AAU7_4_3_cell_expansion_7_0_threshold_0_8_facet_size_3.0.csv.tif,22718.53034295779,5333.159009020529,1850.2612101415525
labels_mask_case_id_TCGA-CC-A8HT_0_4_cell_expansion_7_0_threshold_0_6_facet_size_3.0.csv.tif,24486.2247436158,15028.30550364994,8918.653767557997
labels_mask_case_id_TCGA-CC-5261_1_4_cell_expansion_11_0_threshold_0_5_facet_size_3.0.csv.tif,24692.935017772605,16385.747928999568,10114.280870513145
labels_mask_case_id_TCGA-CC-A8HT_1_3_cell_expansion_13_0_threshold_0_6_facet_size_3.0.csv.tif,24509.25186767717,15226.122580644838,9109.241455552286
labels_mask_case_id_TCGA-K7-AAU7_0_3_cell_expansion_3_0_threshold_0_8_facet_size_3.0.csv.tif,22295.564725834272,3345.912720479547,555.5313772235761
labels_mask_case_id_TCGA-CC-A8HT_2_4_cell_expansion_7_0_threshold_0_7_facet_size_3.0.csv.tif,23999.094046129347,11673.42389274858,5935.842741206658
labels_mask_case_id_TCGA-BC-A69I_1_4_cell_expansion_5_0_threshold_0_8_facet_size_3.0.csv.tif,22998.821855673523,6710.124414622819,2710.797187645432
labels_mask_case_id_TCGA-G3-A7M6_0_1_cell_expansion_7_0_threshold_0_4_facet_size_3.0.csv.tif,24530.180518678117,15366.234393066276,9236.007678022515
labels_mask_case_id_TCGA-K7-AAU7_2_4_cell_expansion_5_0_threshold_0_8_facet_size_3.0.csv.tif,22674.04715773252,5015.641774072059,1524.4161265270525
labels_mask_case_id_TCGA-CC-A3MA_1_1_cell_expansion_15_0_threshold_0_8_facet_size_3.0.csv.tif,23836.450260409743,10892.022045717971,5277.808528028056
labels_mask_case_id_TCGA-CC-5261_3_2_cell_expansion_11_0_threshold_0_7_facet_size_3.0.csv.tif,24518.07507760639,14943.800179931915,8421.069117658082
labels_mask_case_id_TCGA-CC-A8HT_0_0_cell_expansion_13_0_threshold_0_7_facet_size_3.0.csv.tif,24510.18649494397,15225.12814975244,9172.679956226437
labels_mask_case_id_TCGA-BC-A69I_1_3_cell_expansion_1_0_threshold_0_8_facet_size_3.0.csv.tif,22652.82507410712,5083.9807054550565,1929.43163121841
labels_mask_case_id_TCGA-CC-A3MA_0_3_cell_expansion_9_0_threshold_0_4_facet_size_3.0.csv.tif,24872.547822421096,17830.792715132367,11616.37856441984
labels_mask_case_id_TCGA-CC-A8HT_0_0_cell_expansion_15_0_threshold_0_4_facet_size_3.0.csv.tif,24873.705021639904,18044.61055141837,12220.88614972712
labels_mask_case_id_TCGA-CC-A8HT_3_1_cell_expansion_11_0_threshold_0_4_facet_size_3.0.csv.tif,24421.55176738375,14553.41690869839,8528.841506883771
labels_mask_case_id_TCGA-G3-A7M6_4_1_cell_expansion_7_0_threshold_0_6_facet_size_3.0.csv.tif,24335.287768395287,13959.790519736403,7918.733584099704
labels_mask_case_id_TCGA-G3-A5SK_0_3_cell_expansion_11_0_threshold_0_8_facet_size_3.0.csv.tif,23476.82835550468,9198.981646087574,4446.173066989825
labels_mask_case_id_TCGA-K7-AAU7_4_2_cell_expansion_3_0_threshold_0_6_facet_size_3.0.csv.tif,24005.312804380854,12540.299409812103,7863.527174329341
labels_mask_case_id_TCGA-YA-A8S7_0_4_cell_expansion_11_0_threshold_0_5_facet_size_3.0.csv.tif,24639.926605585315,16239.659722008711,10261.388285626605
labels_mask_case_id_TCGA-YA-A8S7_1_0_cell_expansion_3_0_threshold_0_6_facet_size_3.0.csv.tif,23715.09792765987,10524.749430442953,5647.013382346486
labels_mask_case_id_TCGA-DD-AAED_4_2_cell_expansion_1_0_threshold_0_4_facet_size_3.0.csv.tif,23664.785330466148,10658.00428244151,6691.370752477937
labels_mask_case_id_TCGA-CC-5261_3_3_cell_expansion_13_0_threshold_0_8_facet_size_3.0.csv.tif,24128.593812368737,12442.05095452775,6393.531115049861
labels_mask_case_id_TCGA-BC-A69I_4_1_cell_expansion_1_0_threshold_0_8_facet_size_3.0.csv.tif,22517.65411365252,4406.147177436299,1343.2603189602316
labels_mask_case_id_TCGA-DD-AAED_3_0_cell_expansion_7_0_threshold_0_6_facet_size_3.0.csv.tif,24671.493631284407,16166.814455498748,9712.186497039069
labels_mask_case_id_TCGA-YA-A8S7_4_2_cell_expansion_5_0_threshold_0_5_facet_size_3.0.csv.tif,23007.47413074123,6776.134241021322,2852.076334185307
labels_mask_case_id_TCGA-BC-A69I_3_2_cell_expansion_7_0_threshold_0_6_facet_size_3.0.csv.tif,23876.621973939215,11178.59576224261,5681.814364608161
labels_mask_case_id_TCGA-G3-A7M6_3_4_cell_expansion_7_0_threshold_0_5_facet_size_3.0.csv.tif,24703.091627300146,16641.043357423554,10603.99664436929
labels_mask_case_id_TCGA-CC-A3MA_2_4_cell_expansion_13_0_threshold_0_8_facet_size_3.0.csv.tif,23842.521534242213,10839.412467015414,5200.833742876338
labels_mask_case_id_TCGA-YA-A8S7_2_2_cell_expansion_11_0_threshold_0_7_facet_size_3.0.csv.tif,24188.55211918829,12622.40484359764,6368.49838491718
labels_mask_case_id_TCGA-G3-A5SK_2_0_cell_expansion_11_0_threshold_0_5_facet_size_3.0.csv.tif,24584.064115156518,15931.549907384957,10089.222674709232
labels_mask_case_id_TCGA-G3-A5SK_0_2_cell_expansion_15_0_threshold_0_4_facet_size_3.0.csv.tif,24535.204873363786,15356.829538523993,9219.104108710024
labels_mask_case_id_TCGA-YA-A8S7_0_4_cell_expansion_13_0_threshold_0_4_facet_size_3.0.csv.tif,24683.908084052044,16664.35847927641,10810.643273266332
labels_mask_case_id_TCGA-CC-A1HT_3_0_cell_expansion_9_0_threshold_0_8_facet_size_3.0.csv.tif,22780.39191629364,5516.29535202946,1761.488131874091
labels_mask_case_id_TCGA-K7-AAU7_1_4_cell_expansion_11_0_threshold_0_5_facet_size_3.0.csv.tif,23589.843399876467,10200.419290816171,5804.123205116783
labels_mask_case_id_TCGA-CC-A8HT_1_2_cell_expansion_15_0_threshold_0_7_facet_size_3.0.csv.tif,23935.53328130858,11806.070945495494,6473.8625167276605
labels_mask_case_id_TCGA-G3-A7M6_1_2_cell_expansion_5_0_threshold_0_7_facet_size_3.0.csv.tif,24377.547310485017,14591.45124348285,9119.799119703372
labels_mask_case_id_TCGA-G3-A7M6_4_4_cell_expansion_15_0_threshold_0_4_facet_size_3.0.csv.tif,24422.24903561498,14446.456161355078,8264.47049799675
labels_mask_case_id_TCGA-CC-A8HT_3_0_cell_expansion_11_0_threshold_0_6_facet_size_3.0.csv.tif,24535.30612310984,15363.556882706602,9178.180669457375
labels_mask_case_id_TCGA-CC-A1HT_4_4_cell_expansion_13_0_threshold_0_7_facet_size_3.0.csv.tif,23846.351935815008,11095.117539007184,5624.255353697472
labels_mask_case_id_TCGA-K7-AAU7_1_4_cell_expansion_13_0_threshold_0_4_facet_size_3.0.csv.tif,23793.198234640717,11238.09318826073,6632.776359741668
labels_mask_case_id_TCGA-BC-A69I_1_4_cell_expansion_7_0_threshold_0_5_facet_size_3.0.csv.tif,24237.12144722687,13604.158353206914,7842.364371622763
labels_mask_case_id_TCGA-DD-AAED_4_3_cell_expansion_7_0_threshold_0_7_facet_size_3.0.csv.tif,24428.821353639083,14483.445147165774,8276.854570905245
labels_mask_case_id_TCGA-DD-AAED_2_4_cell_expansion_7_0_threshold_0_6_facet_size_3.0.csv.tif,24674.366757953016,16113.605498180012,9556.806442135454
labels_mask_case_id_TCGA-YA-A8S7_1_1_cell_expansion_7_0_threshold_0_4_facet_size_3.0.csv.tif,24703.185958701368,16450.0956145995,10144.479368723923
labels_mask_case_id_TCGA-CC-5261_1_1_cell_expansion_11_0_threshold_0_6_facet_size_3.0.csv.tif,23836.47607159491,11449.236031751692,6354.2458822680055
labels_mask_case_id_TCGA-BC-A69I_4_0_cell_expansion_1_0_threshold_0_8_facet_size_3.0.csv.tif,22557.248785717937,4718.834666311661,1691.6100620604846
labels_mask_case_id_TCGA-BC-A69I_1_3_cell_expansion_5_0_threshold_0_6_facet_size_3.0.csv.tif,24186.152533507626,12973.034295753552,7122.387214873723
labels_mask_case_id_TCGA-G3-A5SK_0_2_cell_expansion_15_0_threshold_0_8_facet_size_3.0.csv.tif,23923.50870533143,11541.104940873583,5936.511529113501
labels_mask_case_id_TCGA-DD-AAED_2_3_cell_expansion_13_0_threshold_0_4_facet_size_3.0.csv.tif,24602.27100751696,15619.148515386669,9305.317081484927
labels_mask_case_id_TCGA-CC-A8HT_3_0_cell_expansion_5_0_threshold_0_6_facet_size_3.0.csv.tif,24327.461397091774,14121.915255107277,8327.668543985246
labels_mask_case_id_TCGA-YA-A8S7_3_4_cell_expansion_11_0_threshold_0_5_facet_size_3.0.csv.tif,22366.370087630068,3634.259233324692,704.2323279877243
labels_mask_case_id_TCGA-CC-5261_2_0_cell_expansion_13_0_threshold_0_5_facet_size_3.0.csv.tif,24749.469364294084,16899.361828088764,10737.62904591174
labels_mask_case_id_TCGA-CC-A1HT_3_0_cell_expansion_9_0_threshold_0_4_facet_size_3.0.csv.tif,24887.124655170497,18277.88489296592,12716.939187197351
labels_mask_case_id_TCGA-YA-A8S7_0_2_cell_expansion_3_0_threshold_0_8_facet_size_3.0.csv.tif,22847.309044166534,6011.155639032062,2365.3264962011635
labels_mask_case_id_TCGA-K7-AAU7_1_0_cell_expansion_11_0_threshold_0_4_facet_size_3.0.csv.tif,23673.91326635981,10522.34047744054,5956.295706641323
labels_mask_case_id_TCGA-CC-5261_3_0_cell_expansion_9_0_threshold_0_6_facet_size_3.0.csv.tif,24585.09160942603,15620.629000577808,9415.700102083549
labels_mask_case_id_TCGA-G3-A7M6_3_4_cell_expansion_5_0_threshold_0_8_facet_size_3.0.csv.tif,23660.50170275203,10242.623128858551,5282.183933085937
labels_mask_case_id_TCGA-YA-A8S7_2_3_cell_expansion_15_0_threshold_0_7_facet_size_3.0.csv.tif,23443.35070171227,8686.464830392259,3715.61310897528
labels_mask_case_id_TCGA-G3-A7M6_4_0_cell_expansion_7_0_threshold_0_6_facet_size_3.0.csv.tif,24648.396087449968,16804.893506656903,11527.10867391473
labels_mask_case_id_TCGA-DD-AAED_0_3_cell_expansion_5_0_threshold_0_4_facet_size_3.0.csv.tif,24569.03545175845,15730.304443865049,9770.237357116188
labels_mask_case_id_TCGA-K7-AAU7_2_3_cell_expansion_7_0_threshold_0_7_facet_size_3.0.csv.tif,23226.99535521367,7691.9050110732605,3306.280627098516
labels_mask_case_id_TCGA-BC-A69I_1_3_cell_expansion_7_0_threshold_0_7_facet_size_3.0.csv.tif,24119.256316961822,12519.244240491877,6536.930097423039
labels_mask_case_id_TCGA-K7-AAU7_3_3_cell_expansion_13_0_threshold_0_8_facet_size_3.0.csv.tif,22295.564725834272,3345.912720479547,555.5313772235761
labels_mask_case_id_TCGA-YA-A8S7_3_4_cell_expansion_13_0_threshold_0_4_facet_size_3.0.csv.tif,22366.370087630068,3634.259233324692,704.2323279877243
labels_mask_case_id_TCGA-YA-A8S7_4_4_cell_expansion_3_0_threshold_0_4_facet_size_3.0.csv.tif,22526.006570431226,4336.811201117274,1132.271012478941
labels_mask_case_id_TCGA-YA-A8S7_1_1_cell_expansion_3_0_threshold_0_6_facet_size_3.0.csv.tif,24107.581855431978,12976.031696086951,7831.047439827616
labels_mask_case_id_TCGA-CC-A3MA_4_0_cell_expansion_3_0_threshold_0_8_facet_size_3.0.csv.tif,22935.8708140496,6423.444362928551,2678.2712626076573
labels_mask_case_id_TCGA-G3-A5SK_3_0_cell_expansion_1_0_threshold_0_5_facet_size_3.0.csv.tif,23438.7512267588,9323.583867416372,5768.785667393445
labels_mask_case_id_TCGA-CC-A3MA_0_1_cell_expansion_15_0_threshold_0_4_facet_size_3.0.csv.tif,23443.286274452257,9240.454911394309,4623.794107650387
labels_mask_case_id_TCGA-G3-A5SK_0_4_cell_expansion_11_0_threshold_0_4_facet_size_3.0.csv.tif,24307.19367557769,13822.254008648191,7828.810420266616
labels_mask_case_id_TCGA-CC-A3MA_1_2_cell_expansion_15_0_threshold_0_5_facet_size_3.0.csv.tif,24860.98739294956,17722.226729083734,11494.424043630064
labels_mask_case_id_TCGA-CC-5261_0_4_cell_expansion_13_0_threshold_0_8_facet_size_3.0.csv.tif,23242.95899023704,8074.300161174771,3652.439134213064
labels_mask_case_id_TCGA-CC-A1HT_2_1_cell_expansion_7_0_threshold_0_6_facet_size_3.0.csv.tif,24527.08035146052,15146.35499446962,8796.098677358594
labels_mask_case_id_TCGA-G3-A5SK_3_0_cell_expansion_3_0_threshold_0_4_facet_size_3.0.csv.tif,24205.711648933328,13768.038282952764,8956.704787576084
labels_mask_case_id_TCGA-CC-A3MA_3_3_cell_expansion_7_0_threshold_0_7_facet_size_3.0.csv.tif,24540.3296176612,15078.118405514952,8587.393073142704
labels_mask_case_id_TCGA-DD-AAED_0_2_cell_expansion_11_0_threshold_0_7_facet_size_3.0.csv.tif,24470.493943789275,14951.347426781713,8767.684199472056
labels_mask_case_id_TCGA-CC-A1HT_4_3_cell_expansion_15_0_threshold_0_4_facet_size_3.0.csv.tif,24866.52597129943,17924.47826654445,11964.737156711111
labels_mask_case_id_TCGA-YA-A8S7_1_1_cell_expansion_15_0_threshold_0_4_facet_size_3.0.csv.tif,24751.771589026223,16821.05762289166,10525.137418082815
labels_mask_case_id_TCGA-G3-A5SK_2_2_cell_expansion_11_0_threshold_0_6_facet_size_3.0.csv.tif,24546.5655933598,15475.542630254527,9390.129064637344
labels_mask_case_id_TCGA-CC-A1HT_0_1_cell_expansion_5_0_threshold_0_6_facet_size_3.0.csv.tif,24636.986109882168,16306.084922126056,10549.264638770992
labels_mask_case_id_TCGA-CC-5261_3_4_cell_expansion_13_0_threshold_0_4_facet_size_3.0.csv.tif,24782.472072584816,17019.094620237367,10725.441561121934
labels_mask_case_id_TCGA-CC-A3MA_3_2_cell_expansion_1_0_threshold_0_8_facet_size_3.0.csv.tif,22549.97393259759,4588.825119384121,1505.005410736255
labels_mask_case_id_TCGA-DD-AAED_2_1_cell_expansion_15_0_threshold_0_8_facet_size_3.0.csv.tif,24596.57002154448,15537.097414366604,8929.087796786247
labels_mask_case_id_TCGA-K7-AAU7_0_4_cell_expansion_15_0_threshold_0_7_facet_size_3.0.csv.tif,22751.75312406469,5388.370669079724,1866.087207743758
labels_mask_case_id_TCGA-CC-A3MA_1_4_cell_expansion_7_0_threshold_0_4_facet_size_3.0.csv.tif,24879.610469220643,17931.695533467035,11805.54845820068
labels_mask_case_id_TCGA-G3-A5SK_1_2_cell_expansion_15_0_threshold_0_8_facet_size_3.0.csv.tif,23756.224095524834,10338.526330048731,4939.700728108662
labels_mask_case_id_TCGA-G3-A5SK_1_0_cell_expansion_7_0_threshold_0_7_facet_size_3.0.csv.tif,24322.180823631024,14056.210187528064,8158.146704900686
labels_mask_case_id_TCGA-G3-A5SK_0_2_cell_expansion_5_0_threshold_0_4_facet_size_3.0.csv.tif,24261.894231664264,13726.056068565653,8060.15667958768
labels_mask_case_id_TCGA-CC-A3MA_3_4_cell_expansion_5_0_threshold_0_4_facet_size_3.0.csv.tif,24666.16705023621,16601.352291188596,10818.845837148108
labels_mask_case_id_TCGA-CC-A3MA_1_2_cell_expansion_3_0_threshold_0_8_facet_size_3.0.csv.tif,23206.94505088869,7752.847622487723,3525.502099839334
labels_mask_case_id_TCGA-CC-A3MA_2_3_cell_expansion_15_0_threshold_0_7_facet_size_3.0.csv.tif,24585.85266518346,15572.575665795395,9248.491258158458
labels_mask_case_id_TCGA-CC-A3MA_1_3_cell_expansion_3_0_threshold_0_4_facet_size_3.0.csv.tif,24803.62395043082,17630.688401225878,12061.032477779492
labels_mask_case_id_TCGA-CC-5261_2_3_cell_expansion_11_0_threshold_0_5_facet_size_3.0.csv.tif,24789.80448035951,17061.382933953682,10612.40982965192
labels_mask_case_id_TCGA-CC-5261_0_1_cell_expansion_3_0_threshold_0_7_facet_size_3.0.csv.tif,23835.33578646382,11328.63342497866,6388.806121801507
labels_mask_case_id_TCGA-DD-AAED_1_1_cell_expansion_15_0_threshold_0_4_facet_size_3.0.csv.tif,24764.091619476127,16677.98137205609,10098.734357807796
labels_mask_case_id_TCGA-CC-A3MA_4_1_cell_expansion_5_0_threshold_0_7_facet_size_3.0.csv.tif,24383.90735061125,14329.986589224658,8255.261265825517
labels_mask_case_id_TCGA-G3-A7M6_4_3_cell_expansion_15_0_threshold_0_4_facet_size_3.0.csv.tif,24471.397977090684,15011.6540542051,8928.57221331324
labels_mask_case_id_TCGA-G3-A5SK_3_1_cell_expansion_15_0_threshold_0_5_facet_size_3.0.csv.tif,24376.07644301263,14061.598924398342,7848.260764532281
labels_mask_case_id_TCGA-K7-AAU7_4_4_cell_expansion_13_0_threshold_0_8_facet_size_3.0.csv.tif,22994.73048771381,6541.484654264523,2413.435945730004
labels_mask_case_id_TCGA-BC-A69I_0_0_cell_expansion_15_0_threshold_0_6_facet_size_3.0.csv.tif,24203.181090428818,13115.58685015034,7197.099750246951
labels_mask_case_id_TCGA-DD-AAED_4_0_cell_expansion_1_0_threshold_0_8_facet_size_3.0.csv.tif,23090.44417801757,7329.16947820362,3661.686149848433
labels_mask_case_id_TCGA-BC-A69I_0_4_cell_expansion_13_0_threshold_0_4_facet_size_3.0.csv.tif,24626.727988933213,15743.02581894726,9265.54784275002
labels_mask_case_id_TCGA-G3-A7M6_2_4_cell_expansion_15_0_threshold_0_4_facet_size_3.0.csv.tif,24713.60432846648,16544.5317334188,10245.133565948132
labels_mask_case_id_TCGA-K7-AAU7_2_1_cell_expansion_5_0_threshold_0_6_facet_size_3.0.csv.tif,23360.82009614495,8876.439810316886,4666.601745984898
labels_mask_case_id_TCGA-CC-A1HT_3_2_cell_expansion_9_0_threshold_0_4_facet_size_3.0.csv.tif,24711.44149814631,16254.743524397958,9543.564479601171
labels_mask_case_id_TCGA-G3-A7M6_3_3_cell_expansion_11_0_threshold_0_6_facet_size_3.0.csv.tif,24425.530561282678,14373.791820084014,8146.942763146719
labels_mask_case_id_TCGA-G3-A7M6_0_2_cell_expansion_1_0_threshold_0_7_facet_size_3.0.csv.tif,23073.29494506045,7274.769626010617,3838.292014557938
labels_mask_case_id_TCGA-G3-A7M6_0_2_cell_expansion_15_0_threshold_0_6_facet_size_3.0.csv.tif,24629.001436533043,15847.86375621321,9392.822062967489
labels_mask_case_id_TCGA-CC-A8HT_1_2_cell_expansion_5_0_threshold_0_7_facet_size_3.0.csv.tif,23699.61271367265,10610.633450263796,5751.122249909279
labels_mask_case_id_TCGA-CC-A8HT_0_0_cell_expansion_7_0_threshold_0_4_facet_size_3.0.csv.tif,24874.071860200427,18058.54403494227,12246.061903574358
labels_mask_case_id_TCGA-G3-A5SK_4_1_cell_expansion_11_0_threshold_0_7_facet_size_3.0.csv.tif,24250.00263551796,13317.918683085449,7273.783223099591
labels_mask_case_id_TCGA-CC-A3MA_4_1_cell_expansion_15_0_threshold_0_8_facet_size_3.0.csv.tif,23939.72944865561,11215.884430376893,5413.423223523211
labels_mask_case_id_TCGA-CC-A3MA_0_0_cell_expansion_9_0_threshold_0_4_facet_size_3.0.csv.tif,23908.800454997785,11798.056415477491,6514.335509858381
labels_mask_case_id_TCGA-BC-A69I_3_4_cell_expansion_13_0_threshold_0_8_facet_size_3.0.csv.tif,23939.88408310433,11434.351668614754,5790.6333453665375
labels_mask_case_id_TCGA-DD-AAED_0_0_cell_expansion_5_0_threshold_0_8_facet_size_3.0.csv.tif,23828.86675637965,11070.610606464104,5698.78431323879
labels_mask_case_id_TCGA-CC-A8HT_4_0_cell_expansion_1_0_threshold_0_5_facet_size_3.0.csv.tif,23345.93263814249,8692.243368033873,4869.772393712085
labels_mask_case_id_TCGA-BC-A69I_0_3_cell_expansion_5_0_threshold_0_4_facet_size_3.0.csv.tif,24177.374492605057,12975.335541319986,7160.020821573664
labels_mask_case_id_TCGA-G3-A7M6_3_0_cell_expansion_1_0_threshold_0_4_facet_size_3.0.csv.tif,23268.482791507115,8291.223030620802,4735.248893568543
labels_mask_case_id_TCGA-BC-A69I_2_4_cell_expansion_3_0_threshold_0_4_facet_size_3.0.csv.tif,23692.813030312733,10468.107615402632,5826.297885930307
labels_mask_case_id_TCGA-K7-AAU7_1_4_cell_expansion_3_0_threshold_0_4_facet_size_3.0.csv.tif,23415.939902297134,9271.616567675806,5444.397960751876
labels_mask_case_id_TCGA-YA-A8S7_4_1_cell_expansion_1_0_threshold_0_7_facet_size_3.0.csv.tif,23316.15272164612,8436.89596438589,4648.438177593726
labels_mask_case_id_TCGA-DD-AAED_3_3_cell_expansion_3_0_threshold_0_4_facet_size_3.0.csv.tif,24636.509088848707,16352.77851032042,10710.622819608232
labels_mask_case_id_TCGA-G3-A7M6_0_3_cell_expansion_15_0_threshold_0_8_facet_size_3.0.csv.tif,24076.943343236075,12226.934883348877,6210.511451243033
labels_mask_case_id_TCGA-BC-A69I_2_2_cell_expansion_15_0_threshold_0_5_facet_size_3.0.csv.tif,24518.875255827064,15007.254799443712,8543.128921578706
labels_mask_case_id_TCGA-CC-5261_4_0_cell_expansion_13_0_threshold_0_5_facet_size_3.0.csv.tif,24856.79391679897,17886.700514524044,11937.327129322704
labels_mask_case_id_TCGA-CC-5261_4_1_cell_expansion_15_0_threshold_0_8_facet_size_3.0.csv.tif,23641.12694101137,9810.19304282428,4544.712268844655
labels_mask_case_id_TCGA-BC-A69I_0_0_cell_expansion_13_0_threshold_0_5_facet_size_3.0.csv.tif,24279.29427919076,13566.18289849712,7578.657985188917
labels_mask_case_id_TCGA-G3-A7M6_1_0_cell_expansion_7_0_threshold_0_6_facet_size_3.0.csv.tif,24554.45224961328,15580.030003116806,9600.447168903822
labels_mask_case_id_TCGA-YA-A8S7_1_3_cell_expansion_7_0_threshold_0_4_facet_size_3.0.csv.tif,24689.795015081283,16513.415909889707,10415.410093476372
labels_mask_case_id_TCGA-DD-AAED_0_1_cell_expansion_1_0_threshold_0_6_facet_size_3.0.csv.tif,23600.70854276592,10090.626500483871,5942.9410266840405
labels_mask_case_id_TCGA-CC-5261_1_1_cell_expansion_3_0_threshold_0_5_facet_size_3.0.csv.tif,23530.629993929837,9857.8168062944,5544.377168095304
labels_mask_case_id_TCGA-CC-A3MA_3_1_cell_expansion_1_0_threshold_0_4_facet_size_3.0.csv.tif,24047.888548259565,13088.707742905426,9218.385041594996
labels_mask_case_id_TCGA-CC-A3MA_2_3_cell_expansion_3_0_threshold_0_7_facet_size_3.0.csv.tif,24152.94218251596,13074.52970136185,7733.811296253057
labels_mask_case_id_TCGA-DD-AAED_4_4_cell_expansion_11_0_threshold_0_5_facet_size_3.0.csv.tif,24875.995516905707,17890.78139308023,11691.56086195206
labels_mask_case_id_TCGA-CC-A3MA_4_3_cell_expansion_7_0_threshold_0_6_facet_size_3.0.csv.tif,24686.71905405636,16325.745521257511,9996.767874494455
labels_mask_case_id_TCGA-G3-A7M6_0_1_cell_expansion_9_0_threshold_0_4_facet_size_3.0.csv.tif,24533.594571145823,15388.631266518463,9260.939665816037
labels_mask_case_id_TCGA-CC-A1HT_1_2_cell_expansion_13_0_threshold_0_5_facet_size_3.0.csv.tif,24497.060520064915,15097.605917234532,9186.831781666178
labels_mask_case_id_TCGA-CC-A3MA_1_0_cell_expansion_3_0_threshold_0_8_facet_size_3.0.csv.tif,23469.019274717022,9009.988082837515,4255.590735491278
labels_mask_case_id_TCGA-CC-5261_1_0_cell_expansion_1_0_threshold_0_8_facet_size_3.0.csv.tif,22700.76249811505,5319.217547091299,2098.453301417205
labels_mask_case_id_TCGA-CC-A3MA_0_4_cell_expansion_7_0_threshold_0_6_facet_size_3.0.csv.tif,24216.31561694749,13548.596734086732,7935.160904166933
labels_mask_case_id_TCGA-G3-A7M6_1_3_cell_expansion_9_0_threshold_0_6_facet_size_3.0.csv.tif,24562.012067851465,15524.36357572982,9355.121683801355
labels_mask_case_id_TCGA-CC-5261_0_4_cell_expansion_7_0_threshold_0_7_facet_size_3.0.csv.tif,24366.247565649537,14452.701282839742,8745.662461507483
labels_mask_case_id_TCGA-CC-A1HT_4_4_cell_expansion_3_0_threshold_0_5_facet_size_3.0.csv.tif,23894.19410934883,11786.431551501602,6891.157746522898
labels_mask_case_id_TCGA-CC-A1HT_2_4_cell_expansion_7_0_threshold_0_4_facet_size_3.0.csv.tif,24794.268587771054,17074.70542365966,10663.05448186737
labels_mask_case_id_TCGA-CC-A8HT_4_0_cell_expansion_13_0_threshold_0_7_facet_size_3.0.csv.tif,24281.92713891153,13474.280674249703,7413.823236442435
labels_mask_case_id_TCGA-CC-A8HT_2_3_cell_expansion_9_0_threshold_0_5_facet_size_3.0.csv.tif,24565.541029922788,15846.790112603136,10079.537569008984
labels_mask_case_id_TCGA-CC-A3MA_4_3_cell_expansion_3_0_threshold_0_4_facet_size_3.0.csv.tif,24604.78896172396,16334.072955729538,10974.01257241332
labels_mask_case_id_TCGA-CC-A1HT_2_3_cell_expansion_5_0_threshold_0_7_facet_size_3.0.csv.tif,23048.435887137963,6931.168776561059,2867.6672992228605
labels_mask_case_id_TCGA-BC-A69I_0_0_cell_expansion_9_0_threshold_0_5_facet_size_3.0.csv.tif,24230.858737022223,13295.929598748651,7382.952726415539
labels_mask_case_id_TCGA-BC-A69I_3_2_cell_expansion_15_0_threshold_0_5_facet_size_3.0.csv.tif,24328.977494743744,13790.909045124228,7591.127829957017
labels_mask_case_id_TCGA-G3-A7M6_3_4_cell_expansion_9_0_threshold_0_5_facet_size_3.0.csv.tif,24710.060049182783,16674.770960923972,10617.492828903984
labels_mask_case_id_TCGA-CC-A1HT_2_4_cell_expansion_1_0_threshold_0_7_facet_size_3.0.csv.tif,23598.614445533694,9771.95433387146,5132.526105653145
labels_mask_case_id_TCGA-CC-A8HT_1_1_cell_expansion_9_0_threshold_0_6_facet_size_3.0.csv.tif,24554.00565842499,15502.30699328302,9386.027349490683
labels_mask_case_id_TCGA-CC-5261_2_4_cell_expansion_1_0_threshold_0_5_facet_size_3.0.csv.tif,23709.131398746133,10869.069493147364,6747.3312135464685
labels_mask_case_id_TCGA-CC-A1HT_4_3_cell_expansion_3_0_threshold_0_7_facet_size_3.0.csv.tif,23893.84870225633,11387.98953810144,6204.2235853167085
labels_mask_case_id_TCGA-G3-A7M6_1_4_cell_expansion_9_0_threshold_0_4_facet_size_3.0.csv.tif,24133.24302738465,13212.940848848792,7937.707608572223
labels_mask_case_id_TCGA-BC-A69I_1_1_cell_expansion_15_0_threshold_0_8_facet_size_3.0.csv.tif,23567.229419012183,9388.763573338205,4358.153910283073
labels_mask_case_id_TCGA-YA-A8S7_4_0_cell_expansion_15_0_threshold_0_6_facet_size_3.0.csv.tif,24773.84583668367,17098.147228421316,10909.242748646684
labels_mask_case_id_TCGA-DD-AAED_2_2_cell_expansion_9_0_threshold_0_4_facet_size_3.0.csv.tif,24359.40271700232,14320.416723205071,8402.842815560398
labels_mask_case_id_TCGA-CC-A3MA_1_1_cell_expansion_5_0_threshold_0_7_facet_size_3.0.csv.tif,23921.746296920915,11553.739614190245,6084.975534093521
labels_mask_case_id_TCGA-CC-5261_0_4_cell_expansion_3_0_threshold_0_5_facet_size_3.0.csv.tif,24244.65553916525,14059.568364385674,9257.392790219988
labels_mask_case_id_TCGA-CC-5261_0_2_cell_expansion_3_0_threshold_0_7_facet_size_3.0.csv.tif,23565.08789277532,9958.057376975625,5602.972211115343
labels_mask_case_id_TCGA-DD-AAED_4_4_cell_expansion_13_0_threshold_0_8_facet_size_3.0.csv.tif,24429.654918454296,14255.902677037406,7787.177139607966
labels_mask_case_id_TCGA-K7-AAU7_4_2_cell_expansion_9_0_threshold_0_8_facet_size_3.0.csv.tif,23159.336418677285,7705.116200357603,3536.89747601678
labels_mask_case_id_TCGA-K7-AAU7_2_4_cell_expansion_9_0_threshold_0_5_facet_size_3.0.csv.tif,23724.531619365465,10475.422832685364,5368.873448759552
labels_mask_case_id_TCGA-BC-A69I_4_1_cell_expansion_9_0_threshold_0_7_facet_size_3.0.csv.tif,23625.14801996707,9708.781800257557,4639.929047560649
labels_mask_case_id_TCGA-CC-A1HT_1_2_cell_expansion_11_0_threshold_0_8_facet_size_3.0.csv.tif,22697.630753673555,5173.741011274254,1663.531598644306
labels_mask_case_id_TCGA-CC-A1HT_2_2_cell_expansion_13_0_threshold_0_5_facet_size_3.0.csv.tif,24739.005868835717,16393.272791927837,9606.289412098851
labels_mask_case_id_TCGA-BC-A69I_1_1_cell_expansion_13_0_threshold_0_7_facet_size_3.0.csv.tif,24179.377422087276,12869.183075562903,6930.283216579664
labels_mask_case_id_TCGA-CC-5261_0_2_cell_expansion_1_0_threshold_0_6_facet_size_3.0.csv.tif,23227.60251405154,8181.349441438033,4646.787514810544
labels_mask_case_id_TCGA-YA-A8S7_0_3_cell_expansion_9_0_threshold_0_6_facet_size_3.0.csv.tif,24721.59633302295,16614.67896434903,10430.25120273717
labels_mask_case_id_TCGA-G3-A7M6_0_1_cell_expansion_9_0_threshold_0_8_facet_size_3.0.csv.tif,23964.90681965068,11640.27892255278,5993.578329561075
labels_mask_case_id_TCGA-YA-A8S7_4_1_cell_expansion_15_0_threshold_0_4_facet_size_3.0.csv.tif,24797.227245378,17467.30968077761,11633.666088754033
labels_mask_case_id_TCGA-CC-A1HT_3_0_cell_expansion_5_0_threshold_0_5_facet_size_3.0.csv.tif,24737.064109657687,17100.614760633154,11443.10125778637
labels_mask_case_id_TCGA-DD-AAED_4_0_cell_expansion_11_0_threshold_0_8_facet_size_3.0.csv.tif,24221.09196817502,13162.424403769804,7009.412739582504
labels_mask_case_id_TCGA-G3-A7M6_2_3_cell_expansion_15_0_threshold_0_8_facet_size_3.0.csv.tif,23597.18063333796,9742.477862545167,4665.027021316131
labels_mask_case_id_TCGA-CC-A1HT_4_2_cell_expansion_3_0_threshold_0_7_facet_size_3.0.csv.tif,23747.230437058995,10681.4337315776,5698.421659431814
labels_mask_case_id_TCGA-K7-AAU7_2_3_cell_expansion_9_0_threshold_0_7_facet_size_3.0.csv.tif,23248.490021610163,7801.302660520289,3374.0816742294683
labels_mask_case_id_TCGA-CC-A3MA_1_0_cell_expansion_5_0_threshold_0_7_facet_size_3.0.csv.tif,24509.54847385222,14961.392751342111,8593.990074300804
labels_mask_case_id_TCGA-YA-A8S7_4_4_cell_expansion_13_0_threshold_0_8_facet_size_3.0.csv.tif,22295.564725834272,3345.912720479547,555.5313772235761
labels_mask_case_id_TCGA-CC-A3MA_2_4_cell_expansion_1_0_threshold_0_8_facet_size_3.0.csv.tif,22855.13281442537,6078.537381957285,2622.027082000241
labels_mask_case_id_TCGA-CC-A1HT_3_0_cell_expansion_7_0_threshold_0_4_facet_size_3.0.csv.tif,24881.74810311152,18245.9609631548,12694.80832090486
labels_mask_case_id_TCGA-CC-A3MA_3_0_cell_expansion_5_0_threshold_0_6_facet_size_3.0.csv.tif,22785.98958196005,5747.712608788776,2214.860930855968
labels_mask_case_id_TCGA-CC-5261_2_3_cell_expansion_7_0_threshold_0_8_facet_size_3.0.csv.tif,23613.96233289716,9552.707930549008,4313.723431467788
labels_mask_case_id_TCGA-YA-A8S7_0_4_cell_expansion_9_0_threshold_0_4_facet_size_3.0.csv.tif,24670.14645946116,16586.858078325768,10760.993976645525
labels_mask_case_id_TCGA-G3-A7M6_3_1_cell_expansion_11_0_threshold_0_5_facet_size_3.0.csv.tif,24789.85202626064,17567.898927827686,12034.75134327443
labels_mask_case_id_TCGA-G3-A7M6_0_4_cell_expansion_13_0_threshold_0_7_facet_size_3.0.csv.tif,24508.39109974358,15020.755073626317,8690.348350931592
labels_mask_case_id_TCGA-CC-A1HT_1_1_cell_expansion_5_0_threshold_0_8_facet_size_3.0.csv.tif,22382.42731447525,3784.06399454457,911.0054969137914
labels_mask_case_id_TCGA-G3-A5SK_1_3_cell_expansion_3_0_threshold_0_5_facet_size_3.0.csv.tif,23759.69889838784,11051.983547729962,6592.697056623202
labels_mask_case_id_TCGA-BC-A69I_0_4_cell_expansion_1_0_threshold_0_8_facet_size_3.0.csv.tif,22699.612158651125,5322.476586007486,2181.950173812001
labels_mask_case_id_TCGA-G3-A7M6_0_3_cell_expansion_1_0_threshold_0_7_facet_size_3.0.csv.tif,23003.260328656816,6897.435269332646,3534.7392742668326
labels_mask_case_id_TCGA-G3-A7M6_1_1_cell_expansion_3_0_threshold_0_4_facet_size_3.0.csv.tif,23995.099423159627,12287.190238031708,7538.365224114559
labels_mask_case_id_TCGA-K7-AAU7_4_4_cell_expansion_11_0_threshold_0_5_facet_size_3.0.csv.tif,24249.433534997792,13730.961998602155,8142.004535007622
labels_mask_case_id_TCGA-G3-A7M6_4_4_cell_expansion_3_0_threshold_0_6_facet_size_3.0.csv.tif,23634.327289412777,10054.855086723066,5463.943053395417
labels_mask_case_id_TCGA-BC-A69I_3_0_cell_expansion_15_0_threshold_0_6_facet_size_3.0.csv.tif,24222.992275279856,13161.556887679882,7165.188492834213
labels_mask_case_id_TCGA-G3-A7M6_0_3_cell_expansion_13_0_threshold_0_7_facet_size_3.0.csv.tif,24332.846745627176,13858.695311706611,7652.141049761434
labels_mask_case_id_TCGA-BC-A69I_2_3_cell_expansion_7_0_threshold_0_8_facet_size_3.0.csv.tif,23716.88086263102,10077.397394512474,4636.556627329082
labels_mask_case_id_TCGA-CC-A3MA_0_1_cell_expansion_9_0_threshold_0_4_facet_size_3.0.csv.tif,23408.48091987185,9089.645441400298,4526.623056903509
labels_mask_case_id_TCGA-K7-AAU7_0_0_cell_expansion_5_0_threshold_0_7_facet_size_3.0.csv.tif,22616.46466599424,4815.228847598108,1449.8482943356096
labels_mask_case_id_TCGA-DD-AAED_3_2_cell_expansion_5_0_threshold_0_7_facet_size_3.0.csv.tif,24607.89520391997,15743.185070852172,9424.826982474962
labels_mask_case_id_TCGA-K7-AAU7_3_2_cell_expansion_5_0_threshold_0_4_facet_size_3.0.csv.tif,24260.660453036107,14117.926517273869,8999.175328108162
labels_mask_case_id_TCGA-CC-5261_4_1_cell_expansion_13_0_threshold_0_7_facet_size_3.0.csv.tif,24564.18848028325,15414.275165739677,9088.522771749682
labels_mask_case_id_TCGA-DD-AAED_0_0_cell_expansion_5_0_threshold_0_4_facet_size_3.0.csv.tif,24673.920035531308,16392.282529075455,10349.053089052211
labels_mask_case_id_TCGA-CC-A1HT_3_2_cell_expansion_13_0_threshold_0_5_facet_size_3.0.csv.tif,24737.570211642666,16380.0423825183,9601.799878849431
labels_mask_case_id_TCGA-CC-5261_4_4_cell_expansion_13_0_threshold_0_8_facet_size_3.0.csv.tif,24352.39870627296,13818.023705090842,7493.544284331178
labels_mask_case_id_TCGA-G3-A7M6_1_0_cell_expansion_13_0_threshold_0_6_facet_size_3.0.csv.tif,24555.893883376702,15591.45858005518,9612.164937188722
labels_mask_case_id_TCGA-CC-A8HT_3_3_cell_expansion_7_0_threshold_0_7_facet_size_3.0.csv.tif,23908.360647530026,11372.154438546111,5944.083894312934
labels_mask_case_id_TCGA-BC-A69I_4_2_cell_expansion_1_0_threshold_0_4_facet_size_3.0.csv.tif,23229.471566688408,7975.805017184076,4096.190118644954
labels_mask_case_id_TCGA-BC-A69I_2_2_cell_expansion_5_0_threshold_0_5_facet_size_3.0.csv.tif,24253.80184359793,13412.824240453458,7405.951568176421
labels_mask_case_id_TCGA-CC-A1HT_1_1_cell_expansion_13_0_threshold_0_8_facet_size_3.0.csv.tif,22429.001445671245,4015.191962120746,1064.5353504301688
labels_mask_case_id_TCGA-CC-5261_2_1_cell_expansion_9_0_threshold_0_4_facet_size_3.0.csv.tif,24635.00346787346,16160.931545979372,10052.260361780807
labels_mask_case_id_TCGA-CC-A8HT_4_1_cell_expansion_3_0_threshold_0_4_facet_size_3.0.csv.tif,23928.848035941293,12020.287456285678,7357.299646506748
labels_mask_case_id_TCGA-CC-A1HT_0_3_cell_expansion_15_0_threshold_0_4_facet_size_3.0.csv.tif,24735.609728389885,16781.795061853605,10704.241519654412
labels_mask_case_id_TCGA-CC-5261_4_1_cell_expansion_11_0_threshold_0_6_facet_size_3.0.csv.tif,24745.3945105139,16841.94310953528,10683.804951614116
labels_mask_case_id_TCGA-K7-AAU7_4_0_cell_expansion_1_0_threshold_0_7_facet_size_3.0.csv.tif,22796.136398768205,5789.031134615638,2513.077570196367
labels_mask_case_id_TCGA-BC-A69I_3_0_cell_expansion_1_0_threshold_0_5_facet_size_3.0.csv.tif,23101.98111743839,7397.977275044432,3781.7459554218367
labels_mask_case_id_TCGA-CC-A3MA_3_4_cell_expansion_9_0_threshold_0_5_facet_size_3.0.csv.tif,24695.564985388195,16673.1160982274,10716.164384931304
labels_mask_case_id_TCGA-G3-A7M6_0_3_cell_expansion_5_0_threshold_0_5_facet_size_3.0.csv.tif,24371.41485266289,14251.020276890064,8251.367385600151
labels_mask_case_id_TCGA-CC-5261_3_4_cell_expansion_9_0_threshold_0_4_facet_size_3.0.csv.tif,24779.92235015812,17011.994044077823,10726.45799569964
labels_mask_case_id_TCGA-CC-5261_4_0_cell_expansion_11_0_threshold_0_8_facet_size_3.0.csv.tif,23682.15401680425,10154.204213098306,4817.25568711429
labels_mask_case_id_TCGA-DD-AAED_1_2_cell_expansion_3_0_threshold_0_5_facet_size_3.0.csv.tif,24183.84525420625,13399.483754472622,8050.009115151978
labels_mask_case_id_TCGA-K7-AAU7_2_0_cell_expansion_3_0_threshold_0_5_facet_size_3.0.csv.tif,22527.3661345154,4443.06810579917,1340.5421997601654
labels_mask_case_id_TCGA-G3-A7M6_4_3_cell_expansion_3_0_threshold_0_4_facet_size_3.0.csv.tif,23932.821074588417,11899.71292923949,6982.653034397453
labels_mask_case_id_TCGA-YA-A8S7_3_4_cell_expansion_1_0_threshold_0_8_facet_size_3.0.csv.tif,22295.564725834272,3345.912720479547,555.5313772235761
labels_mask_case_id_TCGA-CC-A1HT_1_4_cell_expansion_9_0_threshold_0_7_facet_size_3.0.csv.tif,23419.90574959936,8795.526046817944,4013.263145220512
labels_mask_case_id_TCGA-CC-A8HT_3_4_cell_expansion_5_0_threshold_0_4_facet_size_3.0.csv.tif,24432.778466449803,15073.056115722782,9681.236028870022
labels_mask_case_id_TCGA-YA-A8S7_4_2_cell_expansion_11_0_threshold_0_7_facet_size_3.0.csv.tif,22862.991069915595,5823.093571376932,1878.918441911464
labels_mask_case_id_TCGA-CC-5261_4_1_cell_expansion_9_0_threshold_0_7_facet_size_3.0.csv.tif,24559.998216165357,15379.763959559956,9054.47586428036
labels_mask_case_id_TCGA-CC-A8HT_0_1_cell_expansion_1_0_threshold_0_7_facet_size_3.0.csv.tif,23154.122774055177,7626.118501499874,3889.246195390485
labels_mask_case_id_TCGA-G3-A7M6_2_3_cell_expansion_5_0_threshold_0_4_facet_size_3.0.csv.tif,24475.09553206745,15148.508721060898,9484.930945422704
labels_mask_case_id_TCGA-K7-AAU7_4_0_cell_expansion_5_0_threshold_0_5_facet_size_3.0.csv.tif,24605.0600464831,16339.639867777034,10990.01602188372
labels_mask_case_id_TCGA-DD-AAED_4_3_cell_expansion_13_0_threshold_0_8_facet_size_3.0.csv.tif,24028.92136030009,12139.714992474615,6449.172181855081
labels_mask_case_id_TCGA-K7-AAU7_2_1_cell_expansion_1_0_threshold_0_8_facet_size_3.0.csv.tif,22326.18826238919,3486.5782964897166,664.2571095022472
labels_mask_case_id_TCGA-K7-AAU7_3_2_cell_expansion_3_0_threshold_0_7_facet_size_3.0.csv.tif,22888.43878684024,6280.250510462408,2767.5833117164857
