image_name;signal_b50;signal_b800
../binary_PNG/binary_labels_mask_case_id_TCGA-YA-A8S7_3_1_cell_expansion_7_0_threshold_0_7.png;24090.048745539665;12296.883401517673
../binary_PNG/binary_labels_mask_case_id_TCGA-CC-A8HT_3_4_cell_expansion_13_0_threshold_0_8.png;22765.58244456658;5639.708756821316
../binary_PNG/binary_labels_mask_case_id_TCGA-CC-A1HT_4_1_cell_expansion_15_0_threshold_0_5.png;24778.20975748073;17154.599248759856
../binary_PNG/binary_labels_mask_case_id_TCGA-K7-AAU7_2_0_cell_expansion_11_0_threshold_0_6.png;22560.85642068167;4510.106281963746
../binary_PNG/binary_labels_mask_case_id_TCGA-G3-A7M6_2_0_cell_expansion_5_0_threshold_0_6.png;24561.986127169606;15844.638122840855
../binary_PNG/binary_labels_mask_case_id_TCGA-G3-A5SK_2_0_cell_expansion_11_0_threshold_0_7.png;24461.17073738589;14925.328044951191
../binary_PNG/binary_labels_mask_case_id_TCGA-CC-5261_2_4_cell_expansion_9_0_threshold_0_8.png;24241.03807425233;13211.143185014842
../binary_PNG/binary_labels_mask_case_id_TCGA-YA-A8S7_0_1_cell_expansion_11_0_threshold_0_8.png;23478.795507886185;9045.837692286235
../binary_PNG/binary_labels_mask_case_id_TCGA-K7-AAU7_1_1_cell_expansion_3_0_threshold_0_4.png;24208.158044002124;13862.194638621784
../binary_PNG/binary_labels_mask_case_id_TCGA-YA-A8S7_2_4_cell_expansion_3_0_threshold_0_5.png;22449.204203362955;4127.227824507435
../binary_PNG/binary_labels_mask_case_id_TCGA-K7-AAU7_2_3_cell_expansion_3_0_threshold_0_7.png;22874.26950095544;6106.368810703751
../binary_PNG/binary_labels_mask_case_id_TCGA-BC-A69I_1_3_cell_expansion_3_0_threshold_0_7.png;23509.444177317582;9447.553927331268
../binary_PNG/binary_labels_mask_case_id_TCGA-BC-A69I_0_1_cell_expansion_1_0_threshold_0_4.png;23297.501333060693;8461.936575073913
../binary_PNG/binary_labels_mask_case_id_TCGA-CC-A3MA_2_1_cell_expansion_11_0_threshold_0_4.png;24917.824526329023;18508.69556226864
../binary_PNG/binary_labels_mask_case_id_TCGA-CC-A8HT_0_4_cell_expansion_7_0_threshold_0_8.png;22864.643397105145;6065.618292175115
../binary_PNG/binary_labels_mask_case_id_TCGA-CC-A3MA_1_4_cell_expansion_13_0_threshold_0_6.png;24829.44647457547;17358.249651347207
../binary_PNG/binary_labels_mask_case_id_TCGA-CC-A3MA_0_4_cell_expansion_9_0_threshold_0_8.png;22769.04173682675;5525.703335830648
../binary_PNG/binary_labels_mask_case_id_TCGA-DD-AAED_0_4_cell_expansion_15_0_threshold_0_5.png;24656.52368879584;15862.391645371456
../binary_PNG/binary_labels_mask_case_id_TCGA-CC-A3MA_1_0_cell_expansion_9_0_threshold_0_4.png;24865.215445538648;17731.758977996644
../binary_PNG/binary_labels_mask_case_id_TCGA-CC-A8HT_3_0_cell_expansion_11_0_threshold_0_8.png;23497.62880349911;9080.48287652119
../binary_PNG/binary_labels_mask_case_id_TCGA-CC-A8HT_1_1_cell_expansion_7_0_threshold_0_8.png;23112.311336366227;7123.106372558967
../binary_PNG/binary_labels_mask_case_id_TCGA-G3-A5SK_1_1_cell_expansion_11_0_threshold_0_5.png;24366.448719023152;14030.597428184072
../binary_PNG/binary_labels_mask_case_id_TCGA-CC-A8HT_3_1_cell_expansion_5_0_threshold_0_8.png;22908.92134629566;6245.54078886971
../binary_PNG/binary_labels_mask_case_id_TCGA-DD-AAED_4_4_cell_expansion_5_0_threshold_0_6.png;24797.3546953212;17338.66301327933
../binary_PNG/binary_labels_mask_case_id_TCGA-G3-A7M6_4_0_cell_expansion_5_0_threshold_0_5.png;24780.55102193096;17822.859792029034
../binary_PNG/binary_labels_mask_case_id_TCGA-CC-A1HT_4_1_cell_expansion_11_0_threshold_0_7.png;24507.557821608112;15094.031700988708
../binary_PNG/binary_labels_mask_case_id_TCGA-K7-AAU7_2_2_cell_expansion_5_0_threshold_0_8.png;22345.177496387743;3629.566922968249
../binary_PNG/binary_labels_mask_case_id_TCGA-CC-5261_3_0_cell_expansion_9_0_threshold_0_4.png;24701.04703234402;16458.5910899375
../binary_PNG/binary_labels_mask_case_id_TCGA-YA-A8S7_0_0_cell_expansion_13_0_threshold_0_7.png;24224.428435801343;13072.508206755932
../binary_PNG/binary_labels_mask_case_id_TCGA-YA-A8S7_0_3_cell_expansion_1_0_threshold_0_7.png;23283.266407374125;8344.635728138772
../binary_PNG/binary_labels_mask_case_id_TCGA-K7-AAU7_0_4_cell_expansion_1_0_threshold_0_5.png;23147.8116100338;7535.044852300493
../binary_PNG/binary_labels_mask_case_id_TCGA-YA-A8S7_1_3_cell_expansion_13_0_threshold_0_6.png;24667.38759422276;16165.351625752275
../binary_PNG/binary_labels_mask_case_id_TCGA-YA-A8S7_4_4_cell_expansion_3_0_threshold_0_6.png;22434.361020042947;3912.7562748779305
../binary_PNG/binary_labels_mask_case_id_TCGA-DD-AAED_3_0_cell_expansion_15_0_threshold_0_8.png;24221.68237631634;12951.02482493477
../binary_PNG/binary_labels_mask_case_id_TCGA-BC-A69I_0_2_cell_expansion_9_0_threshold_0_7.png;23524.503403225805;9466.553813305658
../binary_PNG/binary_labels_mask_case_id_TCGA-CC-A1HT_4_1_cell_expansion_1_0_threshold_0_4.png;23855.534124120317;11672.510922486988
../binary_PNG/binary_labels_mask_case_id_TCGA-CC-A8HT_2_1_cell_expansion_13_0_threshold_0_7.png;24269.83617446576;13503.915910948765
../binary_PNG/binary_labels_mask_case_id_TCGA-G3-A7M6_0_4_cell_expansion_9_0_threshold_0_4.png;24708.471866256423;16544.356553352445
../binary_PNG/binary_labels_mask_case_id_TCGA-CC-A3MA_3_1_cell_expansion_13_0_threshold_0_5.png;24847.78572909308;17955.879848426124
../binary_PNG/binary_labels_mask_case_id_TCGA-CC-A3MA_3_0_cell_expansion_15_0_threshold_0_8.png;22295.564725834272;3345.912720479547
../binary_PNG/binary_labels_mask_case_id_TCGA-CC-5261_2_2_cell_expansion_15_0_threshold_0_7.png;24685.595940050232;16228.480622665154
../binary_PNG/binary_labels_mask_case_id_TCGA-CC-A8HT_1_2_cell_expansion_9_0_threshold_0_8.png;22849.29616519636;6021.1019962642495
../binary_PNG/binary_labels_mask_case_id_TCGA-DD-AAED_2_1_cell_expansion_15_0_threshold_0_6.png;24766.875443307355;16832.35648206821
../binary_PNG/binary_labels_mask_case_id_TCGA-DD-AAED_3_2_cell_expansion_9_0_threshold_0_4.png;24842.94865711564;17498.690097324594
../binary_PNG/binary_labels_mask_case_id_TCGA-CC-A8HT_3_2_cell_expansion_13_0_threshold_0_6.png;24584.78874849688;15739.94833570161
../binary_PNG/binary_labels_mask_case_id_TCGA-CC-A3MA_0_4_cell_expansion_11_0_threshold_0_7.png;23603.518303070443;9783.609987923308
../binary_PNG/binary_labels_mask_case_id_TCGA-YA-A8S7_2_0_cell_expansion_15_0_threshold_0_8.png;23364.8630334915;8132.009481775669
../binary_PNG/binary_labels_mask_case_id_TCGA-G3-A7M6_4_3_cell_expansion_9_0_threshold_0_4.png;24471.397977090684;15011.6540542051
../binary_PNG/binary_labels_mask_case_id_TCGA-CC-A1HT_4_1_cell_expansion_3_0_threshold_0_5.png;24375.49266242594;14681.752951416323
../binary_PNG/binary_labels_mask_case_id_TCGA-CC-A8HT_1_0_cell_expansion_15_0_threshold_0_6.png;24623.70721514125;15943.765321296
../binary_PNG/binary_labels_mask_case_id_TCGA-G3-A7M6_4_2_cell_expansion_9_0_threshold_0_8.png;22723.31939963952;5456.755730687819
../binary_PNG/binary_labels_mask_case_id_TCGA-CC-5261_1_2_cell_expansion_5_0_threshold_0_8.png;23452.63547486248;8900.243623109656
../binary_PNG/binary_labels_mask_case_id_TCGA-CC-A8HT_1_4_cell_expansion_13_0_threshold_0_4.png;24767.010655788024;16915.064187322445
../binary_PNG/binary_labels_mask_case_id_TCGA-CC-A3MA_4_1_cell_expansion_1_0_threshold_0_7.png;23540.647007742547;9742.37360004776
../binary_PNG/binary_labels_mask_case_id_TCGA-G3-A5SK_3_4_cell_expansion_15_0_threshold_0_4.png;24947.650402051466;18803.58994283057
../binary_PNG/binary_labels_mask_case_id_TCGA-K7-AAU7_3_4_cell_expansion_15_0_threshold_0_5.png;24225.60590402694;13372.369067370104
../binary_PNG/binary_labels_mask_case_id_TCGA-CC-5261_2_1_cell_expansion_5_0_threshold_0_7.png;24039.03400961843;12357.95514216058
../binary_PNG/binary_labels_mask_case_id_TCGA-BC-A69I_4_0_cell_expansion_11_0_threshold_0_6.png;24273.290564603667;13385.88186318094
../binary_PNG/binary_labels_mask_case_id_TCGA-K7-AAU7_1_2_cell_expansion_11_0_threshold_0_5.png;24199.57771761743;13475.221725729058
../binary_PNG/binary_labels_mask_case_id_TCGA-CC-5261_1_3_cell_expansion_3_0_threshold_0_7.png;23749.848543109023;10827.88749216975
../binary_PNG/binary_labels_mask_case_id_TCGA-G3-A5SK_4_2_cell_expansion_3_0_threshold_0_7.png;23517.77527237264;9570.67438065531
../binary_PNG/binary_labels_mask_case_id_TCGA-CC-5261_0_4_cell_expansion_13_0_threshold_0_6.png;24652.832994377422;16331.619969762698
../binary_PNG/binary_labels_mask_case_id_TCGA-CC-A3MA_2_1_cell_expansion_3_0_threshold_0_5.png;24549.838196682693;16081.452406011991
../binary_PNG/binary_labels_mask_case_id_TCGA-G3-A5SK_0_1_cell_expansion_11_0_threshold_0_5.png;24607.432716046183;15887.597571043882
../binary_PNG/binary_labels_mask_case_id_TCGA-G3-A5SK_1_0_cell_expansion_7_0_threshold_0_5.png;24562.07730150347;15666.203278830177
../binary_PNG/binary_labels_mask_case_id_TCGA-CC-A3MA_3_4_cell_expansion_5_0_threshold_0_6.png;24439.45569751256;14962.822138313368
../binary_PNG/binary_labels_mask_case_id_TCGA-CC-5261_3_0_cell_expansion_15_0_threshold_0_8.png;23584.47449227926;9550.996520173398
../binary_PNG/binary_labels_mask_case_id_TCGA-CC-A3MA_4_1_cell_expansion_5_0_threshold_0_5.png;24672.119387994957;16441.73195562674
../binary_PNG/binary_labels_mask_case_id_TCGA-CC-A3MA_1_3_cell_expansion_11_0_threshold_0_7.png;24541.95391955567;15089.92210410623
../binary_PNG/binary_labels_mask_case_id_TCGA-CC-A3MA_1_4_cell_expansion_5_0_threshold_0_7.png;24638.530338369725;15973.489964912524
../binary_PNG/binary_labels_mask_case_id_TCGA-K7-AAU7_1_4_cell_expansion_9_0_threshold_0_8.png;22295.564725834272;3345.912720479547
../binary_PNG/binary_labels_mask_case_id_TCGA-G3-A5SK_2_2_cell_expansion_5_0_threshold_0_7.png;24187.53060643432;13235.158218533948
../binary_PNG/binary_labels_mask_case_id_TCGA-DD-AAED_4_0_cell_expansion_9_0_threshold_0_5.png;24653.53193458539;16299.420371711303
../binary_PNG/binary_labels_mask_case_id_TCGA-CC-5261_4_0_cell_expansion_5_0_threshold_0_8.png;23343.024196350325;8450.300067805534
../binary_PNG/binary_labels_mask_case_id_TCGA-CC-5261_2_2_cell_expansion_13_0_threshold_0_4.png;24819.216824220664;17349.684144082574
../binary_PNG/binary_labels_mask_case_id_TCGA-DD-AAED_2_1_cell_expansion_13_0_threshold_0_5.png;24791.847100525345;17050.20561489939
../binary_PNG/binary_labels_mask_case_id_TCGA-G3-A7M6_4_2_cell_expansion_9_0_threshold_0_4.png;24702.894139433414;17533.03342623504
../binary_PNG/binary_labels_mask_case_id_TCGA-BC-A69I_1_1_cell_expansion_9_0_threshold_0_5.png;24367.815341592777;14047.203786952708
../binary_PNG/binary_labels_mask_case_id_TCGA-YA-A8S7_2_4_cell_expansion_13_0_threshold_0_6.png;22379.53262333526;3769.691765016888
../binary_PNG/binary_labels_mask_case_id_TCGA-CC-5261_3_4_cell_expansion_3_0_threshold_0_8.png;23174.03264091668;7603.941997012469
../binary_PNG/binary_labels_mask_case_id_TCGA-DD-AAED_3_3_cell_expansion_11_0_threshold_0_7.png;24766.36495988055;16893.224744714615
../binary_PNG/binary_labels_mask_case_id_TCGA-CC-5261_2_3_cell_expansion_11_0_threshold_0_7.png;24619.27693384738;15652.9699629511
../binary_PNG/binary_labels_mask_case_id_TCGA-CC-A3MA_0_0_cell_expansion_15_0_threshold_0_8.png;23276.322263223563;8008.097649392179
../binary_PNG/binary_labels_mask_case_id_TCGA-G3-A5SK_1_1_cell_expansion_1_0_threshold_0_6.png;22992.27421057242;6838.240772974421
../binary_PNG/binary_labels_mask_case_id_TCGA-YA-A8S7_4_1_cell_expansion_9_0_threshold_0_6.png;24725.321637657165;16744.574707681422
../binary_PNG/binary_labels_mask_case_id_TCGA-K7-AAU7_1_3_cell_expansion_9_0_threshold_0_6.png;22910.315128526265;6179.467534802878
../binary_PNG/binary_labels_mask_case_id_TCGA-CC-A8HT_0_2_cell_expansion_13_0_threshold_0_6.png;24437.701651341165;14467.10876059336
../binary_PNG/binary_labels_mask_case_id_TCGA-CC-A3MA_3_2_cell_expansion_5_0_threshold_0_4.png;24785.9743520918;17463.247082658738
../binary_PNG/binary_labels_mask_case_id_TCGA-G3-A7M6_0_4_cell_expansion_9_0_threshold_0_8.png;23951.564049096996;11712.770985214627
../binary_PNG/binary_labels_mask_case_id_TCGA-BC-A69I_0_3_cell_expansion_9_0_threshold_0_7.png;23981.28740076562;11630.31815512325
../binary_PNG/binary_labels_mask_case_id_TCGA-CC-A1HT_4_0_cell_expansion_1_0_threshold_0_4.png;23518.220422329625;9832.330028780452
../binary_PNG/binary_labels_mask_case_id_TCGA-CC-A3MA_4_0_cell_expansion_3_0_threshold_0_6.png;24480.653248288378;15345.994172407298
../binary_PNG/binary_labels_mask_case_id_TCGA-G3-A5SK_2_3_cell_expansion_3_0_threshold_0_4.png;23938.330392737305;12154.97279206362
../binary_PNG/binary_labels_mask_case_id_TCGA-CC-A1HT_0_0_cell_expansion_7_0_threshold_0_5.png;24247.564617432337;13924.51947315816
../binary_PNG/binary_labels_mask_case_id_TCGA-BC-A69I_4_1_cell_expansion_15_0_threshold_0_6.png;23812.01906311242;10645.086184217847
../binary_PNG/binary_labels_mask_case_id_TCGA-CC-A8HT_2_1_cell_expansion_15_0_threshold_0_8.png;23114.838189537026;7006.790251225519
../binary_PNG/binary_labels_mask_case_id_TCGA-G3-A5SK_4_3_cell_expansion_1_0_threshold_0_6.png;23143.811304194583;7687.147611631623
../binary_PNG/binary_labels_mask_case_id_TCGA-K7-AAU7_0_4_cell_expansion_13_0_threshold_0_6.png;23858.485039003022;11257.174150390536
../binary_PNG/binary_labels_mask_case_id_TCGA-CC-A8HT_3_3_cell_expansion_13_0_threshold_0_4.png;24665.246372315774;16496.94529309841
../binary_PNG/binary_labels_mask_case_id_TCGA-G3-A5SK_0_1_cell_expansion_13_0_threshold_0_8.png;23699.395047974725;10108.106708540232
../binary_PNG/binary_labels_mask_case_id_TCGA-CC-A3MA_0_0_cell_expansion_3_0_threshold_0_4.png;23505.160650360653;9774.435491388653
../binary_PNG/binary_labels_mask_case_id_TCGA-CC-5261_3_2_cell_expansion_3_0_threshold_0_6.png;24167.42010184862;13297.660344086846
../binary_PNG/binary_labels_mask_case_id_TCGA-YA-A8S7_2_4_cell_expansion_15_0_threshold_0_5.png;22621.28103046233;4905.256911970964
../binary_PNG/binary_labels_mask_case_id_TCGA-G3-A7M6_3_0_cell_expansion_9_0_threshold_0_5.png;24658.883230343377;16080.31581276272
../binary_PNG/binary_labels_mask_case_id_TCGA-CC-5261_3_1_cell_expansion_11_0_threshold_0_8.png;24031.778062895377;11824.576320142703
../binary_PNG/binary_labels_mask_case_id_TCGA-G3-A5SK_0_4_cell_expansion_1_0_threshold_0_6.png;23013.68368048256;6941.72154827668
../binary_PNG/binary_labels_mask_case_id_TCGA-CC-5261_3_4_cell_expansion_11_0_threshold_0_7.png;24509.279733655883;14906.382193903846
../binary_PNG/binary_labels_mask_case_id_TCGA-CC-A3MA_2_0_cell_expansion_3_0_threshold_0_5.png;24541.078718650977;15589.806173952116
../binary_PNG/binary_labels_mask_case_id_TCGA-CC-A8HT_0_3_cell_expansion_13_0_threshold_0_8.png;23121.437757079075;7038.400018852157
../binary_PNG/binary_labels_mask_case_id_TCGA-K7-AAU7_0_4_cell_expansion_11_0_threshold_0_7.png;22751.75312406469;5388.370669079724
../binary_PNG/binary_labels_mask_case_id_TCGA-G3-A7M6_0_2_cell_expansion_9_0_threshold_0_6.png;24629.001436533043;15847.86375621321
../binary_PNG/binary_labels_mask_case_id_TCGA-CC-A3MA_3_0_cell_expansion_11_0_threshold_0_6.png;22816.69099240894;5848.984570631636
../binary_PNG/binary_labels_mask_case_id_TCGA-G3-A5SK_3_2_cell_expansion_15_0_threshold_0_6.png;24689.79691254361;16565.64879552973
../binary_PNG/binary_labels_mask_case_id_TCGA-K7-AAU7_1_0_cell_expansion_11_0_threshold_0_6.png;23031.529258450377;6979.7986000097135
../binary_PNG/binary_labels_mask_case_id_TCGA-CC-A3MA_1_0_cell_expansion_15_0_threshold_0_8.png;24214.969772290708;12768.713199209653
../binary_PNG/binary_labels_mask_case_id_TCGA-DD-AAED_0_2_cell_expansion_1_0_threshold_0_4.png;23750.52376866061;11119.054021598702
../binary_PNG/binary_labels_mask_case_id_TCGA-CC-A8HT_4_3_cell_expansion_5_0_threshold_0_5.png;24170.709585005192;13211.20673398654
../binary_PNG/binary_labels_mask_case_id_TCGA-G3-A5SK_2_4_cell_expansion_15_0_threshold_0_8.png;23678.948950217346;10025.160107887395
../binary_PNG/binary_labels_mask_case_id_TCGA-CC-A3MA_0_4_cell_expansion_9_0_threshold_0_4.png;24440.039813683565;14963.194432213742
../binary_PNG/binary_labels_mask_case_id_TCGA-CC-A3MA_2_4_cell_expansion_11_0_threshold_0_7.png;24603.992403961045;15487.535470148188
../binary_PNG/binary_labels_mask_case_id_TCGA-YA-A8S7_2_2_cell_expansion_13_0_threshold_0_8.png;23562.970346431623;9094.547936709438
../binary_PNG/binary_labels_mask_case_id_TCGA-DD-AAED_4_2_cell_expansion_5_0_threshold_0_4.png;24608.19259600263;16234.0808893087
../binary_PNG/binary_labels_mask_case_id_TCGA-CC-A3MA_2_4_cell_expansion_9_0_threshold_0_5.png;24855.560816634177;17723.553898253722
../binary_PNG/binary_labels_mask_case_id_TCGA-YA-A8S7_2_2_cell_expansion_5_0_threshold_0_4.png;24393.65483048317;14358.054817463708
../binary_PNG/binary_labels_mask_case_id_TCGA-YA-A8S7_0_4_cell_expansion_3_0_threshold_0_8.png;22504.254273634117;4295.79021098515
../binary_PNG/binary_labels_mask_case_id_TCGA-CC-A3MA_3_3_cell_expansion_15_0_threshold_0_5.png;24807.157139678948;17124.005171282275
../binary_PNG/binary_labels_mask_case_id_TCGA-CC-5261_3_3_cell_expansion_13_0_threshold_0_6.png;24874.42173455257;17921.580400657433
../binary_PNG/binary_labels_mask_case_id_TCGA-K7-AAU7_3_0_cell_expansion_3_0_threshold_0_5.png;23754.51343022;11058.283363562314
../binary_PNG/binary_labels_mask_case_id_TCGA-G3-A5SK_1_0_cell_expansion_13_0_threshold_0_6.png;24562.147058180857;15630.575226226609
../binary_PNG/binary_labels_mask_case_id_TCGA-YA-A8S7_0_3_cell_expansion_7_0_threshold_0_8.png;23063.464063200187;7002.605209908268
../binary_PNG/binary_labels_mask_case_id_TCGA-CC-A3MA_4_3_cell_expansion_9_0_threshold_0_4.png;24885.14365845632;18039.203929693973
../binary_PNG/binary_labels_mask_case_id_TCGA-K7-AAU7_1_0_cell_expansion_7_0_threshold_0_6.png;23027.68714067232;6960.611973091667
../binary_PNG/binary_labels_mask_case_id_TCGA-BC-A69I_3_2_cell_expansion_5_0_threshold_0_5.png;23929.536180753494;11615.509894706967
../binary_PNG/binary_labels_mask_case_id_TCGA-CC-A8HT_0_0_cell_expansion_11_0_threshold_0_8.png;23156.97739410377;7342.696276002374
../binary_PNG/binary_labels_mask_case_id_TCGA-CC-A8HT_0_3_cell_expansion_7_0_threshold_0_6.png;24434.87102531896;14667.328130031095
../binary_PNG/binary_labels_mask_case_id_TCGA-BC-A69I_4_0_cell_expansion_3_0_threshold_0_7.png;23426.99104070884;8947.455027482009
../binary_PNG/binary_labels_mask_case_id_TCGA-K7-AAU7_1_4_cell_expansion_13_0_threshold_0_6.png;23401.29452554104;9069.045403238302
../binary_PNG/binary_labels_mask_case_id_TCGA-YA-A8S7_1_1_cell_expansion_3_0_threshold_0_8.png;22971.570728017825;6586.464773043554
../binary_PNG/binary_labels_mask_case_id_TCGA-YA-A8S7_0_2_cell_expansion_1_0_threshold_0_7.png;23238.999723393747;8050.804087778517
../binary_PNG/binary_labels_mask_case_id_TCGA-K7-AAU7_2_1_cell_expansion_11_0_threshold_0_4.png;24210.63047502244;13584.05388912217
../binary_PNG/binary_labels_mask_case_id_TCGA-DD-AAED_1_0_cell_expansion_7_0_threshold_0_5.png;24256.95825080751;13450.5017883587
../binary_PNG/binary_labels_mask_case_id_TCGA-CC-5261_2_3_cell_expansion_9_0_threshold_0_6.png;24748.92942237369;16676.929557510968
../binary_PNG/binary_labels_mask_case_id_TCGA-G3-A7M6_4_4_cell_expansion_15_0_threshold_0_6.png;24332.99337015496;13754.572723293177
../binary_PNG/binary_labels_mask_case_id_TCGA-CC-A8HT_0_3_cell_expansion_5_0_threshold_0_7.png;23915.23033866125;11572.69979594947
../binary_PNG/binary_labels_mask_case_id_TCGA-CC-A1HT_0_3_cell_expansion_9_0_threshold_0_5.png;24657.433909100186;16156.274427655011
../binary_PNG/binary_labels_mask_case_id_TCGA-G3-A5SK_2_1_cell_expansion_13_0_threshold_0_4.png;24753.73318544225;16955.891427068444
../binary_PNG/binary_labels_mask_case_id_TCGA-G3-A7M6_3_3_cell_expansion_3_0_threshold_0_7.png;23538.257296240587;9553.602012833817
../binary_PNG/binary_labels_mask_case_id_TCGA-K7-AAU7_2_0_cell_expansion_15_0_threshold_0_8.png;22295.564725834272;3345.912720479547
../binary_PNG/binary_labels_mask_case_id_TCGA-K7-AAU7_1_1_cell_expansion_11_0_threshold_0_8.png;22295.564725834272;3345.912720479547
../binary_PNG/binary_labels_mask_case_id_TCGA-CC-A8HT_4_3_cell_expansion_3_0_threshold_0_6.png;23590.690553701774;9883.836976815044
../binary_PNG/binary_labels_mask_case_id_TCGA-CC-A3MA_1_1_cell_expansion_15_0_threshold_0_6.png;24370.63546437497;14195.922903428189
../binary_PNG/binary_labels_mask_case_id_TCGA-DD-AAED_2_4_cell_expansion_9_0_threshold_0_4.png;24762.79651212731;16814.390401182856
../binary_PNG/binary_labels_mask_case_id_TCGA-YA-A8S7_4_0_cell_expansion_15_0_threshold_0_4.png;24825.07506441773;17657.865993717838
../binary_PNG/binary_labels_mask_case_id_TCGA-CC-A1HT_2_2_cell_expansion_3_0_threshold_0_6.png;24213.411187575737;13189.487979884783
../binary_PNG/binary_labels_mask_case_id_TCGA-CC-A1HT_3_0_cell_expansion_1_0_threshold_0_5.png;23588.519640994728;10182.848868896222
../binary_PNG/binary_labels_mask_case_id_TCGA-G3-A5SK_2_1_cell_expansion_5_0_threshold_0_7.png;24391.98875261149;14438.443721260708
../binary_PNG/binary_labels_mask_case_id_TCGA-G3-A5SK_0_1_cell_expansion_7_0_threshold_0_7.png;24247.03458711166;13529.58454476755
../binary_PNG/binary_labels_mask_case_id_TCGA-CC-5261_2_4_cell_expansion_7_0_threshold_0_8.png;24133.89829609697;12629.169088451636
../binary_PNG/binary_labels_mask_case_id_TCGA-CC-A8HT_4_0_cell_expansion_15_0_threshold_0_6.png;24469.10158853025;14682.851093487516
../binary_PNG/binary_labels_mask_case_id_TCGA-CC-A3MA_4_2_cell_expansion_7_0_threshold_0_4.png;24013.241038800395;12510.455949924582
../binary_PNG/binary_labels_mask_case_id_TCGA-CC-A1HT_2_2_cell_expansion_15_0_threshold_0_8.png;24157.55403787511;12577.178988197422
../binary_PNG/binary_labels_mask_case_id_TCGA-DD-AAED_4_0_cell_expansion_13_0_threshold_0_7.png;24549.883548845097;15543.702440736546
../binary_PNG/binary_labels_mask_case_id_TCGA-G3-A7M6_1_2_cell_expansion_15_0_threshold_0_4.png;24934.79393032824;19110.29251871779
../binary_PNG/binary_labels_mask_case_id_TCGA-CC-A1HT_3_4_cell_expansion_13_0_threshold_0_5.png;24895.71291639941;18173.863213845405
../binary_PNG/binary_labels_mask_case_id_TCGA-CC-5261_4_2_cell_expansion_13_0_threshold_0_8.png;24247.317324311287;13231.837128690371
../binary_PNG/binary_labels_mask_case_id_TCGA-BC-A69I_2_1_cell_expansion_9_0_threshold_0_6.png;24239.067756111406;13430.557150227856
../binary_PNG/binary_labels_mask_case_id_TCGA-CC-A3MA_3_0_cell_expansion_5_0_threshold_0_4.png;23094.45859715924;7313.552987903233
../binary_PNG/binary_labels_mask_case_id_TCGA-K7-AAU7_3_1_cell_expansion_9_0_threshold_0_7.png;22870.204362814464;6078.224501592147
../binary_PNG/binary_labels_mask_case_id_TCGA-K7-AAU7_4_2_cell_expansion_13_0_threshold_0_4.png;24744.818353777984;17062.77343149713
../binary_PNG/binary_labels_mask_case_id_TCGA-G3-A5SK_1_4_cell_expansion_7_0_threshold_0_7.png;24480.19341950409;14886.20513884287
../binary_PNG/binary_labels_mask_case_id_TCGA-CC-A1HT_1_2_cell_expansion_13_0_threshold_0_7.png;24100.437200242508;12275.002142085008
../binary_PNG/binary_labels_mask_case_id_TCGA-G3-A5SK_4_3_cell_expansion_15_0_threshold_0_8.png;23730.413873917823;10253.916369256538
../binary_PNG/binary_labels_mask_case_id_TCGA-CC-A1HT_4_4_cell_expansion_5_0_threshold_0_8.png;22639.743747926743;5109.017786359046
../binary_PNG/binary_labels_mask_case_id_TCGA-DD-AAED_3_1_cell_expansion_9_0_threshold_0_4.png;24692.9719994334;16517.27130640306
../binary_PNG/binary_labels_mask_case_id_TCGA-K7-AAU7_0_3_cell_expansion_9_0_threshold_0_4.png;24378.87468386969;14860.780668060635
../binary_PNG/binary_labels_mask_case_id_TCGA-DD-AAED_4_1_cell_expansion_11_0_threshold_0_8.png;24300.05028195416;13514.591681997485
../binary_PNG/binary_labels_mask_case_id_TCGA-G3-A5SK_3_4_cell_expansion_5_0_threshold_0_7.png;24709.423191783997;16817.582840858242
../binary_PNG/binary_labels_mask_case_id_TCGA-YA-A8S7_1_4_cell_expansion_7_0_threshold_0_8.png;22354.129613555007;3587.424590561453
../binary_PNG/binary_labels_mask_case_id_TCGA-K7-AAU7_1_2_cell_expansion_7_0_threshold_0_6.png;23812.46248494153;11129.860277281234
../binary_PNG/binary_labels_mask_case_id_TCGA-DD-AAED_2_0_cell_expansion_7_0_threshold_0_6.png;24350.39909428277;14306.640008164097
../binary_PNG/binary_labels_mask_case_id_TCGA-CC-A1HT_0_2_cell_expansion_15_0_threshold_0_4.png;24137.93986183051;13223.79484624544
../binary_PNG/binary_labels_mask_case_id_TCGA-CC-5261_0_1_cell_expansion_9_0_threshold_0_7.png;24536.435272737428;15191.60497338444
../binary_PNG/binary_labels_mask_case_id_TCGA-K7-AAU7_3_2_cell_expansion_5_0_threshold_0_6.png;23847.798867086447;11391.203669234366
../binary_PNG/binary_labels_mask_case_id_TCGA-CC-A3MA_1_2_cell_expansion_9_0_threshold_0_8.png;23889.07526114481;11047.933229719318
../binary_PNG/binary_labels_mask_case_id_TCGA-DD-AAED_4_0_cell_expansion_1_0_threshold_0_6.png;23538.117889812303;9855.37312134301
../binary_PNG/binary_labels_mask_case_id_TCGA-G3-A7M6_0_2_cell_expansion_3_0_threshold_0_8.png;23364.017658761997;8542.676414712238
../binary_PNG/binary_labels_mask_case_id_TCGA-K7-AAU7_3_2_cell_expansion_7_0_threshold_0_7.png;23232.198264766917;7955.680881051133
../binary_PNG/binary_labels_mask_case_id_TCGA-CC-A8HT_1_4_cell_expansion_3_0_threshold_0_4.png;24334.556937036126;14267.745635696518
../binary_PNG/binary_labels_mask_case_id_TCGA-G3-A7M6_1_0_cell_expansion_7_0_threshold_0_8.png;23948.498178780243;11629.39042244673
../binary_PNG/binary_labels_mask_case_id_TCGA-DD-AAED_4_3_cell_expansion_15_0_threshold_0_5.png;24657.13530183508;16180.982707836392
../binary_PNG/binary_labels_mask_case_id_TCGA-G3-A7M6_1_0_cell_expansion_13_0_threshold_0_8.png;23956.98065538024;11678.634635069298
../binary_PNG/binary_labels_mask_case_id_TCGA-G3-A5SK_3_1_cell_expansion_9_0_threshold_0_8.png;23768.550447843823;10352.407536886862
../binary_PNG/binary_labels_mask_case_id_TCGA-G3-A7M6_3_1_cell_expansion_5_0_threshold_0_4.png;24742.48212362978;17360.85823325214
../binary_PNG/binary_labels_mask_case_id_TCGA-CC-5261_1_4_cell_expansion_9_0_threshold_0_7.png;24420.7753505476;14627.519677112185
../binary_PNG/binary_labels_mask_case_id_TCGA-G3-A7M6_0_3_cell_expansion_7_0_threshold_0_6.png;24514.34435406372;15070.632572040517
../binary_PNG/binary_labels_mask_case_id_TCGA-CC-5261_4_1_cell_expansion_11_0_threshold_0_8.png;23641.12694101137;9810.19304282428
../binary_PNG/binary_labels_mask_case_id_TCGA-CC-A1HT_0_2_cell_expansion_13_0_threshold_0_7.png;23278.70545213744;8105.8309831376355
../binary_PNG/binary_labels_mask_case_id_TCGA-YA-A8S7_3_2_cell_expansion_7_0_threshold_0_7.png;24545.049298992497;15521.338841327906
../binary_PNG/binary_labels_mask_case_id_TCGA-YA-A8S7_2_0_cell_expansion_5_0_threshold_0_4.png;24742.014051920694;17179.80739414582
../binary_PNG/binary_labels_mask_case_id_TCGA-BC-A69I_1_3_cell_expansion_15_0_threshold_0_5.png;24552.5373594132;15204.81401808769
../binary_PNG/binary_labels_mask_case_id_TCGA-K7-AAU7_1_2_cell_expansion_1_0_threshold_0_5.png;23119.97950597288;7507.201112876539
../binary_PNG/binary_labels_mask_case_id_TCGA-YA-A8S7_4_3_cell_expansion_13_0_threshold_0_6.png;22415.96558820062;3834.0188640953543
../binary_PNG/binary_labels_mask_case_id_TCGA-BC-A69I_0_2_cell_expansion_3_0_threshold_0_5.png;23225.590404803777;8126.575109026283
../binary_PNG/binary_labels_mask_case_id_TCGA-DD-AAED_0_0_cell_expansion_3_0_threshold_0_5.png;24346.993976217414;14431.07978098375
../binary_PNG/binary_labels_mask_case_id_TCGA-YA-A8S7_0_1_cell_expansion_7_0_threshold_0_8.png;23272.47024454523;7978.392459517765
../binary_PNG/binary_labels_mask_case_id_TCGA-G3-A5SK_2_2_cell_expansion_9_0_threshold_0_6.png;24546.27994543952;15472.684330361995
../binary_PNG/binary_labels_mask_case_id_TCGA-CC-A8HT_3_3_cell_expansion_1_0_threshold_0_6.png;23199.94984881956;8001.677129735808
../binary_PNG/binary_labels_mask_case_id_TCGA-G3-A7M6_2_4_cell_expansion_5_0_threshold_0_8.png;23630.659758675414;9793.28406252854
../binary_PNG/binary_labels_mask_case_id_TCGA-CC-A8HT_3_4_cell_expansion_1_0_threshold_0_8.png;22445.797833315115;4108.220168093192
../binary_PNG/binary_labels_mask_case_id_TCGA-G3-A7M6_2_1_cell_expansion_11_0_threshold_0_7.png;24584.08636474757;15581.466008224204
../binary_PNG/binary_labels_mask_case_id_TCGA-BC-A69I_0_4_cell_expansion_3_0_threshold_0_7.png;23547.67197649128;9665.526073854586
../binary_PNG/binary_labels_mask_case_id_TCGA-G3-A7M6_1_0_cell_expansion_1_0_threshold_0_7.png;23086.98508126907;7350.151301931461
../binary_PNG/binary_labels_mask_case_id_TCGA-CC-A8HT_2_0_cell_expansion_7_0_threshold_0_7.png;24141.718991903814;12807.78524291729
../binary_PNG/binary_labels_mask_case_id_TCGA-G3-A7M6_3_0_cell_expansion_3_0_threshold_0_7.png;23712.80488535937;10553.160217546909
../binary_PNG/binary_labels_mask_case_id_TCGA-CC-A1HT_3_2_cell_expansion_9_0_threshold_0_6.png;24654.12676820025;15804.832589889307
../binary_PNG/binary_labels_mask_case_id_TCGA-CC-A3MA_0_0_cell_expansion_9_0_threshold_0_6.png;23797.340738709096;11049.607528120045
../binary_PNG/binary_labels_mask_case_id_TCGA-BC-A69I_2_3_cell_expansion_7_0_threshold_0_6.png;24307.295114747794;13517.490851186514
../binary_PNG/binary_labels_mask_case_id_TCGA-BC-A69I_3_1_cell_expansion_5_0_threshold_0_5.png;23969.340535453688;11900.294448247074
../binary_PNG/binary_labels_mask_case_id_TCGA-DD-AAED_1_4_cell_expansion_3_0_threshold_0_5.png;24359.83113265585;14605.379409588695
../binary_PNG/binary_labels_mask_case_id_TCGA-YA-A8S7_2_1_cell_expansion_3_0_threshold_0_7.png;23539.083324545623;9588.991264194188
../binary_PNG/binary_labels_mask_case_id_TCGA-G3-A5SK_4_4_cell_expansion_15_0_threshold_0_4.png;24362.01080834399;14236.333269167202
../binary_PNG/binary_labels_mask_case_id_TCGA-YA-A8S7_0_1_cell_expansion_1_0_threshold_0_7.png;23217.56357207524;8103.782584513088
../binary_PNG/binary_labels_mask_case_id_TCGA-K7-AAU7_4_1_cell_expansion_3_0_threshold_0_4.png;24400.9518379137;14952.383595127983
../binary_PNG/binary_labels_mask_case_id_TCGA-CC-A1HT_2_1_cell_expansion_9_0_threshold_0_8.png;23122.15807788548;7052.2599168378565
../binary_PNG/binary_labels_mask_case_id_TCGA-CC-5261_4_1_cell_expansion_11_0_threshold_0_4.png;24862.96968453384;17949.82014183116
../binary_PNG/binary_labels_mask_case_id_TCGA-CC-A1HT_0_3_cell_expansion_15_0_threshold_0_6.png;24544.017609894992;15243.968177487086
../binary_PNG/binary_labels_mask_case_id_TCGA-G3-A5SK_4_4_cell_expansion_9_0_threshold_0_7.png;24126.24104082632;12681.842161468332
../binary_PNG/binary_labels_mask_case_id_TCGA-BC-A69I_2_3_cell_expansion_1_0_threshold_0_5.png;23226.61420301;7930.69829005612
../binary_PNG/binary_labels_mask_case_id_TCGA-G3-A7M6_0_3_cell_expansion_11_0_threshold_0_4.png;24609.49600184577;15673.259464954412
../binary_PNG/binary_labels_mask_case_id_TCGA-G3-A7M6_3_2_cell_expansion_15_0_threshold_0_4.png;24616.189440903945;15889.174660313553
../binary_PNG/binary_labels_mask_case_id_TCGA-CC-A1HT_1_4_cell_expansion_13_0_threshold_0_5.png;24264.227932427755;13826.941021099665
../binary_PNG/binary_labels_mask_case_id_TCGA-BC-A69I_0_3_cell_expansion_3_0_threshold_0_5.png;23737.393891077307;10546.14633291838
../binary_PNG/binary_labels_mask_case_id_TCGA-G3-A7M6_2_2_cell_expansion_5_0_threshold_0_6.png;24213.54214765264;13557.25088557949
../binary_PNG/binary_labels_mask_case_id_TCGA-K7-AAU7_1_4_cell_expansion_5_0_threshold_0_5.png;23539.159475695466;9928.354344116644
../binary_PNG/binary_labels_mask_case_id_TCGA-K7-AAU7_4_1_cell_expansion_5_0_threshold_0_7.png;23807.877375787542;10883.200572246573
../binary_PNG/binary_labels_mask_case_id_TCGA-G3-A7M6_0_2_cell_expansion_5_0_threshold_0_7.png;24239.704744511502;13375.762642439347
../binary_PNG/binary_labels_mask_case_id_TCGA-YA-A8S7_4_1_cell_expansion_3_0_threshold_0_4.png;24498.48692117557;15605.138223581393
../binary_PNG/binary_labels_mask_case_id_TCGA-DD-AAED_3_3_cell_expansion_1_0_threshold_0_7.png;23649.70415251539;10431.90158025942
../binary_PNG/binary_labels_mask_case_id_TCGA-G3-A7M6_0_2_cell_expansion_15_0_threshold_0_8.png;24111.749538313925;12262.12026345434
../binary_PNG/binary_labels_mask_case_id_TCGA-DD-AAED_0_0_cell_expansion_1_0_threshold_0_8.png;23066.701748399155;7240.6345816662015
../binary_PNG/binary_labels_mask_case_id_TCGA-G3-A7M6_3_0_cell_expansion_5_0_threshold_0_4.png;24506.816264583395;15172.785695233006
../binary_PNG/binary_labels_mask_case_id_TCGA-BC-A69I_3_3_cell_expansion_13_0_threshold_0_6.png;24545.5020876817;15124.536605971844
../binary_PNG/binary_labels_mask_case_id_TCGA-CC-5261_4_4_cell_expansion_3_0_threshold_0_5.png;24557.79190770199;15918.04365728017
../binary_PNG/binary_labels_mask_case_id_TCGA-CC-A3MA_3_1_cell_expansion_1_0_threshold_0_6.png;23672.007114212654;10634.913540977024
../binary_PNG/binary_labels_mask_case_id_TCGA-CC-5261_0_4_cell_expansion_5_0_threshold_0_4.png;24655.23938544271;16552.499697239036
../binary_PNG/binary_labels_mask_case_id_TCGA-YA-A8S7_4_4_cell_expansion_9_0_threshold_0_8.png;22295.564725834272;3345.912720479547
../binary_PNG/binary_labels_mask_case_id_TCGA-CC-5261_2_4_cell_expansion_5_0_threshold_0_5.png;24631.403218404943;16209.599239171455
../binary_PNG/binary_labels_mask_case_id_TCGA-K7-AAU7_4_3_cell_expansion_13_0_threshold_0_6.png;24425.45515296174;14872.109407304808
../binary_PNG/binary_labels_mask_case_id_TCGA-CC-A1HT_2_3_cell_expansion_11_0_threshold_0_8.png;22600.650460299574;4628.49936570588
../binary_PNG/binary_labels_mask_case_id_TCGA-G3-A5SK_4_0_cell_expansion_1_0_threshold_0_6.png;23013.33873568944;6925.373236033853
../binary_PNG/binary_labels_mask_case_id_TCGA-CC-A3MA_2_2_cell_expansion_1_0_threshold_0_8.png;23026.319580729323;6867.683332010495
../binary_PNG/binary_labels_mask_case_id_TCGA-CC-5261_1_1_cell_expansion_1_0_threshold_0_6.png;23081.768513554343;7336.624244789502
../binary_PNG/binary_labels_mask_case_id_TCGA-CC-A1HT_0_4_cell_expansion_5_0_threshold_0_6.png;24412.324061932948;14782.128166834584
../binary_PNG/binary_labels_mask_case_id_TCGA-CC-A3MA_4_4_cell_expansion_1_0_threshold_0_5.png;23721.32973922557;11064.006792784252
../binary_PNG/binary_labels_mask_case_id_TCGA-G3-A5SK_3_4_cell_expansion_3_0_threshold_0_8.png;23287.75907135332;8298.69269682163
../binary_PNG/binary_labels_mask_case_id_TCGA-CC-5261_2_3_cell_expansion_1_0_threshold_0_5.png;23639.53226996612;10384.935757024616
../binary_PNG/binary_labels_mask_case_id_TCGA-BC-A69I_2_0_cell_expansion_11_0_threshold_0_6.png;24297.536914240714;13407.238342487286
../binary_PNG/binary_labels_mask_case_id_TCGA-BC-A69I_4_0_cell_expansion_9_0_threshold_0_5.png;24407.257430493093;14253.419405260564
../binary_PNG/binary_labels_mask_case_id_TCGA-G3-A5SK_2_1_cell_expansion_3_0_threshold_0_8.png;23219.73763698358;7925.808476640812
../binary_PNG/binary_labels_mask_case_id_TCGA-CC-A3MA_4_4_cell_expansion_7_0_threshold_0_6.png;24406.84908111392;14952.327510861409
../binary_PNG/binary_labels_mask_case_id_TCGA-CC-A1HT_2_2_cell_expansion_13_0_threshold_0_7.png;24643.98783798544;15559.07710545274
../binary_PNG/binary_labels_mask_case_id_TCGA-G3-A5SK_3_2_cell_expansion_3_0_threshold_0_6.png;24197.0307389834;13646.61656642976
../binary_PNG/binary_labels_mask_case_id_TCGA-G3-A7M6_2_3_cell_expansion_11_0_threshold_0_8.png;23597.18063333796;9742.477862545167
../binary_PNG/binary_labels_mask_case_id_TCGA-DD-AAED_4_1_cell_expansion_13_0_threshold_0_5.png;24737.312321206227;16513.654943262918
../binary_PNG/binary_labels_mask_case_id_TCGA-K7-AAU7_4_4_cell_expansion_9_0_threshold_0_8.png;22958.994843041728;6405.231002141906
../binary_PNG/binary_labels_mask_case_id_TCGA-K7-AAU7_4_3_cell_expansion_7_0_threshold_0_4.png;24765.07198568648;17410.1342787961
../binary_PNG/binary_labels_mask_case_id_TCGA-CC-A8HT_1_2_cell_expansion_13_0_threshold_0_8.png;22853.733781374824;6039.395567516214
../binary_PNG/binary_labels_mask_case_id_TCGA-CC-A1HT_4_2_cell_expansion_9_0_threshold_0_5.png;24736.196873395165;16812.45092639605
../binary_PNG/binary_labels_mask_case_id_TCGA-BC-A69I_1_3_cell_expansion_3_0_threshold_0_5.png;23891.558872180936;11576.711920840651
../binary_PNG/binary_labels_mask_case_id_TCGA-YA-A8S7_3_4_cell_expansion_13_0_threshold_0_8.png;22295.564725834272;3345.912720479547
../binary_PNG/binary_labels_mask_case_id_TCGA-K7-AAU7_0_3_cell_expansion_1_0_threshold_0_5.png;23176.799027210523;7856.612994328725
../binary_PNG/binary_labels_mask_case_id_TCGA-G3-A7M6_1_2_cell_expansion_7_0_threshold_0_6.png;24779.576635304456;17709.87253556712
../binary_PNG/binary_labels_mask_case_id_TCGA-CC-A8HT_0_2_cell_expansion_3_0_threshold_0_6.png;23741.63579679036;10818.248721943966
../binary_PNG/binary_labels_mask_case_id_TCGA-YA-A8S7_2_3_cell_expansion_7_0_threshold_0_7.png;23386.93081824465;8439.557425197367
../binary_PNG/binary_labels_mask_case_id_TCGA-YA-A8S7_1_3_cell_expansion_15_0_threshold_0_7.png;24422.83661057455;14330.588091608734
../binary_PNG/binary_labels_mask_case_id_TCGA-G3-A5SK_1_0_cell_expansion_13_0_threshold_0_8.png;23603.067916360746;9821.673836290462
../binary_PNG/binary_labels_mask_case_id_TCGA-G3-A5SK_2_1_cell_expansion_9_0_threshold_0_4.png;24751.641493142488;16944.890709535535
../binary_PNG/binary_labels_mask_case_id_TCGA-DD-AAED_4_4_cell_expansion_1_0_threshold_0_6.png;23800.627558810484;11287.161507548946
../binary_PNG/binary_labels_mask_case_id_TCGA-DD-AAED_0_0_cell_expansion_11_0_threshold_0_4.png;24775.26586708921;17006.84663304774
../binary_PNG/binary_labels_mask_case_id_TCGA-YA-A8S7_2_4_cell_expansion_1_0_threshold_0_6.png;22320.495227734504;3481.2662670725013
../binary_PNG/binary_labels_mask_case_id_TCGA-BC-A69I_1_2_cell_expansion_1_0_threshold_0_8.png;22739.382261627103;5478.132533046039
../binary_PNG/binary_labels_mask_case_id_TCGA-DD-AAED_3_1_cell_expansion_3_0_threshold_0_4.png;24316.37378024528;14357.453273279763
../binary_PNG/binary_labels_mask_case_id_TCGA-BC-A69I_3_2_cell_expansion_3_0_threshold_0_8.png;22867.171940935837;6091.378719481664
../binary_PNG/binary_labels_mask_case_id_TCGA-G3-A5SK_1_3_cell_expansion_9_0_threshold_0_7.png;24178.50514478581;13124.219297292722
../binary_PNG/binary_labels_mask_case_id_TCGA-DD-AAED_4_3_cell_expansion_3_0_threshold_0_5.png;24105.3448682148;13004.976259474171
../binary_PNG/binary_labels_mask_case_id_TCGA-YA-A8S7_2_3_cell_expansion_3_0_threshold_0_5.png;23161.7684199096;7587.742966140401
../binary_PNG/binary_labels_mask_case_id_TCGA-CC-A8HT_0_2_cell_expansion_7_0_threshold_0_4.png;24512.33725378604;15264.54193406233
../binary_PNG/binary_labels_mask_case_id_TCGA-BC-A69I_4_1_cell_expansion_3_0_threshold_0_5.png;23365.918025880303;8581.831194954104
../binary_PNG/binary_labels_mask_case_id_TCGA-CC-A3MA_0_3_cell_expansion_11_0_threshold_0_5.png;24851.72416615559;17580.70469084212
../binary_PNG/binary_labels_mask_case_id_TCGA-CC-A3MA_3_2_cell_expansion_15_0_threshold_0_5.png;24819.24432815152;17540.240975209363
../binary_PNG/binary_labels_mask_case_id_TCGA-DD-AAED_2_2_cell_expansion_7_0_threshold_0_8.png;23690.50266849548;10325.15268193956
../binary_PNG/binary_labels_mask_case_id_TCGA-CC-A8HT_4_3_cell_expansion_3_0_threshold_0_8.png;22648.75488300064;4924.778894706567
../binary_PNG/binary_labels_mask_case_id_TCGA-K7-AAU7_1_1_cell_expansion_11_0_threshold_0_6.png;23915.2037272021;11770.114349207888
../binary_PNG/binary_labels_mask_case_id_TCGA-G3-A5SK_1_4_cell_expansion_11_0_threshold_0_8.png;23980.70013339273;11884.254267142634
../binary_PNG/binary_labels_mask_case_id_TCGA-G3-A7M6_4_0_cell_expansion_5_0_threshold_0_7.png;23987.753771117077;12405.675827503026
../binary_PNG/binary_labels_mask_case_id_TCGA-BC-A69I_0_1_cell_expansion_7_0_threshold_0_5.png;24308.479510125675;13750.985427923628
../binary_PNG/binary_labels_mask_case_id_TCGA-DD-AAED_0_4_cell_expansion_13_0_threshold_0_4.png;24686.97283109696;16186.240030519544
../binary_PNG/binary_labels_mask_case_id_TCGA-K7-AAU7_4_3_cell_expansion_1_0_threshold_0_7.png;22824.732278092844;6049.917290288794
../binary_PNG/binary_labels_mask_case_id_TCGA-CC-A8HT_2_2_cell_expansion_7_0_threshold_0_5.png;24812.409608023925;17589.487851393318
../binary_PNG/binary_labels_mask_case_id_TCGA-YA-A8S7_0_3_cell_expansion_3_0_threshold_0_4.png;24416.09620049136;14968.025921765868
../binary_PNG/binary_labels_mask_case_id_TCGA-G3-A5SK_0_2_cell_expansion_11_0_threshold_0_6.png;24454.23321325235;14741.839554147522
../binary_PNG/binary_labels_mask_case_id_TCGA-K7-AAU7_0_2_cell_expansion_11_0_threshold_0_7.png;22566.967262007063;4598.780745761891
../binary_PNG/binary_labels_mask_case_id_TCGA-DD-AAED_1_2_cell_expansion_9_0_threshold_0_7.png;24547.60369345164;15190.064034072624
../binary_PNG/binary_labels_mask_case_id_TCGA-CC-5261_0_4_cell_expansion_15_0_threshold_0_7.png;24381.272685183045;14545.274810044546
../binary_PNG/binary_labels_mask_case_id_TCGA-YA-A8S7_3_2_cell_expansion_11_0_threshold_0_7.png;24549.88406530335;15558.80230731644
../binary_PNG/binary_labels_mask_case_id_TCGA-CC-A3MA_3_4_cell_expansion_1_0_threshold_0_6.png;23704.522721503563;10788.680189593775
../binary_PNG/binary_labels_mask_case_id_TCGA-CC-A8HT_1_3_cell_expansion_9_0_threshold_0_6.png;24505.535283058245;15210.341080338396
../binary_PNG/binary_labels_mask_case_id_TCGA-CC-A1HT_3_2_cell_expansion_7_0_threshold_0_8.png;24095.91514006789;12306.114367269363
../binary_PNG/binary_labels_mask_case_id_TCGA-YA-A8S7_1_0_cell_expansion_15_0_threshold_0_6.png;24367.98999164466;14028.563734959942
../binary_PNG/binary_labels_mask_case_id_TCGA-G3-A5SK_0_2_cell_expansion_7_0_threshold_0_5.png;24492.98458110429;15079.408173322345
../binary_PNG/binary_labels_mask_case_id_TCGA-G3-A7M6_1_1_cell_expansion_9_0_threshold_0_6.png;24450.06764386626;14918.375994266164
../binary_PNG/binary_labels_mask_case_id_TCGA-G3-A5SK_3_4_cell_expansion_11_0_threshold_0_4.png;24947.650402051466;18803.58994283057
../binary_PNG/binary_labels_mask_case_id_TCGA-CC-5261_2_1_cell_expansion_1_0_threshold_0_7.png;23279.200788323007;8398.341873277717
../binary_PNG/binary_labels_mask_case_id_TCGA-G3-A5SK_0_1_cell_expansion_13_0_threshold_0_6.png;24453.63449251926;14899.743893382178
../binary_PNG/binary_labels_mask_case_id_TCGA-G3-A5SK_4_3_cell_expansion_1_0_threshold_0_8.png;22717.65524940674;5455.3765130426655
../binary_PNG/binary_labels_mask_case_id_TCGA-YA-A8S7_1_4_cell_expansion_15_0_threshold_0_7.png;22414.13489599876;3841.711919593967
../binary_PNG/binary_labels_mask_case_id_TCGA-K7-AAU7_3_0_cell_expansion_15_0_threshold_0_6.png;23965.949692621198;11951.81462333422
../binary_PNG/binary_labels_mask_case_id_TCGA-DD-AAED_1_0_cell_expansion_15_0_threshold_0_6.png;24261.104993020104;13420.035756912786
../binary_PNG/binary_labels_mask_case_id_TCGA-BC-A69I_4_4_cell_expansion_11_0_threshold_0_5.png;24607.235643226635;15721.998491801674
../binary_PNG/binary_labels_mask_case_id_TCGA-G3-A7M6_4_2_cell_expansion_15_0_threshold_0_6.png;24570.368803443213;16298.32298888488
../binary_PNG/binary_labels_mask_case_id_TCGA-G3-A5SK_0_4_cell_expansion_1_0_threshold_0_8.png;22681.04502120767;5182.367676447453
../binary_PNG/binary_labels_mask_case_id_TCGA-CC-5261_1_3_cell_expansion_3_0_threshold_0_5.png;24129.746057387616;13193.76477614895
../binary_PNG/binary_labels_mask_case_id_TCGA-CC-A1HT_4_1_cell_expansion_5_0_threshold_0_4.png;24697.85961742436;16743.47968676668
../binary_PNG/binary_labels_mask_case_id_TCGA-CC-A8HT_1_4_cell_expansion_15_0_threshold_0_5.png;24731.078493976824;16594.323056599278
../binary_PNG/binary_labels_mask_case_id_TCGA-CC-A3MA_1_3_cell_expansion_13_0_threshold_0_4.png;24915.867562891908;18352.545646938048
../binary_PNG/binary_labels_mask_case_id_TCGA-G3-A5SK_3_0_cell_expansion_5_0_threshold_0_7.png;24296.25942887363;13828.575366345096
../binary_PNG/binary_labels_mask_case_id_TCGA-DD-AAED_3_2_cell_expansion_11_0_threshold_0_7.png;24715.03674865424;16314.371245486594
../binary_PNG/binary_labels_mask_case_id_TCGA-CC-A3MA_0_0_cell_expansion_5_0_threshold_0_5.png;23660.429249282915;10425.431925546089
../binary_PNG/binary_labels_mask_case_id_TCGA-CC-5261_4_0_cell_expansion_3_0_threshold_0_5.png;24426.92489775469;15060.365505715488
../binary_PNG/binary_labels_mask_case_id_TCGA-G3-A5SK_4_4_cell_expansion_3_0_threshold_0_7.png;23439.66096615938;9132.892716272823
../binary_PNG/binary_labels_mask_case_id_TCGA-CC-5261_3_1_cell_expansion_15_0_threshold_0_8.png;24032.133748269003;11826.2617178949
../binary_PNG/binary_labels_mask_case_id_TCGA-CC-A1HT_2_0_cell_expansion_5_0_threshold_0_7.png;22940.485134715644;6552.445499038389
../binary_PNG/binary_labels_mask_case_id_TCGA-YA-A8S7_2_4_cell_expansion_11_0_threshold_0_5.png;22574.809439700133;4695.817113642464
../binary_PNG/binary_labels_mask_case_id_TCGA-DD-AAED_3_3_cell_expansion_13_0_threshold_0_4.png;24870.846810432064;17894.203090919447
../binary_PNG/binary_labels_mask_case_id_TCGA-CC-A3MA_3_2_cell_expansion_5_0_threshold_0_6.png;24668.897534559;16458.31153540405
../binary_PNG/binary_labels_mask_case_id_TCGA-G3-A5SK_1_3_cell_expansion_13_0_threshold_0_5.png;24343.2442531524;14306.73239122107
../binary_PNG/binary_labels_mask_case_id_TCGA-CC-A3MA_0_0_cell_expansion_7_0_threshold_0_4.png;23840.157385816805;11459.633624131104
../binary_PNG/binary_labels_mask_case_id_TCGA-CC-A8HT_0_2_cell_expansion_13_0_threshold_0_4.png;24552.40078124712;15463.78234100636
../binary_PNG/binary_labels_mask_case_id_TCGA-CC-A3MA_0_4_cell_expansion_13_0_threshold_0_8.png;22769.04173682675;5525.703335830648
../binary_PNG/binary_labels_mask_case_id_TCGA-CC-5261_3_2_cell_expansion_7_0_threshold_0_6.png;24616.35113157925;15818.150982776193
../binary_PNG/binary_labels_mask_case_id_TCGA-DD-AAED_0_2_cell_expansion_15_0_threshold_0_5.png;24643.5368972529;16249.737982690913
../binary_PNG/binary_labels_mask_case_id_TCGA-DD-AAED_3_3_cell_expansion_11_0_threshold_0_5.png;24838.265537579664;17577.58813128298
../binary_PNG/binary_labels_mask_case_id_TCGA-G3-A5SK_0_3_cell_expansion_5_0_threshold_0_4.png;24713.44358452216;17078.274013407037
../binary_PNG/binary_labels_mask_case_id_TCGA-CC-A8HT_3_3_cell_expansion_11_0_threshold_0_7.png;23946.626514802323;11558.763909218373
../binary_PNG/binary_labels_mask_case_id_TCGA-YA-A8S7_3_3_cell_expansion_13_0_threshold_0_4.png;22767.25216542802;5574.291434660806
../binary_PNG/binary_labels_mask_case_id_TCGA-K7-AAU7_0_4_cell_expansion_11_0_threshold_0_5.png;24179.29195584948;13293.79016150342
../binary_PNG/binary_labels_mask_case_id_TCGA-G3-A5SK_2_4_cell_expansion_3_0_threshold_0_4.png;24154.60044648043;13162.322763635082
../binary_PNG/binary_labels_mask_case_id_TCGA-YA-A8S7_1_0_cell_expansion_11_0_threshold_0_8.png;23054.661039335617;6995.853309547396
../binary_PNG/binary_labels_mask_case_id_TCGA-CC-A8HT_4_0_cell_expansion_9_0_threshold_0_6.png;24451.29117523764;14564.049083184082
../binary_PNG/binary_labels_mask_case_id_TCGA-CC-A8HT_1_1_cell_expansion_15_0_threshold_0_6.png;24557.293418101544;15515.322145417827
../binary_PNG/binary_labels_mask_case_id_TCGA-CC-A3MA_2_0_cell_expansion_3_0_threshold_0_7.png;23859.62855188281;11391.174601287368
../binary_PNG/binary_labels_mask_case_id_TCGA-G3-A5SK_4_3_cell_expansion_3_0_threshold_0_5.png;23752.46911673944;10887.686312758791
../binary_PNG/binary_labels_mask_case_id_TCGA-G3-A7M6_3_0_cell_expansion_9_0_threshold_0_7.png;24468.837226729265;14653.20796726596
../binary_PNG/binary_labels_mask_case_id_TCGA-CC-A1HT_3_2_cell_expansion_3_0_threshold_0_6.png;24266.067713664652;13602.876668046338
../binary_PNG/binary_labels_mask_case_id_TCGA-CC-A3MA_2_0_cell_expansion_1_0_threshold_0_6.png;23675.43080089429;10522.32337756463
../binary_PNG/binary_labels_mask_case_id_TCGA-CC-5261_1_3_cell_expansion_1_0_threshold_0_8.png;22888.00274480068;6283.209922597821
../binary_PNG/binary_labels_mask_case_id_TCGA-G3-A5SK_1_3_cell_expansion_15_0_threshold_0_6.png;24332.142334670465;14184.51454199391
../binary_PNG/binary_labels_mask_case_id_TCGA-K7-AAU7_4_1_cell_expansion_9_0_threshold_0_4.png;24771.597403707005;17267.273478004525
../binary_PNG/binary_labels_mask_case_id_TCGA-CC-A3MA_4_3_cell_expansion_9_0_threshold_0_6.png;24756.170519189072;16750.634955302972
../binary_PNG/binary_labels_mask_case_id_TCGA-G3-A7M6_2_0_cell_expansion_5_0_threshold_0_8.png;23693.056047655085;10424.476061463503
../binary_PNG/binary_labels_mask_case_id_TCGA-CC-5261_2_4_cell_expansion_9_0_threshold_0_6.png;24716.82898793354;16589.347069900163
../binary_PNG/binary_labels_mask_case_id_TCGA-CC-A3MA_2_4_cell_expansion_13_0_threshold_0_4.png;24879.98075494009;17965.85648317842
../binary_PNG/binary_labels_mask_case_id_TCGA-BC-A69I_0_0_cell_expansion_3_0_threshold_0_7.png;23288.222795961014;8359.612215996855
../binary_PNG/binary_labels_mask_case_id_TCGA-CC-A3MA_2_0_cell_expansion_15_0_threshold_0_6.png;24726.176031149826;16461.44045059514
../binary_PNG/binary_labels_mask_case_id_TCGA-G3-A5SK_1_4_cell_expansion_15_0_threshold_0_6.png;24587.7520679382;15676.494899086589
../binary_PNG/binary_labels_mask_case_id_TCGA-K7-AAU7_1_0_cell_expansion_13_0_threshold_0_5.png;23439.857421731536;9155.279246870872
../binary_PNG/binary_labels_mask_case_id_TCGA-G3-A7M6_4_1_cell_expansion_1_0_threshold_0_5.png;23098.47307400831;7394.477527147697
../binary_PNG/binary_labels_mask_case_id_TCGA-CC-A1HT_0_4_cell_expansion_9_0_threshold_0_5.png;24701.46772533389;16795.006584415307
../binary_PNG/binary_labels_mask_case_id_TCGA-CC-5261_1_0_cell_expansion_11_0_threshold_0_8.png;23538.7451718454;9282.232059598697
../binary_PNG/binary_labels_mask_case_id_TCGA-K7-AAU7_0_2_cell_expansion_3_0_threshold_0_4.png;22951.26886441921;6657.047509984526
../binary_PNG/binary_labels_mask_case_id_TCGA-BC-A69I_3_3_cell_expansion_3_0_threshold_0_8.png;23177.578245064644;7622.761176536671
../binary_PNG/binary_labels_mask_case_id_TCGA-BC-A69I_4_2_cell_expansion_15_0_threshold_0_5.png;24360.919735738287;13910.780931669087
../binary_PNG/binary_labels_mask_case_id_TCGA-G3-A5SK_1_0_cell_expansion_11_0_threshold_0_5.png;24582.293524991663;15764.38627277597
../binary_PNG/binary_labels_mask_case_id_TCGA-K7-AAU7_2_2_cell_expansion_3_0_threshold_0_5.png;23563.958201241847;10050.992437059853
../binary_PNG/binary_labels_mask_case_id_TCGA-G3-A7M6_4_4_cell_expansion_13_0_threshold_0_7.png;24136.51670954323;12583.553062190902
../binary_PNG/binary_labels_mask_case_id_TCGA-BC-A69I_2_0_cell_expansion_3_0_threshold_0_6.png;23552.88759254737;9497.635282645906
../binary_PNG/binary_labels_mask_case_id_TCGA-K7-AAU7_0_2_cell_expansion_1_0_threshold_0_5.png;22610.50626826844;4906.624565218321
../binary_PNG/binary_labels_mask_case_id_TCGA-CC-A8HT_0_1_cell_expansion_13_0_threshold_0_5.png;24762.63134292967;16898.349042558
../binary_PNG/binary_labels_mask_case_id_TCGA-YA-A8S7_2_2_cell_expansion_7_0_threshold_0_7.png;24004.74291576659;11670.359599406363
../binary_PNG/binary_labels_mask_case_id_TCGA-YA-A8S7_3_0_cell_expansion_5_0_threshold_0_4.png;24700.082257018024;16839.174964240072
../binary_PNG/binary_labels_mask_case_id_TCGA-G3-A7M6_4_1_cell_expansion_13_0_threshold_0_8.png;23843.96105091101;10693.847076623031
../binary_PNG/binary_labels_mask_case_id_TCGA-CC-A8HT_4_2_cell_expansion_3_0_threshold_0_8.png;22770.450316884715;5609.041621793345
../binary_PNG/binary_labels_mask_case_id_TCGA-CC-A3MA_2_0_cell_expansion_11_0_threshold_0_4.png;24872.591987839627;17879.339756666337
../binary_PNG/binary_labels_mask_case_id_TCGA-CC-A8HT_4_3_cell_expansion_3_0_threshold_0_4.png;23998.162452832745;12389.340653645811
../binary_PNG/binary_labels_mask_case_id_TCGA-CC-A1HT_3_1_cell_expansion_9_0_threshold_0_4.png;24443.08610781781;15034.598037020292
../binary_PNG/binary_labels_mask_case_id_TCGA-K7-AAU7_4_2_cell_expansion_1_0_threshold_0_7.png;23053.56858749916;7330.261141238243
../binary_PNG/binary_labels_mask_case_id_TCGA-YA-A8S7_0_2_cell_expansion_3_0_threshold_0_4.png;24344.70908626177;14211.74653560208
../binary_PNG/binary_labels_mask_case_id_TCGA-CC-A8HT_3_1_cell_expansion_5_0_threshold_0_6.png;23931.84496279841;11762.600072449542
../binary_PNG/binary_labels_mask_case_id_TCGA-YA-A8S7_3_1_cell_expansion_15_0_threshold_0_8.png;22955.804555571664;6306.817629857938
../binary_PNG/binary_labels_mask_case_id_TCGA-CC-A8HT_0_1_cell_expansion_15_0_threshold_0_6.png;24675.16333607516;16097.663531310358
../binary_PNG/binary_labels_mask_case_id_TCGA-CC-A8HT_4_4_cell_expansion_7_0_threshold_0_4.png;24511.86614546385;15390.86545477546
../binary_PNG/binary_labels_mask_case_id_TCGA-CC-5261_1_1_cell_expansion_13_0_threshold_0_7.png;23757.317252540797;10857.683916423752
../binary_PNG/binary_labels_mask_case_id_TCGA-CC-A3MA_3_3_cell_expansion_11_0_threshold_0_5.png;24806.96792215126;17122.025467131178
../binary_PNG/binary_labels_mask_case_id_TCGA-K7-AAU7_0_2_cell_expansion_7_0_threshold_0_6.png;23021.868970886608;6829.714679156961
../binary_PNG/binary_labels_mask_case_id_TCGA-DD-AAED_0_2_cell_expansion_5_0_threshold_0_4.png;24595.104387383057;16045.230102408032
../binary_PNG/binary_labels_mask_case_id_TCGA-CC-5261_0_2_cell_expansion_11_0_threshold_0_7.png;24161.575023633934;13142.127983876362
../binary_PNG/binary_labels_mask_case_id_TCGA-CC-A1HT_4_1_cell_expansion_13_0_threshold_0_8.png;24024.854760259503;11714.993879527954
../binary_PNG/binary_labels_mask_case_id_TCGA-CC-A8HT_2_3_cell_expansion_13_0_threshold_0_6.png;24470.544266057663;15031.09063576336
../binary_PNG/binary_labels_mask_case_id_TCGA-G3-A5SK_1_0_cell_expansion_15_0_threshold_0_7.png;24342.332757249576;14162.511983965
../binary_PNG/binary_labels_mask_case_id_TCGA-YA-A8S7_2_3_cell_expansion_11_0_threshold_0_5.png;23544.459944071703;9394.829745485053
../binary_PNG/binary_labels_mask_case_id_TCGA-CC-A8HT_4_4_cell_expansion_5_0_threshold_0_5.png;24330.6147667037;14221.274096728555
../binary_PNG/binary_labels_mask_case_id_TCGA-CC-A8HT_2_4_cell_expansion_1_0_threshold_0_4.png;23375.102941086298;9054.126206754294
../binary_PNG/binary_labels_mask_case_id_TCGA-DD-AAED_1_2_cell_expansion_11_0_threshold_0_7.png;24560.90547657464;15269.900054545831
../binary_PNG/binary_labels_mask_case_id_TCGA-DD-AAED_0_4_cell_expansion_9_0_threshold_0_7.png;24577.756110509206;15244.872111784633
../binary_PNG/binary_labels_mask_case_id_TCGA-CC-A3MA_0_2_cell_expansion_1_0_threshold_0_7.png;23695.169347983152;10723.700951231189
../binary_PNG/binary_labels_mask_case_id_TCGA-CC-5261_4_3_cell_expansion_13_0_threshold_0_4.png;24895.58033380061;18289.38092395631
../binary_PNG/binary_labels_mask_case_id_TCGA-CC-A3MA_2_2_cell_expansion_3_0_threshold_0_7.png;24156.188788634245;12957.735282751712
../binary_PNG/binary_labels_mask_case_id_TCGA-CC-A3MA_3_1_cell_expansion_1_0_threshold_0_8.png;22417.61557079991;3926.727836222629
../binary_PNG/binary_labels_mask_case_id_TCGA-CC-A1HT_4_2_cell_expansion_5_0_threshold_0_4.png;24678.530248670548;16476.065400756954
../binary_PNG/binary_labels_mask_case_id_TCGA-G3-A7M6_2_3_cell_expansion_15_0_threshold_0_4.png;24599.863793008502;15902.586135381269
../binary_PNG/binary_labels_mask_case_id_TCGA-G3-A5SK_1_3_cell_expansion_5_0_threshold_0_6.png;24154.818070931924;13205.620958878702
../binary_PNG/binary_labels_mask_case_id_TCGA-BC-A69I_1_0_cell_expansion_13_0_threshold_0_5.png;24444.228369022272;14546.29838303847
../binary_PNG/binary_labels_mask_case_id_TCGA-CC-A1HT_0_4_cell_expansion_15_0_threshold_0_8.png;22620.41816784597;4887.251844784216
../binary_PNG/binary_labels_mask_case_id_TCGA-CC-5261_4_3_cell_expansion_11_0_threshold_0_5.png;24806.048728619822;17500.608035931396
../binary_PNG/binary_labels_mask_case_id_TCGA-G3-A5SK_3_4_cell_expansion_3_0_threshold_0_6.png;24718.588488967554;17136.49297490871
../binary_PNG/binary_labels_mask_case_id_TCGA-K7-AAU7_4_3_cell_expansion_13_0_threshold_0_8.png;22816.892777374283;5751.935633207748
../binary_PNG/binary_labels_mask_case_id_TCGA-G3-A7M6_2_0_cell_expansion_9_0_threshold_0_5.png;24744.527062915862;16980.03294757128
../binary_PNG/binary_labels_mask_case_id_TCGA-CC-A1HT_2_2_cell_expansion_3_0_threshold_0_4.png;24411.27200927367;14388.38746656168
../binary_PNG/binary_labels_mask_case_id_TCGA-BC-A69I_0_3_cell_expansion_13_0_threshold_0_4.png;24449.983599054507;14471.368482861912
../binary_PNG/binary_labels_mask_case_id_TCGA-CC-A1HT_2_3_cell_expansion_3_0_threshold_0_8.png;22437.735194389206;3966.139150087916
../binary_PNG/binary_labels_mask_case_id_TCGA-DD-AAED_3_1_cell_expansion_9_0_threshold_0_6.png;24631.78658830284;16020.979152275217
../binary_PNG/binary_labels_mask_case_id_TCGA-CC-A3MA_0_2_cell_expansion_5_0_threshold_0_5.png;24908.61057905583;18354.42586243876
../binary_PNG/binary_labels_mask_case_id_TCGA-G3-A7M6_2_3_cell_expansion_13_0_threshold_0_7.png;24184.229736611247;12980.8393486311
../binary_PNG/binary_labels_mask_case_id_TCGA-G3-A5SK_1_4_cell_expansion_7_0_threshold_0_5.png;24603.06630383792;15834.0852413523
../binary_PNG/binary_labels_mask_case_id_TCGA-CC-5261_0_3_cell_expansion_5_0_threshold_0_8.png;23413.2374600746;8965.61323157985
../binary_PNG/binary_labels_mask_case_id_TCGA-DD-AAED_0_3_cell_expansion_9_0_threshold_0_5.png;24700.26751047576;16431.306269162244
../binary_PNG/binary_labels_mask_case_id_TCGA-G3-A7M6_3_4_cell_expansion_15_0_threshold_0_4.png;24710.292907043484;16733.269158622308
../binary_PNG/binary_labels_mask_case_id_TCGA-YA-A8S7_4_3_cell_expansion_9_0_threshold_0_4.png;22613.665988490025;4738.759761058528
../binary_PNG/binary_labels_mask_case_id_TCGA-CC-5261_3_0_cell_expansion_7_0_threshold_0_6.png;24519.149459873028;15222.934709586256
../binary_PNG/binary_labels_mask_case_id_TCGA-CC-5261_4_3_cell_expansion_15_0_threshold_0_7.png;24586.075704849623;15686.58525436051
../binary_PNG/binary_labels_mask_case_id_TCGA-CC-5261_4_3_cell_expansion_1_0_threshold_0_8.png;22690.68359172197;5320.1802767386125
../binary_PNG/binary_labels_mask_case_id_TCGA-CC-5261_4_2_cell_expansion_1_0_threshold_0_4.png;23862.236045733003;11801.319493773775
../binary_PNG/binary_labels_mask_case_id_TCGA-G3-A5SK_1_3_cell_expansion_1_0_threshold_0_4.png;23181.00698349411;7855.724391669341
../binary_PNG/binary_labels_mask_case_id_TCGA-CC-A8HT_3_0_cell_expansion_9_0_threshold_0_7.png;24231.38027188638;13445.246127318522
../binary_PNG/binary_labels_mask_case_id_TCGA-CC-5261_4_4_cell_expansion_5_0_threshold_0_8.png;23951.300835753427;11641.338719706831
../binary_PNG/binary_labels_mask_case_id_TCGA-CC-A1HT_2_3_cell_expansion_15_0_threshold_0_4.png;24440.65853850692;14968.68094949711
../binary_PNG/binary_labels_mask_case_id_TCGA-CC-A3MA_2_3_cell_expansion_5_0_threshold_0_8.png;23146.553742371994;7396.845311221251
../binary_PNG/binary_labels_mask_case_id_TCGA-YA-A8S7_0_1_cell_expansion_3_0_threshold_0_8.png;22881.09311696397;6153.120130737727
../binary_PNG/binary_labels_mask_case_id_TCGA-CC-A8HT_3_3_cell_expansion_5_0_threshold_0_6.png;24220.232679971632;13541.61906904081
../binary_PNG/binary_labels_mask_case_id_TCGA-YA-A8S7_0_0_cell_expansion_3_0_threshold_0_4.png;24187.462662357146;13479.059750409966
../binary_PNG/binary_labels_mask_case_id_TCGA-CC-5261_4_4_cell_expansion_15_0_threshold_0_7.png;24793.845978637823;17143.286342102052
../binary_PNG/binary_labels_mask_case_id_TCGA-BC-A69I_2_3_cell_expansion_13_0_threshold_0_8.png;23831.610126446816;10664.394841352314
../binary_PNG/binary_labels_mask_case_id_TCGA-CC-A8HT_3_4_cell_expansion_1_0_threshold_0_6.png;23174.262177631976;7865.330658233862
../binary_PNG/binary_labels_mask_case_id_TCGA-BC-A69I_0_2_cell_expansion_5_0_threshold_0_4.png;23629.362999223064;10188.5655275609
../binary_PNG/binary_labels_mask_case_id_TCGA-BC-A69I_3_0_cell_expansion_11_0_threshold_0_8.png;23752.61877438549;10321.150835834796
../binary_PNG/binary_labels_mask_case_id_TCGA-CC-A3MA_4_4_cell_expansion_11_0_threshold_0_5.png;24580.55644788341;16014.987970159204
../binary_PNG/binary_labels_mask_case_id_TCGA-G3-A7M6_4_3_cell_expansion_7_0_threshold_0_6.png;24367.88871806735;14301.687042644558
../binary_PNG/binary_labels_mask_case_id_TCGA-YA-A8S7_0_0_cell_expansion_1_0_threshold_0_5.png;23455.69622717428;9275.492903905388
../binary_PNG/binary_labels_mask_case_id_TCGA-CC-A8HT_2_0_cell_expansion_5_0_threshold_0_8.png;22818.73994314047;5829.691592367089
../binary_PNG/binary_labels_mask_case_id_TCGA-K7-AAU7_1_4_cell_expansion_3_0_threshold_0_8.png;22295.564725834272;3345.912720479547
../binary_PNG/binary_labels_mask_case_id_TCGA-CC-A1HT_0_2_cell_expansion_15_0_threshold_0_6.png;23787.53684335121;10896.349618163851
../binary_PNG/binary_labels_mask_case_id_TCGA-DD-AAED_2_0_cell_expansion_7_0_threshold_0_4.png;24433.19377497009;14821.62428616199
../binary_PNG/binary_labels_mask_case_id_TCGA-G3-A7M6_2_0_cell_expansion_15_0_threshold_0_5.png;24742.7681523527;16979.463586558817
../binary_PNG/binary_labels_mask_case_id_TCGA-G3-A7M6_2_4_cell_expansion_7_0_threshold_0_7.png;24489.48806635615;14742.988329086991
../binary_PNG/binary_labels_mask_case_id_TCGA-K7-AAU7_4_1_cell_expansion_13_0_threshold_0_7.png;24082.65120514275;12333.060958761054
../binary_PNG/binary_labels_mask_case_id_TCGA-G3-A5SK_4_1_cell_expansion_13_0_threshold_0_6.png;24453.32237170529;14628.508964331437
../binary_PNG/binary_labels_mask_case_id_TCGA-YA-A8S7_4_3_cell_expansion_13_0_threshold_0_4.png;22699.239422338054;5108.039353364078
../binary_PNG/binary_labels_mask_case_id_TCGA-CC-A8HT_4_3_cell_expansion_11_0_threshold_0_7.png;23937.285697242645;11285.369444925636
../binary_PNG/binary_labels_mask_case_id_TCGA-YA-A8S7_4_0_cell_expansion_1_0_threshold_0_7.png;23320.632079984734;8488.049823678872
../binary_PNG/binary_labels_mask_case_id_TCGA-CC-A1HT_3_4_cell_expansion_9_0_threshold_0_6.png;24799.875768028836;17282.92999043861
../binary_PNG/binary_labels_mask_case_id_TCGA-G3-A7M6_2_4_cell_expansion_1_0_threshold_0_4.png;23338.03628264241;8784.850510586848
../binary_PNG/binary_labels_mask_case_id_TCGA-CC-5261_4_4_cell_expansion_11_0_threshold_0_5.png;24870.12565111516;17884.874149238203
../binary_PNG/binary_labels_mask_case_id_TCGA-YA-A8S7_3_2_cell_expansion_7_0_threshold_0_5.png;24809.798472191746;17945.451068502756
../binary_PNG/binary_labels_mask_case_id_TCGA-CC-5261_1_4_cell_expansion_9_0_threshold_0_5.png;24691.50029507564;16382.672796208488
../binary_PNG/binary_labels_mask_case_id_TCGA-G3-A7M6_0_3_cell_expansion_7_0_threshold_0_4.png;24597.995772867405;15591.638382432182
../binary_PNG/binary_labels_mask_case_id_TCGA-K7-AAU7_4_1_cell_expansion_7_0_threshold_0_8.png;23135.28666985067;7186.9618890701295
../binary_PNG/binary_labels_mask_case_id_TCGA-CC-A3MA_4_0_cell_expansion_13_0_threshold_0_5.png;24895.253821427912;18203.32966846096
../binary_PNG/binary_labels_mask_case_id_TCGA-YA-A8S7_1_2_cell_expansion_7_0_threshold_0_4.png;24829.69037282892;17552.75613838452
../binary_PNG/binary_labels_mask_case_id_TCGA-CC-A1HT_4_1_cell_expansion_9_0_threshold_0_5.png;24758.31450128357;17029.901346496477
../binary_PNG/binary_labels_mask_case_id_TCGA-DD-AAED_3_2_cell_expansion_1_0_threshold_0_5.png;23773.54639046002;11148.790045599932
../binary_PNG/binary_labels_mask_case_id_TCGA-YA-A8S7_0_1_cell_expansion_1_0_threshold_0_5.png;23620.51381569389;10273.319317664804
../binary_PNG/binary_labels_mask_case_id_TCGA-G3-A7M6_2_2_cell_expansion_3_0_threshold_0_7.png;23509.10527650718;9672.276306327709
../binary_PNG/binary_labels_mask_case_id_TCGA-BC-A69I_2_3_cell_expansion_7_0_threshold_0_4.png;24427.1879014998;14359.441027084376
../binary_PNG/binary_labels_mask_case_id_TCGA-G3-A7M6_2_1_cell_expansion_13_0_threshold_0_4.png;24776.82726451185;17186.14284798625
../binary_PNG/binary_labels_mask_case_id_TCGA-CC-5261_3_2_cell_expansion_9_0_threshold_0_6.png;24653.21117583368;16044.170573995514
../binary_PNG/binary_labels_mask_case_id_TCGA-K7-AAU7_1_2_cell_expansion_7_0_threshold_0_8.png;22336.30732815795;3529.953402420136
../binary_PNG/binary_labels_mask_case_id_TCGA-CC-5261_1_2_cell_expansion_9_0_threshold_0_7.png;24386.887241376968;14241.233009920186
../binary_PNG/binary_labels_mask_case_id_TCGA-CC-A8HT_4_1_cell_expansion_3_0_threshold_0_8.png;22520.044819987867;4456.069514918547
../binary_PNG/binary_labels_mask_case_id_TCGA-BC-A69I_3_1_cell_expansion_15_0_threshold_0_8.png;23609.60394911579;9758.389982560064
../binary_PNG/binary_labels_mask_case_id_TCGA-G3-A7M6_0_3_cell_expansion_15_0_threshold_0_4.png;24609.49600184577;15673.259464954412
../binary_PNG/binary_labels_mask_case_id_TCGA-BC-A69I_0_3_cell_expansion_7_0_threshold_0_5.png;24340.220249548;13801.050190859864
../binary_PNG/binary_labels_mask_case_id_TCGA-K7-AAU7_4_0_cell_expansion_11_0_threshold_0_4.png;24868.05975672368;18230.40276888369
../binary_PNG/binary_labels_mask_case_id_TCGA-CC-A1HT_0_3_cell_expansion_11_0_threshold_0_6.png;24537.38627021772;15212.5626879986
../binary_PNG/binary_labels_mask_case_id_TCGA-G3-A7M6_1_1_cell_expansion_13_0_threshold_0_8.png;23625.040378797825;9755.44180930374
../binary_PNG/binary_labels_mask_case_id_TCGA-YA-A8S7_4_1_cell_expansion_5_0_threshold_0_5.png;24650.146993165326;16475.225996356738
../binary_PNG/binary_labels_mask_case_id_TCGA-DD-AAED_2_1_cell_expansion_5_0_threshold_0_5.png;24660.686349989297;16235.589860187849
../binary_PNG/binary_labels_mask_case_id_TCGA-CC-A8HT_4_2_cell_expansion_15_0_threshold_0_7.png;24237.639999122424;13165.703755925097
../binary_PNG/binary_labels_mask_case_id_TCGA-G3-A7M6_4_3_cell_expansion_3_0_threshold_0_8.png;23247.42117528821;8057.909841389459
../binary_PNG/binary_labels_mask_case_id_TCGA-DD-AAED_3_3_cell_expansion_1_0_threshold_0_5.png;23854.14734423408;11574.02763873757
../binary_PNG/binary_labels_mask_case_id_TCGA-K7-AAU7_0_1_cell_expansion_1_0_threshold_0_5.png;22647.86525569419;5118.794684024875
../binary_PNG/binary_labels_mask_case_id_TCGA-YA-A8S7_1_4_cell_expansion_3_0_threshold_0_4.png;22432.862968434143;3994.036168206285
../binary_PNG/binary_labels_mask_case_id_TCGA-YA-A8S7_3_2_cell_expansion_5_0_threshold_0_8.png;22962.832878813817;6540.908514415957
../binary_PNG/binary_labels_mask_case_id_TCGA-G3-A5SK_4_4_cell_expansion_13_0_threshold_0_5.png;24322.543430818598;13924.34013635512
../binary_PNG/binary_labels_mask_case_id_TCGA-BC-A69I_1_1_cell_expansion_1_0_threshold_0_4.png;23280.171587281297;8334.253905828718
../binary_PNG/binary_labels_mask_case_id_TCGA-K7-AAU7_3_3_cell_expansion_3_0_threshold_0_7.png;22777.68149335941;5694.315379348108
../binary_PNG/binary_labels_mask_case_id_TCGA-DD-AAED_0_1_cell_expansion_3_0_threshold_0_7.png;24120.31013839626;12958.138362532269
../binary_PNG/binary_labels_mask_case_id_TCGA-YA-A8S7_3_3_cell_expansion_7_0_threshold_0_5.png;22764.13498914597;5556.755587773378
../binary_PNG/binary_labels_mask_case_id_TCGA-G3-A7M6_0_2_cell_expansion_7_0_threshold_0_4.png;24651.284163842214;16055.971342729266
../binary_PNG/binary_labels_mask_case_id_TCGA-G3-A7M6_0_4_cell_expansion_11_0_threshold_0_6.png;24612.8520024692;15740.59412268434
../binary_PNG/binary_labels_mask_case_id_TCGA-G3-A7M6_1_3_cell_expansion_15_0_threshold_0_4.png;24659.776552595453;16163.427917226283
../binary_PNG/binary_labels_mask_case_id_TCGA-G3-A5SK_1_2_cell_expansion_7_0_threshold_0_7.png;24206.20006136744;13008.29439163208
../binary_PNG/binary_labels_mask_case_id_TCGA-G3-A5SK_4_0_cell_expansion_3_0_threshold_0_5.png;23596.05124188686;9935.420656891569
../binary_PNG/binary_labels_mask_case_id_TCGA-CC-A3MA_0_4_cell_expansion_5_0_threshold_0_7.png;23418.817960142103;8825.876054070999
../binary_PNG/binary_labels_mask_case_id_TCGA-G3-A5SK_3_2_cell_expansion_5_0_threshold_0_7.png;24398.429169672283;14595.26648063276
../binary_PNG/binary_labels_mask_case_id_TCGA-CC-A8HT_4_1_cell_expansion_13_0_threshold_0_5.png;24403.08149474179;14692.11995297914
../binary_PNG/binary_labels_mask_case_id_TCGA-CC-A8HT_0_2_cell_expansion_9_0_threshold_0_8.png;22881.882436383232;6125.367519809035
../binary_PNG/binary_labels_mask_case_id_TCGA-G3-A5SK_1_2_cell_expansion_1_0_threshold_0_4.png;23207.05338331769;8064.275931189663
../binary_PNG/binary_labels_mask_case_id_TCGA-G3-A5SK_3_3_cell_expansion_3_0_threshold_0_8.png;23048.210976524308;7063.097488491598
../binary_PNG/binary_labels_mask_case_id_TCGA-CC-A8HT_4_1_cell_expansion_15_0_threshold_0_6.png;24299.85700966342;14082.481077733111
../binary_PNG/binary_labels_mask_case_id_TCGA-CC-A1HT_2_3_cell_expansion_15_0_threshold_0_8.png;22602.755210479307;4638.374292691711
../binary_PNG/binary_labels_mask_case_id_TCGA-CC-5261_1_1_cell_expansion_5_0_threshold_0_6.png;23699.75088897243;10720.778572403437
../binary_PNG/binary_labels_mask_case_id_TCGA-CC-A3MA_2_2_cell_expansion_5_0_threshold_0_8.png;23713.022417371634;10244.044097720742
../binary_PNG/binary_labels_mask_case_id_TCGA-DD-AAED_4_1_cell_expansion_11_0_threshold_0_6.png;24711.909602401603;16286.466718432535
../binary_PNG/binary_labels_mask_case_id_TCGA-YA-A8S7_0_4_cell_expansion_9_0_threshold_0_8.png;22708.368105039983;5176.972618632833
../binary_PNG/binary_labels_mask_case_id_TCGA-CC-5261_2_2_cell_expansion_7_0_threshold_0_8.png;24155.807638061116;12679.356590199051
../binary_PNG/binary_labels_mask_case_id_TCGA-CC-A1HT_4_3_cell_expansion_1_0_threshold_0_6.png;23753.48114953764;10921.971471099112
../binary_PNG/binary_labels_mask_case_id_TCGA-CC-A1HT_2_0_cell_expansion_13_0_threshold_0_7.png;23036.900388209277;7008.550542830365
../binary_PNG/binary_labels_mask_case_id_TCGA-CC-A3MA_4_4_cell_expansion_13_0_threshold_0_5.png;24582.627124174483;16021.27734027964
../binary_PNG/binary_labels_mask_case_id_TCGA-CC-A8HT_1_4_cell_expansion_3_0_threshold_0_7.png;23856.78409193997;11150.59750623626
../binary_PNG/binary_labels_mask_case_id_TCGA-CC-A8HT_4_1_cell_expansion_3_0_threshold_0_5.png;23842.84115506337;11524.246349158566
../binary_PNG/binary_labels_mask_case_id_TCGA-BC-A69I_3_1_cell_expansion_15_0_threshold_0_5.png;24385.99484227044;14088.80385785697
../binary_PNG/binary_labels_mask_case_id_TCGA-DD-AAED_3_2_cell_expansion_7_0_threshold_0_7.png;24716.438210591696;16349.621957851232
../binary_PNG/binary_labels_mask_case_id_TCGA-BC-A69I_1_3_cell_expansion_11_0_threshold_0_4.png;24595.08169655994;15498.57580947274
../binary_PNG/binary_labels_mask_case_id_TCGA-CC-A1HT_3_3_cell_expansion_13_0_threshold_0_6.png;24728.53332223208;16457.731170447572
../binary_PNG/binary_labels_mask_case_id_TCGA-G3-A7M6_0_2_cell_expansion_11_0_threshold_0_5.png;24652.19154924589;16052.275674527598
../binary_PNG/binary_labels_mask_case_id_TCGA-CC-A8HT_1_4_cell_expansion_1_0_threshold_0_6.png;23429.6829110868;9046.54632580066
../binary_PNG/binary_labels_mask_case_id_TCGA-CC-A3MA_4_4_cell_expansion_11_0_threshold_0_4.png;24649.6515962124;16475.636841627034
../binary_PNG/binary_labels_mask_case_id_TCGA-YA-A8S7_4_3_cell_expansion_15_0_threshold_0_6.png;22415.96558820062;3834.0188640953543
../binary_PNG/binary_labels_mask_case_id_TCGA-CC-5261_0_1_cell_expansion_9_0_threshold_0_4.png;24697.93311604325;16559.285875610127
../binary_PNG/binary_labels_mask_case_id_TCGA-DD-AAED_2_0_cell_expansion_7_0_threshold_0_5.png;24424.00921846349;14723.910300546391
../binary_PNG/binary_labels_mask_case_id_TCGA-YA-A8S7_2_1_cell_expansion_3_0_threshold_0_8.png;22937.37290995096;6399.858681415145
../binary_PNG/binary_labels_mask_case_id_TCGA-DD-AAED_4_3_cell_expansion_11_0_threshold_0_4.png;24662.561969740396;16244.6346992893
../binary_PNG/binary_labels_mask_case_id_TCGA-BC-A69I_0_2_cell_expansion_3_0_threshold_0_6.png;23160.55543484047;7760.95197347087
../binary_PNG/binary_labels_mask_case_id_TCGA-YA-A8S7_4_2_cell_expansion_15_0_threshold_0_8.png;22561.30478028485;4478.55429741473
../binary_PNG/binary_labels_mask_case_id_TCGA-G3-A7M6_0_4_cell_expansion_3_0_threshold_0_5.png;24140.72806031954;13162.513691306129
../binary_PNG/binary_labels_mask_case_id_TCGA-CC-A8HT_4_3_cell_expansion_11_0_threshold_0_6.png;24235.94719558433;13192.501426849183
../binary_PNG/binary_labels_mask_case_id_TCGA-CC-A1HT_2_1_cell_expansion_11_0_threshold_0_8.png;23197.22931167325;7380.528810623178
../binary_PNG/binary_labels_mask_case_id_TCGA-G3-A7M6_3_1_cell_expansion_7_0_threshold_0_6.png;24732.48419818208;16982.65574608517
../binary_PNG/binary_labels_mask_case_id_TCGA-K7-AAU7_1_2_cell_expansion_1_0_threshold_0_6.png;22874.062848890124;6229.404648758534
../binary_PNG/binary_labels_mask_case_id_TCGA-BC-A69I_2_2_cell_expansion_11_0_threshold_0_6.png;24369.473599979887;13966.38373433262
../binary_PNG/binary_labels_mask_case_id_TCGA-YA-A8S7_1_4_cell_expansion_1_0_threshold_0_8.png;22309.444091779857;3411.382180714216
../binary_PNG/binary_labels_mask_case_id_TCGA-CC-A1HT_4_0_cell_expansion_9_0_threshold_0_8.png;23117.523285869243;7256.327421553037
../binary_PNG/binary_labels_mask_case_id_TCGA-CC-A1HT_1_1_cell_expansion_11_0_threshold_0_4.png;24547.93571953713;15607.051664427196
../binary_PNG/binary_labels_mask_case_id_TCGA-CC-A8HT_2_1_cell_expansion_1_0_threshold_0_7.png;23078.27853803908;7267.2659150276595
../binary_PNG/binary_labels_mask_case_id_TCGA-YA-A8S7_2_0_cell_expansion_7_0_threshold_0_6.png;24733.47297557268;16913.63842701885
../binary_PNG/binary_labels_mask_case_id_TCGA-CC-5261_4_0_cell_expansion_15_0_threshold_0_7.png;24575.92375519147;15534.449462678314
../binary_PNG/binary_labels_mask_case_id_TCGA-BC-A69I_2_2_cell_expansion_3_0_threshold_0_7.png;23375.793684843236;8593.45858402963
../binary_PNG/binary_labels_mask_case_id_TCGA-CC-A1HT_3_0_cell_expansion_13_0_threshold_0_7.png;23920.64771438657;11495.541283318413
../binary_PNG/binary_labels_mask_case_id_TCGA-CC-A1HT_3_4_cell_expansion_15_0_threshold_0_5.png;24895.71291639941;18173.863213845405
../binary_PNG/binary_labels_mask_case_id_TCGA-CC-A1HT_1_0_cell_expansion_1_0_threshold_0_7.png;22782.541283766564;5798.853177785025
../binary_PNG/binary_labels_mask_case_id_TCGA-G3-A7M6_1_2_cell_expansion_13_0_threshold_0_4.png;24934.79393032824;19110.29251871779
../binary_PNG/binary_labels_mask_case_id_TCGA-G3-A5SK_1_3_cell_expansion_7_0_threshold_0_6.png;24310.86043233667;14079.593411845875
../binary_PNG/binary_labels_mask_case_id_TCGA-YA-A8S7_0_3_cell_expansion_9_0_threshold_0_7.png;24463.198414910046;14774.091166463211
../binary_PNG/binary_labels_mask_case_id_TCGA-G3-A7M6_0_0_cell_expansion_15_0_threshold_0_8.png;23715.558130372578;10304.434560399272
../binary_PNG/binary_labels_mask_case_id_TCGA-CC-A3MA_2_2_cell_expansion_3_0_threshold_0_6.png;24370.82590645778;14319.428146304712
../binary_PNG/binary_labels_mask_case_id_TCGA-CC-A8HT_4_4_cell_expansion_13_0_threshold_0_7.png;24167.149097344296;12904.990025462475
../binary_PNG/binary_labels_mask_case_id_TCGA-CC-A3MA_0_2_cell_expansion_3_0_threshold_0_7.png;24250.999195188106;13826.998665529023
../binary_PNG/binary_labels_mask_case_id_TCGA-G3-A5SK_4_2_cell_expansion_15_0_threshold_0_5.png;24396.630665088287;14271.241441380524
../binary_PNG/binary_labels_mask_case_id_TCGA-K7-AAU7_4_3_cell_expansion_9_0_threshold_0_5.png;24688.914292689227;16715.911470181523
../binary_PNG/binary_labels_mask_case_id_TCGA-G3-A7M6_2_3_cell_expansion_13_0_threshold_0_6.png;24473.14652904251;14936.8658534905
../binary_PNG/binary_labels_mask_case_id_TCGA-G3-A5SK_0_1_cell_expansion_1_0_threshold_0_7.png;23057.53248085212;7299.580971878368
../binary_PNG/binary_labels_mask_case_id_TCGA-BC-A69I_2_1_cell_expansion_11_0_threshold_0_7.png;24048.171337054635;12380.27153421049
../binary_PNG/binary_labels_mask_case_id_TCGA-G3-A5SK_3_4_cell_expansion_5_0_threshold_0_4.png;24930.94553838311;18723.897369803148
../binary_PNG/binary_labels_mask_case_id_TCGA-DD-AAED_0_2_cell_expansion_9_0_threshold_0_8.png;24131.113136426186;12737.786831434303
../binary_PNG/binary_labels_mask_case_id_TCGA-CC-5261_0_2_cell_expansion_5_0_threshold_0_5.png;24317.39734550828;14221.102661028855
../binary_PNG/binary_labels_mask_case_id_TCGA-BC-A69I_0_1_cell_expansion_9_0_threshold_0_4.png;24437.238922477634;14543.605998304483
../binary_PNG/binary_labels_mask_case_id_TCGA-CC-A1HT_1_0_cell_expansion_7_0_threshold_0_4.png;24580.575551740465;15998.020935034005
../binary_PNG/binary_labels_mask_case_id_TCGA-BC-A69I_2_1_cell_expansion_9_0_threshold_0_5.png;24276.580380826526;13636.267760666611
../binary_PNG/binary_labels_mask_case_id_TCGA-DD-AAED_4_0_cell_expansion_15_0_threshold_0_7.png;24549.665485821824;15542.016698783013
../binary_PNG/binary_labels_mask_case_id_TCGA-K7-AAU7_1_1_cell_expansion_9_0_threshold_0_5.png;24404.05494343049;14826.341792303418
../binary_PNG/binary_labels_mask_case_id_TCGA-DD-AAED_4_4_cell_expansion_9_0_threshold_0_4.png;24891.69646043153;18051.488239342787
../binary_PNG/binary_labels_mask_case_id_TCGA-CC-A3MA_4_3_cell_expansion_13_0_threshold_0_5.png;24837.671235527952;17483.826109760157
../binary_PNG/binary_labels_mask_case_id_TCGA-CC-5261_0_2_cell_expansion_7_0_threshold_0_4.png;24563.037713665024;15656.144206199428
../binary_PNG/binary_labels_mask_case_id_TCGA-G3-A5SK_4_1_cell_expansion_5_0_threshold_0_7.png;23997.004097093886;11987.569650246707
../binary_PNG/binary_labels_mask_case_id_TCGA-CC-A1HT_4_2_cell_expansion_3_0_threshold_0_6.png;24118.55538021378;12936.045653178498
../binary_PNG/binary_labels_mask_case_id_TCGA-G3-A5SK_1_2_cell_expansion_5_0_threshold_0_7.png;23968.99139718053;11772.950162807636
../binary_PNG/binary_labels_mask_case_id_TCGA-CC-5261_4_3_cell_expansion_5_0_threshold_0_7.png;24343.698137585125;14232.13387353164
../binary_PNG/binary_labels_mask_case_id_TCGA-CC-5261_0_4_cell_expansion_7_0_threshold_0_6.png;24642.000508711888;16275.562770672088
../binary_PNG/binary_labels_mask_case_id_TCGA-BC-A69I_3_3_cell_expansion_11_0_threshold_0_4.png;24666.077774084803;15905.857823492646
../binary_PNG/binary_labels_mask_case_id_TCGA-CC-A1HT_0_2_cell_expansion_3_0_threshold_0_8.png;22337.70283214138;3557.2770215143505
../binary_PNG/binary_labels_mask_case_id_TCGA-CC-5261_4_3_cell_expansion_7_0_threshold_0_6.png;24724.48808176116;16778.247824666243
../binary_PNG/binary_labels_mask_case_id_TCGA-G3-A5SK_1_2_cell_expansion_7_0_threshold_0_6.png;24364.66744642071;14139.464023283612
../binary_PNG/binary_labels_mask_case_id_TCGA-K7-AAU7_4_3_cell_expansion_11_0_threshold_0_4.png;24793.193285697955;17625.743062091973
../binary_PNG/binary_labels_mask_case_id_TCGA-DD-AAED_4_1_cell_expansion_13_0_threshold_0_6.png;24712.67371694884;16284.116798132864
../binary_PNG/binary_labels_mask_case_id_TCGA-CC-A3MA_3_1_cell_expansion_7_0_threshold_0_6.png;24736.0959827928;16956.32823922644
../binary_PNG/binary_labels_mask_case_id_TCGA-G3-A7M6_4_1_cell_expansion_9_0_threshold_0_7.png;24228.231853806923;13137.749676278894
../binary_PNG/binary_labels_mask_case_id_TCGA-CC-A1HT_1_1_cell_expansion_5_0_threshold_0_5.png;24277.26091565389;13770.81746073426
../binary_PNG/binary_labels_mask_case_id_TCGA-BC-A69I_2_4_cell_expansion_11_0_threshold_0_4.png;24470.14755757071;14654.55296937659
../binary_PNG/binary_labels_mask_case_id_TCGA-DD-AAED_3_0_cell_expansion_9_0_threshold_0_7.png;24609.010175604744;15652.452156861613
../binary_PNG/binary_labels_mask_case_id_TCGA-CC-A1HT_2_3_cell_expansion_5_0_threshold_0_6.png;23702.766645068823;10557.03063541374
../binary_PNG/binary_labels_mask_case_id_TCGA-CC-A8HT_2_2_cell_expansion_9_0_threshold_0_8.png;22682.902588018984;5096.94375476536
../binary_PNG/binary_labels_mask_case_id_TCGA-BC-A69I_4_4_cell_expansion_7_0_threshold_0_4.png;24604.88477028306;15822.614563249048
../binary_PNG/binary_labels_mask_case_id_TCGA-G3-A5SK_4_0_cell_expansion_13_0_threshold_0_5.png;24312.501274546463;13631.20830682918
../binary_PNG/binary_labels_mask_case_id_TCGA-YA-A8S7_4_1_cell_expansion_7_0_threshold_0_5.png;24733.10841620969;16987.172656553124
../binary_PNG/binary_labels_mask_case_id_TCGA-CC-5261_3_2_cell_expansion_9_0_threshold_0_7.png;24516.071844895207;14921.221614756592
../binary_PNG/binary_labels_mask_case_id_TCGA-YA-A8S7_2_0_cell_expansion_3_0_threshold_0_8.png;22847.964598186238;5844.709561630343
../binary_PNG/binary_labels_mask_case_id_TCGA-CC-A1HT_3_2_cell_expansion_9_0_threshold_0_5.png;24704.722099063307;16185.2424483196
../binary_PNG/binary_labels_mask_case_id_TCGA-G3-A7M6_3_1_cell_expansion_3_0_threshold_0_8.png;22801.822721689685;5817.394968546695
../binary_PNG/binary_labels_mask_case_id_TCGA-BC-A69I_0_2_cell_expansion_7_0_threshold_0_8.png;22970.146933666565;6533.029311857973
../binary_PNG/binary_labels_mask_case_id_TCGA-DD-AAED_1_3_cell_expansion_5_0_threshold_0_7.png;24412.547977941133;14471.544798762909
../binary_PNG/binary_labels_mask_case_id_TCGA-K7-AAU7_3_3_cell_expansion_7_0_threshold_0_4.png;24344.00111501692;14225.351310878445
../binary_PNG/binary_labels_mask_case_id_TCGA-BC-A69I_0_3_cell_expansion_7_0_threshold_0_4.png;24372.22502183292;14095.371090652505
../binary_PNG/binary_labels_mask_case_id_TCGA-BC-A69I_1_0_cell_expansion_3_0_threshold_0_8.png;22941.970210439627;6488.389768543926
../binary_PNG/binary_labels_mask_case_id_TCGA-CC-A8HT_3_2_cell_expansion_3_0_threshold_0_4.png;24304.965718921107;14315.14025510144
../binary_PNG/binary_labels_mask_case_id_TCGA-CC-A8HT_0_0_cell_expansion_3_0_threshold_0_7.png;23849.010974511508;11575.457208938244
../binary_PNG/binary_labels_mask_case_id_TCGA-DD-AAED_3_2_cell_expansion_1_0_threshold_0_8.png;23041.967602264413;7093.790097912303
../binary_PNG/binary_labels_mask_case_id_TCGA-DD-AAED_2_1_cell_expansion_3_0_threshold_0_7.png;24146.47398066152;13107.701556697386
../binary_PNG/binary_labels_mask_case_id_TCGA-CC-A1HT_1_4_cell_expansion_13_0_threshold_0_6.png;23957.689934653863;11785.2276522426
../binary_PNG/binary_labels_mask_case_id_TCGA-CC-A8HT_3_2_cell_expansion_1_0_threshold_0_5.png;23485.87416522605;9617.51074257917
../binary_PNG/binary_labels_mask_case_id_TCGA-YA-A8S7_1_2_cell_expansion_5_0_threshold_0_8.png;23216.62975387551;7685.540196906419
../binary_PNG/binary_labels_mask_case_id_TCGA-BC-A69I_4_3_cell_expansion_5_0_threshold_0_7.png;23407.692895699125;8766.691030438633
../binary_PNG/binary_labels_mask_case_id_TCGA-CC-5261_1_3_cell_expansion_13_0_threshold_0_5.png;24670.9183809206;16302.73620511645
../binary_PNG/binary_labels_mask_case_id_TCGA-CC-A3MA_3_4_cell_expansion_3_0_threshold_0_6.png;24196.85447606944;13642.221401776773
../binary_PNG/binary_labels_mask_case_id_TCGA-CC-5261_1_4_cell_expansion_1_0_threshold_0_7.png;23238.06403905998;8201.987584665045
../binary_PNG/binary_labels_mask_case_id_TCGA-DD-AAED_2_0_cell_expansion_9_0_threshold_0_5.png;24468.223909616703;14960.812258980226
../binary_PNG/binary_labels_mask_case_id_TCGA-K7-AAU7_3_4_cell_expansion_15_0_threshold_0_6.png;24039.36848816028;12073.979760152226
../binary_PNG/binary_labels_mask_case_id_TCGA-CC-A1HT_3_4_cell_expansion_1_0_threshold_0_4.png;23938.25724053651;12222.540388737614
../binary_PNG/binary_labels_mask_case_id_TCGA-CC-5261_0_0_cell_expansion_7_0_threshold_0_8.png;23911.71593147497;11627.468900784765
../binary_PNG/binary_labels_mask_case_id_TCGA-CC-A3MA_3_3_cell_expansion_7_0_threshold_0_6.png;24675.561756090778;16192.905731711058
../binary_PNG/binary_labels_mask_case_id_TCGA-CC-A8HT_2_1_cell_expansion_11_0_threshold_0_5.png;24851.851904998788;17930.618829178813
../binary_PNG/binary_labels_mask_case_id_TCGA-CC-5261_0_4_cell_expansion_15_0_threshold_0_6.png;24652.832994377422;16331.619969762698
../binary_PNG/binary_labels_mask_case_id_TCGA-CC-5261_0_0_cell_expansion_13_0_threshold_0_4.png;24771.527997770198;17160.48991927675
../binary_PNG/binary_labels_mask_case_id_TCGA-CC-A1HT_3_2_cell_expansion_5_0_threshold_0_8.png;23917.53991221966;11368.740325062052
../binary_PNG/binary_labels_mask_case_id_TCGA-DD-AAED_3_2_cell_expansion_9_0_threshold_0_7.png;24716.185076517755;16324.048220481003
../binary_PNG/binary_labels_mask_case_id_TCGA-DD-AAED_0_1_cell_expansion_9_0_threshold_0_8.png;24219.881363275985;13180.296622534972
../binary_PNG/binary_labels_mask_case_id_TCGA-G3-A5SK_2_3_cell_expansion_11_0_threshold_0_5.png;24487.556984437146;15233.811826104818
../binary_PNG/binary_labels_mask_case_id_TCGA-CC-A3MA_2_1_cell_expansion_7_0_threshold_0_4.png;24898.47054375187;18392.15352754156
../binary_PNG/binary_labels_mask_case_id_TCGA-CC-A3MA_3_3_cell_expansion_5_0_threshold_0_7.png;24340.81489510259;13961.503689402109
../binary_PNG/binary_labels_mask_case_id_TCGA-CC-A3MA_2_2_cell_expansion_13_0_threshold_0_7.png;24686.205012359547;16088.954748607966
../binary_PNG/binary_labels_mask_case_id_TCGA-CC-A1HT_4_2_cell_expansion_15_0_threshold_0_7.png;24424.4288762842;14262.19993293554
../binary_PNG/binary_labels_mask_case_id_TCGA-G3-A7M6_4_4_cell_expansion_9_0_threshold_0_5.png;24385.741436683234;14137.91828419907
../binary_PNG/binary_labels_mask_case_id_TCGA-CC-A1HT_2_1_cell_expansion_3_0_threshold_0_5.png;24174.374031261512;13327.955908109312
../binary_PNG/binary_labels_mask_case_id_TCGA-G3-A7M6_2_3_cell_expansion_9_0_threshold_0_4.png;24599.863793008502;15902.586135381269
../binary_PNG/binary_labels_mask_case_id_TCGA-G3-A7M6_2_2_cell_expansion_9_0_threshold_0_8.png;23584.362503089334;9756.880580292956
../binary_PNG/binary_labels_mask_case_id_TCGA-CC-A3MA_1_4_cell_expansion_5_0_threshold_0_4.png;24846.614734091418;17711.812594796822
../binary_PNG/binary_labels_mask_case_id_TCGA-YA-A8S7_1_0_cell_expansion_13_0_threshold_0_4.png;24485.26271364942;14895.58435551581
../binary_PNG/binary_labels_mask_case_id_TCGA-YA-A8S7_3_2_cell_expansion_15_0_threshold_0_4.png;24886.11404261269;18600.28676448064
../binary_PNG/binary_labels_mask_case_id_TCGA-CC-A8HT_0_3_cell_expansion_13_0_threshold_0_7.png;24256.826846766216;13252.28972809537
../binary_PNG/binary_labels_mask_case_id_TCGA-G3-A5SK_1_0_cell_expansion_7_0_threshold_0_6.png;24540.68972610719;15524.956324436076
../binary_PNG/binary_labels_mask_case_id_TCGA-G3-A5SK_0_2_cell_expansion_5_0_threshold_0_5.png;24232.25008362669;13566.4743386828
../binary_PNG/binary_labels_mask_case_id_TCGA-CC-A8HT_1_4_cell_expansion_15_0_threshold_0_4.png;24767.010655788024;16915.064187322445
../binary_PNG/binary_labels_mask_case_id_TCGA-DD-AAED_0_3_cell_expansion_15_0_threshold_0_6.png;24644.255137557106;15944.050278388147
../binary_PNG/binary_labels_mask_case_id_TCGA-CC-A3MA_3_3_cell_expansion_1_0_threshold_0_5.png;23898.48202612705;11853.702148908003
../binary_PNG/binary_labels_mask_case_id_TCGA-DD-AAED_0_0_cell_expansion_13_0_threshold_0_4.png;24775.87779770113;17009.139582342792
../binary_PNG/binary_labels_mask_case_id_TCGA-BC-A69I_3_4_cell_expansion_5_0_threshold_0_4.png;24459.42514593604;15243.049955952876
../binary_PNG/binary_labels_mask_case_id_TCGA-G3-A5SK_2_1_cell_expansion_15_0_threshold_0_8.png;23909.029265929985;11471.907600038005
../binary_PNG/binary_labels_mask_case_id_TCGA-CC-A8HT_0_2_cell_expansion_3_0_threshold_0_7.png;23280.535835596795;8139.405238499005
../binary_PNG/binary_labels_mask_case_id_TCGA-CC-5261_1_4_cell_expansion_15_0_threshold_0_6.png;24594.889200681515;15738.83627491878
../binary_PNG/binary_labels_mask_case_id_TCGA-DD-AAED_3_0_cell_expansion_1_0_threshold_0_8.png;22974.777927104293;6703.528877064919
../binary_PNG/binary_labels_mask_case_id_TCGA-YA-A8S7_0_4_cell_expansion_11_0_threshold_0_4.png;24682.36298316183;16655.981661741964
../binary_PNG/binary_labels_mask_case_id_TCGA-DD-AAED_4_4_cell_expansion_1_0_threshold_0_7.png;23650.556908061582;10412.853375833018
../binary_PNG/binary_labels_mask_case_id_TCGA-DD-AAED_0_3_cell_expansion_3_0_threshold_0_6.png;24026.382421606177;12527.383761394294
../binary_PNG/binary_labels_mask_case_id_TCGA-DD-AAED_3_1_cell_expansion_15_0_threshold_0_5.png;24654.71324316881;16245.19129172803
../binary_PNG/binary_labels_mask_case_id_TCGA-K7-AAU7_2_0_cell_expansion_11_0_threshold_0_5.png;22730.071716145245;5332.011513309551
../binary_PNG/binary_labels_mask_case_id_TCGA-YA-A8S7_2_2_cell_expansion_11_0_threshold_0_6.png;24535.79363994989;14961.355929431962
../binary_PNG/binary_labels_mask_case_id_TCGA-CC-A8HT_0_2_cell_expansion_1_0_threshold_0_6.png;23144.92171850724;7650.7338199439855
../binary_PNG/binary_labels_mask_case_id_TCGA-G3-A5SK_1_3_cell_expansion_9_0_threshold_0_6.png;24329.13192387923;14170.267356364726
../binary_PNG/binary_labels_mask_case_id_TCGA-CC-5261_2_0_cell_expansion_13_0_threshold_0_8.png;23986.629151065703;11735.05537941997
../binary_PNG/binary_labels_mask_case_id_TCGA-K7-AAU7_3_3_cell_expansion_11_0_threshold_0_4.png;24362.17419117693;14335.810129252126
../binary_PNG/binary_labels_mask_case_id_TCGA-K7-AAU7_0_4_cell_expansion_1_0_threshold_0_6.png;22907.093597370607;6281.7407965415
../binary_PNG/binary_labels_mask_case_id_TCGA-CC-A8HT_4_2_cell_expansion_1_0_threshold_0_4.png;23334.013514403065;8690.132819979226
../binary_PNG/binary_labels_mask_case_id_TCGA-CC-5261_0_3_cell_expansion_9_0_threshold_0_8.png;23811.54602215232;10924.04887337311
../binary_PNG/binary_labels_mask_case_id_TCGA-DD-AAED_0_3_cell_expansion_5_0_threshold_0_5.png;24503.54331615432;15304.6226393922
../binary_PNG/binary_labels_mask_case_id_TCGA-G3-A5SK_1_4_cell_expansion_13_0_threshold_0_8.png;23980.70013339273;11884.254267142634
../binary_PNG/binary_labels_mask_case_id_TCGA-CC-A8HT_4_3_cell_expansion_1_0_threshold_0_8.png;22511.18391121989;4324.552034004282
../binary_PNG/binary_labels_mask_case_id_TCGA-DD-AAED_3_1_cell_expansion_5_0_threshold_0_6.png;24505.57857162848;15346.43578645696
../binary_PNG/binary_labels_mask_case_id_TCGA-CC-A8HT_3_1_cell_expansion_15_0_threshold_0_7.png;23871.26292430559;11148.78924618914
../binary_PNG/binary_labels_mask_case_id_TCGA-CC-A8HT_0_2_cell_expansion_7_0_threshold_0_5.png;24447.05733497564;14708.05413883484
../binary_PNG/binary_labels_mask_case_id_TCGA-G3-A7M6_1_2_cell_expansion_3_0_threshold_0_5.png;24716.43530525713;17603.51886375318
../binary_PNG/binary_labels_mask_case_id_TCGA-DD-AAED_2_4_cell_expansion_1_0_threshold_0_4.png;23682.120922362083;10587.040086415598
../binary_PNG/binary_labels_mask_case_id_TCGA-BC-A69I_0_0_cell_expansion_7_0_threshold_0_8.png;23241.481372286675;7894.107975792121
../binary_PNG/binary_labels_mask_case_id_TCGA-CC-A8HT_0_4_cell_expansion_1_0_threshold_0_8.png;22509.540353586628;4393.234019041045
../binary_PNG/binary_labels_mask_case_id_TCGA-G3-A7M6_4_0_cell_expansion_5_0_threshold_0_6.png;24630.11098703574;16709.068769584377
../binary_PNG/binary_labels_mask_case_id_TCGA-K7-AAU7_3_3_cell_expansion_15_0_threshold_0_6.png;23980.00703098077;11933.157841977729
../binary_PNG/binary_labels_mask_case_id_TCGA-YA-A8S7_0_4_cell_expansion_7_0_threshold_0_5.png;24602.06138489435;16024.211855556608
../binary_PNG/binary_labels_mask_case_id_TCGA-BC-A69I_4_1_cell_expansion_1_0_threshold_0_5.png;23042.63916449971;6988.914637062793
../binary_PNG/binary_labels_mask_case_id_TCGA-CC-A3MA_1_1_cell_expansion_11_0_threshold_0_7.png;24211.40134969045;13047.940794206705
../binary_PNG/binary_labels_mask_case_id_TCGA-CC-A8HT_4_3_cell_expansion_7_0_threshold_0_7.png;23811.84358243696;10675.900888254424
../binary_PNG/binary_labels_mask_case_id_TCGA-YA-A8S7_1_1_cell_expansion_5_0_threshold_0_8.png;23209.868637835072;7671.554806204187
../binary_PNG/binary_labels_mask_case_id_TCGA-CC-5261_4_3_cell_expansion_9_0_threshold_0_6.png;24750.66254250996;16968.87261197169
../binary_PNG/binary_labels_mask_case_id_TCGA-YA-A8S7_4_2_cell_expansion_1_0_threshold_0_6.png;22536.242227544237;4487.59440542738
../binary_PNG/binary_labels_mask_case_id_TCGA-K7-AAU7_4_4_cell_expansion_1_0_threshold_0_8.png;22503.755429611127;4376.118890884664
../binary_PNG/binary_labels_mask_case_id_TCGA-CC-A8HT_0_4_cell_expansion_7_0_threshold_0_7.png;24058.544077337727;12385.543263602827
../binary_PNG/binary_labels_mask_case_id_TCGA-K7-AAU7_2_0_cell_expansion_13_0_threshold_0_8.png;22295.564725834272;3345.912720479547
../binary_PNG/binary_labels_mask_case_id_TCGA-CC-A3MA_2_4_cell_expansion_11_0_threshold_0_4.png;24879.98075494009;17965.85648317842
../binary_PNG/binary_labels_mask_case_id_TCGA-CC-A8HT_2_2_cell_expansion_11_0_threshold_0_8.png;22683.83889239138;5098.923839746738
../binary_PNG/binary_labels_mask_case_id_TCGA-G3-A5SK_1_0_cell_expansion_11_0_threshold_0_4.png;24591.79658429073;15851.43593135094
../binary_PNG/binary_labels_mask_case_id_TCGA-YA-A8S7_1_0_cell_expansion_7_0_threshold_0_5.png;24297.287241901176;13762.04541705234
../binary_PNG/binary_labels_mask_case_id_TCGA-G3-A5SK_0_0_cell_expansion_9_0_threshold_0_4.png;24626.13017651376;16367.73330166959
../binary_PNG/binary_labels_mask_case_id_TCGA-CC-A8HT_0_3_cell_expansion_3_0_threshold_0_7.png;23550.46614670564;9708.0574478353
../binary_PNG/binary_labels_mask_case_id_TCGA-K7-AAU7_3_2_cell_expansion_15_0_threshold_0_4.png;24366.17086545057;14683.233881228476
../binary_PNG/binary_labels_mask_case_id_TCGA-YA-A8S7_4_2_cell_expansion_3_0_threshold_0_7.png;22582.4301985397;4657.813007970555
../binary_PNG/binary_labels_mask_case_id_TCGA-CC-5261_2_0_cell_expansion_11_0_threshold_0_5.png;24745.648788716622;16878.16779109022
../binary_PNG/binary_labels_mask_case_id_TCGA-CC-A8HT_2_4_cell_expansion_5_0_threshold_0_7.png;23808.389690331103;10705.780184976218
../binary_PNG/binary_labels_mask_case_id_TCGA-CC-A3MA_0_2_cell_expansion_13_0_threshold_0_7.png;24727.86712506459;16478.03838529614
../binary_PNG/binary_labels_mask_case_id_TCGA-DD-AAED_2_2_cell_expansion_3_0_threshold_0_7.png;23608.280152217667;10163.562334145385
../binary_PNG/binary_labels_mask_case_id_TCGA-YA-A8S7_1_3_cell_expansion_11_0_threshold_0_8.png;22981.53735231297;6408.70101866322
../binary_PNG/binary_labels_mask_case_id_TCGA-CC-A3MA_2_3_cell_expansion_9_0_threshold_0_4.png;24932.125817909546;18551.183438997086
../binary_PNG/binary_labels_mask_case_id_TCGA-BC-A69I_0_0_cell_expansion_7_0_threshold_0_4.png;24166.908826471088;12990.406560863918
../binary_PNG/binary_labels_mask_case_id_TCGA-CC-5261_1_1_cell_expansion_13_0_threshold_0_6.png;23836.47607159491;11449.236031751692
../binary_PNG/binary_labels_mask_case_id_TCGA-YA-A8S7_4_2_cell_expansion_5_0_threshold_0_4.png;23058.28125568307;7054.551176688078
../binary_PNG/binary_labels_mask_case_id_TCGA-CC-A3MA_4_4_cell_expansion_9_0_threshold_0_5.png;24578.74274885545;16002.96938769283
../binary_PNG/binary_labels_mask_case_id_TCGA-CC-A8HT_0_2_cell_expansion_5_0_threshold_0_8.png;22677.4305271171;5172.193835767247
../binary_PNG/binary_labels_mask_case_id_TCGA-BC-A69I_4_2_cell_expansion_11_0_threshold_0_6.png;24218.94601464656;13012.11315204589
../binary_PNG/binary_labels_mask_case_id_TCGA-CC-A8HT_1_1_cell_expansion_7_0_threshold_0_7.png;24191.41764178067;13174.071337666182
../binary_PNG/binary_labels_mask_case_id_TCGA-K7-AAU7_4_2_cell_expansion_3_0_threshold_0_7.png;23475.527254803084;9574.805457613958
../binary_PNG/binary_labels_mask_case_id_TCGA-G3-A5SK_1_4_cell_expansion_13_0_threshold_0_4.png;24663.603224288287;16273.756051846429
../binary_PNG/binary_labels_mask_case_id_TCGA-DD-AAED_2_2_cell_expansion_7_0_threshold_0_5.png;24262.714293622517;13693.465328048886
../binary_PNG/binary_labels_mask_case_id_TCGA-CC-5261_2_0_cell_expansion_15_0_threshold_0_7.png;24630.971834614866;15775.566516661233
../binary_PNG/binary_labels_mask_case_id_TCGA-CC-A3MA_3_2_cell_expansion_15_0_threshold_0_8.png;23203.83265567772;7500.907720785908
../binary_PNG/binary_labels_mask_case_id_TCGA-DD-AAED_2_3_cell_expansion_15_0_threshold_0_6.png;24528.77365611057;15050.543205678625
../binary_PNG/binary_labels_mask_case_id_TCGA-G3-A7M6_4_0_cell_expansion_11_0_threshold_0_6.png;24647.27487389352;16805.06453684235
../binary_PNG/binary_labels_mask_case_id_TCGA-YA-A8S7_3_0_cell_expansion_11_0_threshold_0_5.png;24773.0585261744;17255.551224781062
../binary_PNG/binary_labels_mask_case_id_TCGA-G3-A5SK_3_2_cell_expansion_11_0_threshold_0_7.png;24570.52019074542;15561.41687095553
../binary_PNG/binary_labels_mask_case_id_TCGA-YA-A8S7_0_0_cell_expansion_13_0_threshold_0_8.png;22944.418446976524;6370.579128073945
../binary_PNG/binary_labels_mask_case_id_TCGA-G3-A5SK_0_3_cell_expansion_1_0_threshold_0_7.png;23319.554149480304;8606.795116722411
../binary_PNG/binary_labels_mask_case_id_TCGA-CC-5261_2_3_cell_expansion_13_0_threshold_0_5.png;24789.830916857507;17060.73499634832
../binary_PNG/binary_labels_mask_case_id_TCGA-G3-A5SK_2_4_cell_expansion_7_0_threshold_0_7.png;24524.1133308407;15076.823202273305
../binary_PNG/binary_labels_mask_case_id_TCGA-CC-A8HT_3_3_cell_expansion_15_0_threshold_0_4.png;24665.246372315774;16496.94529309841
../binary_PNG/binary_labels_mask_case_id_TCGA-G3-A5SK_4_3_cell_expansion_7_0_threshold_0_6.png;24400.626286670584;14286.512460439184
../binary_PNG/binary_labels_mask_case_id_TCGA-G3-A5SK_3_1_cell_expansion_1_0_threshold_0_4.png;23132.22944064029;7573.418224563565
../binary_PNG/binary_labels_mask_case_id_TCGA-G3-A5SK_2_3_cell_expansion_3_0_threshold_0_7.png;23578.22857119817;9961.450066227488
../binary_PNG/binary_labels_mask_case_id_TCGA-G3-A5SK_3_0_cell_expansion_1_0_threshold_0_8.png;22733.136638475185;5508.346933113035
../binary_PNG/binary_labels_mask_case_id_TCGA-CC-A8HT_0_0_cell_expansion_9_0_threshold_0_5.png;24853.02550528307;17797.494459094054
../binary_PNG/binary_labels_mask_case_id_TCGA-CC-A1HT_0_0_cell_expansion_5_0_threshold_0_7.png;22956.47585993477;6483.327358742757
../binary_PNG/binary_labels_mask_case_id_TCGA-G3-A5SK_4_4_cell_expansion_1_0_threshold_0_7.png;22921.039564381244;6495.581245628222
../binary_PNG/binary_labels_mask_case_id_TCGA-G3-A5SK_0_0_cell_expansion_11_0_threshold_0_4.png;24626.13017651376;16367.73330166959
../binary_PNG/binary_labels_mask_case_id_TCGA-CC-A8HT_0_2_cell_expansion_13_0_threshold_0_5.png;24491.108707188745;14933.374326498732
../binary_PNG/binary_labels_mask_case_id_TCGA-YA-A8S7_2_0_cell_expansion_15_0_threshold_0_7.png;24470.54761020215;14839.51668606226
../binary_PNG/binary_labels_mask_case_id_TCGA-CC-A3MA_4_1_cell_expansion_1_0_threshold_0_8.png;22888.85652452842;6285.425129823425
../binary_PNG/binary_labels_mask_case_id_TCGA-DD-AAED_2_4_cell_expansion_11_0_threshold_0_4.png;24763.168466092346;16818.43707253258
../binary_PNG/binary_labels_mask_case_id_TCGA-K7-AAU7_3_4_cell_expansion_9_0_threshold_0_6.png;24031.72783879579;12041.62686915225
../binary_PNG/binary_labels_mask_case_id_TCGA-CC-A3MA_0_1_cell_expansion_15_0_threshold_0_5.png;23390.14883882249;8899.407956365263
../binary_PNG/binary_labels_mask_case_id_TCGA-CC-5261_3_4_cell_expansion_5_0_threshold_0_8.png;23473.273195108573;9009.287621943868
../binary_PNG/binary_labels_mask_case_id_TCGA-CC-A1HT_2_1_cell_expansion_1_0_threshold_0_8.png;22588.54126886707;4696.093142893671
../binary_PNG/binary_labels_mask_case_id_TCGA-YA-A8S7_0_1_cell_expansion_9_0_threshold_0_7.png;24350.803136359944;14110.380564264637
../binary_PNG/binary_labels_mask_case_id_TCGA-YA-A8S7_2_4_cell_expansion_15_0_threshold_0_6.png;22379.53262333526;3769.691765016888
../binary_PNG/binary_labels_mask_case_id_TCGA-CC-5261_1_3_cell_expansion_3_0_threshold_0_8.png;23228.68880527493;7914.148160802461
../binary_PNG/binary_labels_mask_case_id_TCGA-CC-5261_1_2_cell_expansion_3_0_threshold_0_4.png;24175.52837017072;13579.570544435
../binary_PNG/binary_labels_mask_case_id_TCGA-K7-AAU7_3_4_cell_expansion_11_0_threshold_0_8.png;22958.94731686745;6333.1892713683765
../binary_PNG/binary_labels_mask_case_id_TCGA-G3-A7M6_1_0_cell_expansion_9_0_threshold_0_7.png;24324.75933147717;13894.638535110462
../binary_PNG/binary_labels_mask_case_id_TCGA-CC-A3MA_2_3_cell_expansion_13_0_threshold_0_5.png;24878.65671264601;17988.79042847766
../binary_PNG/binary_labels_mask_case_id_TCGA-CC-5261_0_0_cell_expansion_3_0_threshold_0_6.png;24212.9204818313;13824.978622456456
../binary_PNG/binary_labels_mask_case_id_TCGA-G3-A5SK_4_3_cell_expansion_1_0_threshold_0_5.png;23153.54664989404;7748.531165739236
../binary_PNG/binary_labels_mask_case_id_TCGA-CC-A8HT_1_2_cell_expansion_5_0_threshold_0_8.png;22717.05425643912;5409.89685308697
../binary_PNG/binary_labels_mask_case_id_TCGA-G3-A7M6_1_1_cell_expansion_3_0_threshold_0_7.png;23543.32934491508;9750.469350045045
../binary_PNG/binary_labels_mask_case_id_TCGA-CC-A1HT_1_3_cell_expansion_9_0_threshold_0_6.png;24757.954960714647;16695.828418231322
../binary_PNG/binary_labels_mask_case_id_TCGA-CC-A1HT_0_3_cell_expansion_13_0_threshold_0_8.png;23382.01848256785;8537.961332660905
../binary_PNG/binary_labels_mask_case_id_TCGA-K7-AAU7_1_2_cell_expansion_7_0_threshold_0_7.png;23174.6775509367;7562.417595456754
../binary_PNG/binary_labels_mask_case_id_TCGA-YA-A8S7_4_0_cell_expansion_7_0_threshold_0_7.png;24354.0764049008;14074.5923521411
../binary_PNG/binary_labels_mask_case_id_TCGA-G3-A5SK_0_4_cell_expansion_9_0_threshold_0_8.png;23598.190460005484;9419.29898750997
../binary_PNG/binary_labels_mask_case_id_TCGA-CC-A8HT_3_3_cell_expansion_7_0_threshold_0_4.png;24649.852805638715;16398.573086877008
../binary_PNG/binary_labels_mask_case_id_TCGA-YA-A8S7_3_3_cell_expansion_3_0_threshold_0_8.png;22337.757634403624;3557.343287327361
../binary_PNG/binary_labels_mask_case_id_TCGA-YA-A8S7_4_0_cell_expansion_5_0_threshold_0_6.png;24571.427790752103;15746.4819927829
../binary_PNG/binary_labels_mask_case_id_TCGA-BC-A69I_1_0_cell_expansion_5_0_threshold_0_5.png;24104.932629641044;12612.24318813546
../binary_PNG/binary_labels_mask_case_id_TCGA-G3-A5SK_4_3_cell_expansion_9_0_threshold_0_8.png;23730.413873917823;10253.916369256538
../binary_PNG/binary_labels_mask_case_id_TCGA-G3-A7M6_0_4_cell_expansion_7_0_threshold_0_5.png;24675.237527448837;16288.523115375465
../binary_PNG/binary_labels_mask_case_id_TCGA-CC-A8HT_3_3_cell_expansion_5_0_threshold_0_5.png;24519.10633493075;15573.959652587966
../binary_PNG/binary_labels_mask_case_id_TCGA-BC-A69I_1_2_cell_expansion_11_0_threshold_0_8.png;23742.87753936932;10289.431897440554
../binary_PNG/binary_labels_mask_case_id_TCGA-G3-A7M6_1_1_cell_expansion_15_0_threshold_0_4.png;24635.867933109286;16058.3643337148
../binary_PNG/binary_labels_mask_case_id_TCGA-CC-A8HT_1_3_cell_expansion_1_0_threshold_0_6.png;23267.794553313382;8388.71318090789
../binary_PNG/binary_labels_mask_case_id_TCGA-CC-A1HT_3_3_cell_expansion_15_0_threshold_0_7.png;24692.08305938227;16127.278146678223
../binary_PNG/binary_labels_mask_case_id_TCGA-BC-A69I_4_2_cell_expansion_7_0_threshold_0_4.png;24341.024312982707;13910.249892065678
../binary_PNG/binary_labels_mask_case_id_TCGA-CC-A1HT_0_2_cell_expansion_11_0_threshold_0_7.png;23277.331097084272;8102.375040799807
../binary_PNG/binary_labels_mask_case_id_TCGA-DD-AAED_4_0_cell_expansion_7_0_threshold_0_4.png;24703.625932943414;16656.875214873085
../binary_PNG/binary_labels_mask_case_id_TCGA-G3-A5SK_0_2_cell_expansion_9_0_threshold_0_6.png;24452.920873943185;14740.75751863724
../binary_PNG/binary_labels_mask_case_id_TCGA-CC-A1HT_1_1_cell_expansion_11_0_threshold_0_6.png;24137.488960854032;12827.456638172374
../binary_PNG/binary_labels_mask_case_id_TCGA-G3-A7M6_3_1_cell_expansion_5_0_threshold_0_5.png;24729.68486014566;17201.25262289394
../binary_PNG/binary_labels_mask_case_id_TCGA-K7-AAU7_3_2_cell_expansion_1_0_threshold_0_5.png;23174.548503181235;7871.766829657635
../binary_PNG/binary_labels_mask_case_id_TCGA-CC-A8HT_1_4_cell_expansion_5_0_threshold_0_6.png;24495.98043470089;14973.605671132736
../binary_PNG/binary_labels_mask_case_id_TCGA-BC-A69I_3_1_cell_expansion_13_0_threshold_0_4.png;24421.24071020452;14436.180407025684
../binary_PNG/binary_labels_mask_case_id_TCGA-G3-A5SK_4_1_cell_expansion_11_0_threshold_0_4.png;24477.435910160595;14781.678333929653
../binary_PNG/binary_labels_mask_case_id_TCGA-G3-A7M6_4_3_cell_expansion_3_0_threshold_0_7.png;23561.90812772385;9777.007702951383
../binary_PNG/binary_labels_mask_case_id_TCGA-CC-A3MA_4_4_cell_expansion_15_0_threshold_0_4.png;24650.089579328567;16476.07159568751
../binary_PNG/binary_labels_mask_case_id_TCGA-CC-A1HT_3_4_cell_expansion_9_0_threshold_0_5.png;24895.01560412385;18178.021695181957
../binary_PNG/binary_labels_mask_case_id_TCGA-YA-A8S7_4_0_cell_expansion_1_0_threshold_0_4.png;23858.988388919905;11574.687175187542
../binary_PNG/binary_labels_mask_case_id_TCGA-CC-5261_4_1_cell_expansion_9_0_threshold_0_4.png;24863.34024122841;17947.367075343245
../binary_PNG/binary_labels_mask_case_id_TCGA-G3-A7M6_1_1_cell_expansion_5_0_threshold_0_4.png;24472.926002641565;15048.185397902596
../binary_PNG/binary_labels_mask_case_id_TCGA-YA-A8S7_2_0_cell_expansion_5_0_threshold_0_5.png;24717.379681357903;16957.043270885326
../binary_PNG/binary_labels_mask_case_id_TCGA-G3-A7M6_3_0_cell_expansion_7_0_threshold_0_8.png;23875.871157074704;11006.106671560116
../binary_PNG/binary_labels_mask_case_id_TCGA-CC-A1HT_2_4_cell_expansion_11_0_threshold_0_5.png;24795.46379984564;16989.647456544517
../binary_PNG/binary_labels_mask_case_id_TCGA-CC-A1HT_1_4_cell_expansion_13_0_threshold_0_8.png;22715.99675883048;5213.740899334857
../binary_PNG/binary_labels_mask_case_id_TCGA-DD-AAED_0_0_cell_expansion_3_0_threshold_0_4.png;24366.885793772984;14590.044142889992
../binary_PNG/binary_labels_mask_case_id_TCGA-CC-A8HT_4_4_cell_expansion_11_0_threshold_0_4.png;24529.679408287517;15491.6688784445
../binary_PNG/binary_labels_mask_case_id_TCGA-G3-A5SK_1_4_cell_expansion_1_0_threshold_0_5.png;23296.478447846483;8552.25642377678
../binary_PNG/binary_labels_mask_case_id_TCGA-CC-5261_0_4_cell_expansion_7_0_threshold_0_8.png;23183.45874254409;7782.49114006751
../binary_PNG/binary_labels_mask_case_id_TCGA-BC-A69I_1_0_cell_expansion_13_0_threshold_0_6.png;24381.3693288688;14056.480410417202
../binary_PNG/binary_labels_mask_case_id_TCGA-CC-5261_1_0_cell_expansion_3_0_threshold_0_6.png;23924.04556351929;11945.93393354602
../binary_PNG/binary_labels_mask_case_id_TCGA-YA-A8S7_4_4_cell_expansion_11_0_threshold_0_6.png;22628.95508702635;4678.824705726611
../binary_PNG/binary_labels_mask_case_id_TCGA-G3-A5SK_2_1_cell_expansion_7_0_threshold_0_7.png;24559.638631647304;15450.84869754755
../binary_PNG/binary_labels_mask_case_id_TCGA-BC-A69I_3_2_cell_expansion_15_0_threshold_0_6.png;24053.056324739773;12069.083794906215
../binary_PNG/binary_labels_mask_case_id_TCGA-CC-A1HT_3_0_cell_expansion_3_0_threshold_0_5.png;24380.20490307853;14923.3842876571
../binary_PNG/binary_labels_mask_case_id_TCGA-BC-A69I_3_4_cell_expansion_9_0_threshold_0_7.png;24304.98612989368;13773.341322037886
../binary_PNG/binary_labels_mask_case_id_TCGA-G3-A5SK_3_2_cell_expansion_5_0_threshold_0_8.png;23433.815110299827;9071.024742423277
../binary_PNG/binary_labels_mask_case_id_TCGA-CC-A3MA_0_2_cell_expansion_1_0_threshold_0_4.png;24493.872192017683;15711.209085272509
../binary_PNG/binary_labels_mask_case_id_TCGA-G3-A5SK_3_3_cell_expansion_3_0_threshold_0_7.png;23652.393608679504;10220.534542697014
../binary_PNG/binary_labels_mask_case_id_TCGA-G3-A7M6_3_0_cell_expansion_11_0_threshold_0_4.png;24672.060026517374;16215.805382502887
../binary_PNG/binary_labels_mask_case_id_TCGA-CC-A3MA_3_1_cell_expansion_7_0_threshold_0_8.png;22672.20416594828;5094.734241217998
../binary_PNG/binary_labels_mask_case_id_TCGA-DD-AAED_2_3_cell_expansion_9_0_threshold_0_7.png;24423.471563659463;14262.422124162767
../binary_PNG/binary_labels_mask_case_id_TCGA-CC-A1HT_4_2_cell_expansion_1_0_threshold_0_5.png;23699.238894953985;10552.792783234278
../binary_PNG/binary_labels_mask_case_id_TCGA-CC-A3MA_4_3_cell_expansion_11_0_threshold_0_6.png;24767.77495413749;16843.70841400019
../binary_PNG/binary_labels_mask_case_id_TCGA-CC-5261_3_1_cell_expansion_5_0_threshold_0_8.png;23657.98064188315;9946.872087630658
../binary_PNG/binary_labels_mask_case_id_TCGA-BC-A69I_1_4_cell_expansion_13_0_threshold_0_7.png;24084.926068570134;12512.291681265971
../binary_PNG/binary_labels_mask_case_id_TCGA-CC-5261_4_4_cell_expansion_3_0_threshold_0_4.png;24615.383514698427;16337.966613422315
../binary_PNG/binary_labels_mask_case_id_TCGA-K7-AAU7_4_3_cell_expansion_11_0_threshold_0_6.png;24424.532167985133;14868.697028710114
../binary_PNG/binary_labels_mask_case_id_TCGA-CC-A8HT_4_3_cell_expansion_9_0_threshold_0_5.png;24407.074749073472;14453.71087070232
../binary_PNG/binary_labels_mask_case_id_TCGA-CC-A3MA_4_3_cell_expansion_7_0_threshold_0_5.png;24795.51618052441;17188.838563062218
../binary_PNG/binary_labels_mask_case_id_TCGA-CC-A8HT_2_4_cell_expansion_9_0_threshold_0_4.png;24661.16418830953;16432.700552692244
../binary_PNG/binary_labels_mask_case_id_TCGA-CC-5261_4_2_cell_expansion_15_0_threshold_0_6.png;24812.277407457423;17491.264591222323
../binary_PNG/binary_labels_mask_case_id_TCGA-CC-A8HT_0_4_cell_expansion_9_0_threshold_0_5.png;24696.23108041354;16596.109916470064
../binary_PNG/binary_labels_mask_case_id_TCGA-G3-A7M6_2_1_cell_expansion_9_0_threshold_0_6.png;24697.103688984025;16500.75234750253
../binary_PNG/binary_labels_mask_case_id_TCGA-G3-A5SK_3_2_cell_expansion_7_0_threshold_0_5.png;24750.15249383902;17024.356991638288
../binary_PNG/binary_labels_mask_case_id_TCGA-CC-A1HT_1_0_cell_expansion_3_0_threshold_0_8.png;22451.191614976047;4074.112460084195
../binary_PNG/binary_labels_mask_case_id_TCGA-BC-A69I_1_1_cell_expansion_15_0_threshold_0_7.png;24179.377422087276;12869.183075562903
../binary_PNG/binary_labels_mask_case_id_TCGA-CC-5261_0_4_cell_expansion_7_0_threshold_0_4.png;24759.72015852191;17216.057490643107
../binary_PNG/binary_labels_mask_case_id_TCGA-G3-A5SK_4_3_cell_expansion_15_0_threshold_0_5.png;24426.65797107874;14456.333208879696
../binary_PNG/binary_labels_mask_case_id_TCGA-CC-5261_1_0_cell_expansion_7_0_threshold_0_8.png;23401.20695220244;8633.845136773796
../binary_PNG/binary_labels_mask_case_id_TCGA-K7-AAU7_0_2_cell_expansion_9_0_threshold_0_5.png;23171.861738035997;7668.596988604791
../binary_PNG/binary_labels_mask_case_id_TCGA-CC-A1HT_3_1_cell_expansion_11_0_threshold_0_6.png;23709.672419487342;10605.171256650752
../binary_PNG/binary_labels_mask_case_id_TCGA-BC-A69I_3_2_cell_expansion_9_0_threshold_0_5.png;24258.811617448704;13389.48251262296
../binary_PNG/binary_labels_mask_case_id_TCGA-CC-A1HT_0_2_cell_expansion_7_0_threshold_0_8.png;22365.84749740904;3698.573501780272
../binary_PNG/binary_labels_mask_case_id_TCGA-G3-A5SK_3_2_cell_expansion_3_0_threshold_0_7.png;23948.590671421138;12070.289817283185
../binary_PNG/binary_labels_mask_case_id_TCGA-CC-A8HT_4_0_cell_expansion_13_0_threshold_0_8.png;23138.09131152117;7291.794210679978
../binary_PNG/binary_labels_mask_case_id_TCGA-BC-A69I_3_3_cell_expansion_15_0_threshold_0_4.png;24666.604976155053;15906.235940115992
../binary_PNG/binary_labels_mask_case_id_TCGA-CC-A3MA_3_0_cell_expansion_7_0_threshold_0_8.png;22295.564725834272;3345.912720479547
../binary_PNG/binary_labels_mask_case_id_TCGA-CC-A1HT_3_1_cell_expansion_13_0_threshold_0_7.png;23175.190001531904;7648.115286202982
../binary_PNG/binary_labels_mask_case_id_TCGA-DD-AAED_2_2_cell_expansion_9_0_threshold_0_7.png;24159.148143767605;13064.584374730028
../binary_PNG/binary_labels_mask_case_id_TCGA-CC-A3MA_4_4_cell_expansion_5_0_threshold_0_6.png;24261.21951147786;14140.26637316892
../binary_PNG/binary_labels_mask_case_id_TCGA-K7-AAU7_0_1_cell_expansion_7_0_threshold_0_5.png;23315.787078943013;8446.16901240438
../binary_PNG/binary_labels_mask_case_id_TCGA-CC-5261_4_4_cell_expansion_15_0_threshold_0_8.png;24352.39870627296;13818.023705090842
../binary_PNG/binary_labels_mask_case_id_TCGA-YA-A8S7_3_4_cell_expansion_7_0_threshold_0_4.png;22357.0828878928;3600.656571802468
../binary_PNG/binary_labels_mask_case_id_TCGA-YA-A8S7_1_3_cell_expansion_1_0_threshold_0_4.png;23585.952110269824;10032.47397758728
../binary_PNG/binary_labels_mask_case_id_TCGA-K7-AAU7_4_0_cell_expansion_11_0_threshold_0_7.png;23546.556804391963;9529.737694635602
../binary_PNG/binary_labels_mask_case_id_TCGA-CC-A1HT_0_3_cell_expansion_13_0_threshold_0_4.png;24735.70605044463;16783.329400936298
../binary_PNG/binary_labels_mask_case_id_TCGA-G3-A7M6_1_4_cell_expansion_11_0_threshold_0_5.png;24085.334755438933;12908.631770098282
../binary_PNG/binary_labels_mask_case_id_TCGA-K7-AAU7_3_4_cell_expansion_1_0_threshold_0_7.png;22801.740895660783;5843.905059393934
../binary_PNG/binary_labels_mask_case_id_TCGA-BC-A69I_4_3_cell_expansion_3_0_threshold_0_6.png;23395.54223676745;8820.836558079545
../binary_PNG/binary_labels_mask_case_id_TCGA-CC-A8HT_0_0_cell_expansion_7_0_threshold_0_7.png;24459.41111629276;14962.268345284014
../binary_PNG/binary_labels_mask_case_id_TCGA-YA-A8S7_4_1_cell_expansion_7_0_threshold_0_7.png;24412.72959462907;14369.063703591924
../binary_PNG/binary_labels_mask_case_id_TCGA-K7-AAU7_2_0_cell_expansion_7_0_threshold_0_8.png;22295.564725834272;3345.912720479547
../binary_PNG/binary_labels_mask_case_id_TCGA-G3-A7M6_3_2_cell_expansion_13_0_threshold_0_6.png;24539.56717844132;15357.409339500016
../binary_PNG/binary_labels_mask_case_id_TCGA-G3-A5SK_4_0_cell_expansion_13_0_threshold_0_7.png;24133.160472677213;12402.718225917844
../binary_PNG/binary_labels_mask_case_id_TCGA-BC-A69I_4_4_cell_expansion_7_0_threshold_0_6.png;24488.96014274158;14932.290547357265
../binary_PNG/binary_labels_mask_case_id_TCGA-YA-A8S7_4_2_cell_expansion_13_0_threshold_0_5.png;23139.66748131721;7336.884953771532
../binary_PNG/binary_labels_mask_case_id_TCGA-YA-A8S7_1_3_cell_expansion_3_0_threshold_0_5.png;24200.14078527252;13507.74681652268
../binary_PNG/binary_labels_mask_case_id_TCGA-G3-A5SK_1_0_cell_expansion_9_0_threshold_0_8.png;23601.43666464749;9811.239991885845
../binary_PNG/binary_labels_mask_case_id_TCGA-DD-AAED_0_0_cell_expansion_3_0_threshold_0_8.png;23504.91412923354;9441.937391146115
../binary_PNG/binary_labels_mask_case_id_TCGA-DD-AAED_3_3_cell_expansion_1_0_threshold_0_6.png;23771.68720309784;11096.998137256223
../binary_PNG/binary_labels_mask_case_id_TCGA-G3-A7M6_1_0_cell_expansion_13_0_threshold_0_5.png;24627.887014154527;16143.117067352425
../binary_PNG/binary_labels_mask_case_id_TCGA-K7-AAU7_3_4_cell_expansion_5_0_threshold_0_5.png;24059.069105676303;12497.237616135022
../binary_PNG/binary_labels_mask_case_id_TCGA-K7-AAU7_4_1_cell_expansion_7_0_threshold_0_7.png;24001.91830800025;11879.545914014489
../binary_PNG/binary_labels_mask_case_id_TCGA-YA-A8S7_0_1_cell_expansion_5_0_threshold_0_4.png;24624.45179965199;16269.727042870953
../binary_PNG/binary_labels_mask_case_id_TCGA-YA-A8S7_0_0_cell_expansion_5_0_threshold_0_8.png;22721.8204280668;5321.225803917479
../binary_PNG/binary_labels_mask_case_id_TCGA-G3-A5SK_4_1_cell_expansion_11_0_threshold_0_8.png;23636.715595668145;9772.765668760974
../binary_PNG/binary_labels_mask_case_id_TCGA-G3-A7M6_0_3_cell_expansion_13_0_threshold_0_4.png;24609.49600184577;15673.259464954412
../binary_PNG/binary_labels_mask_case_id_TCGA-K7-AAU7_2_3_cell_expansion_11_0_threshold_0_6.png;23871.37599339301;11577.707498131873
../binary_PNG/binary_labels_mask_case_id_TCGA-CC-5261_3_1_cell_expansion_15_0_threshold_0_7.png;24561.67305690136;15433.523171629917
../binary_PNG/binary_labels_mask_case_id_TCGA-DD-AAED_3_2_cell_expansion_15_0_threshold_0_6.png;24793.263447483856;17004.747765015785
../binary_PNG/binary_labels_mask_case_id_TCGA-DD-AAED_0_3_cell_expansion_11_0_threshold_0_6.png;24642.589468718783;15939.968098156904
../binary_PNG/binary_labels_mask_case_id_TCGA-G3-A5SK_2_2_cell_expansion_3_0_threshold_0_5.png;24115.56428000498;13075.65543745087
../binary_PNG/binary_labels_mask_case_id_TCGA-YA-A8S7_3_4_cell_expansion_9_0_threshold_0_8.png;22295.564725834272;3345.912720479547
../binary_PNG/binary_labels_mask_case_id_TCGA-K7-AAU7_0_0_cell_expansion_9_0_threshold_0_5.png;23322.2733208792;8303.559474790614
../binary_PNG/binary_labels_mask_case_id_TCGA-G3-A5SK_4_4_cell_expansion_3_0_threshold_0_8.png;22890.482447738603;6355.5390906775065
../binary_PNG/binary_labels_mask_case_id_TCGA-G3-A5SK_0_2_cell_expansion_1_0_threshold_0_5.png;23105.75852577993;7470.955544172715
../binary_PNG/binary_labels_mask_case_id_TCGA-CC-A1HT_0_1_cell_expansion_7_0_threshold_0_4.png;24914.758819980914;18565.45343637432
../binary_PNG/binary_labels_mask_case_id_TCGA-CC-A1HT_2_1_cell_expansion_7_0_threshold_0_5.png;24568.62041544471;15495.125507906192
../binary_PNG/binary_labels_mask_case_id_TCGA-K7-AAU7_2_3_cell_expansion_13_0_threshold_0_7.png;23249.94647229905;7811.8851550850595
../binary_PNG/binary_labels_mask_case_id_TCGA-YA-A8S7_1_4_cell_expansion_11_0_threshold_0_6.png;22430.50122356052;3938.0238721903743
../binary_PNG/binary_labels_mask_case_id_TCGA-YA-A8S7_3_3_cell_expansion_15_0_threshold_0_8.png;22385.587138663257;3758.623143191917
../binary_PNG/binary_labels_mask_case_id_TCGA-CC-A1HT_0_1_cell_expansion_5_0_threshold_0_5.png;24838.793561536804;17906.544982328363
../binary_PNG/binary_labels_mask_case_id_TCGA-DD-AAED_1_0_cell_expansion_13_0_threshold_0_6.png;24261.104993020104;13420.035756912786
../binary_PNG/binary_labels_mask_case_id_TCGA-CC-A8HT_0_1_cell_expansion_9_0_threshold_0_7.png;24284.659697405517;13568.141491413426
../binary_PNG/binary_labels_mask_case_id_TCGA-G3-A5SK_0_3_cell_expansion_3_0_threshold_0_8.png;23025.95776508004;6998.420407589705
../binary_PNG/binary_labels_mask_case_id_TCGA-G3-A5SK_4_2_cell_expansion_3_0_threshold_0_6.png;23629.10925229582;10230.465116035431
../binary_PNG/binary_labels_mask_case_id_TCGA-YA-A8S7_1_0_cell_expansion_11_0_threshold_0_7.png;23958.112467061896;11587.262966751843
../binary_PNG/binary_labels_mask_case_id_TCGA-CC-A1HT_2_1_cell_expansion_1_0_threshold_0_6.png;23497.046246855643;9504.054587543244
../binary_PNG/binary_labels_mask_case_id_TCGA-G3-A7M6_3_1_cell_expansion_9_0_threshold_0_4.png;24801.691932897207;17712.702123817024
../binary_PNG/binary_labels_mask_case_id_TCGA-BC-A69I_0_4_cell_expansion_9_0_threshold_0_8.png;23613.00553566157;9628.72561312019
../binary_PNG/binary_labels_mask_case_id_TCGA-BC-A69I_4_4_cell_expansion_11_0_threshold_0_6.png;24561.427641247843;15342.250689801487
../binary_PNG/binary_labels_mask_case_id_TCGA-K7-AAU7_3_4_cell_expansion_9_0_threshold_0_8.png;22944.51098442796;6259.906583746755
../binary_PNG/binary_labels_mask_case_id_TCGA-CC-A3MA_0_0_cell_expansion_13_0_threshold_0_6.png;23841.9130849176;11246.097307443775
../binary_PNG/binary_labels_mask_case_id_TCGA-G3-A5SK_0_1_cell_expansion_11_0_threshold_0_4.png;24651.393447760507;16244.665179906542
../binary_PNG/binary_labels_mask_case_id_TCGA-CC-A8HT_0_3_cell_expansion_13_0_threshold_0_5.png;24559.45827652404;15471.6990464951
../binary_PNG/binary_labels_mask_case_id_TCGA-CC-A1HT_1_4_cell_expansion_7_0_threshold_0_4.png;24316.957350306;14298.792435661817
../binary_PNG/binary_labels_mask_case_id_TCGA-G3-A5SK_1_0_cell_expansion_5_0_threshold_0_5.png;24445.62691169778;14973.406213593376
../binary_PNG/binary_labels_mask_case_id_TCGA-CC-A3MA_3_4_cell_expansion_15_0_threshold_0_8.png;24015.90505919345;11932.788178468758
../binary_PNG/binary_labels_mask_case_id_TCGA-CC-A3MA_3_3_cell_expansion_15_0_threshold_0_8.png;24083.178006385428;12062.982543208123
../binary_PNG/binary_labels_mask_case_id_TCGA-CC-A8HT_0_4_cell_expansion_11_0_threshold_0_4.png;24746.232383265757;17008.46543933021
../binary_PNG/binary_labels_mask_case_id_TCGA-CC-A3MA_0_2_cell_expansion_11_0_threshold_0_8.png;23873.211618735608;11254.599097380851
../binary_PNG/binary_labels_mask_case_id_TCGA-DD-AAED_2_2_cell_expansion_15_0_threshold_0_6.png;24280.537227623237;13768.66278923292
../binary_PNG/binary_labels_mask_case_id_TCGA-G3-A7M6_1_2_cell_expansion_5_0_threshold_0_4.png;24901.4491843867;18877.7927103901
../binary_PNG/binary_labels_mask_case_id_TCGA-YA-A8S7_0_1_cell_expansion_13_0_threshold_0_8.png;23515.218522413903;9247.282949972778
../binary_PNG/binary_labels_mask_case_id_TCGA-G3-A7M6_3_2_cell_expansion_7_0_threshold_0_4.png;24610.06082994628;15839.966195017803
../binary_PNG/binary_labels_mask_case_id_TCGA-YA-A8S7_2_2_cell_expansion_11_0_threshold_0_4.png;24664.9294179118;16015.50016333967
../binary_PNG/binary_labels_mask_case_id_TCGA-G3-A7M6_4_0_cell_expansion_1_0_threshold_0_6.png;23584.08110284356;10241.555308310231
../binary_PNG/binary_labels_mask_case_id_TCGA-CC-5261_3_2_cell_expansion_15_0_threshold_0_6.png;24656.96430476137;16074.20040546088
../binary_PNG/binary_labels_mask_case_id_TCGA-BC-A69I_0_1_cell_expansion_3_0_threshold_0_4.png;23814.71994290232;11224.044883960678
../binary_PNG/binary_labels_mask_case_id_TCGA-DD-AAED_3_1_cell_expansion_15_0_threshold_0_7.png;24550.798120138177;15386.7463897115
../binary_PNG/binary_labels_mask_case_id_TCGA-K7-AAU7_4_4_cell_expansion_3_0_threshold_0_7.png;23029.829400121933;6916.384328796948
../binary_PNG/binary_labels_mask_case_id_TCGA-DD-AAED_1_3_cell_expansion_13_0_threshold_0_7.png;24621.77479228339;15705.584906298893
../binary_PNG/binary_labels_mask_case_id_TCGA-CC-A8HT_3_4_cell_expansion_11_0_threshold_0_8.png;22764.199704108112;5639.3177315221365
../binary_PNG/binary_labels_mask_case_id_TCGA-CC-A8HT_0_2_cell_expansion_3_0_threshold_0_5.png;23817.88075261192;11293.95565976367
../binary_PNG/binary_labels_mask_case_id_TCGA-YA-A8S7_3_1_cell_expansion_5_0_threshold_0_7.png;23931.461777764325;11474.616194528267
../binary_PNG/binary_labels_mask_case_id_TCGA-BC-A69I_4_1_cell_expansion_7_0_threshold_0_4.png;23981.054403890645;11640.201117047918
../binary_PNG/binary_labels_mask_case_id_TCGA-CC-A8HT_0_0_cell_expansion_15_0_threshold_0_7.png;24510.18649494397;15225.12814975244
../binary_PNG/binary_labels_mask_case_id_TCGA-DD-AAED_4_3_cell_expansion_7_0_threshold_0_4.png;24630.24054998125;16045.866443333136
../binary_PNG/binary_labels_mask_case_id_TCGA-CC-A8HT_3_1_cell_expansion_11_0_threshold_0_7.png;23872.799169638965;11150.874247384876
../binary_PNG/binary_labels_mask_case_id_TCGA-G3-A5SK_0_1_cell_expansion_9_0_threshold_0_6.png;24453.63449251926;14899.743893382178
../binary_PNG/binary_labels_mask_case_id_TCGA-DD-AAED_2_4_cell_expansion_7_0_threshold_0_5.png;24710.21116139441;16447.81068676656
../binary_PNG/binary_labels_mask_case_id_TCGA-CC-A8HT_2_2_cell_expansion_1_0_threshold_0_5.png;23701.905160500075;10825.80958427039
../binary_PNG/binary_labels_mask_case_id_TCGA-YA-A8S7_0_2_cell_expansion_5_0_threshold_0_8.png;23039.215848076987;6904.945781549661
../binary_PNG/binary_labels_mask_case_id_TCGA-K7-AAU7_2_3_cell_expansion_3_0_threshold_0_6.png;23416.58128557547;9178.410179702556
../binary_PNG/binary_labels_mask_case_id_TCGA-BC-A69I_4_1_cell_expansion_1_0_threshold_0_7.png;22786.14872829313;5773.825391859082
../binary_PNG/binary_labels_mask_case_id_TCGA-CC-A8HT_0_2_cell_expansion_5_0_threshold_0_6.png;24197.62345946191;13194.672876545945
../binary_PNG/binary_labels_mask_case_id_TCGA-BC-A69I_1_4_cell_expansion_1_0_threshold_0_5.png;23175.93746075934;7832.705560890239
../binary_PNG/binary_labels_mask_case_id_TCGA-G3-A5SK_0_2_cell_expansion_11_0_threshold_0_5.png;24521.01557049893;15261.069569997046
../binary_PNG/binary_labels_mask_case_id_TCGA-YA-A8S7_3_0_cell_expansion_3_0_threshold_0_8.png;22658.809584072907;5184.655042458653
../binary_PNG/binary_labels_mask_case_id_TCGA-BC-A69I_4_2_cell_expansion_11_0_threshold_0_8.png;23352.03735658242;8420.378245366903
../binary_PNG/binary_labels_mask_case_id_TCGA-DD-AAED_1_3_cell_expansion_15_0_threshold_0_4.png;24738.65270150263;16691.687147375895
../binary_PNG/binary_labels_mask_case_id_TCGA-K7-AAU7_2_3_cell_expansion_5_0_threshold_0_5.png;24063.04366666545;12887.05951575932
../binary_PNG/binary_labels_mask_case_id_TCGA-DD-AAED_0_3_cell_expansion_7_0_threshold_0_6.png;24583.079613567308;15599.966963165964
../binary_PNG/binary_labels_mask_case_id_TCGA-G3-A7M6_4_0_cell_expansion_5_0_threshold_0_4.png;24833.406544570487;18256.611245422628
../binary_PNG/binary_labels_mask_case_id_TCGA-CC-A8HT_2_3_cell_expansion_11_0_threshold_0_8.png;22906.085662844303;6096.727463677335
../binary_PNG/binary_labels_mask_case_id_TCGA-CC-A8HT_3_0_cell_expansion_5_0_threshold_0_5.png;24510.718686213128;15368.801885091863
../binary_PNG/binary_labels_mask_case_id_TCGA-K7-AAU7_4_2_cell_expansion_1_0_threshold_0_8.png;22578.919943020832;4813.986868987712
../binary_PNG/binary_labels_mask_case_id_TCGA-CC-5261_3_2_cell_expansion_13_0_threshold_0_5.png;24682.221365936337;16341.129099870865
../binary_PNG/binary_labels_mask_case_id_TCGA-K7-AAU7_1_1_cell_expansion_13_0_threshold_0_4.png;24516.1685714087;15727.375296447812
../binary_PNG/binary_labels_mask_case_id_TCGA-K7-AAU7_3_1_cell_expansion_5_0_threshold_0_7.png;22797.675625333643;5740.41233413651
../binary_PNG/binary_labels_mask_case_id_TCGA-YA-A8S7_2_4_cell_expansion_7_0_threshold_0_6.png;22379.53262333526;3769.691765016888
../binary_PNG/binary_labels_mask_case_id_TCGA-G3-A7M6_2_0_cell_expansion_3_0_threshold_0_4.png;24348.237794351284;14687.274679021595
../binary_PNG/binary_labels_mask_case_id_TCGA-CC-A8HT_3_0_cell_expansion_7_0_threshold_0_4.png;24653.159945255586;16284.51207982512
../binary_PNG/binary_labels_mask_case_id_TCGA-G3-A5SK_2_1_cell_expansion_11_0_threshold_0_8.png;23909.029265929985;11471.907600038005
../binary_PNG/binary_labels_mask_case_id_TCGA-G3-A5SK_1_0_cell_expansion_15_0_threshold_0_8.png;23603.067916360746;9821.673836290462
../binary_PNG/binary_labels_mask_case_id_TCGA-YA-A8S7_2_2_cell_expansion_7_0_threshold_0_4.png;24571.95300747193;15437.352736123205
../binary_PNG/binary_labels_mask_case_id_TCGA-G3-A7M6_0_1_cell_expansion_5_0_threshold_0_6.png;24188.593123621635;13252.495321404313
../binary_PNG/binary_labels_mask_case_id_TCGA-G3-A5SK_3_2_cell_expansion_15_0_threshold_0_7.png;24570.52019074542;15561.41687095553
../binary_PNG/binary_labels_mask_case_id_TCGA-K7-AAU7_2_1_cell_expansion_15_0_threshold_0_7.png;22878.563247504502;6051.927431013504
../binary_PNG/binary_labels_mask_case_id_TCGA-DD-AAED_2_3_cell_expansion_1_0_threshold_0_8.png;22973.695384859577;6698.964372017254
../binary_PNG/binary_labels_mask_case_id_TCGA-K7-AAU7_1_0_cell_expansion_1_0_threshold_0_4.png;22845.704970291103;6078.12576346839
../binary_PNG/binary_labels_mask_case_id_TCGA-CC-A8HT_0_3_cell_expansion_1_0_threshold_0_4.png;23504.199820017435;9575.090774971835
../binary_PNG/binary_labels_mask_case_id_TCGA-CC-5261_4_2_cell_expansion_9_0_threshold_0_8.png;24233.1309163431;13152.013615494006
../binary_PNG/binary_labels_mask_case_id_TCGA-K7-AAU7_3_1_cell_expansion_3_0_threshold_0_8.png;22295.564725834272;3345.912720479547
../binary_PNG/binary_labels_mask_case_id_TCGA-CC-A8HT_4_3_cell_expansion_7_0_threshold_0_5.png;24355.14577474064;14185.579384244153
../binary_PNG/binary_labels_mask_case_id_TCGA-G3-A5SK_1_4_cell_expansion_15_0_threshold_0_5.png;24616.90395929292;15924.85227998088
../binary_PNG/binary_labels_mask_case_id_TCGA-CC-A8HT_0_4_cell_expansion_5_0_threshold_0_4.png;24666.354659254142;16572.31223237227
../binary_PNG/binary_labels_mask_case_id_TCGA-YA-A8S7_3_0_cell_expansion_11_0_threshold_0_7.png;24361.93448187101;14312.102298050182
../binary_PNG/binary_labels_mask_case_id_TCGA-BC-A69I_4_3_cell_expansion_15_0_threshold_0_8.png;23011.156280406834;6775.642568635953
../binary_PNG/binary_labels_mask_case_id_TCGA-K7-AAU7_1_0_cell_expansion_7_0_threshold_0_7.png;22435.760816802336;3969.989899625631
../binary_PNG/binary_labels_mask_case_id_TCGA-G3-A7M6_4_1_cell_expansion_7_0_threshold_0_5.png;24375.83834298033;14267.182237592398
../binary_PNG/binary_labels_mask_case_id_TCGA-CC-5261_0_3_cell_expansion_9_0_threshold_0_6.png;24636.51277493276;16000.356537900365
../binary_PNG/binary_labels_mask_case_id_TCGA-DD-AAED_0_1_cell_expansion_11_0_threshold_0_5.png;24666.812779497828;16177.800357904998
../binary_PNG/binary_labels_mask_case_id_TCGA-G3-A7M6_1_4_cell_expansion_7_0_threshold_0_7.png;23613.001859006767;10057.632741227728
../binary_PNG/binary_labels_mask_case_id_TCGA-CC-A3MA_2_0_cell_expansion_13_0_threshold_0_6.png;24724.44574918462;16460.84284627936
../binary_PNG/binary_labels_mask_case_id_TCGA-CC-A8HT_0_4_cell_expansion_3_0_threshold_0_7.png;23483.586371214755;9419.515756769386
../binary_PNG/binary_labels_mask_case_id_TCGA-BC-A69I_3_4_cell_expansion_1_0_threshold_0_8.png;22874.85608509757;6282.8946831192825
../binary_PNG/binary_labels_mask_case_id_TCGA-K7-AAU7_4_2_cell_expansion_3_0_threshold_0_5.png;24225.031663166403;13901.28711789396
../binary_PNG/binary_labels_mask_case_id_TCGA-BC-A69I_4_2_cell_expansion_11_0_threshold_0_4.png;24455.15455631907;14584.815471400709
../binary_PNG/binary_labels_mask_case_id_TCGA-DD-AAED_1_0_cell_expansion_5_0_threshold_0_5.png;24096.88849116828;12663.994278749971
../binary_PNG/binary_labels_mask_case_id_TCGA-G3-A5SK_4_1_cell_expansion_9_0_threshold_0_8.png;23633.294684367436;9760.511494608774
../binary_PNG/binary_labels_mask_case_id_TCGA-CC-A8HT_4_3_cell_expansion_3_0_threshold_0_7.png;23265.675660204168;8071.04058281528
../binary_PNG/binary_labels_mask_case_id_TCGA-CC-A3MA_1_1_cell_expansion_15_0_threshold_0_7.png;24213.541493452656;13061.209573195809
../binary_PNG/binary_labels_mask_case_id_TCGA-BC-A69I_0_0_cell_expansion_7_0_threshold_0_6.png;24032.069383854927;12141.22917923592
../binary_PNG/binary_labels_mask_case_id_TCGA-K7-AAU7_4_2_cell_expansion_1_0_threshold_0_4.png;23676.742617460837;10736.058316087776
../binary_PNG/binary_labels_mask_case_id_TCGA-CC-A8HT_1_2_cell_expansion_15_0_threshold_0_4.png;24672.390852146757;16553.838365074218
../binary_PNG/binary_labels_mask_case_id_TCGA-K7-AAU7_4_3_cell_expansion_1_0_threshold_0_8.png;22436.117335240397;4057.627547169337
../binary_PNG/binary_labels_mask_case_id_TCGA-G3-A7M6_2_1_cell_expansion_1_0_threshold_0_5.png;23315.960764175077;8692.167575112442
../binary_PNG/binary_labels_mask_case_id_TCGA-G3-A5SK_2_2_cell_expansion_1_0_threshold_0_8.png;22775.6620587292;5719.45642768614
../binary_PNG/binary_labels_mask_case_id_TCGA-G3-A5SK_4_3_cell_expansion_5_0_threshold_0_5.png;24217.165939386963;13307.91765308806
../binary_PNG/binary_labels_mask_case_id_TCGA-DD-AAED_1_3_cell_expansion_9_0_threshold_0_4.png;24733.986646371843;16667.8918154149
../binary_PNG/binary_labels_mask_case_id_TCGA-CC-A1HT_4_1_cell_expansion_3_0_threshold_0_8.png;23236.742242474666;7770.254120061092
../binary_PNG/binary_labels_mask_case_id_TCGA-BC-A69I_4_4_cell_expansion_9_0_threshold_0_6.png;24554.135758329525;15294.501712814275
../binary_PNG/binary_labels_mask_case_id_TCGA-DD-AAED_1_4_cell_expansion_15_0_threshold_0_8.png;24178.68344765117;12808.633685521285
../binary_PNG/binary_labels_mask_case_id_TCGA-CC-A1HT_1_2_cell_expansion_7_0_threshold_0_6.png;24329.499137759856;13889.39426907797
../binary_PNG/binary_labels_mask_case_id_TCGA-CC-A3MA_1_2_cell_expansion_11_0_threshold_0_4.png;24906.13137469826;18225.769648103455
../binary_PNG/binary_labels_mask_case_id_TCGA-CC-A1HT_4_3_cell_expansion_13_0_threshold_0_4.png;24866.52597129943;17924.47826654445
../binary_PNG/binary_labels_mask_case_id_TCGA-YA-A8S7_2_4_cell_expansion_11_0_threshold_0_6.png;22379.53262333526;3769.691765016888
../binary_PNG/binary_labels_mask_case_id_TCGA-CC-5261_3_4_cell_expansion_15_0_threshold_0_4.png;24782.472072584816;17019.094620237367
../binary_PNG/binary_labels_mask_case_id_TCGA-BC-A69I_0_3_cell_expansion_9_0_threshold_0_6.png;24181.984211278526;12835.84700540344
../binary_PNG/binary_labels_mask_case_id_TCGA-CC-5261_1_4_cell_expansion_3_0_threshold_0_8.png;23083.7897982501;7186.859946502607
../binary_PNG/binary_labels_mask_case_id_TCGA-BC-A69I_4_4_cell_expansion_15_0_threshold_0_8.png;23840.7337154079;10977.403296054545
../binary_PNG/binary_labels_mask_case_id_TCGA-CC-A3MA_2_0_cell_expansion_1_0_threshold_0_5.png;23970.14798596026;12175.227097491925
../binary_PNG/binary_labels_mask_case_id_TCGA-CC-A3MA_3_2_cell_expansion_3_0_threshold_0_6.png;24364.51992066461;14675.232222894158
../binary_PNG/binary_labels_mask_case_id_TCGA-CC-A1HT_1_4_cell_expansion_7_0_threshold_0_8.png;22586.962631847506;4684.450075115497
../binary_PNG/binary_labels_mask_case_id_TCGA-K7-AAU7_2_2_cell_expansion_11_0_threshold_0_4.png;24239.06739900449;13865.09842635471
../binary_PNG/binary_labels_mask_case_id_TCGA-G3-A5SK_3_1_cell_expansion_7_0_threshold_0_5.png;24335.518926963;13831.569938138611
../binary_PNG/binary_labels_mask_case_id_TCGA-DD-AAED_2_1_cell_expansion_13_0_threshold_0_8.png;24596.57002154448;15537.097414366604
../binary_PNG/binary_labels_mask_case_id_TCGA-CC-A3MA_3_0_cell_expansion_13_0_threshold_0_6.png;22816.69099240894;5848.984570631636
../binary_PNG/binary_labels_mask_case_id_TCGA-YA-A8S7_2_0_cell_expansion_9_0_threshold_0_8.png;23318.522022502693;7925.664826432865
../binary_PNG/binary_labels_mask_case_id_TCGA-CC-5261_2_3_cell_expansion_15_0_threshold_0_4.png;24829.054540052828;17471.26489595804
../binary_PNG/binary_labels_mask_case_id_TCGA-BC-A69I_4_1_cell_expansion_13_0_threshold_0_4.png;24185.08890704222;12681.65050382758
../binary_PNG/binary_labels_mask_case_id_TCGA-CC-A3MA_2_1_cell_expansion_3_0_threshold_0_8.png;22890.82846570921;6111.168439452698
../binary_PNG/binary_labels_mask_case_id_TCGA-CC-5261_0_1_cell_expansion_13_0_threshold_0_4.png;24707.35135130408;16612.173613325853
../binary_PNG/binary_labels_mask_case_id_TCGA-CC-A3MA_1_2_cell_expansion_15_0_threshold_0_6.png;24813.36149695215;17225.174291973948
../binary_PNG/binary_labels_mask_case_id_TCGA-CC-A1HT_3_2_cell_expansion_3_0_threshold_0_5.png;24370.40926879636;14286.282998588988
../binary_PNG/binary_labels_mask_case_id_TCGA-YA-A8S7_0_1_cell_expansion_9_0_threshold_0_5.png;24710.81721353328;16688.57444788891
../binary_PNG/binary_labels_mask_case_id_TCGA-DD-AAED_0_3_cell_expansion_15_0_threshold_0_8.png;24255.44775076356;13281.993690317711
../binary_PNG/binary_labels_mask_case_id_TCGA-CC-A1HT_0_0_cell_expansion_3_0_threshold_0_6.png;23422.6157312063;9173.841680086169
../binary_PNG/binary_labels_mask_case_id_TCGA-CC-5261_4_0_cell_expansion_7_0_threshold_0_4.png;24848.03864178669;17898.879138036868
../binary_PNG/binary_labels_mask_case_id_TCGA-CC-5261_2_2_cell_expansion_11_0_threshold_0_8.png;24290.91298975527;13394.46154085112
../binary_PNG/binary_labels_mask_case_id_TCGA-G3-A5SK_2_4_cell_expansion_3_0_threshold_0_7.png;23898.24545945809;11577.135849462356
../binary_PNG/binary_labels_mask_case_id_TCGA-CC-A1HT_2_2_cell_expansion_1_0_threshold_0_8.png;22981.19957856992;6689.664080691067
../binary_PNG/binary_labels_mask_case_id_TCGA-CC-5261_0_3_cell_expansion_1_0_threshold_0_7.png;23232.365217809194;8236.931576354025
../binary_PNG/binary_labels_mask_case_id_TCGA-CC-A3MA_2_3_cell_expansion_3_0_threshold_0_6.png;24609.735587772644;16150.171897315484
../binary_PNG/binary_labels_mask_case_id_TCGA-CC-A1HT_2_4_cell_expansion_5_0_threshold_0_4.png;24753.13769570904;16794.835903616633
../binary_PNG/binary_labels_mask_case_id_TCGA-CC-A8HT_4_0_cell_expansion_11_0_threshold_0_7.png;24275.680752344146;13424.094296893069
../binary_PNG/binary_labels_mask_case_id_TCGA-CC-5261_2_3_cell_expansion_3_0_threshold_0_7.png;23951.2038604243;11940.984848722535
../binary_PNG/binary_labels_mask_case_id_TCGA-G3-A7M6_3_0_cell_expansion_13_0_threshold_0_7.png;24473.710971394463;14680.36570396583
../binary_PNG/binary_labels_mask_case_id_TCGA-K7-AAU7_4_2_cell_expansion_9_0_threshold_0_5.png;24670.63706550669;16487.054147836458
../binary_PNG/binary_labels_mask_case_id_TCGA-BC-A69I_1_4_cell_expansion_11_0_threshold_0_4.png;24348.03181397236;14234.303831789295
../binary_PNG/binary_labels_mask_case_id_TCGA-CC-A8HT_0_4_cell_expansion_9_0_threshold_0_7.png;24105.5554923192;12631.94249255811
../binary_PNG/binary_labels_mask_case_id_TCGA-CC-A1HT_3_4_cell_expansion_13_0_threshold_0_6.png;24803.076624014717;17309.07688090962
../binary_PNG/binary_labels_mask_case_id_TCGA-CC-A3MA_1_0_cell_expansion_1_0_threshold_0_8.png;23113.17102358517;7343.337117241394
../binary_PNG/binary_labels_mask_case_id_TCGA-K7-AAU7_4_2_cell_expansion_11_0_threshold_0_6.png;24576.172178261837;15770.015018456408
../binary_PNG/binary_labels_mask_case_id_TCGA-CC-A3MA_2_2_cell_expansion_7_0_threshold_0_8.png;23959.928669511068;11492.135898458624
../binary_PNG/binary_labels_mask_case_id_TCGA-CC-5261_4_3_cell_expansion_13_0_threshold_0_5.png;24806.048728619822;17500.608035931396
../binary_PNG/binary_labels_mask_case_id_TCGA-DD-AAED_4_0_cell_expansion_13_0_threshold_0_4.png;24727.291012756024;16753.4133446947
../binary_PNG/binary_labels_mask_case_id_TCGA-CC-A1HT_0_3_cell_expansion_7_0_threshold_0_6.png;24452.830783347214;14742.02383367065
../binary_PNG/binary_labels_mask_case_id_TCGA-CC-5261_0_4_cell_expansion_1_0_threshold_0_5.png;23505.21031172919;9771.679462157692
../binary_PNG/binary_labels_mask_case_id_TCGA-CC-A1HT_4_4_cell_expansion_5_0_threshold_0_7.png;23482.57999969164;9267.296591521575
../binary_PNG/binary_labels_mask_case_id_TCGA-CC-A3MA_1_1_cell_expansion_7_0_threshold_0_7.png;24107.733712299567;12494.63361909669
../binary_PNG/binary_labels_mask_case_id_TCGA-CC-5261_3_1_cell_expansion_5_0_threshold_0_6.png;24652.501261585407;16260.71834589072
../binary_PNG/binary_labels_mask_case_id_TCGA-CC-A1HT_0_4_cell_expansion_1_0_threshold_0_7.png;22924.21820099811;6434.098787795879
../binary_PNG/binary_labels_mask_case_id_TCGA-G3-A7M6_1_4_cell_expansion_9_0_threshold_0_5.png;24086.72718201988;12918.418073385836
../binary_PNG/binary_labels_mask_case_id_TCGA-CC-5261_0_2_cell_expansion_7_0_threshold_0_8.png;23743.060273322262;10413.744618557968
../binary_PNG/binary_labels_mask_case_id_TCGA-CC-A3MA_2_3_cell_expansion_5_0_threshold_0_5.png;24852.958509952517;17851.428664215142
../binary_PNG/binary_labels_mask_case_id_TCGA-K7-AAU7_2_2_cell_expansion_9_0_threshold_0_6.png;23615.02262552987;9962.010504699174
../binary_PNG/binary_labels_mask_case_id_TCGA-G3-A7M6_1_2_cell_expansion_11_0_threshold_0_5.png;24924.151255015604;18989.5447315317
../binary_PNG/binary_labels_mask_case_id_TCGA-CC-A8HT_4_4_cell_expansion_11_0_threshold_0_6.png;24454.06546277488;14854.818393514744
../binary_PNG/binary_labels_mask_case_id_TCGA-CC-A8HT_0_3_cell_expansion_9_0_threshold_0_5.png;24550.077475401355;15406.152748501663
../binary_PNG/binary_labels_mask_case_id_TCGA-BC-A69I_3_3_cell_expansion_11_0_threshold_0_8.png;24014.88432502407;11644.737662263173
../binary_PNG/binary_labels_mask_case_id_TCGA-CC-A3MA_1_2_cell_expansion_9_0_threshold_0_7.png;24552.640172654043;15178.763158920136
../binary_PNG/binary_labels_mask_case_id_TCGA-CC-A1HT_1_1_cell_expansion_13_0_threshold_0_5.png;24470.748570157164;14887.52950874444
../binary_PNG/binary_labels_mask_case_id_TCGA-K7-AAU7_1_2_cell_expansion_5_0_threshold_0_8.png;22328.40075182473;3492.131827343893
../binary_PNG/binary_labels_mask_case_id_TCGA-CC-A1HT_1_0_cell_expansion_15_0_threshold_0_8.png;22618.839385774227;4787.421614314007
../binary_PNG/binary_labels_mask_case_id_TCGA-DD-AAED_2_0_cell_expansion_5_0_threshold_0_8.png;23835.170241044463;11133.933672107458
../binary_PNG/binary_labels_mask_case_id_TCGA-BC-A69I_4_3_cell_expansion_1_0_threshold_0_5.png;23034.768344695905;6997.976754828892
../binary_PNG/binary_labels_mask_case_id_TCGA-CC-A1HT_0_0_cell_expansion_9_0_threshold_0_6.png;23869.37047285989;11549.826265518032
../binary_PNG/binary_labels_mask_case_id_TCGA-BC-A69I_3_1_cell_expansion_11_0_threshold_0_7.png;24130.392371660007;12463.353173257585
../binary_PNG/binary_labels_mask_case_id_TCGA-DD-AAED_3_4_cell_expansion_3_0_threshold_0_7.png;24015.937171888265;12502.66277687196
../binary_PNG/binary_labels_mask_case_id_TCGA-G3-A7M6_3_0_cell_expansion_3_0_threshold_0_4.png;24022.794630972672;12373.722468730775
../binary_PNG/binary_labels_mask_case_id_TCGA-CC-A8HT_2_1_cell_expansion_7_0_threshold_0_8.png;22983.30179745991;6447.575458535586
../binary_PNG/binary_labels_mask_case_id_TCGA-G3-A7M6_2_0_cell_expansion_13_0_threshold_0_7.png;24506.11008129189;15159.061148863482
../binary_PNG/binary_labels_mask_case_id_TCGA-DD-AAED_0_0_cell_expansion_7_0_threshold_0_8.png;24047.57902663695;12261.865288455314
../binary_PNG/binary_labels_mask_case_id_TCGA-CC-A3MA_4_0_cell_expansion_13_0_threshold_0_4.png;24912.61329398205;18358.64173184052
../binary_PNG/binary_labels_mask_case_id_TCGA-G3-A7M6_0_2_cell_expansion_15_0_threshold_0_7.png;24475.70394075614;14734.153223850652
../binary_PNG/binary_labels_mask_case_id_TCGA-G3-A7M6_2_0_cell_expansion_11_0_threshold_0_6.png;24674.1707849739;16481.675369124372
../binary_PNG/binary_labels_mask_case_id_TCGA-K7-AAU7_4_1_cell_expansion_3_0_threshold_0_7.png;23485.65044592691;9269.519952311924
../binary_PNG/binary_labels_mask_case_id_TCGA-CC-A8HT_2_0_cell_expansion_5_0_threshold_0_5.png;24659.169342905705;16411.204501366974
../binary_PNG/binary_labels_mask_case_id_TCGA-CC-5261_0_0_cell_expansion_9_0_threshold_0_4.png;24765.26641867882;17125.182213981796
../binary_PNG/binary_labels_mask_case_id_TCGA-G3-A7M6_4_2_cell_expansion_7_0_threshold_0_7.png;23934.54405408215;12015.581362457237
../binary_PNG/binary_labels_mask_case_id_TCGA-K7-AAU7_2_1_cell_expansion_7_0_threshold_0_6.png;23451.26580995925;9330.236202719509
../binary_PNG/binary_labels_mask_case_id_TCGA-G3-A5SK_4_0_cell_expansion_11_0_threshold_0_8.png;23522.771370119717;9033.859902668086
../binary_PNG/binary_labels_mask_case_id_TCGA-CC-A8HT_0_0_cell_expansion_1_0_threshold_0_6.png;23631.720606326617;10364.217283587945
../binary_PNG/binary_labels_mask_case_id_TCGA-K7-AAU7_3_4_cell_expansion_7_0_threshold_0_6.png;23965.53609464708;11733.817444598712
../binary_PNG/binary_labels_mask_case_id_TCGA-DD-AAED_3_3_cell_expansion_3_0_threshold_0_5.png;24572.14359980384;15823.999745286206
../binary_PNG/binary_labels_mask_case_id_TCGA-CC-5261_4_0_cell_expansion_13_0_threshold_0_4.png;24873.12406596168;18078.726195561343
../binary_PNG/binary_labels_mask_case_id_TCGA-K7-AAU7_3_3_cell_expansion_3_0_threshold_0_6.png;23467.96085519794;9312.075774402574
../binary_PNG/binary_labels_mask_case_id_TCGA-DD-AAED_0_1_cell_expansion_3_0_threshold_0_6.png;24218.38680224416;13589.73674445867
../binary_PNG/binary_labels_mask_case_id_TCGA-CC-A8HT_4_0_cell_expansion_7_0_threshold_0_7.png;24176.35787941532;12893.32832967872
../binary_PNG/binary_labels_mask_case_id_TCGA-G3-A7M6_1_1_cell_expansion_13_0_threshold_0_5.png;24532.803433712477;15478.374093170236
../binary_PNG/binary_labels_mask_case_id_TCGA-K7-AAU7_4_0_cell_expansion_5_0_threshold_0_8.png;22496.60062798138;4259.71172893547
../binary_PNG/binary_labels_mask_case_id_TCGA-YA-A8S7_3_3_cell_expansion_5_0_threshold_0_5.png;22684.096380904248;5203.372330863373
../binary_PNG/binary_labels_mask_case_id_TCGA-CC-A1HT_4_0_cell_expansion_9_0_threshold_0_4.png;24711.722472418376;16785.572331368174
../binary_PNG/binary_labels_mask_case_id_TCGA-BC-A69I_2_4_cell_expansion_7_0_threshold_0_7.png;23891.737121545;11363.51966583145
../binary_PNG/binary_labels_mask_case_id_TCGA-BC-A69I_2_3_cell_expansion_11_0_threshold_0_8.png;23832.400334936945;10658.716680185553
../binary_PNG/binary_labels_mask_case_id_TCGA-G3-A7M6_3_0_cell_expansion_5_0_threshold_0_7.png;24217.710440112845;13219.9090349039
../binary_PNG/binary_labels_mask_case_id_TCGA-CC-A8HT_3_3_cell_expansion_3_0_threshold_0_8.png;22432.92494203356;3985.0428504781817
../binary_PNG/binary_labels_mask_case_id_TCGA-DD-AAED_4_1_cell_expansion_3_0_threshold_0_8.png;23681.769450305324;10324.816747599029
../binary_PNG/binary_labels_mask_case_id_TCGA-G3-A7M6_0_3_cell_expansion_13_0_threshold_0_6.png;24529.038781980067;15161.267365548392
../binary_PNG/binary_labels_mask_case_id_TCGA-K7-AAU7_4_0_cell_expansion_3_0_threshold_0_7.png;23120.0137068942;7424.612854108263
../binary_PNG/binary_labels_mask_case_id_TCGA-G3-A7M6_1_0_cell_expansion_13_0_threshold_0_7.png;24324.75933147717;13894.638535110462
../binary_PNG/binary_labels_mask_case_id_TCGA-YA-A8S7_1_2_cell_expansion_3_0_threshold_0_7.png;24055.530758534853;12496.04419555863
../binary_PNG/binary_labels_mask_case_id_TCGA-CC-A8HT_2_1_cell_expansion_5_0_threshold_0_5.png;24775.520909596507;17405.50089518109
../binary_PNG/binary_labels_mask_case_id_TCGA-G3-A7M6_4_3_cell_expansion_7_0_threshold_0_7.png;24139.29711821868;12904.700296671606
../binary_PNG/binary_labels_mask_case_id_TCGA-CC-5261_4_1_cell_expansion_13_0_threshold_0_6.png;24745.241074247704;16841.064958407245
../binary_PNG/binary_labels_mask_case_id_TCGA-CC-A1HT_3_2_cell_expansion_13_0_threshold_0_4.png;24744.005277660544;16452.45663975588
../binary_PNG/binary_labels_mask_case_id_TCGA-BC-A69I_1_0_cell_expansion_7_0_threshold_0_6.png;24267.212333098963;13391.570775872187
../binary_PNG/binary_labels_mask_case_id_TCGA-K7-AAU7_1_2_cell_expansion_5_0_threshold_0_4.png;24251.41844052326;13966.942711010452
../binary_PNG/binary_labels_mask_case_id_TCGA-BC-A69I_2_2_cell_expansion_5_0_threshold_0_4.png;24275.65059432243;13550.248089715236
../binary_PNG/binary_labels_mask_case_id_TCGA-YA-A8S7_3_2_cell_expansion_3_0_threshold_0_6.png;24431.483678773264;15462.604645388426
../binary_PNG/binary_labels_mask_case_id_TCGA-YA-A8S7_4_2_cell_expansion_15_0_threshold_0_4.png;23172.96683030024;7555.165555050678
../binary_PNG/binary_labels_mask_case_id_TCGA-CC-A1HT_3_3_cell_expansion_9_0_threshold_0_5.png;24712.925918571305;16452.04065740629
../binary_PNG/binary_labels_mask_case_id_TCGA-K7-AAU7_3_3_cell_expansion_7_0_threshold_0_8.png;22295.564725834272;3345.912720479547
../binary_PNG/binary_labels_mask_case_id_TCGA-DD-AAED_0_1_cell_expansion_7_0_threshold_0_8.png;24127.840012300883;12698.578756976673
../binary_PNG/binary_labels_mask_case_id_TCGA-G3-A5SK_4_2_cell_expansion_9_0_threshold_0_6.png;24340.8993758796;13899.051689067235
../binary_PNG/binary_labels_mask_case_id_TCGA-CC-A3MA_3_4_cell_expansion_9_0_threshold_0_4.png;24753.65759766909;17092.708711493844
../binary_PNG/binary_labels_mask_case_id_TCGA-DD-AAED_4_0_cell_expansion_7_0_threshold_0_6.png;24583.36072049325;15899.63542607097
../binary_PNG/binary_labels_mask_case_id_TCGA-BC-A69I_0_1_cell_expansion_15_0_threshold_0_5.png;24419.537801727038;14435.444781102133
../binary_PNG/binary_labels_mask_case_id_TCGA-G3-A5SK_0_3_cell_expansion_9_0_threshold_0_8.png;23474.91342770096;9197.952571872926
../binary_PNG/binary_labels_mask_case_id_TCGA-G3-A5SK_0_2_cell_expansion_9_0_threshold_0_4.png;24536.23075302827;15361.67780153135
../binary_PNG/binary_labels_mask_case_id_TCGA-YA-A8S7_4_2_cell_expansion_13_0_threshold_0_7.png;22863.985375180346;5826.344884781721
../binary_PNG/binary_labels_mask_case_id_TCGA-DD-AAED_2_0_cell_expansion_3_0_threshold_0_7.png;23834.15540774829;11229.081543200697
../binary_PNG/binary_labels_mask_case_id_TCGA-CC-A8HT_3_4_cell_expansion_7_0_threshold_0_4.png;24515.46713913065;15559.123248601076
../binary_PNG/binary_labels_mask_case_id_TCGA-K7-AAU7_0_0_cell_expansion_1_0_threshold_0_4.png;22705.919740699173;5398.900846762341
../binary_PNG/binary_labels_mask_case_id_TCGA-BC-A69I_3_0_cell_expansion_1_0_threshold_0_4.png;23128.5467898224;7553.07458086963
../binary_PNG/binary_labels_mask_case_id_TCGA-YA-A8S7_4_0_cell_expansion_3_0_threshold_0_7.png;23796.1712908848;10991.53430219406
../binary_PNG/binary_labels_mask_case_id_TCGA-G3-A5SK_4_4_cell_expansion_15_0_threshold_0_7.png;24130.94324127937;12703.885621634954
../binary_PNG/binary_labels_mask_case_id_TCGA-G3-A7M6_2_4_cell_expansion_3_0_threshold_0_4.png;24070.09877974245;12825.09698193136
../binary_PNG/binary_labels_mask_case_id_TCGA-BC-A69I_0_2_cell_expansion_1_0_threshold_0_7.png;22735.92410713531;5517.29952154326
../binary_PNG/binary_labels_mask_case_id_TCGA-YA-A8S7_1_2_cell_expansion_7_0_threshold_0_5.png;24778.75097058119;17091.408105324423
../binary_PNG/binary_labels_mask_case_id_TCGA-CC-5261_1_4_cell_expansion_9_0_threshold_0_4.png;24714.12707784968;16623.617971293763
../binary_PNG/binary_labels_mask_case_id_TCGA-CC-A8HT_4_3_cell_expansion_15_0_threshold_0_8.png;23029.179114276085;6563.325212313525
../binary_PNG/binary_labels_mask_case_id_TCGA-CC-A8HT_1_3_cell_expansion_3_0_threshold_0_5.png;24047.22653593433;12697.11007378708
../binary_PNG/binary_labels_mask_case_id_TCGA-BC-A69I_3_0_cell_expansion_3_0_threshold_0_5.png;23599.708279525068;9899.46085532916
../binary_PNG/binary_labels_mask_case_id_TCGA-DD-AAED_2_0_cell_expansion_1_0_threshold_0_6.png;23428.827804201224;9208.464450438189
../binary_PNG/binary_labels_mask_case_id_TCGA-CC-A8HT_1_4_cell_expansion_7_0_threshold_0_5.png;24708.84599990433;16442.579624800856
../binary_PNG/binary_labels_mask_case_id_TCGA-K7-AAU7_2_0_cell_expansion_1_0_threshold_0_5.png;22422.204284670337;3934.056111690499
../binary_PNG/binary_labels_mask_case_id_TCGA-CC-5261_4_2_cell_expansion_13_0_threshold_0_7.png;24723.651751493904;16630.797461895905
../binary_PNG/binary_labels_mask_case_id_TCGA-G3-A7M6_2_0_cell_expansion_9_0_threshold_0_4.png;24794.21411834629;17414.484697371838
../binary_PNG/binary_labels_mask_case_id_TCGA-G3-A7M6_1_3_cell_expansion_13_0_threshold_0_6.png;24562.012067851465;15524.36357572982
../binary_PNG/binary_labels_mask_case_id_TCGA-CC-5261_2_2_cell_expansion_1_0_threshold_0_6.png;23774.95640039117;11138.74776936649
../binary_PNG/binary_labels_mask_case_id_TCGA-CC-A8HT_4_4_cell_expansion_15_0_threshold_0_8.png;22857.975998298367;5868.171378034763
../binary_PNG/binary_labels_mask_case_id_TCGA-CC-A1HT_0_0_cell_expansion_15_0_threshold_0_4.png;24412.992997167807;15053.75716171616
../binary_PNG/binary_labels_mask_case_id_TCGA-G3-A5SK_2_1_cell_expansion_7_0_threshold_0_5.png;24739.287866054183;16821.446392082104
../binary_PNG/binary_labels_mask_case_id_TCGA-DD-AAED_4_1_cell_expansion_11_0_threshold_0_7.png;24604.79134160826;15523.169195826951
../binary_PNG/binary_labels_mask_case_id_TCGA-G3-A5SK_1_4_cell_expansion_3_0_threshold_0_6.png;23965.031165714598;12155.992048189846
../binary_PNG/binary_labels_mask_case_id_TCGA-G3-A7M6_2_2_cell_expansion_15_0_threshold_0_7.png;24260.309130151327;13632.400465448984
../binary_PNG/binary_labels_mask_case_id_TCGA-CC-5261_3_0_cell_expansion_1_0_threshold_0_4.png;23569.72920915195;9993.364721946467
../binary_PNG/binary_labels_mask_case_id_TCGA-CC-A1HT_2_4_cell_expansion_5_0_threshold_0_8.png;23670.9069637331;9897.330805344154
../binary_PNG/binary_labels_mask_case_id_TCGA-BC-A69I_1_0_cell_expansion_13_0_threshold_0_8.png;23566.002034549165;9403.290030244136
../binary_PNG/binary_labels_mask_case_id_TCGA-CC-A1HT_0_4_cell_expansion_15_0_threshold_0_5.png;24704.12169952814;16813.663079847513
../binary_PNG/binary_labels_mask_case_id_TCGA-CC-5261_4_3_cell_expansion_11_0_threshold_0_8.png;23615.341715714385;9743.950892370074
../binary_PNG/binary_labels_mask_case_id_TCGA-G3-A5SK_3_4_cell_expansion_7_0_threshold_0_5.png;24932.758057245097;18647.993545757923
../binary_PNG/binary_labels_mask_case_id_TCGA-DD-AAED_0_3_cell_expansion_9_0_threshold_0_4.png;24735.898377014368;16722.97614016055
../binary_PNG/binary_labels_mask_case_id_TCGA-BC-A69I_0_0_cell_expansion_9_0_threshold_0_8.png;23354.88457094665;8441.611138118806
../binary_PNG/binary_labels_mask_case_id_TCGA-CC-A1HT_0_2_cell_expansion_7_0_threshold_0_6.png;23744.221040243137;10682.690758520144
../binary_PNG/binary_labels_mask_case_id_TCGA-YA-A8S7_4_4_cell_expansion_11_0_threshold_0_8.png;22295.564725834272;3345.912720479547
../binary_PNG/binary_labels_mask_case_id_TCGA-G3-A7M6_3_4_cell_expansion_9_0_threshold_0_8.png;23922.671372752626;11532.539742812798
../binary_PNG/binary_labels_mask_case_id_TCGA-G3-A7M6_0_0_cell_expansion_15_0_threshold_0_4.png;24724.08436315232;16706.43958740575
../binary_PNG/binary_labels_mask_case_id_TCGA-BC-A69I_3_3_cell_expansion_13_0_threshold_0_5.png;24641.229877614;15721.502822831624
../binary_PNG/binary_labels_mask_case_id_TCGA-G3-A7M6_0_0_cell_expansion_5_0_threshold_0_8.png;23463.18676371897;9051.064023261531
../binary_PNG/binary_labels_mask_case_id_TCGA-K7-AAU7_1_1_cell_expansion_13_0_threshold_0_6.png;23915.2037272021;11770.114349207888
../binary_PNG/binary_labels_mask_case_id_TCGA-YA-A8S7_2_2_cell_expansion_7_0_threshold_0_6.png;24416.56024639713;14245.531539668456
../binary_PNG/binary_labels_mask_case_id_TCGA-K7-AAU7_2_4_cell_expansion_7_0_threshold_0_8.png;22789.484441115404;5506.806537978857
../binary_PNG/binary_labels_mask_case_id_TCGA-DD-AAED_0_4_cell_expansion_11_0_threshold_0_4.png;24685.752665298216;16178.772682264433
../binary_PNG/binary_labels_mask_case_id_TCGA-BC-A69I_2_0_cell_expansion_3_0_threshold_0_7.png;23445.510071760003;8875.135493281223
../binary_PNG/binary_labels_mask_case_id_TCGA-CC-A1HT_2_4_cell_expansion_9_0_threshold_0_5.png;24793.12514945353;16979.480944560073
../binary_PNG/binary_labels_mask_case_id_TCGA-BC-A69I_4_3_cell_expansion_15_0_threshold_0_6.png;24148.90357617557;12682.846715823229
../binary_PNG/binary_labels_mask_case_id_TCGA-DD-AAED_1_0_cell_expansion_3_0_threshold_0_4.png;23833.2697509066;11336.173043994284
../binary_PNG/binary_labels_mask_case_id_TCGA-DD-AAED_0_2_cell_expansion_1_0_threshold_0_7.png;23475.88099766026;9545.672794159937
../binary_PNG/binary_labels_mask_case_id_TCGA-BC-A69I_1_3_cell_expansion_3_0_threshold_0_8.png;22899.959740516068;6247.21602621925
../binary_PNG/binary_labels_mask_case_id_TCGA-K7-AAU7_0_2_cell_expansion_13_0_threshold_0_7.png;22566.967262007063;4598.780745761891
../binary_PNG/binary_labels_mask_case_id_TCGA-CC-A3MA_0_4_cell_expansion_9_0_threshold_0_7.png;23603.518303070443;9783.609987923308
../binary_PNG/binary_labels_mask_case_id_TCGA-K7-AAU7_0_4_cell_expansion_5_0_threshold_0_8.png;22295.564725834272;3345.912720479547
../binary_PNG/binary_labels_mask_case_id_TCGA-CC-A8HT_3_0_cell_expansion_3_0_threshold_0_8.png;22912.355100915014;6407.603743500469
../binary_PNG/binary_labels_mask_case_id_TCGA-BC-A69I_4_0_cell_expansion_5_0_threshold_0_7.png;23729.349034923267;10406.199220278892
../binary_PNG/binary_labels_mask_case_id_TCGA-K7-AAU7_1_1_cell_expansion_11_0_threshold_0_7.png;22849.956657911243;5877.401074971915
../binary_PNG/binary_labels_mask_case_id_TCGA-G3-A5SK_2_0_cell_expansion_15_0_threshold_0_6.png;24568.559386925303;15797.25941420734
../binary_PNG/binary_labels_mask_case_id_TCGA-K7-AAU7_2_4_cell_expansion_13_0_threshold_0_5.png;23776.88498555425;10693.86757337016
../binary_PNG/binary_labels_mask_case_id_TCGA-CC-A8HT_2_4_cell_expansion_7_0_threshold_0_6.png;24427.7918182626;14710.78798853763
../binary_PNG/binary_labels_mask_case_id_TCGA-G3-A7M6_4_0_cell_expansion_1_0_threshold_0_8.png;22382.305789405724;3782.937297311864
../binary_PNG/binary_labels_mask_case_id_TCGA-G3-A7M6_4_1_cell_expansion_15_0_threshold_0_6.png;24335.7965535988;13968.885448642126
../binary_PNG/binary_labels_mask_case_id_TCGA-CC-A1HT_4_4_cell_expansion_9_0_threshold_0_6.png;24169.70472951502;13117.060594362698
../binary_PNG/binary_labels_mask_case_id_TCGA-CC-5261_3_3_cell_expansion_11_0_threshold_0_8.png;24128.593812368737;12442.05095452775
../binary_PNG/binary_labels_mask_case_id_TCGA-K7-AAU7_2_0_cell_expansion_13_0_threshold_0_4.png;22845.652113663826;5960.075724386223
../binary_PNG/binary_labels_mask_case_id_TCGA-CC-A8HT_0_4_cell_expansion_13_0_threshold_0_7.png;24115.944768442285;12692.232184420507
../binary_PNG/binary_labels_mask_case_id_TCGA-G3-A7M6_4_1_cell_expansion_7_0_threshold_0_7.png;24224.570262154437;13108.159424530404
../binary_PNG/binary_labels_mask_case_id_TCGA-DD-AAED_0_2_cell_expansion_5_0_threshold_0_5.png;24533.499925928158;15637.928833672957
../binary_PNG/binary_labels_mask_case_id_TCGA-CC-A8HT_4_3_cell_expansion_1_0_threshold_0_4.png;23366.99574470027;8902.718299167493
../binary_PNG/binary_labels_mask_case_id_TCGA-CC-5261_2_3_cell_expansion_9_0_threshold_0_5.png;24789.01454435599;17053.51179943884
../binary_PNG/binary_labels_mask_case_id_TCGA-G3-A5SK_2_0_cell_expansion_11_0_threshold_0_4.png;24612.425248386367;16180.4412800955
../binary_PNG/binary_labels_mask_case_id_TCGA-BC-A69I_4_0_cell_expansion_1_0_threshold_0_5.png;23381.32931580741;8844.076018786567
../binary_PNG/binary_labels_mask_case_id_TCGA-DD-AAED_0_0_cell_expansion_11_0_threshold_0_5.png;24767.25246387325;16910.358533393635
../binary_PNG/binary_labels_mask_case_id_TCGA-CC-A8HT_2_3_cell_expansion_7_0_threshold_0_4.png;24587.6339400996;16048.565283148404
../binary_PNG/binary_labels_mask_case_id_TCGA-CC-A3MA_3_2_cell_expansion_13_0_threshold_0_7.png;24392.75324007447;14196.272914409115
../binary_PNG/binary_labels_mask_case_id_TCGA-YA-A8S7_3_4_cell_expansion_11_0_threshold_0_8.png;22295.564725834272;3345.912720479547
../binary_PNG/binary_labels_mask_case_id_TCGA-CC-A8HT_3_1_cell_expansion_13_0_threshold_0_4.png;24422.62478789078;14558.779355731724
../binary_PNG/binary_labels_mask_case_id_TCGA-CC-A3MA_3_1_cell_expansion_15_0_threshold_0_5.png;24847.78572909308;17955.879848426124
../binary_PNG/binary_labels_mask_case_id_TCGA-BC-A69I_4_0_cell_expansion_15_0_threshold_0_7.png;24169.0179839001;12629.564379060552
../binary_PNG/binary_labels_mask_case_id_TCGA-CC-A3MA_4_0_cell_expansion_1_0_threshold_0_4.png;24070.098843446583;12878.594322994852
../binary_PNG/binary_labels_mask_case_id_TCGA-CC-A8HT_0_3_cell_expansion_11_0_threshold_0_6.png;24500.47326336218;15036.083672613398
../binary_PNG/binary_labels_mask_case_id_TCGA-CC-A1HT_3_3_cell_expansion_5_0_threshold_0_8.png;24024.82111650516;11880.65679766282
../binary_PNG/binary_labels_mask_case_id_TCGA-CC-5261_0_4_cell_expansion_11_0_threshold_0_4.png;24766.42155807184;17245.752896036207
../binary_PNG/binary_labels_mask_case_id_TCGA-K7-AAU7_1_2_cell_expansion_13_0_threshold_0_7.png;23183.17348317257;7596.470467135528
../binary_PNG/binary_labels_mask_case_id_TCGA-CC-5261_3_1_cell_expansion_13_0_threshold_0_6.png;24796.24022300614;17203.945254336333
../binary_PNG/binary_labels_mask_case_id_TCGA-DD-AAED_3_2_cell_expansion_13_0_threshold_0_7.png;24714.89168497039;16309.542509851535
../binary_PNG/binary_labels_mask_case_id_TCGA-CC-5261_1_2_cell_expansion_7_0_threshold_0_6.png;24474.59781479848;14952.03474644372
../binary_PNG/binary_labels_mask_case_id_TCGA-CC-A3MA_0_4_cell_expansion_15_0_threshold_0_6.png;24222.830343190628;13579.610254211024
../binary_PNG/binary_labels_mask_case_id_TCGA-CC-A8HT_1_2_cell_expansion_9_0_threshold_0_7.png;23934.027711868115;11793.65953023249
../binary_PNG/binary_labels_mask_case_id_TCGA-K7-AAU7_0_1_cell_expansion_9_0_threshold_0_7.png;22677.92919578608;5190.89114957699
../binary_PNG/binary_labels_mask_case_id_TCGA-CC-A3MA_2_3_cell_expansion_11_0_threshold_0_8.png;23515.396051978627;9106.284567010109
../binary_PNG/binary_labels_mask_case_id_TCGA-G3-A7M6_4_2_cell_expansion_13_0_threshold_0_4.png;24704.04969968081;17535.514959440643
../binary_PNG/binary_labels_mask_case_id_TCGA-K7-AAU7_3_0_cell_expansion_13_0_threshold_0_4.png;24463.11673719496;15092.10096695172
../binary_PNG/binary_labels_mask_case_id_TCGA-CC-A8HT_1_0_cell_expansion_15_0_threshold_0_5.png;24710.092175090955;16655.903535315272
../binary_PNG/binary_labels_mask_case_id_TCGA-CC-A3MA_3_4_cell_expansion_7_0_threshold_0_8.png;23783.9184924976;10755.137310744894
../binary_PNG/binary_labels_mask_case_id_TCGA-K7-AAU7_0_1_cell_expansion_15_0_threshold_0_5.png;23362.11887321573;8643.239249377464
../binary_PNG/binary_labels_mask_case_id_TCGA-G3-A5SK_0_4_cell_expansion_1_0_threshold_0_5.png;23037.01985378209;7089.6715176154885
../binary_PNG/binary_labels_mask_case_id_TCGA-CC-5261_0_0_cell_expansion_1_0_threshold_0_7.png;23425.74266395071;9323.95997679339
../binary_PNG/binary_labels_mask_case_id_TCGA-CC-A8HT_4_0_cell_expansion_9_0_threshold_0_7.png;24254.11226755239;13311.893672071425
../binary_PNG/binary_labels_mask_case_id_TCGA-K7-AAU7_1_2_cell_expansion_15_0_threshold_0_4.png;24331.907025742406;14405.337214629708
../binary_PNG/binary_labels_mask_case_id_TCGA-G3-A5SK_1_1_cell_expansion_7_0_threshold_0_6.png;24275.550846687307;13461.582651796349
../binary_PNG/binary_labels_mask_case_id_TCGA-G3-A7M6_4_3_cell_expansion_13_0_threshold_0_6.png;24371.334366821;14325.653349576794
../binary_PNG/binary_labels_mask_case_id_TCGA-K7-AAU7_0_4_cell_expansion_11_0_threshold_0_4.png;24375.559221272182;14644.5830276938
../binary_PNG/binary_labels_mask_case_id_TCGA-G3-A5SK_1_1_cell_expansion_3_0_threshold_0_8.png;23039.935090311967;6950.142780404512
../binary_PNG/binary_labels_mask_case_id_TCGA-CC-A8HT_1_3_cell_expansion_9_0_threshold_0_7.png;24210.05649778843;13375.5269436651
../binary_PNG/binary_labels_mask_case_id_TCGA-CC-5261_1_4_cell_expansion_3_0_threshold_0_6.png;24038.95590561691;12622.494239461965
../binary_PNG/binary_labels_mask_case_id_TCGA-CC-5261_3_4_cell_expansion_11_0_threshold_0_4.png;24783.107316938756;17017.651518741404
../binary_PNG/binary_labels_mask_case_id_TCGA-K7-AAU7_2_2_cell_expansion_13_0_threshold_0_7.png;23013.300664918424;6833.033808996981
../binary_PNG/binary_labels_mask_case_id_TCGA-K7-AAU7_0_0_cell_expansion_15_0_threshold_0_7.png;22674.809970319988;5050.032198825154
../binary_PNG/binary_labels_mask_case_id_TCGA-G3-A5SK_0_4_cell_expansion_13_0_threshold_0_4.png;24307.19367557769;13822.254008648191
../binary_PNG/binary_labels_mask_case_id_TCGA-DD-AAED_1_2_cell_expansion_9_0_threshold_0_6.png;24660.123978818046;16114.423292117246
../binary_PNG/binary_labels_mask_case_id_TCGA-YA-A8S7_3_3_cell_expansion_11_0_threshold_0_4.png;22767.25216542802;5574.291434660806
../binary_PNG/binary_labels_mask_case_id_TCGA-CC-A3MA_4_1_cell_expansion_1_0_threshold_0_4.png;24082.946679028457;12960.435804703588
../binary_PNG/binary_labels_mask_case_id_TCGA-CC-A3MA_1_4_cell_expansion_1_0_threshold_0_6.png;23954.13816648771;12219.895417215528
../binary_PNG/binary_labels_mask_case_id_TCGA-CC-5261_4_1_cell_expansion_1_0_threshold_0_5.png;24004.54066741698;12616.735259537612
../binary_PNG/binary_labels_mask_case_id_TCGA-YA-A8S7_1_0_cell_expansion_13_0_threshold_0_8.png;23099.653166752734;7219.458079531578
../binary_PNG/binary_labels_mask_case_id_TCGA-CC-5261_0_4_cell_expansion_11_0_threshold_0_8.png;23242.95899023704;8074.300161174771
../binary_PNG/binary_labels_mask_case_id_TCGA-DD-AAED_0_2_cell_expansion_11_0_threshold_0_6.png;24611.675572262466;15971.920499156286
../binary_PNG/binary_labels_mask_case_id_TCGA-CC-A3MA_2_2_cell_expansion_15_0_threshold_0_8.png;24171.50734315661;12580.215507905898
../binary_PNG/binary_labels_mask_case_id_TCGA-BC-A69I_4_1_cell_expansion_15_0_threshold_0_5.png;24058.411615373418;11911.543018569231
../binary_PNG/binary_labels_mask_case_id_TCGA-G3-A7M6_0_3_cell_expansion_9_0_threshold_0_5.png;24560.829270751183;15387.13775077006
../binary_PNG/binary_labels_mask_case_id_TCGA-CC-A8HT_1_1_cell_expansion_11_0_threshold_0_5.png;24763.542772700293;17026.54666519556
../binary_PNG/binary_labels_mask_case_id_TCGA-G3-A7M6_4_3_cell_expansion_15_0_threshold_0_5.png;24418.09309649175;14635.346658183496
../binary_PNG/binary_labels_mask_case_id_TCGA-CC-A1HT_4_0_cell_expansion_7_0_threshold_0_8.png;23061.868427934474;6989.0237655607925
../binary_PNG/binary_labels_mask_case_id_TCGA-G3-A5SK_0_4_cell_expansion_3_0_threshold_0_8.png;22977.52957510369;6561.713258559056
../binary_PNG/binary_labels_mask_case_id_TCGA-CC-5261_2_3_cell_expansion_11_0_threshold_0_4.png;24829.212605320998;17470.68776460265
../binary_PNG/binary_labels_mask_case_id_TCGA-CC-A3MA_1_3_cell_expansion_1_0_threshold_0_4.png;24360.559596477604;14826.072137480696
../binary_PNG/binary_labels_mask_case_id_TCGA-CC-5261_3_0_cell_expansion_11_0_threshold_0_5.png;24624.255850007503;15960.961220233115
../binary_PNG/binary_labels_mask_case_id_TCGA-CC-5261_0_1_cell_expansion_15_0_threshold_0_5.png;24682.075319188563;16354.333189646664
../binary_PNG/binary_labels_mask_case_id_TCGA-CC-A3MA_3_4_cell_expansion_7_0_threshold_0_4.png;24735.246360868296;16998.819403691497
../binary_PNG/binary_labels_mask_case_id_TCGA-DD-AAED_4_0_cell_expansion_9_0_threshold_0_6.png;24619.92150716052;16064.30920790479
../binary_PNG/binary_labels_mask_case_id_TCGA-CC-5261_4_1_cell_expansion_5_0_threshold_0_7.png;24304.71401465777;13930.614973611291
../binary_PNG/binary_labels_mask_case_id_TCGA-CC-A1HT_4_1_cell_expansion_11_0_threshold_0_8.png;23998.75667581582;11563.051965218436
../binary_PNG/binary_labels_mask_case_id_TCGA-BC-A69I_3_3_cell_expansion_3_0_threshold_0_5.png;23965.243309942853;11926.78385272744
../binary_PNG/binary_labels_mask_case_id_TCGA-G3-A7M6_4_0_cell_expansion_13_0_threshold_0_7.png;24043.08669821766;12692.756694344054
../binary_PNG/binary_labels_mask_case_id_TCGA-CC-A8HT_0_1_cell_expansion_15_0_threshold_0_7.png;24290.850631210124;13593.486537092567
../binary_PNG/binary_labels_mask_case_id_TCGA-DD-AAED_1_1_cell_expansion_1_0_threshold_0_5.png;23555.97734743752;9885.901449013343
../binary_PNG/binary_labels_mask_case_id_TCGA-YA-A8S7_3_0_cell_expansion_13_0_threshold_0_4.png;24809.45282149928;17639.526520332864
../binary_PNG/binary_labels_mask_case_id_TCGA-K7-AAU7_3_1_cell_expansion_3_0_threshold_0_6.png;23277.468405703272;8331.561885779267
../binary_PNG/binary_labels_mask_case_id_TCGA-CC-A1HT_0_4_cell_expansion_9_0_threshold_0_8.png;22592.37689568596;4765.090005344515
../binary_PNG/binary_labels_mask_case_id_TCGA-CC-A3MA_0_2_cell_expansion_15_0_threshold_0_4.png;24960.801986911312;18865.33226844196
../binary_PNG/binary_labels_mask_case_id_TCGA-G3-A7M6_3_2_cell_expansion_7_0_threshold_0_6.png;24532.0497628646;15298.68215565898
../binary_PNG/binary_labels_mask_case_id_TCGA-K7-AAU7_4_3_cell_expansion_5_0_threshold_0_4.png;24660.450081093943;16748.01354775428
../binary_PNG/binary_labels_mask_case_id_TCGA-BC-A69I_1_4_cell_expansion_7_0_threshold_0_4.png;24252.70532268852;13705.852405213329
../binary_PNG/binary_labels_mask_case_id_TCGA-G3-A5SK_0_0_cell_expansion_9_0_threshold_0_8.png;23523.07684697232;9441.606929552489
../binary_PNG/binary_labels_mask_case_id_TCGA-CC-A8HT_1_0_cell_expansion_1_0_threshold_0_4.png;23779.705458438228;11183.646096111032
../binary_PNG/binary_labels_mask_case_id_TCGA-CC-A1HT_4_0_cell_expansion_15_0_threshold_0_4.png;24712.45059372489;16788.476323981115
../binary_PNG/binary_labels_mask_case_id_TCGA-DD-AAED_3_1_cell_expansion_1_0_threshold_0_4.png;23678.87809745766;10684.299330041436
../binary_PNG/binary_labels_mask_case_id_TCGA-DD-AAED_3_4_cell_expansion_13_0_threshold_0_5.png;24672.687021075697;16568.403532819142
../binary_PNG/binary_labels_mask_case_id_TCGA-CC-A8HT_4_2_cell_expansion_5_0_threshold_0_6.png;24189.83118855565;13059.47392019285
../binary_PNG/binary_labels_mask_case_id_TCGA-DD-AAED_0_3_cell_expansion_1_0_threshold_0_7.png;23393.957831674983;9051.38047720119
../binary_PNG/binary_labels_mask_case_id_TCGA-K7-AAU7_0_3_cell_expansion_15_0_threshold_0_6.png;24026.66611737692;12380.705570072936
../binary_PNG/binary_labels_mask_case_id_TCGA-CC-A8HT_3_1_cell_expansion_3_0_threshold_0_8.png;22708.31538210961;5332.578560700008
../binary_PNG/binary_labels_mask_case_id_TCGA-K7-AAU7_1_1_cell_expansion_5_0_threshold_0_4.png;24497.618887194167;15622.666479149426
../binary_PNG/binary_labels_mask_case_id_TCGA-CC-A3MA_2_4_cell_expansion_13_0_threshold_0_5.png;24856.10598428157;17714.8289883551
../binary_PNG/binary_labels_mask_case_id_TCGA-K7-AAU7_4_4_cell_expansion_5_0_threshold_0_6.png;23802.3725349463;11064.964404859757
../binary_PNG/binary_labels_mask_case_id_TCGA-DD-AAED_2_2_cell_expansion_5_0_threshold_0_8.png;23510.91687954876;9465.89123375637
../binary_PNG/binary_labels_mask_case_id_TCGA-CC-A8HT_2_4_cell_expansion_3_0_threshold_0_8.png;22475.310293434828;4165.711480380316
../binary_PNG/binary_labels_mask_case_id_TCGA-CC-5261_2_0_cell_expansion_13_0_threshold_0_4.png;24768.33186489018;17068.846195261725
../binary_PNG/binary_labels_mask_case_id_TCGA-K7-AAU7_0_3_cell_expansion_13_0_threshold_0_5.png;24244.498082240705;13854.263325953838
../binary_PNG/binary_labels_mask_case_id_TCGA-BC-A69I_1_3_cell_expansion_5_0_threshold_0_7.png;23862.35035821784;11184.24106778434
../binary_PNG/binary_labels_mask_case_id_TCGA-K7-AAU7_3_1_cell_expansion_7_0_threshold_0_4.png;24243.76117663354;14025.495008178565
../binary_PNG/binary_labels_mask_case_id_TCGA-K7-AAU7_1_1_cell_expansion_7_0_threshold_0_5.png;24402.10736778769;14819.966541870685
../binary_PNG/binary_labels_mask_case_id_TCGA-BC-A69I_1_4_cell_expansion_3_0_threshold_0_6.png;23546.20498162626;9797.00259763986
../binary_PNG/binary_labels_mask_case_id_TCGA-K7-AAU7_4_3_cell_expansion_3_0_threshold_0_7.png;23211.758295920077;8056.29861692834
../binary_PNG/binary_labels_mask_case_id_TCGA-DD-AAED_4_4_cell_expansion_7_0_threshold_0_4.png;24888.766756600457;18047.825729845263
../binary_PNG/binary_labels_mask_case_id_TCGA-CC-A1HT_1_1_cell_expansion_3_0_threshold_0_4.png;24003.83994947174;12510.52724969752
../binary_PNG/binary_labels_mask_case_id_TCGA-YA-A8S7_2_3_cell_expansion_9_0_threshold_0_8.png;22749.12719264372;5358.1680796038
../binary_PNG/binary_labels_mask_case_id_TCGA-CC-5261_1_1_cell_expansion_1_0_threshold_0_7.png;22937.97158235446;6581.856701160421
../binary_PNG/binary_labels_mask_case_id_TCGA-G3-A7M6_1_2_cell_expansion_15_0_threshold_0_5.png;24924.151255015604;18989.5447315317
../binary_PNG/binary_labels_mask_case_id_TCGA-BC-A69I_1_4_cell_expansion_11_0_threshold_0_6.png;24268.398467395236;13695.350404222976
../binary_PNG/binary_labels_mask_case_id_TCGA-CC-A3MA_4_3_cell_expansion_5_0_threshold_0_4.png;24796.67524834661;17477.640761262723
../binary_PNG/binary_labels_mask_case_id_TCGA-G3-A5SK_1_2_cell_expansion_7_0_threshold_0_4.png;24510.9435613755;15267.046705080633
../binary_PNG/binary_labels_mask_case_id_TCGA-CC-5261_4_3_cell_expansion_7_0_threshold_0_4.png;24876.94846239552;18163.017476984664
../binary_PNG/binary_labels_mask_case_id_TCGA-G3-A7M6_0_0_cell_expansion_11_0_threshold_0_8.png;23715.558130372578;10304.434560399272
../binary_PNG/binary_labels_mask_case_id_TCGA-CC-A3MA_0_3_cell_expansion_1_0_threshold_0_4.png;24244.71722756324;13902.174509970944
../binary_PNG/binary_labels_mask_case_id_TCGA-CC-5261_1_1_cell_expansion_3_0_threshold_0_6.png;23484.856259174743;9530.819387561653
../binary_PNG/binary_labels_mask_case_id_TCGA-CC-5261_4_2_cell_expansion_11_0_threshold_0_8.png;24247.189311527007;13229.753940991865
../binary_PNG/binary_labels_mask_case_id_TCGA-CC-A1HT_1_3_cell_expansion_13_0_threshold_0_8.png;24321.402892453807;13169.975611475693
../binary_PNG/binary_labels_mask_case_id_TCGA-CC-A1HT_0_3_cell_expansion_5_0_threshold_0_5.png;24514.033906515724;15376.579810446296
../binary_PNG/binary_labels_mask_case_id_TCGA-CC-A3MA_2_3_cell_expansion_5_0_threshold_0_7.png;24411.965106511925;14550.371001080432
../binary_PNG/binary_labels_mask_case_id_TCGA-CC-5261_3_1_cell_expansion_5_0_threshold_0_4.png;24781.365990025304;17287.81901792346
../binary_PNG/binary_labels_mask_case_id_TCGA-G3-A5SK_0_0_cell_expansion_1_0_threshold_0_5.png;23300.49308836528;8640.00116528137
../binary_PNG/binary_labels_mask_case_id_TCGA-G3-A5SK_1_2_cell_expansion_3_0_threshold_0_6.png;23711.15869189093;10718.191522120847
../binary_PNG/binary_labels_mask_case_id_TCGA-CC-A1HT_2_3_cell_expansion_13_0_threshold_0_4.png;24422.14101890907;14871.462162895128
../binary_PNG/binary_labels_mask_case_id_TCGA-CC-A1HT_3_1_cell_expansion_7_0_threshold_0_7.png;23172.95273909039;7627.920971049582
../binary_PNG/binary_labels_mask_case_id_TCGA-CC-A8HT_2_3_cell_expansion_9_0_threshold_0_6.png;24466.98380809484;15003.631372997048
../binary_PNG/binary_labels_mask_case_id_TCGA-CC-A3MA_4_3_cell_expansion_3_0_threshold_0_7.png;23851.53578480505;11341.355325950986
../binary_PNG/binary_labels_mask_case_id_TCGA-BC-A69I_0_0_cell_expansion_9_0_threshold_0_6.png;24156.623085528816;12836.753222609785
../binary_PNG/binary_labels_mask_case_id_TCGA-CC-A3MA_3_1_cell_expansion_5_0_threshold_0_5.png;24774.76405290693;17518.93550311106
../binary_PNG/binary_labels_mask_case_id_TCGA-BC-A69I_1_0_cell_expansion_7_0_threshold_0_8.png;23439.78341290325;8772.144091552087
../binary_PNG/binary_labels_mask_case_id_TCGA-CC-5261_0_0_cell_expansion_9_0_threshold_0_6.png;24707.244623980117;16577.952372425232
../binary_PNG/binary_labels_mask_case_id_TCGA-CC-A1HT_2_4_cell_expansion_13_0_threshold_0_4.png;24812.126584938414;17187.394176744303
../binary_PNG/binary_labels_mask_case_id_TCGA-CC-A8HT_4_3_cell_expansion_13_0_threshold_0_5.png;24423.50353605599;14536.330961023074
../binary_PNG/binary_labels_mask_case_id_TCGA-DD-AAED_4_1_cell_expansion_3_0_threshold_0_6.png;24229.82447164255;13523.329513087949
../binary_PNG/binary_labels_mask_case_id_TCGA-K7-AAU7_0_1_cell_expansion_5_0_threshold_0_4.png;23257.01340452718;8240.886908401262
../binary_PNG/binary_labels_mask_case_id_TCGA-DD-AAED_3_3_cell_expansion_5_0_threshold_0_4.png;24819.214871122746;17497.669715214462
../binary_PNG/binary_labels_mask_case_id_TCGA-CC-5261_3_2_cell_expansion_9_0_threshold_0_5.png;24680.53668831628;16318.869968427029
../binary_PNG/binary_labels_mask_case_id_TCGA-CC-A1HT_0_0_cell_expansion_9_0_threshold_0_4.png;24411.27316223341;15051.643941531023
../binary_PNG/binary_labels_mask_case_id_TCGA-G3-A7M6_0_2_cell_expansion_3_0_threshold_0_5.png;23950.743115360536;12003.91221300692
../binary_PNG/binary_labels_mask_case_id_TCGA-BC-A69I_0_0_cell_expansion_15_0_threshold_0_5.png;24278.84459570742;13569.313224045149
../binary_PNG/binary_labels_mask_case_id_TCGA-DD-AAED_4_1_cell_expansion_1_0_threshold_0_7.png;23456.322888869203;9327.819759685934
../binary_PNG/binary_labels_mask_case_id_TCGA-BC-A69I_0_4_cell_expansion_3_0_threshold_0_6.png;23841.24128625072;11303.452765661785
../binary_PNG/binary_labels_mask_case_id_TCGA-CC-A1HT_0_1_cell_expansion_9_0_threshold_0_8.png;22932.39053314606;6115.450099491459
../binary_PNG/binary_labels_mask_case_id_TCGA-K7-AAU7_3_4_cell_expansion_3_0_threshold_0_6.png;23446.93108956462;9168.103491112117
../binary_PNG/binary_labels_mask_case_id_TCGA-G3-A7M6_4_4_cell_expansion_1_0_threshold_0_8.png;22684.073484821674;5270.40956044325
../binary_PNG/binary_labels_mask_case_id_TCGA-K7-AAU7_4_1_cell_expansion_13_0_threshold_0_4.png;24772.50584752915;17284.841046048776
../binary_PNG/binary_labels_mask_case_id_TCGA-DD-AAED_3_4_cell_expansion_5_0_threshold_0_6.png;24517.57974276723;15533.776246693444
../binary_PNG/binary_labels_mask_case_id_TCGA-G3-A7M6_4_2_cell_expansion_3_0_threshold_0_7.png;23500.425014498105;9753.305218587067
../binary_PNG/binary_labels_mask_case_id_TCGA-CC-A1HT_4_0_cell_expansion_9_0_threshold_0_6.png;24457.981612972984;14790.159959971692
../binary_PNG/binary_labels_mask_case_id_TCGA-CC-5261_4_0_cell_expansion_11_0_threshold_0_7.png;24575.92375519147;15534.449462678314
../binary_PNG/binary_labels_mask_case_id_TCGA-CC-A8HT_4_1_cell_expansion_5_0_threshold_0_8.png;22623.9661304208;4918.837688319319
../binary_PNG/binary_labels_mask_case_id_TCGA-BC-A69I_1_1_cell_expansion_3_0_threshold_0_6.png;23588.48442804501;9823.450540331472
../binary_PNG/binary_labels_mask_case_id_TCGA-DD-AAED_1_3_cell_expansion_3_0_threshold_0_6.png;24246.860085778266;13738.77711452548
../binary_PNG/binary_labels_mask_case_id_TCGA-K7-AAU7_3_3_cell_expansion_1_0_threshold_0_5.png;23141.786388543595;7549.3611314134305
../binary_PNG/binary_labels_mask_case_id_TCGA-BC-A69I_4_4_cell_expansion_3_0_threshold_0_4.png;24113.596126682896;13025.960812212075
../binary_PNG/binary_labels_mask_case_id_TCGA-YA-A8S7_1_4_cell_expansion_3_0_threshold_0_7.png;22351.93265770984;3590.765828228221
../binary_PNG/binary_labels_mask_case_id_TCGA-DD-AAED_4_0_cell_expansion_7_0_threshold_0_8.png;24110.78659199295;12705.535716058024
../binary_PNG/binary_labels_mask_case_id_TCGA-CC-A3MA_4_4_cell_expansion_11_0_threshold_0_6.png;24453.47428916565;15211.62073863463
../binary_PNG/binary_labels_mask_case_id_TCGA-DD-AAED_1_4_cell_expansion_7_0_threshold_0_6.png;24736.12680472311;16803.50506071498
../binary_PNG/binary_labels_mask_case_id_TCGA-YA-A8S7_1_3_cell_expansion_5_0_threshold_0_6.png;24505.731730898824;15250.278336633628
../binary_PNG/binary_labels_mask_case_id_TCGA-G3-A7M6_3_0_cell_expansion_7_0_threshold_0_4.png;24651.94832724156;16082.646502679658
../binary_PNG/binary_labels_mask_case_id_TCGA-YA-A8S7_3_4_cell_expansion_3_0_threshold_0_6.png;22331.4896778524;3497.546839119883
../binary_PNG/binary_labels_mask_case_id_TCGA-DD-AAED_1_3_cell_expansion_1_0_threshold_0_7.png;23457.50578263352;9282.722194791357
../binary_PNG/binary_labels_mask_case_id_TCGA-CC-A1HT_3_3_cell_expansion_13_0_threshold_0_4.png;24773.1002632881;16814.82099392983
../binary_PNG/binary_labels_mask_case_id_TCGA-DD-AAED_2_0_cell_expansion_1_0_threshold_0_8.png;23095.084132409065;7380.590422873046
../binary_PNG/binary_labels_mask_case_id_TCGA-K7-AAU7_1_2_cell_expansion_1_0_threshold_0_8.png;22310.146095899552;3412.020650216359
../binary_PNG/binary_labels_mask_case_id_TCGA-CC-A8HT_4_3_cell_expansion_15_0_threshold_0_6.png;24238.21269549855;13199.161526315112
../binary_PNG/binary_labels_mask_case_id_TCGA-CC-A1HT_0_3_cell_expansion_15_0_threshold_0_7.png;24313.17513920096;13701.04704765149
../binary_PNG/binary_labels_mask_case_id_TCGA-CC-A1HT_3_3_cell_expansion_9_0_threshold_0_7.png;24655.137564014032;15906.981013964054
../binary_PNG/binary_labels_mask_case_id_TCGA-BC-A69I_2_2_cell_expansion_11_0_threshold_0_8.png;23608.753264271647;9498.783168181682
../binary_PNG/binary_labels_mask_case_id_TCGA-G3-A7M6_1_0_cell_expansion_11_0_threshold_0_4.png;24677.80874866083;16522.21482243154
../binary_PNG/binary_labels_mask_case_id_TCGA-G3-A7M6_1_1_cell_expansion_1_0_threshold_0_6.png;23126.882437988912;7540.3387643932865
../binary_PNG/binary_labels_mask_case_id_TCGA-G3-A7M6_0_3_cell_expansion_11_0_threshold_0_5.png;24560.829270751183;15387.13775077006
../binary_PNG/binary_labels_mask_case_id_TCGA-CC-A1HT_1_0_cell_expansion_15_0_threshold_0_6.png;24327.876765299872;14105.765286889518
../binary_PNG/binary_labels_mask_case_id_TCGA-K7-AAU7_0_0_cell_expansion_7_0_threshold_0_5.png;23310.114262221847;8247.252093932519
../binary_PNG/binary_labels_mask_case_id_TCGA-K7-AAU7_3_2_cell_expansion_5_0_threshold_0_7.png;23122.21271336312;7428.173471533829
../binary_PNG/binary_labels_mask_case_id_TCGA-CC-A1HT_3_2_cell_expansion_13_0_threshold_0_6.png;24702.143680374204;16067.06237294562
../binary_PNG/binary_labels_mask_case_id_TCGA-CC-5261_0_1_cell_expansion_9_0_threshold_0_6.png;24627.90199255953;15858.261774179491
../binary_PNG/binary_labels_mask_case_id_TCGA-BC-A69I_4_2_cell_expansion_3_0_threshold_0_6.png;23465.924522740897;9110.919764606586
../binary_PNG/binary_labels_mask_case_id_TCGA-YA-A8S7_3_2_cell_expansion_1_0_threshold_0_5.png;23826.63087411009;11670.38160606267
../binary_PNG/binary_labels_mask_case_id_TCGA-CC-A1HT_2_1_cell_expansion_13_0_threshold_0_7.png;24392.838198497888;13881.603412683482
../binary_PNG/binary_labels_mask_case_id_TCGA-BC-A69I_3_1_cell_expansion_5_0_threshold_0_8.png;23165.28992459288;7629.705413998438
../binary_PNG/binary_labels_mask_case_id_TCGA-CC-5261_3_3_cell_expansion_9_0_threshold_0_5.png;24909.051085620515;18294.22304931848
../binary_PNG/binary_labels_mask_case_id_TCGA-CC-A8HT_3_3_cell_expansion_1_0_threshold_0_7.png;22858.16949173496;6191.646082034467
../binary_PNG/binary_labels_mask_case_id_TCGA-G3-A7M6_4_3_cell_expansion_1_0_threshold_0_6.png;23156.87748347532;7688.714869386272
../binary_PNG/binary_labels_mask_case_id_TCGA-K7-AAU7_0_0_cell_expansion_3_0_threshold_0_7.png;22494.59098511097;4277.224208477357
../binary_PNG/binary_labels_mask_case_id_TCGA-K7-AAU7_1_2_cell_expansion_1_0_threshold_0_4.png;23268.77818913423;8279.959752296329
../binary_PNG/binary_labels_mask_case_id_TCGA-K7-AAU7_1_3_cell_expansion_1_0_threshold_0_8.png;22308.64975574472;3407.211592483316
../binary_PNG/binary_labels_mask_case_id_TCGA-G3-A7M6_3_2_cell_expansion_11_0_threshold_0_7.png;24392.119828368923;14276.913608590512
../binary_PNG/binary_labels_mask_case_id_TCGA-CC-A8HT_1_3_cell_expansion_3_0_threshold_0_7.png;23570.134017703556;9950.22708923983
../binary_PNG/binary_labels_mask_case_id_TCGA-DD-AAED_4_0_cell_expansion_5_0_threshold_0_5.png;24500.81039111568;15477.530302007415
../binary_PNG/binary_labels_mask_case_id_TCGA-G3-A7M6_0_3_cell_expansion_7_0_threshold_0_7.png;24319.241535715737;13768.470977655435
../binary_PNG/binary_labels_mask_case_id_TCGA-BC-A69I_0_4_cell_expansion_7_0_threshold_0_8.png;23549.446963622173;9311.909588623395
../binary_PNG/binary_labels_mask_case_id_TCGA-G3-A7M6_2_3_cell_expansion_7_0_threshold_0_6.png;24469.55538944116;14908.830286626546
../binary_PNG/binary_labels_mask_case_id_TCGA-CC-5261_3_4_cell_expansion_9_0_threshold_0_7.png;24501.679708776268;14864.019748993263
../binary_PNG/binary_labels_mask_case_id_TCGA-DD-AAED_0_0_cell_expansion_1_0_threshold_0_5.png;23617.341180321408;10261.91398505317
../binary_PNG/binary_labels_mask_case_id_TCGA-K7-AAU7_4_4_cell_expansion_15_0_threshold_0_4.png;24392.34110144365;14561.627680171376
../binary_PNG/binary_labels_mask_case_id_TCGA-G3-A7M6_0_3_cell_expansion_5_0_threshold_0_6.png;24321.38096390455;13961.532987544018
../binary_PNG/binary_labels_mask_case_id_TCGA-DD-AAED_4_1_cell_expansion_7_0_threshold_0_8.png;24182.298283526085;12906.836229922745
../binary_PNG/binary_labels_mask_case_id_TCGA-BC-A69I_0_1_cell_expansion_15_0_threshold_0_7.png;24210.515159220395;13140.352322844676
../binary_PNG/binary_labels_mask_case_id_TCGA-G3-A5SK_1_3_cell_expansion_7_0_threshold_0_4.png;24406.938621620844;14648.245701308972
../binary_PNG/binary_labels_mask_case_id_TCGA-BC-A69I_0_3_cell_expansion_15_0_threshold_0_8.png;23465.131085927704;8624.389849157615
../binary_PNG/binary_labels_mask_case_id_TCGA-G3-A7M6_2_2_cell_expansion_15_0_threshold_0_5.png;24477.81800571817;15042.1485809901
../binary_PNG/binary_labels_mask_case_id_TCGA-YA-A8S7_0_3_cell_expansion_9_0_threshold_0_5.png;24757.53549785079;16931.84263860544
../binary_PNG/binary_labels_mask_case_id_TCGA-DD-AAED_4_1_cell_expansion_11_0_threshold_0_5.png;24738.11571558054;16516.35471638765
../binary_PNG/binary_labels_mask_case_id_TCGA-CC-A3MA_0_4_cell_expansion_5_0_threshold_0_8.png;22662.78483923394;5048.439451866752
../binary_PNG/binary_labels_mask_case_id_TCGA-CC-A1HT_1_1_cell_expansion_3_0_threshold_0_8.png;22351.60261624737;3627.443705212836
../binary_PNG/binary_labels_mask_case_id_TCGA-CC-5261_3_0_cell_expansion_3_0_threshold_0_7.png;23646.605835885624;10222.536911558953
../binary_PNG/binary_labels_mask_case_id_TCGA-CC-A8HT_4_1_cell_expansion_15_0_threshold_0_5.png;24403.08149474179;14692.11995297914
../binary_PNG/binary_labels_mask_case_id_TCGA-BC-A69I_1_1_cell_expansion_11_0_threshold_0_5.png;24376.962192536303;14105.204230711184
../binary_PNG/binary_labels_mask_case_id_TCGA-CC-5261_2_4_cell_expansion_5_0_threshold_0_8.png;23879.52448048904;11283.518653750849
../binary_PNG/binary_labels_mask_case_id_TCGA-YA-A8S7_4_4_cell_expansion_9_0_threshold_0_5.png;22576.09803429388;4471.8608546060295
../binary_PNG/binary_labels_mask_case_id_TCGA-YA-A8S7_1_1_cell_expansion_9_0_threshold_0_7.png;24445.40842121747;14590.534474860977
../binary_PNG/binary_labels_mask_case_id_TCGA-DD-AAED_2_4_cell_expansion_9_0_threshold_0_5.png;24726.959211996167;16550.530861396244
../binary_PNG/binary_labels_mask_case_id_TCGA-CC-A3MA_0_2_cell_expansion_5_0_threshold_0_6.png;24817.311783120924;17525.178926060813
../binary_PNG/binary_labels_mask_case_id_TCGA-CC-A1HT_1_3_cell_expansion_11_0_threshold_0_5.png;24806.293481115776;17172.899379108057
../binary_PNG/binary_labels_mask_case_id_TCGA-CC-A1HT_0_4_cell_expansion_3_0_threshold_0_8.png;22439.81427570668;4045.3738645683206
../binary_PNG/binary_labels_mask_case_id_TCGA-CC-A3MA_3_0_cell_expansion_5_0_threshold_0_5.png;22957.468259798006;6584.3926124114405
../binary_PNG/binary_labels_mask_case_id_TCGA-YA-A8S7_4_3_cell_expansion_9_0_threshold_0_7.png;22295.564725834272;3345.912720479547
../binary_PNG/binary_labels_mask_case_id_TCGA-CC-5261_2_2_cell_expansion_5_0_threshold_0_6.png;24621.17029930765;16052.473311901522
../binary_PNG/binary_labels_mask_case_id_TCGA-K7-AAU7_4_3_cell_expansion_13_0_threshold_0_7.png;23867.423525379745;11312.395257767812
../binary_PNG/binary_labels_mask_case_id_TCGA-CC-A1HT_3_0_cell_expansion_5_0_threshold_0_6.png;24456.49281833013;15074.626380739108
../binary_PNG/binary_labels_mask_case_id_TCGA-K7-AAU7_2_3_cell_expansion_9_0_threshold_0_4.png;24336.185061322238;14515.297251026072
../binary_PNG/binary_labels_mask_case_id_TCGA-CC-5261_1_0_cell_expansion_5_0_threshold_0_5.png;24391.35968306359;14747.33760827532
../binary_PNG/binary_labels_mask_case_id_TCGA-CC-5261_1_4_cell_expansion_13_0_threshold_0_7.png;24426.92581149969;14657.136966274084
../binary_PNG/binary_labels_mask_case_id_TCGA-YA-A8S7_0_0_cell_expansion_11_0_threshold_0_7.png;24220.256147356136;13047.469261501066
../binary_PNG/binary_labels_mask_case_id_TCGA-BC-A69I_2_1_cell_expansion_1_0_threshold_0_8.png;22794.13064897676;5892.892650283116
../binary_PNG/binary_labels_mask_case_id_TCGA-K7-AAU7_0_2_cell_expansion_13_0_threshold_0_5.png;23181.311808633527;7729.493151822175
../binary_PNG/binary_labels_mask_case_id_TCGA-G3-A5SK_0_2_cell_expansion_13_0_threshold_0_4.png;24535.204873363786;15356.829538523993
../binary_PNG/binary_labels_mask_case_id_TCGA-CC-A8HT_0_0_cell_expansion_11_0_threshold_0_5.png;24853.27875470031;17806.278136869478
../binary_PNG/binary_labels_mask_case_id_TCGA-BC-A69I_4_3_cell_expansion_15_0_threshold_0_4.png;24277.97947331681;13594.548455794436
../binary_PNG/binary_labels_mask_case_id_TCGA-CC-A8HT_4_3_cell_expansion_5_0_threshold_0_4.png;24355.934648814226;14419.8113161158
../binary_PNG/binary_labels_mask_case_id_TCGA-DD-AAED_1_0_cell_expansion_3_0_threshold_0_6.png;23719.20853545658;10718.098003704636
../binary_PNG/binary_labels_mask_case_id_TCGA-G3-A7M6_3_4_cell_expansion_1_0_threshold_0_5.png;23390.020511646355;9064.732254979705
../binary_PNG/binary_labels_mask_case_id_TCGA-BC-A69I_2_0_cell_expansion_3_0_threshold_0_5.png;23770.478288524133;10631.08966446342
../binary_PNG/binary_labels_mask_case_id_TCGA-CC-A1HT_4_1_cell_expansion_13_0_threshold_0_7.png;24510.910538919423;15086.09380534957
../binary_PNG/binary_labels_mask_case_id_TCGA-CC-5261_0_2_cell_expansion_11_0_threshold_0_8.png;23795.247357289543;10675.567224957678
../binary_PNG/binary_labels_mask_case_id_TCGA-G3-A7M6_4_1_cell_expansion_11_0_threshold_0_6.png;24335.7965535988;13968.885448642126
../binary_PNG/binary_labels_mask_case_id_TCGA-DD-AAED_0_0_cell_expansion_11_0_threshold_0_7.png;24607.93203190885;15630.412038639714
../binary_PNG/binary_labels_mask_case_id_TCGA-K7-AAU7_1_1_cell_expansion_15_0_threshold_0_7.png;22849.956657911243;5877.401074971915
../binary_PNG/binary_labels_mask_case_id_TCGA-DD-AAED_1_1_cell_expansion_7_0_threshold_0_8.png;24292.260067758463;13273.08785812228
../binary_PNG/binary_labels_mask_case_id_TCGA-DD-AAED_4_2_cell_expansion_3_0_threshold_0_6.png;24206.033844754205;13762.701919622292
../binary_PNG/binary_labels_mask_case_id_TCGA-G3-A7M6_0_0_cell_expansion_1_0_threshold_0_8.png;22738.753193334083;5552.562806954382
../binary_PNG/binary_labels_mask_case_id_TCGA-CC-A1HT_1_1_cell_expansion_9_0_threshold_0_6.png;24126.717896356186;12774.09167979814
../binary_PNG/binary_labels_mask_case_id_TCGA-CC-5261_3_1_cell_expansion_11_0_threshold_0_5.png;24846.668263349697;17619.46997627543
../binary_PNG/binary_labels_mask_case_id_TCGA-G3-A5SK_1_1_cell_expansion_3_0_threshold_0_6.png;23508.561604117134;9484.667894214555
../binary_PNG/binary_labels_mask_case_id_TCGA-G3-A5SK_4_3_cell_expansion_7_0_threshold_0_4.png;24424.805901568023;14501.709770660978
../binary_PNG/binary_labels_mask_case_id_TCGA-K7-AAU7_3_1_cell_expansion_13_0_threshold_0_8.png;22295.564725834272;3345.912720479547
../binary_PNG/binary_labels_mask_case_id_TCGA-CC-5261_2_2_cell_expansion_11_0_threshold_0_4.png;24815.666750634187;17336.464125224353
../binary_PNG/binary_labels_mask_case_id_TCGA-DD-AAED_1_1_cell_expansion_13_0_threshold_0_8.png;24450.984165464084;14197.402136571103
../binary_PNG/binary_labels_mask_case_id_TCGA-YA-A8S7_1_4_cell_expansion_15_0_threshold_0_4.png;22541.057097545337;4444.869682409087
../binary_PNG/binary_labels_mask_case_id_TCGA-CC-5261_0_4_cell_expansion_11_0_threshold_0_6.png;24652.832994377422;16331.619969762698
../binary_PNG/binary_labels_mask_case_id_TCGA-G3-A5SK_0_3_cell_expansion_3_0_threshold_0_4.png;24363.2755206363;14974.559783335691
../binary_PNG/binary_labels_mask_case_id_TCGA-CC-A3MA_3_4_cell_expansion_3_0_threshold_0_8.png;23309.95687958243;8400.619196411255
../binary_PNG/binary_labels_mask_case_id_TCGA-G3-A5SK_0_0_cell_expansion_15_0_threshold_0_8.png;23523.07684697232;9441.606929552489
../binary_PNG/binary_labels_mask_case_id_TCGA-YA-A8S7_0_3_cell_expansion_13_0_threshold_0_7.png;24487.95875991717;14905.825082666504
../binary_PNG/binary_labels_mask_case_id_TCGA-BC-A69I_4_0_cell_expansion_15_0_threshold_0_5.png;24503.044526441467;14807.499544909266
../binary_PNG/binary_labels_mask_case_id_TCGA-G3-A5SK_2_3_cell_expansion_1_0_threshold_0_4.png;23279.954820432555;8471.031314123902
../binary_PNG/binary_labels_mask_case_id_TCGA-DD-AAED_2_1_cell_expansion_13_0_threshold_0_4.png;24802.69538844819;17165.393796030417
../binary_PNG/binary_labels_mask_case_id_TCGA-G3-A5SK_1_0_cell_expansion_7_0_threshold_0_8.png;23574.04003463776;9660.09623107926
../binary_PNG/binary_labels_mask_case_id_TCGA-G3-A5SK_4_3_cell_expansion_3_0_threshold_0_6.png;23741.428274227837;10801.60794557969
../binary_PNG/binary_labels_mask_case_id_TCGA-G3-A7M6_1_0_cell_expansion_9_0_threshold_0_5.png;24627.887014154527;16143.117067352425
../binary_PNG/binary_labels_mask_case_id_TCGA-CC-5261_3_2_cell_expansion_3_0_threshold_0_7.png;23916.93797794838;11709.609307426
../binary_PNG/binary_labels_mask_case_id_TCGA-CC-5261_0_0_cell_expansion_13_0_threshold_0_6.png;24714.663017214145;16620.13595910209
../binary_PNG/binary_labels_mask_case_id_TCGA-CC-5261_2_1_cell_expansion_1_0_threshold_0_8.png;22774.586978651783;5696.388396468814
../binary_PNG/binary_labels_mask_case_id_TCGA-CC-A1HT_3_4_cell_expansion_5_0_threshold_0_8.png;22885.570322035583;6235.213274178281
../binary_PNG/binary_labels_mask_case_id_TCGA-BC-A69I_4_0_cell_expansion_11_0_threshold_0_7.png;24102.309082301523;12301.85256973995
../binary_PNG/binary_labels_mask_case_id_TCGA-CC-A3MA_0_4_cell_expansion_13_0_threshold_0_7.png;23603.518303070443;9783.609987923308
../binary_PNG/binary_labels_mask_case_id_TCGA-DD-AAED_2_0_cell_expansion_9_0_threshold_0_7.png;24323.5169125948;13955.124242352436
../binary_PNG/binary_labels_mask_case_id_TCGA-CC-A3MA_1_3_cell_expansion_5_0_threshold_0_4.png;24913.4526968254;18351.5938056843
../binary_PNG/binary_labels_mask_case_id_TCGA-G3-A7M6_2_4_cell_expansion_9_0_threshold_0_4.png;24713.60432846648;16544.5317334188
../binary_PNG/binary_labels_mask_case_id_TCGA-CC-A1HT_3_4_cell_expansion_1_0_threshold_0_6.png;23679.76995665773;10604.378958429936
../binary_PNG/binary_labels_mask_case_id_TCGA-G3-A5SK_2_2_cell_expansion_1_0_threshold_0_4.png;23408.0117192684;9112.9871985016
../binary_PNG/binary_labels_mask_case_id_TCGA-K7-AAU7_0_0_cell_expansion_15_0_threshold_0_5.png;23323.7593054304;8307.530770448186
../binary_PNG/binary_labels_mask_case_id_TCGA-CC-5261_1_2_cell_expansion_11_0_threshold_0_4.png;24642.938274373453;16181.036878225115
../binary_PNG/binary_labels_mask_case_id_TCGA-K7-AAU7_0_1_cell_expansion_13_0_threshold_0_8.png;22295.564725834272;3345.912720479547
../binary_PNG/binary_labels_mask_case_id_TCGA-CC-5261_1_3_cell_expansion_5_0_threshold_0_5.png;24441.118179194436;15005.238221733554
../binary_PNG/binary_labels_mask_case_id_TCGA-CC-5261_3_4_cell_expansion_11_0_threshold_0_6.png;24679.509712179726;16050.184288924807
../binary_PNG/binary_labels_mask_case_id_TCGA-CC-A1HT_0_0_cell_expansion_7_0_threshold_0_8.png;22295.564725834272;3345.912720479547
../binary_PNG/binary_labels_mask_case_id_TCGA-G3-A5SK_0_1_cell_expansion_11_0_threshold_0_8.png;23699.395047974725;10108.106708540232
../binary_PNG/binary_labels_mask_case_id_TCGA-CC-A1HT_4_1_cell_expansion_1_0_threshold_0_5.png;23800.78698467812;11299.442889309845
../binary_PNG/binary_labels_mask_case_id_TCGA-CC-A3MA_3_0_cell_expansion_11_0_threshold_0_7.png;22400.07975385225;3879.227696508948
../binary_PNG/binary_labels_mask_case_id_TCGA-DD-AAED_4_1_cell_expansion_9_0_threshold_0_8.png;24277.42712823773;13402.960498230284
../binary_PNG/binary_labels_mask_case_id_TCGA-CC-A8HT_1_1_cell_expansion_13_0_threshold_0_6.png;24557.293418101544;15515.322145417827
../binary_PNG/binary_labels_mask_case_id_TCGA-CC-A3MA_1_2_cell_expansion_13_0_threshold_0_5.png;24860.98739294956;17722.226729083734
../binary_PNG/binary_labels_mask_case_id_TCGA-CC-A3MA_0_1_cell_expansion_3_0_threshold_0_5.png;23027.14629873861;7177.086926117286
../binary_PNG/binary_labels_mask_case_id_TCGA-CC-A1HT_4_1_cell_expansion_7_0_threshold_0_6.png;24622.33216500775;16042.26172641235
../binary_PNG/binary_labels_mask_case_id_TCGA-CC-A8HT_0_2_cell_expansion_13_0_threshold_0_7.png;24020.063846196867;11775.800665543296
../binary_PNG/binary_labels_mask_case_id_TCGA-CC-5261_4_0_cell_expansion_7_0_threshold_0_8.png;23611.118260869924;9749.896825040987
../binary_PNG/binary_labels_mask_case_id_TCGA-CC-A1HT_0_1_cell_expansion_3_0_threshold_0_6.png;24269.2873971983;14068.806990760851
../binary_PNG/binary_labels_mask_case_id_TCGA-CC-A8HT_2_0_cell_expansion_15_0_threshold_0_7.png;24184.816018619294;13010.956284724492
../binary_PNG/binary_labels_mask_case_id_TCGA-CC-5261_2_3_cell_expansion_13_0_threshold_0_7.png;24621.82145680913;15666.979524030738
../binary_PNG/binary_labels_mask_case_id_TCGA-CC-A3MA_2_1_cell_expansion_3_0_threshold_0_4.png;24665.46012520777;17033.375358297148
../binary_PNG/binary_labels_mask_case_id_TCGA-YA-A8S7_0_3_cell_expansion_15_0_threshold_0_8.png;23145.948638576883;7406.050070568292
../binary_PNG/binary_labels_mask_case_id_TCGA-CC-5261_2_1_cell_expansion_13_0_threshold_0_8.png;23805.68233791659;10733.608460128931
../binary_PNG/binary_labels_mask_case_id_TCGA-BC-A69I_4_2_cell_expansion_13_0_threshold_0_5.png;24353.641316314828;13869.705400392442
../binary_PNG/binary_labels_mask_case_id_TCGA-CC-A1HT_4_2_cell_expansion_9_0_threshold_0_6.png;24689.97327209256;16357.758637822924
../binary_PNG/binary_labels_mask_case_id_TCGA-K7-AAU7_3_1_cell_expansion_1_0_threshold_0_5.png;23163.549417029848;7772.932078518478
../binary_PNG/binary_labels_mask_case_id_TCGA-YA-A8S7_1_2_cell_expansion_15_0_threshold_0_6.png;24745.612275321;16712.62014619272
../binary_PNG/binary_labels_mask_case_id_TCGA-CC-5261_3_3_cell_expansion_15_0_threshold_0_4.png;24923.294668154707;18495.50599355885
../binary_PNG/binary_labels_mask_case_id_TCGA-G3-A5SK_1_4_cell_expansion_13_0_threshold_0_6.png;24587.7520679382;15676.494899086589
../binary_PNG/binary_labels_mask_case_id_TCGA-G3-A7M6_0_0_cell_expansion_5_0_threshold_0_6.png;24526.47880240368;15349.1099730007
../binary_PNG/binary_labels_mask_case_id_TCGA-DD-AAED_3_0_cell_expansion_15_0_threshold_0_5.png;24755.643554783077;16796.279184715095
../binary_PNG/binary_labels_mask_case_id_TCGA-K7-AAU7_2_4_cell_expansion_7_0_threshold_0_6.png;23377.872371262787;8650.892496930477
../binary_PNG/binary_labels_mask_case_id_TCGA-YA-A8S7_1_1_cell_expansion_5_0_threshold_0_6.png;24434.533687145024;14790.710169427675
../binary_PNG/binary_labels_mask_case_id_TCGA-K7-AAU7_0_2_cell_expansion_11_0_threshold_0_8.png;22358.47650961071;3617.3328954453336
../binary_PNG/binary_labels_mask_case_id_TCGA-DD-AAED_0_3_cell_expansion_3_0_threshold_0_4.png;24238.826774914363;13780.974184398236
../binary_PNG/binary_labels_mask_case_id_TCGA-CC-A8HT_0_1_cell_expansion_15_0_threshold_0_5.png;24762.63134292967;16898.349042558
../binary_PNG/binary_labels_mask_case_id_TCGA-G3-A7M6_1_4_cell_expansion_1_0_threshold_0_8.png;22497.0230899785;4392.403587356584
../binary_PNG/binary_labels_mask_case_id_TCGA-BC-A69I_3_3_cell_expansion_3_0_threshold_0_7.png;23617.71379017361;10047.089317857128
../binary_PNG/binary_labels_mask_case_id_TCGA-YA-A8S7_2_3_cell_expansion_13_0_threshold_0_7.png;23443.35070171227;8686.464830392259
../binary_PNG/binary_labels_mask_case_id_TCGA-G3-A5SK_1_1_cell_expansion_11_0_threshold_0_8.png;23753.042800414714;10305.254307897005
../binary_PNG/binary_labels_mask_case_id_TCGA-DD-AAED_0_4_cell_expansion_7_0_threshold_0_4.png;24634.433699673173;15853.059850493384
../binary_PNG/binary_labels_mask_case_id_TCGA-CC-5261_0_3_cell_expansion_15_0_threshold_0_8.png;23816.172041411315;10942.899531730232
../binary_PNG/binary_labels_mask_case_id_TCGA-G3-A5SK_1_3_cell_expansion_9_0_threshold_0_4.png;24429.181328927247;14761.184878436885
../binary_PNG/binary_labels_mask_case_id_TCGA-CC-5261_0_2_cell_expansion_13_0_threshold_0_5.png;24481.793845709588;15144.819044462563
../binary_PNG/binary_labels_mask_case_id_TCGA-CC-A8HT_0_3_cell_expansion_1_0_threshold_0_8.png;22538.99910150533;4478.264175265954
../binary_PNG/binary_labels_mask_case_id_TCGA-K7-AAU7_2_3_cell_expansion_7_0_threshold_0_4.png;24313.729218716227;14381.222799963009
../binary_PNG/binary_labels_mask_case_id_TCGA-YA-A8S7_3_1_cell_expansion_13_0_threshold_0_8.png;22955.77740318148;6305.940084416581
../binary_PNG/binary_labels_mask_case_id_TCGA-CC-A3MA_0_2_cell_expansion_13_0_threshold_0_5.png;24914.84688554848;18319.022808207275
../binary_PNG/binary_labels_mask_case_id_TCGA-CC-A3MA_0_3_cell_expansion_15_0_threshold_0_8.png;24198.28426213217;12744.45215994893
../binary_PNG/binary_labels_mask_case_id_TCGA-YA-A8S7_2_3_cell_expansion_3_0_threshold_0_6.png;23076.53677986849;7139.249971486534
../binary_PNG/binary_labels_mask_case_id_TCGA-BC-A69I_1_4_cell_expansion_3_0_threshold_0_4.png;23667.08832425025;10546.337197563083
../binary_PNG/binary_labels_mask_case_id_TCGA-G3-A7M6_0_0_cell_expansion_1_0_threshold_0_4.png;23322.065234974725;8630.768758747974
../binary_PNG/binary_labels_mask_case_id_TCGA-BC-A69I_3_3_cell_expansion_5_0_threshold_0_4.png;24397.747129452702;14238.199527888532
../binary_PNG/binary_labels_mask_case_id_TCGA-DD-AAED_3_1_cell_expansion_5_0_threshold_0_4.png;24590.24549543102;15959.399516727652
../binary_PNG/binary_labels_mask_case_id_TCGA-K7-AAU7_1_1_cell_expansion_7_0_threshold_0_7.png;22850.03405995146;5878.163752988317
../binary_PNG/binary_labels_mask_case_id_TCGA-K7-AAU7_3_1_cell_expansion_7_0_threshold_0_6.png;23653.03179231455;10242.636634354289
../binary_PNG/binary_labels_mask_case_id_TCGA-YA-A8S7_2_4_cell_expansion_5_0_threshold_0_7.png;22349.477050407346;3604.461480838486
../binary_PNG/binary_labels_mask_case_id_TCGA-CC-A3MA_0_2_cell_expansion_11_0_threshold_0_4.png;24961.397887856547;18860.984605040823
../binary_PNG/binary_labels_mask_case_id_TCGA-K7-AAU7_4_3_cell_expansion_1_0_threshold_0_4.png;23614.4242046423;10323.93979512502
../binary_PNG/binary_labels_mask_case_id_TCGA-K7-AAU7_1_0_cell_expansion_13_0_threshold_0_6.png;23031.529258450377;6979.7986000097135
../binary_PNG/binary_labels_mask_case_id_TCGA-CC-A8HT_1_0_cell_expansion_7_0_threshold_0_5.png;24698.76805852437;16578.131341382035
../binary_PNG/binary_labels_mask_case_id_TCGA-DD-AAED_3_1_cell_expansion_7_0_threshold_0_5.png;24615.057042122688;15998.827882850754
../binary_PNG/binary_labels_mask_case_id_TCGA-YA-A8S7_2_1_cell_expansion_15_0_threshold_0_6.png;24457.745463009;14541.20433556979
../binary_PNG/binary_labels_mask_case_id_TCGA-CC-A8HT_1_1_cell_expansion_15_0_threshold_0_8.png;23223.16315863484;7609.310906995895
../binary_PNG/binary_labels_mask_case_id_TCGA-CC-5261_3_2_cell_expansion_5_0_threshold_0_5.png;24535.967116798016;15538.400716875052
../binary_PNG/binary_labels_mask_case_id_TCGA-CC-A8HT_1_4_cell_expansion_15_0_threshold_0_7.png;24521.36563820136;14816.346829568443
../binary_PNG/binary_labels_mask_case_id_TCGA-CC-A3MA_0_0_cell_expansion_13_0_threshold_0_7.png;23801.54178753553;10971.633471299509
../binary_PNG/binary_labels_mask_case_id_TCGA-G3-A5SK_0_4_cell_expansion_5_0_threshold_0_4.png;24056.46608289748;12483.785493720132
../binary_PNG/binary_labels_mask_case_id_TCGA-K7-AAU7_3_0_cell_expansion_15_0_threshold_0_4.png;24463.11673719496;15092.10096695172
../binary_PNG/binary_labels_mask_case_id_TCGA-BC-A69I_4_4_cell_expansion_11_0_threshold_0_7.png;24337.045578283647;13995.051383352757
../binary_PNG/binary_labels_mask_case_id_TCGA-DD-AAED_2_1_cell_expansion_11_0_threshold_0_4.png;24799.26525548884;17153.232848277137
../binary_PNG/binary_labels_mask_case_id_TCGA-G3-A5SK_1_3_cell_expansion_15_0_threshold_0_8.png;23533.50031795329;9393.790989262658
../binary_PNG/binary_labels_mask_case_id_TCGA-G3-A5SK_4_4_cell_expansion_1_0_threshold_0_4.png;23108.84340456093;7471.571712375743
../binary_PNG/binary_labels_mask_case_id_TCGA-CC-A1HT_4_2_cell_expansion_13_0_threshold_0_7.png;24423.70604590819;14258.29902547511
../binary_PNG/binary_labels_mask_case_id_TCGA-CC-5261_0_1_cell_expansion_11_0_threshold_0_8.png;24090.981354568077;12214.876409969373
../binary_PNG/binary_labels_mask_case_id_TCGA-CC-5261_0_0_cell_expansion_7_0_threshold_0_7.png;24534.059547437428;15522.714707609988
../binary_PNG/binary_labels_mask_case_id_TCGA-CC-A3MA_0_0_cell_expansion_11_0_threshold_0_6.png;23826.835661202025;11181.179101540223
../binary_PNG/binary_labels_mask_case_id_TCGA-CC-A1HT_2_1_cell_expansion_7_0_threshold_0_8.png;23023.58882307733;6631.906771993563
../binary_PNG/binary_labels_mask_case_id_TCGA-BC-A69I_4_0_cell_expansion_15_0_threshold_0_4.png;24533.08692743744;15076.448983657428
../binary_PNG/binary_labels_mask_case_id_TCGA-G3-A5SK_2_3_cell_expansion_1_0_threshold_0_5.png;23248.67471429298;8318.81880601422
../binary_PNG/binary_labels_mask_case_id_TCGA-DD-AAED_1_4_cell_expansion_11_0_threshold_0_7.png;24688.16348372592;16324.776947101554
../binary_PNG/binary_labels_mask_case_id_TCGA-DD-AAED_3_2_cell_expansion_15_0_threshold_0_7.png;24714.89168497039;16309.542509851535
../binary_PNG/binary_labels_mask_case_id_TCGA-DD-AAED_0_3_cell_expansion_11_0_threshold_0_7.png;24579.36613449621;15436.054938107396
../binary_PNG/binary_labels_mask_case_id_TCGA-CC-5261_2_1_cell_expansion_3_0_threshold_0_8.png;23083.4591943954;7162.972183582077
../binary_PNG/binary_labels_mask_case_id_TCGA-G3-A5SK_2_4_cell_expansion_3_0_threshold_0_6.png;24089.54611937156;12723.902873783538
../binary_PNG/binary_labels_mask_case_id_TCGA-CC-A1HT_4_2_cell_expansion_15_0_threshold_0_4.png;24792.82463329158;17241.180074329466
../binary_PNG/binary_labels_mask_case_id_TCGA-YA-A8S7_0_1_cell_expansion_9_0_threshold_0_4.png;24723.76551788202;16869.957564654287
../binary_PNG/binary_labels_mask_case_id_TCGA-YA-A8S7_0_2_cell_expansion_13_0_threshold_0_8.png;23385.8328635909;8513.860249039055
../binary_PNG/binary_labels_mask_case_id_TCGA-BC-A69I_4_0_cell_expansion_13_0_threshold_0_7.png;24142.822497243997;12495.288203277854
../binary_PNG/binary_labels_mask_case_id_TCGA-G3-A5SK_4_3_cell_expansion_3_0_threshold_0_7.png;23563.09602136425;9756.484381086377
../binary_PNG/binary_labels_mask_case_id_TCGA-CC-5261_0_0_cell_expansion_1_0_threshold_0_4.png;23752.4838917245;11211.279574003082
../binary_PNG/binary_labels_mask_case_id_TCGA-CC-5261_1_2_cell_expansion_3_0_threshold_0_7.png;23865.758839373048;11470.898368084903
../binary_PNG/binary_labels_mask_case_id_TCGA-CC-A3MA_1_3_cell_expansion_15_0_threshold_0_5.png;24872.05727711457;17929.5480091823
../binary_PNG/binary_labels_mask_case_id_TCGA-CC-A1HT_0_0_cell_expansion_1_0_threshold_0_6.png;22891.50962335158;6359.212101220924
../binary_PNG/binary_labels_mask_case_id_TCGA-CC-A8HT_2_1_cell_expansion_11_0_threshold_0_6.png;24727.97698703617;16763.566988946113
../binary_PNG/binary_labels_mask_case_id_TCGA-CC-5261_4_1_cell_expansion_5_0_threshold_0_8.png;23324.490302691756;8286.388293553711
../binary_PNG/binary_labels_mask_case_id_TCGA-BC-A69I_1_2_cell_expansion_1_0_threshold_0_6.png;23310.02791136629;8303.830098248578
../binary_PNG/binary_labels_mask_case_id_TCGA-CC-5261_1_4_cell_expansion_13_0_threshold_0_6.png;24594.889200681515;15738.83627491878
../binary_PNG/binary_labels_mask_case_id_TCGA-G3-A7M6_4_1_cell_expansion_1_0_threshold_0_7.png;22934.82895400036;6506.254774778727
../binary_PNG/binary_labels_mask_case_id_TCGA-CC-A8HT_0_4_cell_expansion_15_0_threshold_0_7.png;24117.199580685672;12699.815545634294
../binary_PNG/binary_labels_mask_case_id_TCGA-G3-A5SK_2_0_cell_expansion_9_0_threshold_0_6.png;24567.222520633062;15794.406099049216
../binary_PNG/binary_labels_mask_case_id_TCGA-CC-A3MA_1_0_cell_expansion_13_0_threshold_0_7.png;24663.089426261344;15821.124916465023
../binary_PNG/binary_labels_mask_case_id_TCGA-CC-5261_0_2_cell_expansion_13_0_threshold_0_8.png;23795.247357289543;10675.567224957678
../binary_PNG/binary_labels_mask_case_id_TCGA-DD-AAED_0_3_cell_expansion_1_0_threshold_0_8.png;23042.93746480888;7111.876611049721
../binary_PNG/binary_labels_mask_case_id_TCGA-BC-A69I_0_1_cell_expansion_1_0_threshold_0_8.png;22757.04671723977;5610.36877798589
../binary_PNG/binary_labels_mask_case_id_TCGA-DD-AAED_1_0_cell_expansion_3_0_threshold_0_7.png;23520.39920488859;9615.675341720116
../binary_PNG/binary_labels_mask_case_id_TCGA-CC-5261_1_1_cell_expansion_11_0_threshold_0_8.png;23213.128578507167;7832.851504798738
../binary_PNG/binary_labels_mask_case_id_TCGA-DD-AAED_0_4_cell_expansion_5_0_threshold_0_8.png;24010.246663298967;11972.918022226586
../binary_PNG/binary_labels_mask_case_id_TCGA-YA-A8S7_2_2_cell_expansion_7_0_threshold_0_5.png;24513.013380171866;14950.605579426938
../binary_PNG/binary_labels_mask_case_id_TCGA-CC-A8HT_1_1_cell_expansion_1_0_threshold_0_7.png;23054.60382278569;7197.610423575621
../binary_PNG/binary_labels_mask_case_id_TCGA-CC-A1HT_2_4_cell_expansion_9_0_threshold_0_6.png;24772.01567183129;16739.65367892705
../binary_PNG/binary_labels_mask_case_id_TCGA-DD-AAED_0_4_cell_expansion_11_0_threshold_0_7.png;24590.94616950645;15343.204407261594
../binary_PNG/binary_labels_mask_case_id_TCGA-DD-AAED_1_3_cell_expansion_11_0_threshold_0_7.png;24621.29302657407;15702.744142929065
../binary_PNG/binary_labels_mask_case_id_TCGA-BC-A69I_3_4_cell_expansion_3_0_threshold_0_8.png;23282.26914128912;8264.757827249914
../binary_PNG/binary_labels_mask_case_id_TCGA-CC-A1HT_3_1_cell_expansion_9_0_threshold_0_6.png;23709.023908056184;10596.473460831005
../binary_PNG/binary_labels_mask_case_id_TCGA-G3-A7M6_4_4_cell_expansion_11_0_threshold_0_8.png;23648.08155820529;9814.12257217182
../binary_PNG/binary_labels_mask_case_id_TCGA-G3-A7M6_2_0_cell_expansion_1_0_threshold_0_8.png;22849.5141868324;6154.341575905062
../binary_PNG/binary_labels_mask_case_id_TCGA-G3-A7M6_4_1_cell_expansion_5_0_threshold_0_5.png;24215.04152286612;13292.41699183862
../binary_PNG/binary_labels_mask_case_id_TCGA-G3-A5SK_4_0_cell_expansion_9_0_threshold_0_5.png;24309.288835688614;13611.877405915026
../binary_PNG/binary_labels_mask_case_id_TCGA-DD-AAED_3_1_cell_expansion_7_0_threshold_0_8.png;24024.16546148935;12197.17027676602
../binary_PNG/binary_labels_mask_case_id_TCGA-K7-AAU7_1_0_cell_expansion_5_0_threshold_0_7.png;22421.297831503325;3914.200135047084
../binary_PNG/binary_labels_mask_case_id_TCGA-K7-AAU7_0_2_cell_expansion_7_0_threshold_0_4.png;23228.859754093806;7968.246189886582
../binary_PNG/binary_labels_mask_case_id_TCGA-K7-AAU7_2_4_cell_expansion_1_0_threshold_0_8.png;22468.27905608758;4131.622612187617
../binary_PNG/binary_labels_mask_case_id_TCGA-DD-AAED_3_1_cell_expansion_15_0_threshold_0_6.png;24638.58048759928;16061.567430482984
../binary_PNG/binary_labels_mask_case_id_TCGA-CC-A3MA_3_1_cell_expansion_9_0_threshold_0_5.png;24846.897766414048;17947.15947870943
../binary_PNG/binary_labels_mask_case_id_TCGA-YA-A8S7_3_0_cell_expansion_15_0_threshold_0_8.png;23079.90213496471;7133.838336904102
../binary_PNG/binary_labels_mask_case_id_TCGA-CC-A8HT_2_4_cell_expansion_1_0_threshold_0_6.png;23184.896734682912;7928.594710788129
../binary_PNG/binary_labels_mask_case_id_TCGA-G3-A5SK_2_4_cell_expansion_15_0_threshold_0_4.png;24698.53161593026;16443.62463358818
../binary_PNG/binary_labels_mask_case_id_TCGA-CC-A1HT_1_1_cell_expansion_9_0_threshold_0_7.png;23522.22796043633;9395.847518770215
../binary_PNG/binary_labels_mask_case_id_TCGA-K7-AAU7_0_3_cell_expansion_15_0_threshold_0_5.png;24244.498082240705;13854.263325953838
../binary_PNG/binary_labels_mask_case_id_TCGA-DD-AAED_2_3_cell_expansion_15_0_threshold_0_5.png;24558.85250592036;15342.60157555579
../binary_PNG/binary_labels_mask_case_id_TCGA-G3-A7M6_1_3_cell_expansion_7_0_threshold_0_8.png;24049.902193871883;12015.197793114789
../binary_PNG/binary_labels_mask_case_id_TCGA-DD-AAED_3_0_cell_expansion_15_0_threshold_0_4.png;24766.25023140884;16886.645700374203
../binary_PNG/binary_labels_mask_case_id_TCGA-BC-A69I_2_0_cell_expansion_3_0_threshold_0_8.png;23132.230820657707;7291.032221967629
../binary_PNG/binary_labels_mask_case_id_TCGA-K7-AAU7_0_3_cell_expansion_1_0_threshold_0_7.png;22610.268384215284;4853.6600128284645
../binary_PNG/binary_labels_mask_case_id_TCGA-BC-A69I_1_3_cell_expansion_1_0_threshold_0_6.png;23177.95537616964;7785.002455366108
../binary_PNG/binary_labels_mask_case_id_TCGA-G3-A5SK_0_2_cell_expansion_11_0_threshold_0_8.png;23923.50870533143;11541.104940873583
../binary_PNG/binary_labels_mask_case_id_TCGA-CC-A8HT_2_2_cell_expansion_3_0_threshold_0_5.png;24454.70823825001;15414.60213335892
../binary_PNG/binary_labels_mask_case_id_TCGA-YA-A8S7_1_1_cell_expansion_5_0_threshold_0_7.png;24187.938443192703;13140.186961790849
../binary_PNG/binary_labels_mask_case_id_TCGA-K7-AAU7_3_2_cell_expansion_13_0_threshold_0_4.png;24366.17086545057;14683.233881228476
../binary_PNG/binary_labels_mask_case_id_TCGA-YA-A8S7_3_4_cell_expansion_15_0_threshold_0_5.png;22366.370087630068;3634.259233324692
../binary_PNG/binary_labels_mask_case_id_TCGA-DD-AAED_0_4_cell_expansion_7_0_threshold_0_5.png;24590.98114224021;15463.09068833973
../binary_PNG/binary_labels_mask_case_id_TCGA-G3-A7M6_1_2_cell_expansion_5_0_threshold_0_5.png;24890.608192729997;18755.561900130717
../binary_PNG/binary_labels_mask_case_id_TCGA-BC-A69I_4_0_cell_expansion_5_0_threshold_0_8.png;22874.338784277774;6260.372933684605
../binary_PNG/binary_labels_mask_case_id_TCGA-BC-A69I_2_1_cell_expansion_1_0_threshold_0_5.png;23096.80426119544;7531.030735401866
../binary_PNG/binary_labels_mask_case_id_TCGA-K7-AAU7_1_1_cell_expansion_1_0_threshold_0_5.png;23324.08410652271;8572.517015042125
../binary_PNG/binary_labels_mask_case_id_TCGA-CC-5261_1_1_cell_expansion_15_0_threshold_0_6.png;23836.47607159491;11449.236031751692
../binary_PNG/binary_labels_mask_case_id_TCGA-DD-AAED_1_1_cell_expansion_7_0_threshold_0_5.png;24681.692712114826;16127.021244878226
../binary_PNG/binary_labels_mask_case_id_TCGA-BC-A69I_0_1_cell_expansion_5_0_threshold_0_6.png;23973.48350268164;11959.259441084112
../binary_PNG/binary_labels_mask_case_id_TCGA-YA-A8S7_0_4_cell_expansion_5_0_threshold_0_7.png;23977.57022098794;12034.031648019514
../binary_PNG/binary_labels_mask_case_id_TCGA-CC-A3MA_1_1_cell_expansion_9_0_threshold_0_8.png;23784.65713911146;10640.35415008555
../binary_PNG/binary_labels_mask_case_id_TCGA-K7-AAU7_1_1_cell_expansion_5_0_threshold_0_7.png;22812.031483251976;5712.1635073539765
../binary_PNG/binary_labels_mask_case_id_TCGA-DD-AAED_0_4_cell_expansion_3_0_threshold_0_7.png;24044.527693053475;12324.050126992614
../binary_PNG/binary_labels_mask_case_id_TCGA-BC-A69I_4_1_cell_expansion_1_0_threshold_0_6.png;22848.97450075181;6074.546809792504
../binary_PNG/binary_labels_mask_case_id_TCGA-CC-A1HT_0_0_cell_expansion_5_0_threshold_0_8.png;22295.564725834272;3345.912720479547
../binary_PNG/binary_labels_mask_case_id_TCGA-CC-5261_4_1_cell_expansion_1_0_threshold_0_6.png;23848.68130500317;11630.700155522689
../binary_PNG/binary_labels_mask_case_id_TCGA-DD-AAED_2_0_cell_expansion_9_0_threshold_0_6.png;24397.500539379194;14544.540337269696
../binary_PNG/binary_labels_mask_case_id_TCGA-CC-5261_3_0_cell_expansion_15_0_threshold_0_4.png;24705.468522212537;16484.776885771847
../binary_PNG/binary_labels_mask_case_id_TCGA-CC-5261_3_2_cell_expansion_7_0_threshold_0_8.png;24002.64612844338;11793.495334344549
../binary_PNG/binary_labels_mask_case_id_TCGA-YA-A8S7_1_4_cell_expansion_9_0_threshold_0_8.png;22355.176649788933;3590.901340595223
../binary_PNG/binary_labels_mask_case_id_TCGA-CC-5261_2_3_cell_expansion_15_0_threshold_0_5.png;24789.830916857507;17060.73499634832
../binary_PNG/binary_labels_mask_case_id_TCGA-CC-A3MA_2_1_cell_expansion_5_0_threshold_0_6.png;24594.42230073756;15945.950325300908
../binary_PNG/binary_labels_mask_case_id_TCGA-CC-5261_1_3_cell_expansion_5_0_threshold_0_4.png;24618.62409437933;16188.752744766512
../binary_PNG/binary_labels_mask_case_id_TCGA-G3-A7M6_4_3_cell_expansion_11_0_threshold_0_4.png;24471.397977090684;15011.6540542051
../binary_PNG/binary_labels_mask_case_id_TCGA-CC-A1HT_3_3_cell_expansion_5_0_threshold_0_7.png;24523.50920270139;15119.087503659795
../binary_PNG/binary_labels_mask_case_id_TCGA-G3-A5SK_2_2_cell_expansion_1_0_threshold_0_5.png;23359.18913167324;8847.026802185519
../binary_PNG/binary_labels_mask_case_id_TCGA-G3-A5SK_0_2_cell_expansion_1_0_threshold_0_4.png;23126.32032784236;7568.171982703669
../binary_PNG/binary_labels_mask_case_id_TCGA-DD-AAED_0_2_cell_expansion_13_0_threshold_0_4.png;24706.192837165912;16701.78516331612
../binary_PNG/binary_labels_mask_case_id_TCGA-CC-A3MA_0_1_cell_expansion_15_0_threshold_0_6.png;23313.81225800492;8452.470929807401
../binary_PNG/binary_labels_mask_case_id_TCGA-CC-A1HT_4_0_cell_expansion_1_0_threshold_0_8.png;22535.32831552812;4558.158023812022
../binary_PNG/binary_labels_mask_case_id_TCGA-CC-A8HT_3_4_cell_expansion_9_0_threshold_0_7.png;23682.03343288463;10278.831379255353
../binary_PNG/binary_labels_mask_case_id_TCGA-K7-AAU7_1_3_cell_expansion_11_0_threshold_0_7.png;22506.475532548266;4273.892829821833
../binary_PNG/binary_labels_mask_case_id_TCGA-G3-A5SK_1_3_cell_expansion_11_0_threshold_0_6.png;24332.142334670465;14184.51454199391
../binary_PNG/binary_labels_mask_case_id_TCGA-G3-A5SK_3_0_cell_expansion_7_0_threshold_0_4.png;24638.86008731926;16256.747648454277
../binary_PNG/binary_labels_mask_case_id_TCGA-YA-A8S7_0_2_cell_expansion_11_0_threshold_0_5.png;24705.610537353685;16370.078144192988
../binary_PNG/binary_labels_mask_case_id_TCGA-G3-A7M6_2_3_cell_expansion_9_0_threshold_0_7.png;24184.229736611247;12980.8393486311
../binary_PNG/binary_labels_mask_case_id_TCGA-DD-AAED_2_0_cell_expansion_11_0_threshold_0_6.png;24420.32153760208;14669.998094196711
../binary_PNG/binary_labels_mask_case_id_TCGA-K7-AAU7_1_3_cell_expansion_13_0_threshold_0_6.png;22912.616589521465;6187.228367421732
../binary_PNG/binary_labels_mask_case_id_TCGA-DD-AAED_3_3_cell_expansion_13_0_threshold_0_6.png;24796.706232814427;17199.62908691906
../binary_PNG/binary_labels_mask_case_id_TCGA-CC-5261_4_1_cell_expansion_7_0_threshold_0_5.png;24779.660061854825;17262.856097039148
../binary_PNG/binary_labels_mask_case_id_TCGA-YA-A8S7_1_1_cell_expansion_13_0_threshold_0_5.png;24739.300477195357;16682.422684001802
../binary_PNG/binary_labels_mask_case_id_TCGA-CC-5261_1_4_cell_expansion_7_0_threshold_0_7.png;24340.1114941781;14173.452524224776
../binary_PNG/binary_labels_mask_case_id_TCGA-CC-A3MA_4_0_cell_expansion_7_0_threshold_0_8.png;23431.613096904654;8736.79879522524
../binary_PNG/binary_labels_mask_case_id_TCGA-G3-A5SK_3_0_cell_expansion_5_0_threshold_0_5.png;24512.623115354385;15512.232379275283
../binary_PNG/binary_labels_mask_case_id_TCGA-CC-A8HT_0_2_cell_expansion_11_0_threshold_0_7.png;24019.362316163155;11770.071035540808
../binary_PNG/binary_labels_mask_case_id_TCGA-CC-A8HT_4_1_cell_expansion_9_0_threshold_0_4.png;24451.740424438016;15015.33053206241
../binary_PNG/binary_labels_mask_case_id_TCGA-G3-A5SK_0_4_cell_expansion_15_0_threshold_0_4.png;24307.19367557769;13822.254008648191
../binary_PNG/binary_labels_mask_case_id_TCGA-CC-A3MA_0_1_cell_expansion_11_0_threshold_0_4.png;23434.199576267973;9214.007535969187
../binary_PNG/binary_labels_mask_case_id_TCGA-CC-5261_0_0_cell_expansion_9_0_threshold_0_7.png;24572.070693418107;15702.625314461806
../binary_PNG/binary_labels_mask_case_id_TCGA-G3-A5SK_0_4_cell_expansion_9_0_threshold_0_5.png;24287.9147307874;13629.720262845543
../binary_PNG/binary_labels_mask_case_id_TCGA-YA-A8S7_4_1_cell_expansion_7_0_threshold_0_6.png;24701.46152049427;16640.925873261913
../binary_PNG/binary_labels_mask_case_id_TCGA-K7-AAU7_1_3_cell_expansion_7_0_threshold_0_6.png;22895.491271811465;6120.5978861814965
../binary_PNG/binary_labels_mask_case_id_TCGA-DD-AAED_3_3_cell_expansion_5_0_threshold_0_5.png;24783.4238856295;17169.90106673647
../binary_PNG/binary_labels_mask_case_id_TCGA-YA-A8S7_3_3_cell_expansion_1_0_threshold_0_4.png;22420.862210136787;3960.058638566922
../binary_PNG/binary_labels_mask_case_id_TCGA-YA-A8S7_4_3_cell_expansion_11_0_threshold_0_7.png;22295.564725834272;3345.912720479547
../binary_PNG/binary_labels_mask_case_id_TCGA-CC-A8HT_4_3_cell_expansion_13_0_threshold_0_4.png;24533.94715762016;15395.171323738256
../binary_PNG/binary_labels_mask_case_id_TCGA-BC-A69I_3_0_cell_expansion_15_0_threshold_0_8.png;23752.61877438549;10321.150835834796
../binary_PNG/binary_labels_mask_case_id_TCGA-YA-A8S7_1_3_cell_expansion_1_0_threshold_0_5.png;23531.365783664754;9733.151851542492
../binary_PNG/binary_labels_mask_case_id_TCGA-DD-AAED_1_2_cell_expansion_5_0_threshold_0_8.png;23885.18479289215;11183.865302840384
../binary_PNG/binary_labels_mask_case_id_TCGA-BC-A69I_1_0_cell_expansion_5_0_threshold_0_8.png;23193.037722669436;7626.755767814502
../binary_PNG/binary_labels_mask_case_id_TCGA-CC-A3MA_2_0_cell_expansion_9_0_threshold_0_7.png;24427.84112820123;14405.123722902445
../binary_PNG/binary_labels_mask_case_id_TCGA-K7-AAU7_0_0_cell_expansion_7_0_threshold_0_8.png;22295.564725834272;3345.912720479547
../binary_PNG/binary_labels_mask_case_id_TCGA-BC-A69I_0_4_cell_expansion_13_0_threshold_0_6.png;24547.28017674192;15073.219657001891
../binary_PNG/binary_labels_mask_case_id_TCGA-YA-A8S7_1_4_cell_expansion_5_0_threshold_0_5.png;22476.109583978054;4179.473500607105
../binary_PNG/binary_labels_mask_case_id_TCGA-K7-AAU7_0_1_cell_expansion_7_0_threshold_0_4.png;23354.578969136943;8705.448866794588
../binary_PNG/binary_labels_mask_case_id_TCGA-CC-A8HT_4_3_cell_expansion_11_0_threshold_0_5.png;24424.294202876383;14542.910571309514
../binary_PNG/binary_labels_mask_case_id_TCGA-CC-A8HT_0_0_cell_expansion_5_0_threshold_0_7.png;24280.310939130755;13928.1080179566
../binary_PNG/binary_labels_mask_case_id_TCGA-CC-A8HT_4_0_cell_expansion_5_0_threshold_0_5.png;24334.873724164587;14122.569098259788
../binary_PNG/binary_labels_mask_case_id_TCGA-DD-AAED_0_1_cell_expansion_1_0_threshold_0_4.png;23721.14066899941;10779.09866929605
../binary_PNG/binary_labels_mask_case_id_TCGA-DD-AAED_1_3_cell_expansion_3_0_threshold_0_7.png;24081.223654275305;12607.826144306662
../binary_PNG/binary_labels_mask_case_id_TCGA-K7-AAU7_2_1_cell_expansion_3_0_threshold_0_7.png;22598.96986934333;4812.597461167143
../binary_PNG/binary_labels_mask_case_id_TCGA-YA-A8S7_0_1_cell_expansion_5_0_threshold_0_5.png;24586.221883743645;15925.089206564042
../binary_PNG/binary_labels_mask_case_id_TCGA-G3-A7M6_3_3_cell_expansion_15_0_threshold_0_6.png;24425.530561282678;14373.791820084014
../binary_PNG/binary_labels_mask_case_id_TCGA-G3-A5SK_4_1_cell_expansion_15_0_threshold_0_7.png;24250.00263551796;13317.918683085449
../binary_PNG/binary_labels_mask_case_id_TCGA-CC-A8HT_1_2_cell_expansion_1_0_threshold_0_7.png;22891.131120139733;6434.624999169389
../binary_PNG/binary_labels_mask_case_id_TCGA-K7-AAU7_0_1_cell_expansion_1_0_threshold_0_7.png;22405.87682179723;3912.32491533974
../binary_PNG/binary_labels_mask_case_id_TCGA-CC-A8HT_4_1_cell_expansion_7_0_threshold_0_8.png;22736.344150933262;5413.956054277325
../binary_PNG/binary_labels_mask_case_id_TCGA-CC-A8HT_2_0_cell_expansion_3_0_threshold_0_5.png;24327.32466778758;14408.317555408084
../binary_PNG/binary_labels_mask_case_id_TCGA-G3-A7M6_1_1_cell_expansion_13_0_threshold_0_6.png;24450.06764386626;14918.375994266164
../binary_PNG/binary_labels_mask_case_id_TCGA-CC-A1HT_2_4_cell_expansion_15_0_threshold_0_6.png;24768.4204069068;16706.095329494237
../binary_PNG/binary_labels_mask_case_id_TCGA-YA-A8S7_3_3_cell_expansion_7_0_threshold_0_7.png;22645.71752899366;5024.853358457916
../binary_PNG/binary_labels_mask_case_id_TCGA-CC-A8HT_1_2_cell_expansion_3_0_threshold_0_6.png;23781.123103645245;11218.66083168115
../binary_PNG/binary_labels_mask_case_id_TCGA-CC-A8HT_0_0_cell_expansion_1_0_threshold_0_5.png;23793.14527310691;11295.566461208273
../binary_PNG/binary_labels_mask_case_id_TCGA-YA-A8S7_2_1_cell_expansion_5_0_threshold_0_4.png;24453.003010197004;14772.002275369348
../binary_PNG/binary_labels_mask_case_id_TCGA-YA-A8S7_1_4_cell_expansion_1_0_threshold_0_7.png;22324.399188636824;3474.6966524015465
../binary_PNG/binary_labels_mask_case_id_TCGA-CC-A3MA_4_0_cell_expansion_15_0_threshold_0_4.png;24911.566762127924;18363.436687810325
../binary_PNG/binary_labels_mask_case_id_TCGA-BC-A69I_3_2_cell_expansion_13_0_threshold_0_4.png;24357.873786646327;13975.423056134388
../binary_PNG/binary_labels_mask_case_id_TCGA-G3-A7M6_1_3_cell_expansion_9_0_threshold_0_4.png;24659.776552595453;16163.427917226283
../binary_PNG/binary_labels_mask_case_id_TCGA-CC-A1HT_1_1_cell_expansion_3_0_threshold_0_5.png;23855.996330829217;11516.237059072442
../binary_PNG/binary_labels_mask_case_id_TCGA-CC-A1HT_4_4_cell_expansion_3_0_threshold_0_7.png;23202.55057491953;7876.18767603742
../binary_PNG/binary_labels_mask_case_id_TCGA-CC-5261_4_2_cell_expansion_5_0_threshold_0_8.png;23895.059142158083;11304.80620065916
../binary_PNG/binary_labels_mask_case_id_TCGA-CC-A1HT_3_1_cell_expansion_1_0_threshold_0_5.png;23116.987890023105;7520.744723974399
../binary_PNG/binary_labels_mask_case_id_TCGA-CC-A3MA_4_3_cell_expansion_5_0_threshold_0_5.png;24718.23200494986;16719.51992145845
../binary_PNG/binary_labels_mask_case_id_TCGA-G3-A7M6_3_0_cell_expansion_13_0_threshold_0_4.png;24672.060026517374;16215.805382502887
../binary_PNG/binary_labels_mask_case_id_TCGA-YA-A8S7_4_0_cell_expansion_13_0_threshold_0_7.png;24519.47384763073;15166.37476305444
../binary_PNG/binary_labels_mask_case_id_TCGA-CC-A1HT_4_4_cell_expansion_1_0_threshold_0_6.png;23100.212167348567;7438.929937908998
../binary_PNG/binary_labels_mask_case_id_TCGA-G3-A7M6_2_3_cell_expansion_13_0_threshold_0_5.png;24540.329275528544;15454.238697862198
../binary_PNG/binary_labels_mask_case_id_TCGA-BC-A69I_2_1_cell_expansion_11_0_threshold_0_4.png;24357.3015284828;14141.247706371734
../binary_PNG/binary_labels_mask_case_id_TCGA-CC-A1HT_0_2_cell_expansion_5_0_threshold_0_8.png;22354.41768650095;3640.528353202692
../binary_PNG/binary_labels_mask_case_id_TCGA-CC-A3MA_3_1_cell_expansion_7_0_threshold_0_5.png;24840.01790784859;17892.83065650392
../binary_PNG/binary_labels_mask_case_id_TCGA-CC-A1HT_3_0_cell_expansion_11_0_threshold_0_5.png;24801.54030558177;17506.253824506704
../binary_PNG/binary_labels_mask_case_id_TCGA-CC-A8HT_3_1_cell_expansion_9_0_threshold_0_5.png;24334.735407701854;13945.217575232342
../binary_PNG/binary_labels_mask_case_id_TCGA-CC-A1HT_0_0_cell_expansion_13_0_threshold_0_8.png;22295.564725834272;3345.912720479547
../binary_PNG/binary_labels_mask_case_id_TCGA-CC-A8HT_1_0_cell_expansion_9_0_threshold_0_8.png;22739.162706481056;5333.85918761413
../binary_PNG/binary_labels_mask_case_id_TCGA-CC-A3MA_2_4_cell_expansion_3_0_threshold_0_7.png;23990.438000944927;12059.170688443322
../binary_PNG/binary_labels_mask_case_id_TCGA-YA-A8S7_4_1_cell_expansion_11_0_threshold_0_8.png;23199.67441767619;7517.449026547865
../binary_PNG/binary_labels_mask_case_id_TCGA-BC-A69I_3_3_cell_expansion_9_0_threshold_0_8.png;23989.41727870197;11529.175630515563
../binary_PNG/binary_labels_mask_case_id_TCGA-K7-AAU7_3_0_cell_expansion_9_0_threshold_0_7.png;23223.16563290989;7897.580909177912
../binary_PNG/binary_labels_mask_case_id_TCGA-G3-A5SK_2_0_cell_expansion_3_0_threshold_0_4.png;24049.12961852568;12866.174285114936
../binary_PNG/binary_labels_mask_case_id_TCGA-CC-A3MA_0_4_cell_expansion_1_0_threshold_0_7.png;22714.47873178828;5384.995279721774
../binary_PNG/binary_labels_mask_case_id_TCGA-G3-A5SK_0_1_cell_expansion_5_0_threshold_0_6.png;24310.69941986551;14078.936850698265
../binary_PNG/binary_labels_mask_case_id_TCGA-K7-AAU7_4_3_cell_expansion_15_0_threshold_0_5.png;24699.52658904248;16803.23543070352
../binary_PNG/binary_labels_mask_case_id_TCGA-CC-A1HT_0_0_cell_expansion_15_0_threshold_0_7.png;23064.32804127379;6987.448047944502
../binary_PNG/binary_labels_mask_case_id_TCGA-CC-5261_4_2_cell_expansion_11_0_threshold_0_5.png;24834.73697346155;17732.66823800973
../binary_PNG/binary_labels_mask_case_id_TCGA-CC-A1HT_3_4_cell_expansion_11_0_threshold_0_8.png;23122.08984501041;7344.803327167212
../binary_PNG/binary_labels_mask_case_id_TCGA-G3-A5SK_1_3_cell_expansion_5_0_threshold_0_4.png;24257.323259586174;13790.83078704498
../binary_PNG/binary_labels_mask_case_id_TCGA-CC-A1HT_4_2_cell_expansion_7_0_threshold_0_7.png;24301.730266546845;13649.911447833312
../binary_PNG/binary_labels_mask_case_id_TCGA-CC-A8HT_0_4_cell_expansion_9_0_threshold_0_8.png;22921.33579308934;6326.2642869443625
../binary_PNG/binary_labels_mask_case_id_TCGA-CC-5261_4_4_cell_expansion_1_0_threshold_0_8.png;23108.9891824366;7414.512101678065
../binary_PNG/binary_labels_mask_case_id_TCGA-G3-A5SK_0_1_cell_expansion_1_0_threshold_0_4.png;23370.49596751915;8922.017222248143
../binary_PNG/binary_labels_mask_case_id_TCGA-CC-A3MA_4_2_cell_expansion_13_0_threshold_0_4.png;24054.540092541563;12716.037154888294
../binary_PNG/binary_labels_mask_case_id_TCGA-CC-A8HT_4_4_cell_expansion_13_0_threshold_0_8.png;22857.975998298367;5868.171378034763
../binary_PNG/binary_labels_mask_case_id_TCGA-CC-A3MA_0_2_cell_expansion_5_0_threshold_0_7.png;24551.5851287738;15523.97237208178
../binary_PNG/binary_labels_mask_case_id_TCGA-G3-A7M6_1_3_cell_expansion_15_0_threshold_0_6.png;24562.012067851465;15524.36357572982
../binary_PNG/binary_labels_mask_case_id_TCGA-CC-5261_4_2_cell_expansion_15_0_threshold_0_7.png;24723.651751493904;16630.797461895905
../binary_PNG/binary_labels_mask_case_id_TCGA-CC-A1HT_3_0_cell_expansion_7_0_threshold_0_6.png;24557.3442695337;15680.83478695271
../binary_PNG/binary_labels_mask_case_id_TCGA-YA-A8S7_4_1_cell_expansion_13_0_threshold_0_5.png;24759.16714387281;17104.647945583718
../binary_PNG/binary_labels_mask_case_id_TCGA-CC-A3MA_1_0_cell_expansion_5_0_threshold_0_5.png;24786.094914806126;17107.332752020673
../binary_PNG/binary_labels_mask_case_id_TCGA-CC-A1HT_0_4_cell_expansion_1_0_threshold_0_8.png;22374.66811193319;3738.149909224523
../binary_PNG/binary_labels_mask_case_id_TCGA-BC-A69I_1_3_cell_expansion_9_0_threshold_0_5.png;24541.177860796157;15122.422545921956
../binary_PNG/binary_labels_mask_case_id_TCGA-DD-AAED_1_1_cell_expansion_9_0_threshold_0_5.png;24709.924593618343;16274.035823942362
../binary_PNG/binary_labels_mask_case_id_TCGA-CC-A1HT_4_2_cell_expansion_3_0_threshold_0_5.png;24273.90110837288;13899.530376883631
../binary_PNG/binary_labels_mask_case_id_TCGA-BC-A69I_1_1_cell_expansion_15_0_threshold_0_6.png;24244.17417649219;13257.176632915149
../binary_PNG/binary_labels_mask_case_id_TCGA-CC-A1HT_3_3_cell_expansion_9_0_threshold_0_6.png;24692.68743451672;16246.686736328014
../binary_PNG/binary_labels_mask_case_id_TCGA-G3-A7M6_2_2_cell_expansion_1_0_threshold_0_8.png;22675.947294111407;5271.85066202434
../binary_PNG/binary_labels_mask_case_id_TCGA-G3-A5SK_4_2_cell_expansion_9_0_threshold_0_5.png;24395.288307127004;14265.951968680934
../binary_PNG/binary_labels_mask_case_id_TCGA-CC-A1HT_3_2_cell_expansion_11_0_threshold_0_6.png;24682.526835886463;15971.922165064369
../binary_PNG/binary_labels_mask_case_id_TCGA-BC-A69I_3_4_cell_expansion_11_0_threshold_0_7.png;24311.557877676663;13806.09520923541
../binary_PNG/binary_labels_mask_case_id_TCGA-G3-A5SK_4_0_cell_expansion_15_0_threshold_0_5.png;24312.501274546463;13631.20830682918
../binary_PNG/binary_labels_mask_case_id_TCGA-CC-A1HT_0_1_cell_expansion_9_0_threshold_0_5.png;24875.29617574625;18136.001331551022
../binary_PNG/binary_labels_mask_case_id_TCGA-G3-A5SK_4_1_cell_expansion_13_0_threshold_0_8.png;23636.715595668145;9772.765668760974
../binary_PNG/binary_labels_mask_case_id_TCGA-CC-A8HT_1_3_cell_expansion_7_0_threshold_0_4.png;24666.75196797711;16428.951532500112
../binary_PNG/binary_labels_mask_case_id_TCGA-CC-A1HT_2_0_cell_expansion_9_0_threshold_0_8.png;22339.230536879662;3582.854430923617
../binary_PNG/binary_labels_mask_case_id_TCGA-BC-A69I_2_2_cell_expansion_13_0_threshold_0_8.png;23608.75981292597;9501.697451671853
../binary_PNG/binary_labels_mask_case_id_TCGA-CC-A8HT_2_1_cell_expansion_5_0_threshold_0_6.png;24611.478131795364;16006.034170715426
../binary_PNG/binary_labels_mask_case_id_TCGA-G3-A7M6_2_3_cell_expansion_3_0_threshold_0_5.png;23944.41023067592;12057.321252571928
../binary_PNG/binary_labels_mask_case_id_TCGA-K7-AAU7_2_0_cell_expansion_7_0_threshold_0_5.png;22688.89351330369;5154.680103519679
../binary_PNG/binary_labels_mask_case_id_TCGA-CC-A8HT_1_4_cell_expansion_1_0_threshold_0_5.png;23521.67961446277;9555.946158764136
../binary_PNG/binary_labels_mask_case_id_TCGA-DD-AAED_1_2_cell_expansion_7_0_threshold_0_5.png;24646.68471123788;16080.67435839633
../binary_PNG/binary_labels_mask_case_id_TCGA-BC-A69I_0_2_cell_expansion_5_0_threshold_0_6.png;23463.41524688599;9270.49580356066
../binary_PNG/binary_labels_mask_case_id_TCGA-G3-A7M6_0_3_cell_expansion_13_0_threshold_0_5.png;24560.829270751183;15387.13775077006
../binary_PNG/binary_labels_mask_case_id_TCGA-BC-A69I_4_2_cell_expansion_3_0_threshold_0_7.png;23282.221749159944;8200.037952847239
../binary_PNG/binary_labels_mask_case_id_TCGA-G3-A7M6_0_3_cell_expansion_1_0_threshold_0_5.png;23140.504445835573;7612.922062759571
../binary_PNG/binary_labels_mask_case_id_TCGA-CC-A8HT_4_1_cell_expansion_7_0_threshold_0_4.png;24429.934601020384;14864.600000401562
../binary_PNG/binary_labels_mask_case_id_TCGA-BC-A69I_4_3_cell_expansion_5_0_threshold_0_8.png;22798.31906875164;5759.229074039627
../binary_PNG/binary_labels_mask_case_id_TCGA-CC-A1HT_2_0_cell_expansion_13_0_threshold_0_8.png;22339.230536879662;3582.854430923617
../binary_PNG/binary_labels_mask_case_id_TCGA-CC-A1HT_1_0_cell_expansion_11_0_threshold_0_5.png;24512.20499727021;15510.830962795231
../binary_PNG/binary_labels_mask_case_id_TCGA-CC-A8HT_3_3_cell_expansion_3_0_threshold_0_7.png;23326.21941864063;8545.913386863838
../binary_PNG/binary_labels_mask_case_id_TCGA-CC-A8HT_2_1_cell_expansion_1_0_threshold_0_4.png;23783.750087546192;11273.924749457889
../binary_PNG/binary_labels_mask_case_id_TCGA-YA-A8S7_0_0_cell_expansion_5_0_threshold_0_5.png;24406.38992923304;14677.487150576282
../binary_PNG/binary_labels_mask_case_id_TCGA-G3-A5SK_4_0_cell_expansion_13_0_threshold_0_6.png;24276.836295177367;13449.255932774162
../binary_PNG/binary_labels_mask_case_id_TCGA-CC-A8HT_0_0_cell_expansion_3_0_threshold_0_8.png;22724.09425291965;5382.768196010244
../binary_PNG/binary_labels_mask_case_id_TCGA-G3-A7M6_4_4_cell_expansion_7_0_threshold_0_6.png;24321.779480699926;13693.453097061012
../binary_PNG/binary_labels_mask_case_id_TCGA-BC-A69I_0_4_cell_expansion_5_0_threshold_0_8.png;23311.85034171524;8161.156214754566
../binary_PNG/binary_labels_mask_case_id_TCGA-YA-A8S7_2_0_cell_expansion_7_0_threshold_0_5.png;24797.174714768684;17473.994454963096
../binary_PNG/binary_labels_mask_case_id_TCGA-CC-A8HT_0_1_cell_expansion_3_0_threshold_0_4.png;24432.04947478688;14951.172837104485
../binary_PNG/binary_labels_mask_case_id_TCGA-BC-A69I_2_3_cell_expansion_3_0_threshold_0_8.png;23153.505303562783;7386.448157472698
../binary_PNG/binary_labels_mask_case_id_TCGA-BC-A69I_2_2_cell_expansion_3_0_threshold_0_4.png;23860.598277294743;11256.504771053222
../binary_PNG/binary_labels_mask_case_id_TCGA-DD-AAED_2_4_cell_expansion_13_0_threshold_0_8.png;24199.582578553254;12803.358693270036
../binary_PNG/binary_labels_mask_case_id_TCGA-YA-A8S7_0_3_cell_expansion_13_0_threshold_0_4.png;24800.22606521008;17322.698219475213
../binary_PNG/binary_labels_mask_case_id_TCGA-BC-A69I_4_4_cell_expansion_9_0_threshold_0_5.png;24601.06141141357;15684.897207432728
../binary_PNG/binary_labels_mask_case_id_TCGA-CC-A3MA_0_1_cell_expansion_7_0_threshold_0_8.png;22651.16283463424;4948.054865836151
../binary_PNG/binary_labels_mask_case_id_TCGA-YA-A8S7_4_0_cell_expansion_9_0_threshold_0_8.png;23102.518626316647;7157.419823412239
../binary_PNG/binary_labels_mask_case_id_TCGA-YA-A8S7_1_4_cell_expansion_9_0_threshold_0_6.png;22430.50122356052;3938.0238721903743
../binary_PNG/binary_labels_mask_case_id_TCGA-CC-5261_4_0_cell_expansion_1_0_threshold_0_4.png;23813.01570817136;11434.506219637406
../binary_PNG/binary_labels_mask_case_id_TCGA-CC-A1HT_1_2_cell_expansion_7_0_threshold_0_5.png;24454.00323257879;14828.266368789682
../binary_PNG/binary_labels_mask_case_id_TCGA-CC-A3MA_3_0_cell_expansion_11_0_threshold_0_8.png;22295.564725834272;3345.912720479547
../binary_PNG/binary_labels_mask_case_id_TCGA-CC-5261_2_1_cell_expansion_7_0_threshold_0_8.png;23630.44008331214;9849.084604398391
../binary_PNG/binary_labels_mask_case_id_TCGA-G3-A5SK_2_4_cell_expansion_7_0_threshold_0_6.png;24634.129449020733;15976.863436447842
../binary_PNG/binary_labels_mask_case_id_TCGA-CC-5261_0_0_cell_expansion_15_0_threshold_0_6.png;24714.663017214145;16620.13595910209
../binary_PNG/binary_labels_mask_case_id_TCGA-K7-AAU7_3_1_cell_expansion_15_0_threshold_0_8.png;22295.564725834272;3345.912720479547
../binary_PNG/binary_labels_mask_case_id_TCGA-CC-A3MA_3_1_cell_expansion_11_0_threshold_0_6.png;24756.446375541254;17081.427010837506
../binary_PNG/binary_labels_mask_case_id_TCGA-CC-5261_3_4_cell_expansion_7_0_threshold_0_8.png;23717.99703651165;10203.165844961552
../binary_PNG/binary_labels_mask_case_id_TCGA-CC-A8HT_0_2_cell_expansion_13_0_threshold_0_8.png;22893.75995381425;6181.872383045098
../binary_PNG/binary_labels_mask_case_id_TCGA-CC-A8HT_1_0_cell_expansion_15_0_threshold_0_4.png;24795.02679459213;17441.700514878736
../binary_PNG/binary_labels_mask_case_id_TCGA-G3-A5SK_2_3_cell_expansion_13_0_threshold_0_5.png;24487.556984437146;15233.811826104818
../binary_PNG/binary_labels_mask_case_id_TCGA-DD-AAED_4_1_cell_expansion_9_0_threshold_0_7.png;24589.01021922527;15446.597569531432
../binary_PNG/binary_labels_mask_case_id_TCGA-CC-A1HT_1_2_cell_expansion_3_0_threshold_0_7.png;23368.34876401935;8624.88057956122
../binary_PNG/binary_labels_mask_case_id_TCGA-CC-A1HT_0_0_cell_expansion_1_0_threshold_0_4.png;23296.98835689115;8519.633467646996
../binary_PNG/binary_labels_mask_case_id_TCGA-DD-AAED_0_3_cell_expansion_13_0_threshold_0_4.png;24735.852420512747;16715.7791702678
../binary_PNG/binary_labels_mask_case_id_TCGA-CC-5261_3_2_cell_expansion_3_0_threshold_0_4.png;24343.96901985546;14468.125447960902
../binary_PNG/binary_labels_mask_case_id_TCGA-CC-A1HT_2_0_cell_expansion_1_0_threshold_0_5.png;23008.612133742048;7043.015554893595
../binary_PNG/binary_labels_mask_case_id_TCGA-BC-A69I_4_1_cell_expansion_15_0_threshold_0_8.png;23160.24195869537;7259.661484306198
../binary_PNG/binary_labels_mask_case_id_TCGA-YA-A8S7_0_1_cell_expansion_9_0_threshold_0_6.png;24590.491442320366;15705.0187896694
../binary_PNG/binary_labels_mask_case_id_TCGA-G3-A5SK_2_2_cell_expansion_7_0_threshold_0_8.png;23827.927533283204;10858.834375308748
../binary_PNG/binary_labels_mask_case_id_TCGA-YA-A8S7_0_3_cell_expansion_15_0_threshold_0_7.png;24492.478723720928;14944.730731162035
../binary_PNG/binary_labels_mask_case_id_TCGA-BC-A69I_0_4_cell_expansion_9_0_threshold_0_7.png;24314.52290521404;13604.653054427175
../binary_PNG/binary_labels_mask_case_id_TCGA-K7-AAU7_1_2_cell_expansion_15_0_threshold_0_5.png;24199.57771761743;13475.221725729058
../binary_PNG/binary_labels_mask_case_id_TCGA-DD-AAED_3_4_cell_expansion_13_0_threshold_0_8.png;23819.851958618918;10976.69634999587
../binary_PNG/binary_labels_mask_case_id_TCGA-CC-5261_0_4_cell_expansion_9_0_threshold_0_7.png;24381.012130542596;14532.20977658949
../binary_PNG/binary_labels_mask_case_id_TCGA-G3-A7M6_0_1_cell_expansion_5_0_threshold_0_5.png;24272.413076506265;13812.195261523297
../binary_PNG/binary_labels_mask_case_id_TCGA-CC-5261_2_1_cell_expansion_13_0_threshold_0_7.png;24343.76497415233;13987.266068094796
../binary_PNG/binary_labels_mask_case_id_TCGA-K7-AAU7_4_3_cell_expansion_7_0_threshold_0_8.png;22718.53034295779;5333.159009020529
../binary_PNG/binary_labels_mask_case_id_TCGA-CC-A8HT_0_4_cell_expansion_7_0_threshold_0_6.png;24486.2247436158;15028.30550364994
../binary_PNG/binary_labels_mask_case_id_TCGA-CC-5261_1_4_cell_expansion_11_0_threshold_0_5.png;24692.935017772605;16385.747928999568
../binary_PNG/binary_labels_mask_case_id_TCGA-CC-A8HT_1_3_cell_expansion_13_0_threshold_0_6.png;24509.25186767717;15226.122580644838
../binary_PNG/binary_labels_mask_case_id_TCGA-K7-AAU7_0_3_cell_expansion_3_0_threshold_0_8.png;22295.564725834272;3345.912720479547
../binary_PNG/binary_labels_mask_case_id_TCGA-CC-A8HT_2_4_cell_expansion_7_0_threshold_0_7.png;23999.094046129347;11673.42389274858
../binary_PNG/binary_labels_mask_case_id_TCGA-BC-A69I_1_4_cell_expansion_5_0_threshold_0_8.png;22998.821855673523;6710.124414622819
../binary_PNG/binary_labels_mask_case_id_TCGA-G3-A7M6_0_1_cell_expansion_7_0_threshold_0_4.png;24530.180518678117;15366.234393066276
../binary_PNG/binary_labels_mask_case_id_TCGA-K7-AAU7_2_4_cell_expansion_5_0_threshold_0_8.png;22674.04715773252;5015.641774072059
../binary_PNG/binary_labels_mask_case_id_TCGA-CC-A3MA_1_1_cell_expansion_15_0_threshold_0_8.png;23836.450260409743;10892.022045717971
../binary_PNG/binary_labels_mask_case_id_TCGA-CC-5261_3_2_cell_expansion_11_0_threshold_0_7.png;24518.07507760639;14943.800179931915
../binary_PNG/binary_labels_mask_case_id_TCGA-CC-A8HT_0_0_cell_expansion_13_0_threshold_0_7.png;24510.18649494397;15225.12814975244
../binary_PNG/binary_labels_mask_case_id_TCGA-BC-A69I_1_3_cell_expansion_1_0_threshold_0_8.png;22652.82507410712;5083.9807054550565
../binary_PNG/binary_labels_mask_case_id_TCGA-CC-A3MA_0_3_cell_expansion_9_0_threshold_0_4.png;24872.547822421096;17830.792715132367
../binary_PNG/binary_labels_mask_case_id_TCGA-CC-A8HT_0_0_cell_expansion_15_0_threshold_0_4.png;24873.705021639904;18044.61055141837
../binary_PNG/binary_labels_mask_case_id_TCGA-CC-A8HT_3_1_cell_expansion_11_0_threshold_0_4.png;24421.55176738375;14553.41690869839
../binary_PNG/binary_labels_mask_case_id_TCGA-G3-A7M6_4_1_cell_expansion_7_0_threshold_0_6.png;24335.287768395287;13959.790519736403
../binary_PNG/binary_labels_mask_case_id_TCGA-G3-A5SK_0_3_cell_expansion_11_0_threshold_0_8.png;23476.82835550468;9198.981646087574
../binary_PNG/binary_labels_mask_case_id_TCGA-K7-AAU7_4_2_cell_expansion_3_0_threshold_0_6.png;24005.312804380854;12540.299409812103
../binary_PNG/binary_labels_mask_case_id_TCGA-YA-A8S7_0_4_cell_expansion_11_0_threshold_0_5.png;24639.926605585315;16239.659722008711
../binary_PNG/binary_labels_mask_case_id_TCGA-YA-A8S7_1_0_cell_expansion_3_0_threshold_0_6.png;23715.09792765987;10524.749430442953
../binary_PNG/binary_labels_mask_case_id_TCGA-DD-AAED_4_2_cell_expansion_1_0_threshold_0_4.png;23664.785330466148;10658.00428244151
../binary_PNG/binary_labels_mask_case_id_TCGA-CC-5261_3_3_cell_expansion_13_0_threshold_0_8.png;24128.593812368737;12442.05095452775
../binary_PNG/binary_labels_mask_case_id_TCGA-BC-A69I_4_1_cell_expansion_1_0_threshold_0_8.png;22517.65411365252;4406.147177436299
../binary_PNG/binary_labels_mask_case_id_TCGA-DD-AAED_3_0_cell_expansion_7_0_threshold_0_6.png;24671.493631284407;16166.814455498748
../binary_PNG/binary_labels_mask_case_id_TCGA-YA-A8S7_4_2_cell_expansion_5_0_threshold_0_5.png;23007.47413074123;6776.134241021322
../binary_PNG/binary_labels_mask_case_id_TCGA-BC-A69I_3_2_cell_expansion_7_0_threshold_0_6.png;23876.621973939215;11178.59576224261
../binary_PNG/binary_labels_mask_case_id_TCGA-G3-A7M6_3_4_cell_expansion_7_0_threshold_0_5.png;24703.091627300146;16641.043357423554
../binary_PNG/binary_labels_mask_case_id_TCGA-CC-A3MA_2_4_cell_expansion_13_0_threshold_0_8.png;23842.521534242213;10839.412467015414
../binary_PNG/binary_labels_mask_case_id_TCGA-YA-A8S7_2_2_cell_expansion_11_0_threshold_0_7.png;24188.55211918829;12622.40484359764
../binary_PNG/binary_labels_mask_case_id_TCGA-G3-A5SK_2_0_cell_expansion_11_0_threshold_0_5.png;24584.064115156518;15931.549907384957
../binary_PNG/binary_labels_mask_case_id_TCGA-G3-A5SK_0_2_cell_expansion_15_0_threshold_0_4.png;24535.204873363786;15356.829538523993
../binary_PNG/binary_labels_mask_case_id_TCGA-YA-A8S7_0_4_cell_expansion_13_0_threshold_0_4.png;24683.908084052044;16664.35847927641
../binary_PNG/binary_labels_mask_case_id_TCGA-CC-A1HT_3_0_cell_expansion_9_0_threshold_0_8.png;22780.39191629364;5516.29535202946
../binary_PNG/binary_labels_mask_case_id_TCGA-K7-AAU7_1_4_cell_expansion_11_0_threshold_0_5.png;23589.843399876467;10200.419290816171
../binary_PNG/binary_labels_mask_case_id_TCGA-CC-A8HT_1_2_cell_expansion_15_0_threshold_0_7.png;23935.53328130858;11806.070945495494
../binary_PNG/binary_labels_mask_case_id_TCGA-G3-A7M6_1_2_cell_expansion_5_0_threshold_0_7.png;24377.547310485017;14591.45124348285
../binary_PNG/binary_labels_mask_case_id_TCGA-G3-A7M6_4_4_cell_expansion_15_0_threshold_0_4.png;24422.24903561498;14446.456161355078
../binary_PNG/binary_labels_mask_case_id_TCGA-CC-A8HT_3_0_cell_expansion_11_0_threshold_0_6.png;24535.30612310984;15363.556882706602
../binary_PNG/binary_labels_mask_case_id_TCGA-CC-A1HT_4_4_cell_expansion_13_0_threshold_0_7.png;23846.351935815008;11095.117539007184
../binary_PNG/binary_labels_mask_case_id_TCGA-K7-AAU7_1_4_cell_expansion_13_0_threshold_0_4.png;23793.198234640717;11238.09318826073
../binary_PNG/binary_labels_mask_case_id_TCGA-BC-A69I_1_4_cell_expansion_7_0_threshold_0_5.png;24237.12144722687;13604.158353206914
../binary_PNG/binary_labels_mask_case_id_TCGA-DD-AAED_4_3_cell_expansion_7_0_threshold_0_7.png;24428.821353639083;14483.445147165774
../binary_PNG/binary_labels_mask_case_id_TCGA-DD-AAED_2_4_cell_expansion_7_0_threshold_0_6.png;24674.366757953016;16113.605498180012
../binary_PNG/binary_labels_mask_case_id_TCGA-YA-A8S7_1_1_cell_expansion_7_0_threshold_0_4.png;24703.185958701368;16450.0956145995
../binary_PNG/binary_labels_mask_case_id_TCGA-CC-5261_1_1_cell_expansion_11_0_threshold_0_6.png;23836.47607159491;11449.236031751692
../binary_PNG/binary_labels_mask_case_id_TCGA-BC-A69I_4_0_cell_expansion_1_0_threshold_0_8.png;22557.248785717937;4718.834666311661
../binary_PNG/binary_labels_mask_case_id_TCGA-BC-A69I_1_3_cell_expansion_5_0_threshold_0_6.png;24186.152533507626;12973.034295753552
../binary_PNG/binary_labels_mask_case_id_TCGA-G3-A5SK_0_2_cell_expansion_15_0_threshold_0_8.png;23923.50870533143;11541.104940873583
../binary_PNG/binary_labels_mask_case_id_TCGA-DD-AAED_2_3_cell_expansion_13_0_threshold_0_4.png;24602.27100751696;15619.148515386669
../binary_PNG/binary_labels_mask_case_id_TCGA-CC-A8HT_3_0_cell_expansion_5_0_threshold_0_6.png;24327.461397091774;14121.915255107277
../binary_PNG/binary_labels_mask_case_id_TCGA-YA-A8S7_3_4_cell_expansion_11_0_threshold_0_5.png;22366.370087630068;3634.259233324692
../binary_PNG/binary_labels_mask_case_id_TCGA-CC-5261_2_0_cell_expansion_13_0_threshold_0_5.png;24749.469364294084;16899.361828088764
../binary_PNG/binary_labels_mask_case_id_TCGA-CC-A1HT_3_0_cell_expansion_9_0_threshold_0_4.png;24887.124655170497;18277.88489296592
../binary_PNG/binary_labels_mask_case_id_TCGA-YA-A8S7_0_2_cell_expansion_3_0_threshold_0_8.png;22847.309044166534;6011.155639032062
../binary_PNG/binary_labels_mask_case_id_TCGA-K7-AAU7_1_0_cell_expansion_11_0_threshold_0_4.png;23673.91326635981;10522.34047744054
../binary_PNG/binary_labels_mask_case_id_TCGA-CC-5261_3_0_cell_expansion_9_0_threshold_0_6.png;24585.09160942603;15620.629000577808
../binary_PNG/binary_labels_mask_case_id_TCGA-G3-A7M6_3_4_cell_expansion_5_0_threshold_0_8.png;23660.50170275203;10242.623128858551
../binary_PNG/binary_labels_mask_case_id_TCGA-YA-A8S7_2_3_cell_expansion_15_0_threshold_0_7.png;23443.35070171227;8686.464830392259
../binary_PNG/binary_labels_mask_case_id_TCGA-G3-A7M6_4_0_cell_expansion_7_0_threshold_0_6.png;24648.396087449968;16804.893506656903
../binary_PNG/binary_labels_mask_case_id_TCGA-DD-AAED_0_3_cell_expansion_5_0_threshold_0_4.png;24569.03545175845;15730.304443865049
../binary_PNG/binary_labels_mask_case_id_TCGA-K7-AAU7_2_3_cell_expansion_7_0_threshold_0_7.png;23226.99535521367;7691.9050110732605
../binary_PNG/binary_labels_mask_case_id_TCGA-BC-A69I_1_3_cell_expansion_7_0_threshold_0_7.png;24119.256316961822;12519.244240491877
../binary_PNG/binary_labels_mask_case_id_TCGA-K7-AAU7_3_3_cell_expansion_13_0_threshold_0_8.png;22295.564725834272;3345.912720479547
../binary_PNG/binary_labels_mask_case_id_TCGA-YA-A8S7_3_4_cell_expansion_13_0_threshold_0_4.png;22366.370087630068;3634.259233324692
../binary_PNG/binary_labels_mask_case_id_TCGA-YA-A8S7_4_4_cell_expansion_3_0_threshold_0_4.png;22526.006570431226;4336.811201117274
../binary_PNG/binary_labels_mask_case_id_TCGA-YA-A8S7_1_1_cell_expansion_3_0_threshold_0_6.png;24107.581855431978;12976.031696086951
../binary_PNG/binary_labels_mask_case_id_TCGA-CC-A3MA_4_0_cell_expansion_3_0_threshold_0_8.png;22935.8708140496;6423.444362928551
../binary_PNG/binary_labels_mask_case_id_TCGA-G3-A5SK_3_0_cell_expansion_1_0_threshold_0_5.png;23438.7512267588;9323.583867416372
../binary_PNG/binary_labels_mask_case_id_TCGA-CC-A3MA_0_1_cell_expansion_15_0_threshold_0_4.png;23443.286274452257;9240.454911394309
../binary_PNG/binary_labels_mask_case_id_TCGA-G3-A5SK_0_4_cell_expansion_11_0_threshold_0_4.png;24307.19367557769;13822.254008648191
../binary_PNG/binary_labels_mask_case_id_TCGA-CC-A3MA_1_2_cell_expansion_15_0_threshold_0_5.png;24860.98739294956;17722.226729083734
../binary_PNG/binary_labels_mask_case_id_TCGA-CC-5261_0_4_cell_expansion_13_0_threshold_0_8.png;23242.95899023704;8074.300161174771
../binary_PNG/binary_labels_mask_case_id_TCGA-CC-A1HT_2_1_cell_expansion_7_0_threshold_0_6.png;24527.08035146052;15146.35499446962
../binary_PNG/binary_labels_mask_case_id_TCGA-G3-A5SK_3_0_cell_expansion_3_0_threshold_0_4.png;24205.711648933328;13768.038282952764
../binary_PNG/binary_labels_mask_case_id_TCGA-CC-A3MA_3_3_cell_expansion_7_0_threshold_0_7.png;24540.3296176612;15078.118405514952
../binary_PNG/binary_labels_mask_case_id_TCGA-DD-AAED_0_2_cell_expansion_11_0_threshold_0_7.png;24470.493943789275;14951.347426781713
../binary_PNG/binary_labels_mask_case_id_TCGA-CC-A1HT_4_3_cell_expansion_15_0_threshold_0_4.png;24866.52597129943;17924.47826654445
../binary_PNG/binary_labels_mask_case_id_TCGA-YA-A8S7_1_1_cell_expansion_15_0_threshold_0_4.png;24751.771589026223;16821.05762289166
../binary_PNG/binary_labels_mask_case_id_TCGA-G3-A5SK_2_2_cell_expansion_11_0_threshold_0_6.png;24546.5655933598;15475.542630254527
../binary_PNG/binary_labels_mask_case_id_TCGA-CC-A1HT_0_1_cell_expansion_5_0_threshold_0_6.png;24636.986109882168;16306.084922126056
../binary_PNG/binary_labels_mask_case_id_TCGA-CC-5261_3_4_cell_expansion_13_0_threshold_0_4.png;24782.472072584816;17019.094620237367
../binary_PNG/binary_labels_mask_case_id_TCGA-CC-A3MA_3_2_cell_expansion_1_0_threshold_0_8.png;22549.97393259759;4588.825119384121
../binary_PNG/binary_labels_mask_case_id_TCGA-DD-AAED_2_1_cell_expansion_15_0_threshold_0_8.png;24596.57002154448;15537.097414366604
../binary_PNG/binary_labels_mask_case_id_TCGA-K7-AAU7_0_4_cell_expansion_15_0_threshold_0_7.png;22751.75312406469;5388.370669079724
../binary_PNG/binary_labels_mask_case_id_TCGA-CC-A3MA_1_4_cell_expansion_7_0_threshold_0_4.png;24879.610469220643;17931.695533467035
../binary_PNG/binary_labels_mask_case_id_TCGA-G3-A5SK_1_2_cell_expansion_15_0_threshold_0_8.png;23756.224095524834;10338.526330048731
../binary_PNG/binary_labels_mask_case_id_TCGA-G3-A5SK_1_0_cell_expansion_7_0_threshold_0_7.png;24322.180823631024;14056.210187528064
../binary_PNG/binary_labels_mask_case_id_TCGA-G3-A5SK_0_2_cell_expansion_5_0_threshold_0_4.png;24261.894231664264;13726.056068565653
../binary_PNG/binary_labels_mask_case_id_TCGA-CC-A3MA_3_4_cell_expansion_5_0_threshold_0_4.png;24666.16705023621;16601.352291188596
../binary_PNG/binary_labels_mask_case_id_TCGA-CC-A3MA_1_2_cell_expansion_3_0_threshold_0_8.png;23206.94505088869;7752.847622487723
../binary_PNG/binary_labels_mask_case_id_TCGA-CC-A3MA_2_3_cell_expansion_15_0_threshold_0_7.png;24585.85266518346;15572.575665795395
../binary_PNG/binary_labels_mask_case_id_TCGA-CC-A3MA_1_3_cell_expansion_3_0_threshold_0_4.png;24803.62395043082;17630.688401225878
../binary_PNG/binary_labels_mask_case_id_TCGA-CC-5261_2_3_cell_expansion_11_0_threshold_0_5.png;24789.80448035951;17061.382933953682
../binary_PNG/binary_labels_mask_case_id_TCGA-CC-5261_0_1_cell_expansion_3_0_threshold_0_7.png;23835.33578646382;11328.63342497866
../binary_PNG/binary_labels_mask_case_id_TCGA-DD-AAED_1_1_cell_expansion_15_0_threshold_0_4.png;24764.091619476127;16677.98137205609
../binary_PNG/binary_labels_mask_case_id_TCGA-CC-A3MA_4_1_cell_expansion_5_0_threshold_0_7.png;24383.90735061125;14329.986589224658
../binary_PNG/binary_labels_mask_case_id_TCGA-G3-A7M6_4_3_cell_expansion_15_0_threshold_0_4.png;24471.397977090684;15011.6540542051
../binary_PNG/binary_labels_mask_case_id_TCGA-G3-A5SK_3_1_cell_expansion_15_0_threshold_0_5.png;24376.07644301263;14061.598924398342
../binary_PNG/binary_labels_mask_case_id_TCGA-K7-AAU7_4_4_cell_expansion_13_0_threshold_0_8.png;22994.73048771381;6541.484654264523
../binary_PNG/binary_labels_mask_case_id_TCGA-BC-A69I_0_0_cell_expansion_15_0_threshold_0_6.png;24203.181090428818;13115.58685015034
../binary_PNG/binary_labels_mask_case_id_TCGA-DD-AAED_4_0_cell_expansion_1_0_threshold_0_8.png;23090.44417801757;7329.16947820362
../binary_PNG/binary_labels_mask_case_id_TCGA-BC-A69I_0_4_cell_expansion_13_0_threshold_0_4.png;24626.727988933213;15743.02581894726
../binary_PNG/binary_labels_mask_case_id_TCGA-G3-A7M6_2_4_cell_expansion_15_0_threshold_0_4.png;24713.60432846648;16544.5317334188
../binary_PNG/binary_labels_mask_case_id_TCGA-K7-AAU7_2_1_cell_expansion_5_0_threshold_0_6.png;23360.82009614495;8876.439810316886
../binary_PNG/binary_labels_mask_case_id_TCGA-CC-A1HT_3_2_cell_expansion_9_0_threshold_0_4.png;24711.44149814631;16254.743524397958
../binary_PNG/binary_labels_mask_case_id_TCGA-G3-A7M6_3_3_cell_expansion_11_0_threshold_0_6.png;24425.530561282678;14373.791820084014
../binary_PNG/binary_labels_mask_case_id_TCGA-G3-A7M6_0_2_cell_expansion_1_0_threshold_0_7.png;23073.29494506045;7274.769626010617
../binary_PNG/binary_labels_mask_case_id_TCGA-G3-A7M6_0_2_cell_expansion_15_0_threshold_0_6.png;24629.001436533043;15847.86375621321
../binary_PNG/binary_labels_mask_case_id_TCGA-CC-A8HT_1_2_cell_expansion_5_0_threshold_0_7.png;23699.61271367265;10610.633450263796
../binary_PNG/binary_labels_mask_case_id_TCGA-CC-A8HT_0_0_cell_expansion_7_0_threshold_0_4.png;24874.071860200427;18058.54403494227
../binary_PNG/binary_labels_mask_case_id_TCGA-G3-A5SK_4_1_cell_expansion_11_0_threshold_0_7.png;24250.00263551796;13317.918683085449
../binary_PNG/binary_labels_mask_case_id_TCGA-CC-A3MA_4_1_cell_expansion_15_0_threshold_0_8.png;23939.72944865561;11215.884430376893
../binary_PNG/binary_labels_mask_case_id_TCGA-CC-A3MA_0_0_cell_expansion_9_0_threshold_0_4.png;23908.800454997785;11798.056415477491
../binary_PNG/binary_labels_mask_case_id_TCGA-BC-A69I_3_4_cell_expansion_13_0_threshold_0_8.png;23939.88408310433;11434.351668614754
../binary_PNG/binary_labels_mask_case_id_TCGA-DD-AAED_0_0_cell_expansion_5_0_threshold_0_8.png;23828.86675637965;11070.610606464104
../binary_PNG/binary_labels_mask_case_id_TCGA-CC-A8HT_4_0_cell_expansion_1_0_threshold_0_5.png;23345.93263814249;8692.243368033873
../binary_PNG/binary_labels_mask_case_id_TCGA-BC-A69I_0_3_cell_expansion_5_0_threshold_0_4.png;24177.374492605057;12975.335541319986
../binary_PNG/binary_labels_mask_case_id_TCGA-G3-A7M6_3_0_cell_expansion_1_0_threshold_0_4.png;23268.482791507115;8291.223030620802
../binary_PNG/binary_labels_mask_case_id_TCGA-BC-A69I_2_4_cell_expansion_3_0_threshold_0_4.png;23692.813030312733;10468.107615402632
../binary_PNG/binary_labels_mask_case_id_TCGA-K7-AAU7_1_4_cell_expansion_3_0_threshold_0_4.png;23415.939902297134;9271.616567675806
../binary_PNG/binary_labels_mask_case_id_TCGA-YA-A8S7_4_1_cell_expansion_1_0_threshold_0_7.png;23316.15272164612;8436.89596438589
../binary_PNG/binary_labels_mask_case_id_TCGA-DD-AAED_3_3_cell_expansion_3_0_threshold_0_4.png;24636.509088848707;16352.77851032042
../binary_PNG/binary_labels_mask_case_id_TCGA-G3-A7M6_0_3_cell_expansion_15_0_threshold_0_8.png;24076.943343236075;12226.934883348877
../binary_PNG/binary_labels_mask_case_id_TCGA-BC-A69I_2_2_cell_expansion_15_0_threshold_0_5.png;24518.875255827064;15007.254799443712
../binary_PNG/binary_labels_mask_case_id_TCGA-CC-5261_4_0_cell_expansion_13_0_threshold_0_5.png;24856.79391679897;17886.700514524044
../binary_PNG/binary_labels_mask_case_id_TCGA-CC-5261_4_1_cell_expansion_15_0_threshold_0_8.png;23641.12694101137;9810.19304282428
../binary_PNG/binary_labels_mask_case_id_TCGA-BC-A69I_0_0_cell_expansion_13_0_threshold_0_5.png;24279.29427919076;13566.18289849712
../binary_PNG/binary_labels_mask_case_id_TCGA-G3-A7M6_1_0_cell_expansion_7_0_threshold_0_6.png;24554.45224961328;15580.030003116806
../binary_PNG/binary_labels_mask_case_id_TCGA-YA-A8S7_1_3_cell_expansion_7_0_threshold_0_4.png;24689.795015081283;16513.415909889707
../binary_PNG/binary_labels_mask_case_id_TCGA-DD-AAED_0_1_cell_expansion_1_0_threshold_0_6.png;23600.70854276592;10090.626500483871
../binary_PNG/binary_labels_mask_case_id_TCGA-CC-5261_1_1_cell_expansion_3_0_threshold_0_5.png;23530.629993929837;9857.8168062944
../binary_PNG/binary_labels_mask_case_id_TCGA-CC-A3MA_3_1_cell_expansion_1_0_threshold_0_4.png;24047.888548259565;13088.707742905426
../binary_PNG/binary_labels_mask_case_id_TCGA-CC-A3MA_2_3_cell_expansion_3_0_threshold_0_7.png;24152.94218251596;13074.52970136185
../binary_PNG/binary_labels_mask_case_id_TCGA-DD-AAED_4_4_cell_expansion_11_0_threshold_0_5.png;24875.995516905707;17890.78139308023
../binary_PNG/binary_labels_mask_case_id_TCGA-CC-A3MA_4_3_cell_expansion_7_0_threshold_0_6.png;24686.71905405636;16325.745521257511
../binary_PNG/binary_labels_mask_case_id_TCGA-G3-A7M6_0_1_cell_expansion_9_0_threshold_0_4.png;24533.594571145823;15388.631266518463
../binary_PNG/binary_labels_mask_case_id_TCGA-CC-A1HT_1_2_cell_expansion_13_0_threshold_0_5.png;24497.060520064915;15097.605917234532
../binary_PNG/binary_labels_mask_case_id_TCGA-CC-A3MA_1_0_cell_expansion_3_0_threshold_0_8.png;23469.019274717022;9009.988082837515
../binary_PNG/binary_labels_mask_case_id_TCGA-CC-5261_1_0_cell_expansion_1_0_threshold_0_8.png;22700.76249811505;5319.217547091299
../binary_PNG/binary_labels_mask_case_id_TCGA-CC-A3MA_0_4_cell_expansion_7_0_threshold_0_6.png;24216.31561694749;13548.596734086732
../binary_PNG/binary_labels_mask_case_id_TCGA-G3-A7M6_1_3_cell_expansion_9_0_threshold_0_6.png;24562.012067851465;15524.36357572982
../binary_PNG/binary_labels_mask_case_id_TCGA-CC-5261_0_4_cell_expansion_7_0_threshold_0_7.png;24366.247565649537;14452.701282839742
../binary_PNG/binary_labels_mask_case_id_TCGA-CC-A1HT_4_4_cell_expansion_3_0_threshold_0_5.png;23894.19410934883;11786.431551501602
../binary_PNG/binary_labels_mask_case_id_TCGA-CC-A1HT_2_4_cell_expansion_7_0_threshold_0_4.png;24794.268587771054;17074.70542365966
../binary_PNG/binary_labels_mask_case_id_TCGA-CC-A8HT_4_0_cell_expansion_13_0_threshold_0_7.png;24281.92713891153;13474.280674249703
../binary_PNG/binary_labels_mask_case_id_TCGA-CC-A8HT_2_3_cell_expansion_9_0_threshold_0_5.png;24565.541029922788;15846.790112603136
../binary_PNG/binary_labels_mask_case_id_TCGA-CC-A3MA_4_3_cell_expansion_3_0_threshold_0_4.png;24604.78896172396;16334.072955729538
../binary_PNG/binary_labels_mask_case_id_TCGA-CC-A1HT_2_3_cell_expansion_5_0_threshold_0_7.png;23048.435887137963;6931.168776561059
../binary_PNG/binary_labels_mask_case_id_TCGA-BC-A69I_0_0_cell_expansion_9_0_threshold_0_5.png;24230.858737022223;13295.929598748651
../binary_PNG/binary_labels_mask_case_id_TCGA-BC-A69I_3_2_cell_expansion_15_0_threshold_0_5.png;24328.977494743744;13790.909045124228
../binary_PNG/binary_labels_mask_case_id_TCGA-G3-A7M6_3_4_cell_expansion_9_0_threshold_0_5.png;24710.060049182783;16674.770960923972
../binary_PNG/binary_labels_mask_case_id_TCGA-CC-A1HT_2_4_cell_expansion_1_0_threshold_0_7.png;23598.614445533694;9771.95433387146
../binary_PNG/binary_labels_mask_case_id_TCGA-CC-A8HT_1_1_cell_expansion_9_0_threshold_0_6.png;24554.00565842499;15502.30699328302
../binary_PNG/binary_labels_mask_case_id_TCGA-CC-5261_2_4_cell_expansion_1_0_threshold_0_5.png;23709.131398746133;10869.069493147364
../binary_PNG/binary_labels_mask_case_id_TCGA-CC-A1HT_4_3_cell_expansion_3_0_threshold_0_7.png;23893.84870225633;11387.98953810144
../binary_PNG/binary_labels_mask_case_id_TCGA-G3-A7M6_1_4_cell_expansion_9_0_threshold_0_4.png;24133.24302738465;13212.940848848792
../binary_PNG/binary_labels_mask_case_id_TCGA-BC-A69I_1_1_cell_expansion_15_0_threshold_0_8.png;23567.229419012183;9388.763573338205
../binary_PNG/binary_labels_mask_case_id_TCGA-YA-A8S7_4_0_cell_expansion_15_0_threshold_0_6.png;24773.84583668367;17098.147228421316
../binary_PNG/binary_labels_mask_case_id_TCGA-DD-AAED_2_2_cell_expansion_9_0_threshold_0_4.png;24359.40271700232;14320.416723205071
../binary_PNG/binary_labels_mask_case_id_TCGA-CC-A3MA_1_1_cell_expansion_5_0_threshold_0_7.png;23921.746296920915;11553.739614190245
../binary_PNG/binary_labels_mask_case_id_TCGA-CC-5261_0_4_cell_expansion_3_0_threshold_0_5.png;24244.65553916525;14059.568364385674
../binary_PNG/binary_labels_mask_case_id_TCGA-CC-5261_0_2_cell_expansion_3_0_threshold_0_7.png;23565.08789277532;9958.057376975625
../binary_PNG/binary_labels_mask_case_id_TCGA-DD-AAED_4_4_cell_expansion_13_0_threshold_0_8.png;24429.654918454296;14255.902677037406
../binary_PNG/binary_labels_mask_case_id_TCGA-K7-AAU7_4_2_cell_expansion_9_0_threshold_0_8.png;23159.336418677285;7705.116200357603
../binary_PNG/binary_labels_mask_case_id_TCGA-K7-AAU7_2_4_cell_expansion_9_0_threshold_0_5.png;23724.531619365465;10475.422832685364
../binary_PNG/binary_labels_mask_case_id_TCGA-BC-A69I_4_1_cell_expansion_9_0_threshold_0_7.png;23625.14801996707;9708.781800257557
../binary_PNG/binary_labels_mask_case_id_TCGA-CC-A1HT_1_2_cell_expansion_11_0_threshold_0_8.png;22697.630753673555;5173.741011274254
../binary_PNG/binary_labels_mask_case_id_TCGA-CC-A1HT_2_2_cell_expansion_13_0_threshold_0_5.png;24739.005868835717;16393.272791927837
../binary_PNG/binary_labels_mask_case_id_TCGA-BC-A69I_1_1_cell_expansion_13_0_threshold_0_7.png;24179.377422087276;12869.183075562903
../binary_PNG/binary_labels_mask_case_id_TCGA-CC-5261_0_2_cell_expansion_1_0_threshold_0_6.png;23227.60251405154;8181.349441438033
../binary_PNG/binary_labels_mask_case_id_TCGA-YA-A8S7_0_3_cell_expansion_9_0_threshold_0_6.png;24721.59633302295;16614.67896434903
../binary_PNG/binary_labels_mask_case_id_TCGA-G3-A7M6_0_1_cell_expansion_9_0_threshold_0_8.png;23964.90681965068;11640.27892255278
../binary_PNG/binary_labels_mask_case_id_TCGA-YA-A8S7_4_1_cell_expansion_15_0_threshold_0_4.png;24797.227245378;17467.30968077761
../binary_PNG/binary_labels_mask_case_id_TCGA-CC-A1HT_3_0_cell_expansion_5_0_threshold_0_5.png;24737.064109657687;17100.614760633154
../binary_PNG/binary_labels_mask_case_id_TCGA-DD-AAED_4_0_cell_expansion_11_0_threshold_0_8.png;24221.09196817502;13162.424403769804
../binary_PNG/binary_labels_mask_case_id_TCGA-G3-A7M6_2_3_cell_expansion_15_0_threshold_0_8.png;23597.18063333796;9742.477862545167
../binary_PNG/binary_labels_mask_case_id_TCGA-CC-A1HT_4_2_cell_expansion_3_0_threshold_0_7.png;23747.230437058995;10681.4337315776
../binary_PNG/binary_labels_mask_case_id_TCGA-K7-AAU7_2_3_cell_expansion_9_0_threshold_0_7.png;23248.490021610163;7801.302660520289
../binary_PNG/binary_labels_mask_case_id_TCGA-CC-A3MA_1_0_cell_expansion_5_0_threshold_0_7.png;24509.54847385222;14961.392751342111
../binary_PNG/binary_labels_mask_case_id_TCGA-YA-A8S7_4_4_cell_expansion_13_0_threshold_0_8.png;22295.564725834272;3345.912720479547
../binary_PNG/binary_labels_mask_case_id_TCGA-CC-A3MA_2_4_cell_expansion_1_0_threshold_0_8.png;22855.13281442537;6078.537381957285
../binary_PNG/binary_labels_mask_case_id_TCGA-CC-A1HT_3_0_cell_expansion_7_0_threshold_0_4.png;24881.74810311152;18245.9609631548
../binary_PNG/binary_labels_mask_case_id_TCGA-CC-A3MA_3_0_cell_expansion_5_0_threshold_0_6.png;22785.98958196005;5747.712608788776
../binary_PNG/binary_labels_mask_case_id_TCGA-CC-5261_2_3_cell_expansion_7_0_threshold_0_8.png;23613.96233289716;9552.707930549008
../binary_PNG/binary_labels_mask_case_id_TCGA-YA-A8S7_0_4_cell_expansion_9_0_threshold_0_4.png;24670.14645946116;16586.858078325768
../binary_PNG/binary_labels_mask_case_id_TCGA-G3-A7M6_3_1_cell_expansion_11_0_threshold_0_5.png;24789.85202626064;17567.898927827686
../binary_PNG/binary_labels_mask_case_id_TCGA-G3-A7M6_0_4_cell_expansion_13_0_threshold_0_7.png;24508.39109974358;15020.755073626317
../binary_PNG/binary_labels_mask_case_id_TCGA-CC-A1HT_1_1_cell_expansion_5_0_threshold_0_8.png;22382.42731447525;3784.06399454457
../binary_PNG/binary_labels_mask_case_id_TCGA-G3-A5SK_1_3_cell_expansion_3_0_threshold_0_5.png;23759.69889838784;11051.983547729962
../binary_PNG/binary_labels_mask_case_id_TCGA-BC-A69I_0_4_cell_expansion_1_0_threshold_0_8.png;22699.612158651125;5322.476586007486
../binary_PNG/binary_labels_mask_case_id_TCGA-G3-A7M6_0_3_cell_expansion_1_0_threshold_0_7.png;23003.260328656816;6897.435269332646
../binary_PNG/binary_labels_mask_case_id_TCGA-G3-A7M6_1_1_cell_expansion_3_0_threshold_0_4.png;23995.099423159627;12287.190238031708
../binary_PNG/binary_labels_mask_case_id_TCGA-K7-AAU7_4_4_cell_expansion_11_0_threshold_0_5.png;24249.433534997792;13730.961998602155
../binary_PNG/binary_labels_mask_case_id_TCGA-G3-A7M6_4_4_cell_expansion_3_0_threshold_0_6.png;23634.327289412777;10054.855086723066
../binary_PNG/binary_labels_mask_case_id_TCGA-BC-A69I_3_0_cell_expansion_15_0_threshold_0_6.png;24222.992275279856;13161.556887679882
../binary_PNG/binary_labels_mask_case_id_TCGA-G3-A7M6_0_3_cell_expansion_13_0_threshold_0_7.png;24332.846745627176;13858.695311706611
../binary_PNG/binary_labels_mask_case_id_TCGA-BC-A69I_2_3_cell_expansion_7_0_threshold_0_8.png;23716.88086263102;10077.397394512474
../binary_PNG/binary_labels_mask_case_id_TCGA-CC-A3MA_0_1_cell_expansion_9_0_threshold_0_4.png;23408.48091987185;9089.645441400298
../binary_PNG/binary_labels_mask_case_id_TCGA-K7-AAU7_0_0_cell_expansion_5_0_threshold_0_7.png;22616.46466599424;4815.228847598108
../binary_PNG/binary_labels_mask_case_id_TCGA-DD-AAED_3_2_cell_expansion_5_0_threshold_0_7.png;24607.89520391997;15743.185070852172
../binary_PNG/binary_labels_mask_case_id_TCGA-K7-AAU7_3_2_cell_expansion_5_0_threshold_0_4.png;24260.660453036107;14117.926517273869
../binary_PNG/binary_labels_mask_case_id_TCGA-CC-5261_4_1_cell_expansion_13_0_threshold_0_7.png;24564.18848028325;15414.275165739677
../binary_PNG/binary_labels_mask_case_id_TCGA-DD-AAED_0_0_cell_expansion_5_0_threshold_0_4.png;24673.920035531308;16392.282529075455
../binary_PNG/binary_labels_mask_case_id_TCGA-CC-A1HT_3_2_cell_expansion_13_0_threshold_0_5.png;24737.570211642666;16380.0423825183
../binary_PNG/binary_labels_mask_case_id_TCGA-CC-5261_4_4_cell_expansion_13_0_threshold_0_8.png;24352.39870627296;13818.023705090842
../binary_PNG/binary_labels_mask_case_id_TCGA-G3-A7M6_1_0_cell_expansion_13_0_threshold_0_6.png;24555.893883376702;15591.45858005518
../binary_PNG/binary_labels_mask_case_id_TCGA-CC-A8HT_3_3_cell_expansion_7_0_threshold_0_7.png;23908.360647530026;11372.154438546111
../binary_PNG/binary_labels_mask_case_id_TCGA-BC-A69I_4_2_cell_expansion_1_0_threshold_0_4.png;23229.471566688408;7975.805017184076
../binary_PNG/binary_labels_mask_case_id_TCGA-BC-A69I_2_2_cell_expansion_5_0_threshold_0_5.png;24253.80184359793;13412.824240453458
../binary_PNG/binary_labels_mask_case_id_TCGA-CC-A1HT_1_1_cell_expansion_13_0_threshold_0_8.png;22429.001445671245;4015.191962120746
../binary_PNG/binary_labels_mask_case_id_TCGA-CC-5261_2_1_cell_expansion_9_0_threshold_0_4.png;24635.00346787346;16160.931545979372
../binary_PNG/binary_labels_mask_case_id_TCGA-CC-A8HT_4_1_cell_expansion_3_0_threshold_0_4.png;23928.848035941293;12020.287456285678
../binary_PNG/binary_labels_mask_case_id_TCGA-CC-A1HT_0_3_cell_expansion_15_0_threshold_0_4.png;24735.609728389885;16781.795061853605
../binary_PNG/binary_labels_mask_case_id_TCGA-CC-5261_4_1_cell_expansion_11_0_threshold_0_6.png;24745.3945105139;16841.94310953528
../binary_PNG/binary_labels_mask_case_id_TCGA-K7-AAU7_4_0_cell_expansion_1_0_threshold_0_7.png;22796.136398768205;5789.031134615638
../binary_PNG/binary_labels_mask_case_id_TCGA-BC-A69I_3_0_cell_expansion_1_0_threshold_0_5.png;23101.98111743839;7397.977275044432
../binary_PNG/binary_labels_mask_case_id_TCGA-CC-A3MA_3_4_cell_expansion_9_0_threshold_0_5.png;24695.564985388195;16673.1160982274
../binary_PNG/binary_labels_mask_case_id_TCGA-G3-A7M6_0_3_cell_expansion_5_0_threshold_0_5.png;24371.41485266289;14251.020276890064
../binary_PNG/binary_labels_mask_case_id_TCGA-CC-5261_3_4_cell_expansion_9_0_threshold_0_4.png;24779.92235015812;17011.994044077823
../binary_PNG/binary_labels_mask_case_id_TCGA-CC-5261_4_0_cell_expansion_11_0_threshold_0_8.png;23682.15401680425;10154.204213098306
../binary_PNG/binary_labels_mask_case_id_TCGA-DD-AAED_1_2_cell_expansion_3_0_threshold_0_5.png;24183.84525420625;13399.483754472622
../binary_PNG/binary_labels_mask_case_id_TCGA-K7-AAU7_2_0_cell_expansion_3_0_threshold_0_5.png;22527.3661345154;4443.06810579917
../binary_PNG/binary_labels_mask_case_id_TCGA-G3-A7M6_4_3_cell_expansion_3_0_threshold_0_4.png;23932.821074588417;11899.71292923949
../binary_PNG/binary_labels_mask_case_id_TCGA-YA-A8S7_3_4_cell_expansion_1_0_threshold_0_8.png;22295.564725834272;3345.912720479547
../binary_PNG/binary_labels_mask_case_id_TCGA-CC-A1HT_1_4_cell_expansion_9_0_threshold_0_7.png;23419.90574959936;8795.526046817944
../binary_PNG/binary_labels_mask_case_id_TCGA-CC-A8HT_3_4_cell_expansion_5_0_threshold_0_4.png;24432.778466449803;15073.056115722782
../binary_PNG/binary_labels_mask_case_id_TCGA-YA-A8S7_4_2_cell_expansion_11_0_threshold_0_7.png;22862.991069915595;5823.093571376932
../binary_PNG/binary_labels_mask_case_id_TCGA-CC-5261_4_1_cell_expansion_9_0_threshold_0_7.png;24559.998216165357;15379.763959559956
../binary_PNG/binary_labels_mask_case_id_TCGA-CC-A8HT_0_1_cell_expansion_1_0_threshold_0_7.png;23154.122774055177;7626.118501499874
../binary_PNG/binary_labels_mask_case_id_TCGA-G3-A7M6_2_3_cell_expansion_5_0_threshold_0_4.png;24475.09553206745;15148.508721060898
../binary_PNG/binary_labels_mask_case_id_TCGA-K7-AAU7_4_0_cell_expansion_5_0_threshold_0_5.png;24605.0600464831;16339.639867777034
../binary_PNG/binary_labels_mask_case_id_TCGA-DD-AAED_4_3_cell_expansion_13_0_threshold_0_8.png;24028.92136030009;12139.714992474615
../binary_PNG/binary_labels_mask_case_id_TCGA-K7-AAU7_2_1_cell_expansion_1_0_threshold_0_8.png;22326.18826238919;3486.5782964897166
../binary_PNG/binary_labels_mask_case_id_TCGA-K7-AAU7_3_2_cell_expansion_3_0_threshold_0_7.png;22888.43878684024;6280.250510462408