image_name,signal_b50,signal_b800,pixel_ratio
../binary_PNG/binary_labels_mask_case_id_TCGA-YA-A8S7_3_1_cell_expansion_7_0_threshold_0_7.png,24090.04874553966,12296.88340151767,1.05570353729367
../binary_PNG/binary_labels_mask_case_id_TCGA-CC-A8HT_3_4_cell_expansion_13_0_threshold_0_8.png,22765.582444566582,5639.708756821316,0.17058434678292236
../binary_PNG/binary_labels_mask_case_id_TCGA-CC-A1HT_4_1_cell_expansion_15_0_threshold_0_5.png,24778.209757480734,17154.599248759856,6.521155037056274
../binary_PNG/binary_labels_mask_case_id_TCGA-K7-AAU7_2_0_cell_expansion_11_0_threshold_0_6.png,22560.85642068167,4510.1062819637455,0.05746945888987997
../binary_PNG/binary_labels_mask_case_id_TCGA-G3-A7M6_2_0_cell_expansion_5_0_threshold_0_6.png,24561.98612716961,15844.638122840857,2.0522099724447744
../binary_PNG/binary_labels_mask_case_id_TCGA-G3-A5SK_2_0_cell_expansion_11_0_threshold_0_7.png,24461.170737385888,14925.328044951191,1.9886864640298445
../binary_PNG/binary_labels_mask_case_id_TCGA-CC-5261_2_4_cell_expansion_9_0_threshold_0_8.png,24241.03807425233,13211.143185014842,1.7929549568262069
../binary_PNG/binary_labels_mask_case_id_TCGA-YA-A8S7_0_1_cell_expansion_11_0_threshold_0_8.png,23478.79550788618,9045.837692286237,0.5345918435188716
../binary_PNG/binary_labels_mask_case_id_TCGA-K7-AAU7_1_1_cell_expansion_3_0_threshold_0_4.png,24208.158044002124,13862.194638621784,0.7940945993534325
../binary_PNG/binary_labels_mask_case_id_TCGA-YA-A8S7_2_4_cell_expansion_3_0_threshold_0_5.png,22449.204203362955,4127.227824507435,0.040142694428746364
../binary_PNG/binary_labels_mask_case_id_TCGA-K7-AAU7_2_3_cell_expansion_3_0_threshold_0_7.png,22874.26950095544,6106.3688107037515,0.13553569021333445
../binary_PNG/binary_labels_mask_case_id_TCGA-BC-A69I_1_3_cell_expansion_3_0_threshold_0_7.png,23509.444177317582,9447.553927331268,0.4197353106059273
../binary_PNG/binary_labels_mask_case_id_TCGA-BC-A69I_0_1_cell_expansion_1_0_threshold_0_4.png,23297.501333060693,8461.936575073914,0.26485824573426997
../binary_PNG/binary_labels_mask_case_id_TCGA-CC-A3MA_2_1_cell_expansion_11_0_threshold_0_4.png,24917.824526329023,18508.69556226864,10.580563800501361
../binary_PNG/binary_labels_mask_case_id_TCGA-CC-A8HT_0_4_cell_expansion_7_0_threshold_0_8.png,22864.64339710514,6065.618292175115,0.19646111190073634
../binary_PNG/binary_labels_mask_case_id_TCGA-CC-A3MA_1_4_cell_expansion_13_0_threshold_0_6.png,24829.44647457547,17358.249651347207,14.456098162535454
../binary_PNG/binary_labels_mask_case_id_TCGA-CC-A3MA_0_4_cell_expansion_9_0_threshold_0_8.png,22769.041736826748,5525.703335830648,0.14807220265172458
../binary_PNG/binary_labels_mask_case_id_TCGA-DD-AAED_0_4_cell_expansion_15_0_threshold_0_5.png,24656.523688795838,15862.391645371456,4.140284401224005
../binary_PNG/binary_labels_mask_case_id_TCGA-CC-A3MA_1_0_cell_expansion_9_0_threshold_0_4.png,24865.215445538648,17731.758977996644,17.05929299883127
../binary_PNG/binary_labels_mask_case_id_TCGA-CC-A8HT_3_0_cell_expansion_11_0_threshold_0_8.png,23497.628803499112,9080.48287652119,0.5762979980491949
../binary_PNG/binary_labels_mask_case_id_TCGA-CC-A8HT_1_1_cell_expansion_7_0_threshold_0_8.png,23112.311336366227,7123.106372558967,0.28265711132483906
../binary_PNG/binary_labels_mask_case_id_TCGA-G3-A5SK_1_1_cell_expansion_11_0_threshold_0_5.png,24366.448719023156,14030.597428184072,1.5374446762682983
../binary_PNG/binary_labels_mask_case_id_TCGA-CC-A8HT_3_1_cell_expansion_5_0_threshold_0_8.png,22908.921346295658,6245.540788869711,0.18534074790711333
../binary_PNG/binary_labels_mask_case_id_TCGA-DD-AAED_4_4_cell_expansion_5_0_threshold_0_6.png,24797.354695321203,17338.663013279333,3.398603211988512
../binary_PNG/binary_labels_mask_case_id_TCGA-G3-A7M6_4_0_cell_expansion_5_0_threshold_0_5.png,24780.551021930958,17822.859792029034,2.9759068397804844
../binary_PNG/binary_labels_mask_case_id_TCGA-CC-A1HT_4_1_cell_expansion_11_0_threshold_0_7.png,24507.557821608112,15094.031700988708,3.28119918583628
../binary_PNG/binary_labels_mask_case_id_TCGA-K7-AAU7_2_2_cell_expansion_5_0_threshold_0_8.png,22345.177496387743,3629.566922968249,0.014924648441065015
../binary_PNG/binary_labels_mask_case_id_TCGA-CC-5261_3_0_cell_expansion_9_0_threshold_0_4.png,24701.047032344017,16458.5910899375,3.618922991676157
../binary_PNG/binary_labels_mask_case_id_TCGA-YA-A8S7_0_0_cell_expansion_13_0_threshold_0_7.png,24224.428435801343,13072.508206755932,1.2241367273957235
../binary_PNG/binary_labels_mask_case_id_TCGA-YA-A8S7_0_3_cell_expansion_1_0_threshold_0_7.png,23283.266407374125,8344.635728138772,0.2618223888772984
../binary_PNG/binary_labels_mask_case_id_TCGA-K7-AAU7_0_4_cell_expansion_1_0_threshold_0_5.png,23147.811610033797,7535.044852300493,0.1736847605297403
../binary_PNG/binary_labels_mask_case_id_TCGA-YA-A8S7_1_3_cell_expansion_13_0_threshold_0_6.png,24667.38759422276,16165.351625752275,3.409147259019001
../binary_PNG/binary_labels_mask_case_id_TCGA-YA-A8S7_4_4_cell_expansion_3_0_threshold_0_6.png,22434.36102004295,3912.75627487793,0.03590137665831204
../binary_PNG/binary_labels_mask_case_id_TCGA-DD-AAED_3_0_cell_expansion_15_0_threshold_0_8.png,24221.68237631634,12951.02482493477,1.6294294727438536
../binary_PNG/binary_labels_mask_case_id_TCGA-BC-A69I_0_2_cell_expansion_9_0_threshold_0_7.png,23524.503403225805,9466.553813305658,0.5997661617166647
../binary_PNG/binary_labels_mask_case_id_TCGA-CC-A1HT_4_1_cell_expansion_1_0_threshold_0_4.png,23855.53412412032,11672.510922486987,0.5915698565338297
../binary_PNG/binary_labels_mask_case_id_TCGA-CC-A8HT_2_1_cell_expansion_13_0_threshold_0_7.png,24269.836174465763,13503.915910948765,1.6383508658491182
../binary_PNG/binary_labels_mask_case_id_TCGA-G3-A7M6_0_4_cell_expansion_9_0_threshold_0_4.png,24708.471866256426,16544.356553352445,3.30792599730934
../binary_PNG/binary_labels_mask_case_id_TCGA-CC-A3MA_3_1_cell_expansion_13_0_threshold_0_5.png,24847.78572909308,17955.879848426124,5.153007444047078
../binary_PNG/binary_labels_mask_case_id_TCGA-CC-A3MA_3_0_cell_expansion_15_0_threshold_0_8.png,22295.564725834272,3345.9127204795473,0.0
../binary_PNG/binary_labels_mask_case_id_TCGA-CC-5261_2_2_cell_expansion_15_0_threshold_0_7.png,24685.595940050236,16228.480622665154,5.39402490801019
../binary_PNG/binary_labels_mask_case_id_TCGA-CC-A8HT_1_2_cell_expansion_9_0_threshold_0_8.png,22849.296165196356,6021.10199626425,0.1837339709534446
../binary_PNG/binary_labels_mask_case_id_TCGA-DD-AAED_2_1_cell_expansion_15_0_threshold_0_6.png,24766.87544330736,16832.35648206821,9.046867484903006
../binary_PNG/binary_labels_mask_case_id_TCGA-DD-AAED_3_2_cell_expansion_9_0_threshold_0_4.png,24842.94865711564,17498.690097324594,12.876928365777147
../binary_PNG/binary_labels_mask_case_id_TCGA-CC-A8HT_3_2_cell_expansion_13_0_threshold_0_6.png,24584.78874849688,15739.948335701609,2.802839313467354
../binary_PNG/binary_labels_mask_case_id_TCGA-CC-A3MA_0_4_cell_expansion_11_0_threshold_0_7.png,23603.518303070443,9783.609987923308,0.5688799260753578
../binary_PNG/binary_labels_mask_case_id_TCGA-YA-A8S7_2_0_cell_expansion_15_0_threshold_0_8.png,23364.8630334915,8132.009481775669,0.4668869791680177
../binary_PNG/binary_labels_mask_case_id_TCGA-G3-A7M6_4_3_cell_expansion_9_0_threshold_0_4.png,24471.397977090684,15011.6540542051,2.0491842613598834
../binary_PNG/binary_labels_mask_case_id_TCGA-CC-A1HT_4_1_cell_expansion_3_0_threshold_0_5.png,24375.492662425942,14681.752951416323,1.3569423099194637
../binary_PNG/binary_labels_mask_case_id_TCGA-CC-A8HT_1_0_cell_expansion_15_0_threshold_0_6.png,24623.70721514125,15943.765321296001,2.9266265186061893
../binary_PNG/binary_labels_mask_case_id_TCGA-G3-A7M6_4_2_cell_expansion_9_0_threshold_0_8.png,22723.319399639517,5456.755730687819,0.13209337359215725
../binary_PNG/binary_labels_mask_case_id_TCGA-CC-5261_1_2_cell_expansion_5_0_threshold_0_8.png,23452.63547486248,8900.243623109656,0.4190010019794283
../binary_PNG/binary_labels_mask_case_id_TCGA-CC-A8HT_1_4_cell_expansion_13_0_threshold_0_4.png,24767.01065578802,16915.064187322445,3.776633495659538
../binary_PNG/binary_labels_mask_case_id_TCGA-CC-A3MA_4_1_cell_expansion_1_0_threshold_0_7.png,23540.647007742547,9742.373600047758,0.3745237001446416
../binary_PNG/binary_labels_mask_case_id_TCGA-G3-A5SK_3_4_cell_expansion_15_0_threshold_0_4.png,24947.650402051466,18803.589942830567,7.273891878042531
../binary_PNG/binary_labels_mask_case_id_TCGA-K7-AAU7_3_4_cell_expansion_15_0_threshold_0_5.png,24225.60590402694,13372.369067370106,1.258739530523196
../binary_PNG/binary_labels_mask_case_id_TCGA-CC-5261_2_1_cell_expansion_5_0_threshold_0_7.png,24039.034009618434,12357.95514216058,1.0482565328946294
../binary_PNG/binary_labels_mask_case_id_TCGA-BC-A69I_4_0_cell_expansion_11_0_threshold_0_6.png,24273.290564603667,13385.881863180939,1.8106793213514167
../binary_PNG/binary_labels_mask_case_id_TCGA-K7-AAU7_1_2_cell_expansion_11_0_threshold_0_5.png,24199.57771761743,13475.221725729058,1.0961429181600402
../binary_PNG/binary_labels_mask_case_id_TCGA-CC-5261_1_3_cell_expansion_3_0_threshold_0_7.png,23749.848543109023,10827.88749216975,0.5664740285756146
../binary_PNG/binary_labels_mask_case_id_TCGA-G3-A5SK_4_2_cell_expansion_3_0_threshold_0_7.png,23517.77527237264,9570.67438065531,0.4027380702188541
../binary_PNG/binary_labels_mask_case_id_TCGA-CC-5261_0_4_cell_expansion_13_0_threshold_0_6.png,24652.832994377422,16331.619969762698,2.650846931700829
../binary_PNG/binary_labels_mask_case_id_TCGA-CC-A3MA_2_1_cell_expansion_3_0_threshold_0_5.png,24549.83819668269,16081.452406011993,1.7538512926226582
../binary_PNG/binary_labels_mask_case_id_TCGA-G3-A5SK_0_1_cell_expansion_11_0_threshold_0_5.png,24607.43271604618,15887.597571043882,2.0880855682902357
../binary_PNG/binary_labels_mask_case_id_TCGA-G3-A5SK_1_0_cell_expansion_7_0_threshold_0_5.png,24562.07730150347,15666.203278830175,2.3506718411879417
../binary_PNG/binary_labels_mask_case_id_TCGA-CC-A3MA_3_4_cell_expansion_5_0_threshold_0_6.png,24439.45569751256,14962.82213831337,2.249516750257109
../binary_PNG/binary_labels_mask_case_id_TCGA-CC-5261_3_0_cell_expansion_15_0_threshold_0_8.png,23584.474492279256,9550.996520173398,0.6034201902377013
../binary_PNG/binary_labels_mask_case_id_TCGA-CC-A3MA_4_1_cell_expansion_5_0_threshold_0_5.png,24672.11938799496,16441.73195562674,2.9889226210157243
../binary_PNG/binary_labels_mask_case_id_TCGA-CC-A3MA_1_3_cell_expansion_11_0_threshold_0_7.png,24541.953919555668,15089.92210410623,3.3177767838711896
../binary_PNG/binary_labels_mask_case_id_TCGA-CC-A3MA_1_4_cell_expansion_5_0_threshold_0_7.png,24638.53033836972,15973.489964912524,2.7656849080696717
../binary_PNG/binary_labels_mask_case_id_TCGA-K7-AAU7_1_4_cell_expansion_9_0_threshold_0_8.png,22295.564725834272,3345.9127204795473,0.0
../binary_PNG/binary_labels_mask_case_id_TCGA-G3-A5SK_2_2_cell_expansion_5_0_threshold_0_7.png,24187.530606434317,13235.158218533948,1.0507244334838346
../binary_PNG/binary_labels_mask_case_id_TCGA-DD-AAED_4_0_cell_expansion_9_0_threshold_0_5.png,24653.53193458539,16299.420371711303,4.29510039783596
../binary_PNG/binary_labels_mask_case_id_TCGA-CC-5261_4_0_cell_expansion_5_0_threshold_0_8.png,23343.02419635032,8450.300067805534,0.3516332618927098
../binary_PNG/binary_labels_mask_case_id_TCGA-CC-5261_2_2_cell_expansion_13_0_threshold_0_4.png,24819.216824220664,17349.684144082574,7.787729903837176
../binary_PNG/binary_labels_mask_case_id_TCGA-DD-AAED_2_1_cell_expansion_13_0_threshold_0_5.png,24791.84710052534,17050.20561489939,9.538036827010211
../binary_PNG/binary_labels_mask_case_id_TCGA-G3-A7M6_4_2_cell_expansion_9_0_threshold_0_4.png,24702.894139433414,17533.03342623504,2.8385222013269447
../binary_PNG/binary_labels_mask_case_id_TCGA-BC-A69I_1_1_cell_expansion_9_0_threshold_0_5.png,24367.815341592777,14047.203786952707,1.779125028141758
../binary_PNG/binary_labels_mask_case_id_TCGA-YA-A8S7_2_4_cell_expansion_13_0_threshold_0_6.png,22379.532623335257,3769.691765016888,0.021284741833956167
../binary_PNG/binary_labels_mask_case_id_TCGA-CC-5261_3_4_cell_expansion_3_0_threshold_0_8.png,23174.03264091668,7603.941997012469,0.2529925547356995
../binary_PNG/binary_labels_mask_case_id_TCGA-DD-AAED_3_3_cell_expansion_11_0_threshold_0_7.png,24766.364959880553,16893.22474471462,5.2541258234355075
../binary_PNG/binary_labels_mask_case_id_TCGA-CC-5261_2_3_cell_expansion_11_0_threshold_0_7.png,24619.276933847384,15652.969962951101,3.2990010904461315
../binary_PNG/binary_labels_mask_case_id_TCGA-CC-A3MA_0_0_cell_expansion_15_0_threshold_0_8.png,23276.322263223563,8008.097649392179,0.48844391944833127
../binary_PNG/binary_labels_mask_case_id_TCGA-G3-A5SK_1_1_cell_expansion_1_0_threshold_0_6.png,22992.274210572417,6838.240772974422,0.15706991028621017
../binary_PNG/binary_labels_mask_case_id_TCGA-YA-A8S7_4_1_cell_expansion_9_0_threshold_0_6.png,24725.32163765716,16744.574707681422,3.5944184912865094
../binary_PNG/binary_labels_mask_case_id_TCGA-K7-AAU7_1_3_cell_expansion_9_0_threshold_0_6.png,22910.315128526265,6179.467534802879,0.16316541187575612
../binary_PNG/binary_labels_mask_case_id_TCGA-CC-A8HT_0_2_cell_expansion_13_0_threshold_0_6.png,24437.70165134116,14467.108760593359,1.9440565007288353
../binary_PNG/binary_labels_mask_case_id_TCGA-CC-A3MA_3_2_cell_expansion_5_0_threshold_0_4.png,24785.974352091802,17463.247082658738,3.994415297574435
../binary_PNG/binary_labels_mask_case_id_TCGA-G3-A7M6_0_4_cell_expansion_9_0_threshold_0_8.png,23951.564049097004,11712.770985214629,0.935947064483431
../binary_PNG/binary_labels_mask_case_id_TCGA-BC-A69I_0_3_cell_expansion_9_0_threshold_0_7.png,23981.28740076562,11630.31815512325,1.1281892093040784
../binary_PNG/binary_labels_mask_case_id_TCGA-CC-A1HT_4_0_cell_expansion_1_0_threshold_0_4.png,23518.220422329625,9832.330028780452,0.3615418692045047
../binary_PNG/binary_labels_mask_case_id_TCGA-CC-A3MA_4_0_cell_expansion_3_0_threshold_0_6.png,24480.653248288374,15345.994172407298,1.4109082581864372
../binary_PNG/binary_labels_mask_case_id_TCGA-G3-A5SK_2_3_cell_expansion_3_0_threshold_0_4.png,23938.330392737305,12154.972792063621,0.6900602757130678
../binary_PNG/binary_labels_mask_case_id_TCGA-CC-A1HT_0_0_cell_expansion_7_0_threshold_0_5.png,24247.564617432334,13924.51947315816,1.2016451359819893
../binary_PNG/binary_labels_mask_case_id_TCGA-BC-A69I_4_1_cell_expansion_15_0_threshold_0_6.png,23812.019063112417,10645.086184217847,0.9103370605743705
../binary_PNG/binary_labels_mask_case_id_TCGA-CC-A8HT_2_1_cell_expansion_15_0_threshold_0_8.png,23114.838189537026,7006.790251225519,0.31401851883069437
../binary_PNG/binary_labels_mask_case_id_TCGA-G3-A5SK_4_3_cell_expansion_1_0_threshold_0_6.png,23143.811304194583,7687.1476116316235,0.20098143858795497
../binary_PNG/binary_labels_mask_case_id_TCGA-K7-AAU7_0_4_cell_expansion_13_0_threshold_0_6.png,23858.485039003022,11257.174150390538,0.6521654489820263
../binary_PNG/binary_labels_mask_case_id_TCGA-CC-A8HT_3_3_cell_expansion_13_0_threshold_0_4.png,24665.24637231577,16496.945293098408,2.6237826376785987
../binary_PNG/binary_labels_mask_case_id_TCGA-G3-A5SK_0_1_cell_expansion_13_0_threshold_0_8.png,23699.395047974722,10108.106708540232,0.6213354721125044
../binary_PNG/binary_labels_mask_case_id_TCGA-CC-A3MA_0_0_cell_expansion_3_0_threshold_0_4.png,23505.160650360653,9774.435491388653,0.5344982710509845
../binary_PNG/binary_labels_mask_case_id_TCGA-CC-5261_3_2_cell_expansion_3_0_threshold_0_6.png,24167.420101848616,13297.660344086846,0.9481689096248129
../binary_PNG/binary_labels_mask_case_id_TCGA-YA-A8S7_2_4_cell_expansion_15_0_threshold_0_5.png,22621.28103046233,4905.256911970963,0.12547908399985072
../binary_PNG/binary_labels_mask_case_id_TCGA-G3-A7M6_3_0_cell_expansion_9_0_threshold_0_5.png,24658.883230343374,16080.31581276272,2.799532183861524
../binary_PNG/binary_labels_mask_case_id_TCGA-CC-5261_3_1_cell_expansion_11_0_threshold_0_8.png,24031.778062895377,11824.576320142705,1.2115725083080904
../binary_PNG/binary_labels_mask_case_id_TCGA-G3-A5SK_0_4_cell_expansion_1_0_threshold_0_6.png,23013.683680482558,6941.72154827668,0.16559646769886338
../binary_PNG/binary_labels_mask_case_id_TCGA-CC-5261_3_4_cell_expansion_11_0_threshold_0_7.png,24509.279733655883,14906.382193903844,2.7732406646489345
../binary_PNG/binary_labels_mask_case_id_TCGA-CC-A3MA_2_0_cell_expansion_3_0_threshold_0_5.png,24541.078718650977,15589.806173952116,1.556794536445607
../binary_PNG/binary_labels_mask_case_id_TCGA-CC-A8HT_0_3_cell_expansion_13_0_threshold_0_8.png,23121.43775707908,7038.400018852157,0.3394860918721957
../binary_PNG/binary_labels_mask_case_id_TCGA-K7-AAU7_0_4_cell_expansion_11_0_threshold_0_7.png,22751.753124064693,5388.370669079724,0.11369979048174399
../binary_PNG/binary_labels_mask_case_id_TCGA-G3-A7M6_0_2_cell_expansion_9_0_threshold_0_6.png,24629.001436533043,15847.86375621321,2.478001994485833
../binary_PNG/binary_labels_mask_case_id_TCGA-CC-A3MA_3_0_cell_expansion_11_0_threshold_0_6.png,22816.69099240894,5848.9845706316355,0.1504566888819422
../binary_PNG/binary_labels_mask_case_id_TCGA-G3-A5SK_3_2_cell_expansion_15_0_threshold_0_6.png,24689.796912543607,16565.64879552973,3.1471195401411416
../binary_PNG/binary_labels_mask_case_id_TCGA-K7-AAU7_1_0_cell_expansion_11_0_threshold_0_6.png,23031.529258450377,6979.798600009714,0.21850257758337419
../binary_PNG/binary_labels_mask_case_id_TCGA-CC-A3MA_1_0_cell_expansion_15_0_threshold_0_8.png,24214.969772290708,12768.713199209651,2.048599146231215
../binary_PNG/binary_labels_mask_case_id_TCGA-DD-AAED_0_2_cell_expansion_1_0_threshold_0_4.png,23750.52376866061,11119.0540215987,0.4661429460842485
../binary_PNG/binary_labels_mask_case_id_TCGA-CC-A8HT_4_3_cell_expansion_5_0_threshold_0_5.png,24170.709585005192,13211.20673398654,1.1161477924002663
../binary_PNG/binary_labels_mask_case_id_TCGA-G3-A5SK_2_4_cell_expansion_15_0_threshold_0_8.png,23678.948950217346,10025.160107887395,0.630238574137124
../binary_PNG/binary_labels_mask_case_id_TCGA-CC-A3MA_0_4_cell_expansion_9_0_threshold_0_4.png,24440.039813683565,14963.194432213742,1.7571078404378084
../binary_PNG/binary_labels_mask_case_id_TCGA-CC-A3MA_2_4_cell_expansion_11_0_threshold_0_7.png,24603.992403961045,15487.535470148188,3.8649167940758504
../binary_PNG/binary_labels_mask_case_id_TCGA-YA-A8S7_2_2_cell_expansion_13_0_threshold_0_8.png,23562.970346431626,9094.547936709438,0.6404365473913834
../binary_PNG/binary_labels_mask_case_id_TCGA-DD-AAED_4_2_cell_expansion_5_0_threshold_0_4.png,24608.19259600263,16234.080889308701,2.643281984034831
../binary_PNG/binary_labels_mask_case_id_TCGA-CC-A3MA_2_4_cell_expansion_9_0_threshold_0_5.png,24855.560816634174,17723.553898253722,9.412497749961922
../binary_PNG/binary_labels_mask_case_id_TCGA-YA-A8S7_2_2_cell_expansion_5_0_threshold_0_4.png,24393.65483048317,14358.054817463708,1.499351963060237
../binary_PNG/binary_labels_mask_case_id_TCGA-YA-A8S7_0_4_cell_expansion_3_0_threshold_0_8.png,22504.25427363412,4295.79021098515,0.04561618576520582
../binary_PNG/binary_labels_mask_case_id_TCGA-CC-A3MA_3_3_cell_expansion_15_0_threshold_0_5.png,24807.15713967895,17124.005171282275,11.64609002815829
../binary_PNG/binary_labels_mask_case_id_TCGA-CC-5261_3_3_cell_expansion_13_0_threshold_0_6.png,24874.42173455257,17921.580400657433,7.209652390383951
../binary_PNG/binary_labels_mask_case_id_TCGA-K7-AAU7_3_0_cell_expansion_3_0_threshold_0_5.png,23754.51343022,11058.283363562314,0.5012470482983996
../binary_PNG/binary_labels_mask_case_id_TCGA-G3-A5SK_1_0_cell_expansion_13_0_threshold_0_6.png,24562.147058180853,15630.575226226609,2.4001874922757405
../binary_PNG/binary_labels_mask_case_id_TCGA-YA-A8S7_0_3_cell_expansion_7_0_threshold_0_8.png,23063.46406320019,7002.605209908268,0.26298627698623006
../binary_PNG/binary_labels_mask_case_id_TCGA-CC-A3MA_4_3_cell_expansion_9_0_threshold_0_4.png,24885.14365845632,18039.203929693973,10.047141262192973
../binary_PNG/binary_labels_mask_case_id_TCGA-K7-AAU7_1_0_cell_expansion_7_0_threshold_0_6.png,23027.68714067232,6960.611973091667,0.2167289908643771
../binary_PNG/binary_labels_mask_case_id_TCGA-BC-A69I_3_2_cell_expansion_5_0_threshold_0_5.png,23929.53618075349,11615.509894706967,0.7836680737280115
../binary_PNG/binary_labels_mask_case_id_TCGA-CC-A8HT_0_0_cell_expansion_11_0_threshold_0_8.png,23156.97739410377,7342.696276002374,0.33376057739433546
../binary_PNG/binary_labels_mask_case_id_TCGA-CC-A8HT_0_3_cell_expansion_7_0_threshold_0_6.png,24434.87102531896,14667.328130031095,2.2286790919069923
../binary_PNG/binary_labels_mask_case_id_TCGA-BC-A69I_4_0_cell_expansion_3_0_threshold_0_7.png,23426.991040708843,8947.455027482009,0.37149542653086287
../binary_PNG/binary_labels_mask_case_id_TCGA-K7-AAU7_1_4_cell_expansion_13_0_threshold_0_6.png,23401.29452554104,9069.045403238302,0.3870080430963986
../binary_PNG/binary_labels_mask_case_id_TCGA-YA-A8S7_1_1_cell_expansion_3_0_threshold_0_8.png,22971.57072801782,6586.464773043554,0.18564985942128956
../binary_PNG/binary_labels_mask_case_id_TCGA-YA-A8S7_0_2_cell_expansion_1_0_threshold_0_7.png,23238.99972339375,8050.804087778517,0.25680123567912344
../binary_PNG/binary_labels_mask_case_id_TCGA-K7-AAU7_2_1_cell_expansion_11_0_threshold_0_4.png,24210.63047502244,13584.053889122171,1.1732057728852705
../binary_PNG/binary_labels_mask_case_id_TCGA-DD-AAED_1_0_cell_expansion_7_0_threshold_0_5.png,24256.95825080751,13450.5017883587,1.6495557656509663
../binary_PNG/binary_labels_mask_case_id_TCGA-CC-5261_2_3_cell_expansion_9_0_threshold_0_6.png,24748.92942237369,16676.929557510968,4.776792678155423
../binary_PNG/binary_labels_mask_case_id_TCGA-G3-A7M6_4_4_cell_expansion_15_0_threshold_0_6.png,24332.99337015496,13754.572723293177,1.4894934654010181
../binary_PNG/binary_labels_mask_case_id_TCGA-CC-A8HT_0_3_cell_expansion_5_0_threshold_0_7.png,23915.23033866125,11572.699795949471,0.8573223321209167
../binary_PNG/binary_labels_mask_case_id_TCGA-CC-A1HT_0_3_cell_expansion_9_0_threshold_0_5.png,24657.433909100186,16156.274427655013,3.435865766013431
../binary_PNG/binary_labels_mask_case_id_TCGA-G3-A5SK_2_1_cell_expansion_13_0_threshold_0_4.png,24753.733185442252,16955.891427068444,3.5131091986444694
../binary_PNG/binary_labels_mask_case_id_TCGA-G3-A7M6_3_3_cell_expansion_3_0_threshold_0_7.png,23538.257296240587,9553.602012833815,0.3821819762565129
../binary_PNG/binary_labels_mask_case_id_TCGA-K7-AAU7_2_0_cell_expansion_15_0_threshold_0_8.png,22295.564725834272,3345.9127204795473,0.0
../binary_PNG/binary_labels_mask_case_id_TCGA-K7-AAU7_1_1_cell_expansion_11_0_threshold_0_8.png,22295.564725834272,3345.9127204795473,0.0
../binary_PNG/binary_labels_mask_case_id_TCGA-CC-A8HT_4_3_cell_expansion_3_0_threshold_0_6.png,23590.690553701774,9883.836976815044,0.44459883638282316
../binary_PNG/binary_labels_mask_case_id_TCGA-CC-A3MA_1_1_cell_expansion_15_0_threshold_0_6.png,24370.63546437497,14195.922903428189,2.6291574893848773
../binary_PNG/binary_labels_mask_case_id_TCGA-DD-AAED_2_4_cell_expansion_9_0_threshold_0_4.png,24762.79651212731,16814.390401182856,6.504803598041303
../binary_PNG/binary_labels_mask_case_id_TCGA-YA-A8S7_4_0_cell_expansion_15_0_threshold_0_4.png,24825.075064417728,17657.865993717838,5.038806129531742
../binary_PNG/binary_labels_mask_case_id_TCGA-CC-A1HT_2_2_cell_expansion_3_0_threshold_0_6.png,24213.411187575737,13189.487979884785,1.0496205572307629
../binary_PNG/binary_labels_mask_case_id_TCGA-CC-A1HT_3_0_cell_expansion_1_0_threshold_0_5.png,23588.519640994728,10182.848868896222,0.36495329760419554
../binary_PNG/binary_labels_mask_case_id_TCGA-G3-A5SK_2_1_cell_expansion_5_0_threshold_0_7.png,24391.98875261149,14438.443721260708,1.3892475578035905
../binary_PNG/binary_labels_mask_case_id_TCGA-G3-A5SK_0_1_cell_expansion_7_0_threshold_0_7.png,24247.03458711166,13529.58454476755,1.3056492394232617
../binary_PNG/binary_labels_mask_case_id_TCGA-CC-5261_2_4_cell_expansion_7_0_threshold_0_8.png,24133.898296096966,12629.169088451636,1.338910873252036
../binary_PNG/binary_labels_mask_case_id_TCGA-CC-A8HT_4_0_cell_expansion_15_0_threshold_0_6.png,24469.101588530248,14682.851093487518,2.194029893008683
../binary_PNG/binary_labels_mask_case_id_TCGA-CC-A3MA_4_2_cell_expansion_7_0_threshold_0_4.png,24013.241038800395,12510.455949924582,1.006995115962529
../binary_PNG/binary_labels_mask_case_id_TCGA-CC-A1HT_2_2_cell_expansion_15_0_threshold_0_8.png,24157.554037875107,12577.178988197422,2.134578270565432
../binary_PNG/binary_labels_mask_case_id_TCGA-DD-AAED_4_0_cell_expansion_13_0_threshold_0_7.png,24549.883548845097,15543.702440736546,3.5466993157793967
../binary_PNG/binary_labels_mask_case_id_TCGA-G3-A7M6_1_2_cell_expansion_15_0_threshold_0_4.png,24934.793930328244,19110.29251871779,4.1658576626854655
../binary_PNG/binary_labels_mask_case_id_TCGA-CC-A1HT_3_4_cell_expansion_13_0_threshold_0_5.png,24895.71291639941,18173.8632138454,5.654012458559951
../binary_PNG/binary_labels_mask_case_id_TCGA-CC-5261_4_2_cell_expansion_13_0_threshold_0_8.png,24247.31732431129,13231.837128690371,1.392617549181387
../binary_PNG/binary_labels_mask_case_id_TCGA-BC-A69I_2_1_cell_expansion_9_0_threshold_0_6.png,24239.067756111406,13430.557150227856,1.6873654681143797
../binary_PNG/binary_labels_mask_case_id_TCGA-CC-A3MA_3_0_cell_expansion_5_0_threshold_0_4.png,23094.45859715924,7313.552987903233,0.25475636012127073
../binary_PNG/binary_labels_mask_case_id_TCGA-K7-AAU7_3_1_cell_expansion_9_0_threshold_0_7.png,22870.204362814464,6078.224501592147,0.1648444001351251
../binary_PNG/binary_labels_mask_case_id_TCGA-K7-AAU7_4_2_cell_expansion_13_0_threshold_0_4.png,24744.818353777984,17062.77343149713,3.15320564356636
../binary_PNG/binary_labels_mask_case_id_TCGA-G3-A5SK_1_4_cell_expansion_7_0_threshold_0_7.png,24480.193419504092,14886.205138842868,2.0447162520186897
../binary_PNG/binary_labels_mask_case_id_TCGA-CC-A1HT_1_2_cell_expansion_13_0_threshold_0_7.png,24100.437200242508,12275.002142085008,1.0645037602104035
../binary_PNG/binary_labels_mask_case_id_TCGA-G3-A5SK_4_3_cell_expansion_15_0_threshold_0_8.png,23730.413873917823,10253.916369256538,0.7309325382515464
../binary_PNG/binary_labels_mask_case_id_TCGA-CC-A1HT_4_4_cell_expansion_5_0_threshold_0_8.png,22639.743747926743,5109.017786359046,0.113750499188972
../binary_PNG/binary_labels_mask_case_id_TCGA-DD-AAED_3_1_cell_expansion_9_0_threshold_0_4.png,24692.971999433397,16517.271306403058,4.4819512313419265
../binary_PNG/binary_labels_mask_case_id_TCGA-K7-AAU7_0_3_cell_expansion_9_0_threshold_0_4.png,24378.874683869693,14860.780668060637,1.3641285622877393
../binary_PNG/binary_labels_mask_case_id_TCGA-DD-AAED_4_1_cell_expansion_11_0_threshold_0_8.png,24300.05028195416,13514.591681997483,2.259768088718708
../binary_PNG/binary_labels_mask_case_id_TCGA-G3-A5SK_3_4_cell_expansion_5_0_threshold_0_7.png,24709.423191784,16817.582840858242,2.631755589794177
../binary_PNG/binary_labels_mask_case_id_TCGA-YA-A8S7_1_4_cell_expansion_7_0_threshold_0_8.png,22354.12961355501,3587.4245905614534,0.01404273384345927
../binary_PNG/binary_labels_mask_case_id_TCGA-K7-AAU7_1_2_cell_expansion_7_0_threshold_0_6.png,23812.462484941534,11129.860277281234,0.6701270108071637
../binary_PNG/binary_labels_mask_case_id_TCGA-DD-AAED_2_0_cell_expansion_7_0_threshold_0_6.png,24350.39909428277,14306.640008164097,2.0394576410024263
../binary_PNG/binary_labels_mask_case_id_TCGA-CC-A1HT_0_2_cell_expansion_15_0_threshold_0_4.png,24137.93986183051,13223.794846245439,1.003621404870936
../binary_PNG/binary_labels_mask_case_id_TCGA-CC-5261_0_1_cell_expansion_9_0_threshold_0_7.png,24536.435272737428,15191.604973384441,2.932915635933831
../binary_PNG/binary_labels_mask_case_id_TCGA-K7-AAU7_3_2_cell_expansion_5_0_threshold_0_6.png,23847.79886708645,11391.203669234364,0.6913639074445354
../binary_PNG/binary_labels_mask_case_id_TCGA-CC-A3MA_1_2_cell_expansion_9_0_threshold_0_8.png,23889.075261144808,11047.93322971932,1.0833646897376021
../binary_PNG/binary_labels_mask_case_id_TCGA-DD-AAED_4_0_cell_expansion_1_0_threshold_0_6.png,23538.117889812303,9855.37312134301,0.38121876421547707
../binary_PNG/binary_labels_mask_case_id_TCGA-G3-A7M6_0_2_cell_expansion_3_0_threshold_0_8.png,23364.017658762,8542.676414712238,0.31236176666066695
../binary_PNG/binary_labels_mask_case_id_TCGA-K7-AAU7_3_2_cell_expansion_7_0_threshold_0_7.png,23232.198264766917,7955.680881051133,0.3089423069117829
../binary_PNG/binary_labels_mask_case_id_TCGA-CC-A8HT_1_4_cell_expansion_3_0_threshold_0_4.png,24334.556937036126,14267.74563569652,0.9824445008791809
../binary_PNG/binary_labels_mask_case_id_TCGA-G3-A7M6_1_0_cell_expansion_7_0_threshold_0_8.png,23948.498178780243,11629.390422446728,0.9038179433705252
../binary_PNG/binary_labels_mask_case_id_TCGA-DD-AAED_4_3_cell_expansion_15_0_threshold_0_5.png,24657.135301835082,16180.982707836392,3.4929936508695203
../binary_PNG/binary_labels_mask_case_id_TCGA-G3-A7M6_1_0_cell_expansion_13_0_threshold_0_8.png,23956.98065538024,11678.634635069297,0.9172910128193782
../binary_PNG/binary_labels_mask_case_id_TCGA-G3-A5SK_3_1_cell_expansion_9_0_threshold_0_8.png,23768.550447843823,10352.407536886862,0.7573135583978563
../binary_PNG/binary_labels_mask_case_id_TCGA-G3-A7M6_3_1_cell_expansion_5_0_threshold_0_4.png,24742.48212362978,17360.85823325214,2.7419982228422897
../binary_PNG/binary_labels_mask_case_id_TCGA-CC-5261_1_4_cell_expansion_9_0_threshold_0_7.png,24420.7753505476,14627.519677112185,2.1987429070522544
../binary_PNG/binary_labels_mask_case_id_TCGA-G3-A7M6_0_3_cell_expansion_7_0_threshold_0_6.png,24514.34435406372,15070.632572040515,2.0701975802941943
../binary_PNG/binary_labels_mask_case_id_TCGA-CC-5261_4_1_cell_expansion_11_0_threshold_0_8.png,23641.126941011367,9810.19304282428,0.6770338840677532
../binary_PNG/binary_labels_mask_case_id_TCGA-CC-A1HT_0_2_cell_expansion_13_0_threshold_0_7.png,23278.70545213744,8105.8309831376355,0.3390449488153738
../binary_PNG/binary_labels_mask_case_id_TCGA-YA-A8S7_3_2_cell_expansion_7_0_threshold_0_7.png,24545.049298992497,15521.338841327904,1.9465533905966272
../binary_PNG/binary_labels_mask_case_id_TCGA-YA-A8S7_2_0_cell_expansion_5_0_threshold_0_4.png,24742.014051920694,17179.807394145817,3.5578604401870684
../binary_PNG/binary_labels_mask_case_id_TCGA-BC-A69I_1_3_cell_expansion_15_0_threshold_0_5.png,24552.5373594132,15204.81401808769,3.0365179230330765
../binary_PNG/binary_labels_mask_case_id_TCGA-K7-AAU7_1_2_cell_expansion_1_0_threshold_0_5.png,23119.979505972882,7507.201112876539,0.18445514897350027
../binary_PNG/binary_labels_mask_case_id_TCGA-YA-A8S7_4_3_cell_expansion_13_0_threshold_0_6.png,22415.96558820062,3834.0188640953534,0.030182963207881434
../binary_PNG/binary_labels_mask_case_id_TCGA-BC-A69I_0_2_cell_expansion_3_0_threshold_0_5.png,23225.590404803774,8126.575109026283,0.29628966535890555
../binary_PNG/binary_labels_mask_case_id_TCGA-DD-AAED_0_0_cell_expansion_3_0_threshold_0_5.png,24346.99397621741,14431.07978098375,1.1717551042411722
../binary_PNG/binary_labels_mask_case_id_TCGA-YA-A8S7_0_1_cell_expansion_7_0_threshold_0_8.png,23272.47024454523,7978.392459517765,0.37193152278469804
../binary_PNG/binary_labels_mask_case_id_TCGA-G3-A5SK_2_2_cell_expansion_9_0_threshold_0_6.png,24546.279945439517,15472.684330361997,2.1810950787587546
../binary_PNG/binary_labels_mask_case_id_TCGA-CC-A8HT_3_3_cell_expansion_1_0_threshold_0_6.png,23199.94984881956,8001.677129735808,0.21964028244137385
../binary_PNG/binary_labels_mask_case_id_TCGA-G3-A7M6_2_4_cell_expansion_5_0_threshold_0_8.png,23630.65975867541,9793.28406252854,0.5125016498466062
../binary_PNG/binary_labels_mask_case_id_TCGA-CC-A8HT_3_4_cell_expansion_1_0_threshold_0_8.png,22445.79783331512,4108.220168093192,0.032506033238763395
../binary_PNG/binary_labels_mask_case_id_TCGA-G3-A7M6_2_1_cell_expansion_11_0_threshold_0_7.png,24584.086364747567,15581.466008224204,2.1281470631113457
../binary_PNG/binary_labels_mask_case_id_TCGA-BC-A69I_0_4_cell_expansion_3_0_threshold_0_7.png,23547.671976491278,9665.526073854586,0.43315218632553676
../binary_PNG/binary_labels_mask_case_id_TCGA-G3-A7M6_1_0_cell_expansion_1_0_threshold_0_7.png,23086.985081269067,7350.151301931462,0.17755763261368027
../binary_PNG/binary_labels_mask_case_id_TCGA-CC-A8HT_2_0_cell_expansion_7_0_threshold_0_7.png,24141.718991903814,12807.78524291729,1.2793698200250772
../binary_PNG/binary_labels_mask_case_id_TCGA-G3-A7M6_3_0_cell_expansion_3_0_threshold_0_7.png,23712.804885359372,10553.160217546909,0.49547838692847596
../binary_PNG/binary_labels_mask_case_id_TCGA-CC-A1HT_3_2_cell_expansion_9_0_threshold_0_6.png,24654.12676820025,15804.832589889309,7.020574024893611
../binary_PNG/binary_labels_mask_case_id_TCGA-CC-A3MA_0_0_cell_expansion_9_0_threshold_0_6.png,23797.340738709096,11049.607528120045,1.019120244696115
../binary_PNG/binary_labels_mask_case_id_TCGA-BC-A69I_2_3_cell_expansion_7_0_threshold_0_6.png,24307.295114747798,13517.490851186514,1.4883858934297214
../binary_PNG/binary_labels_mask_case_id_TCGA-BC-A69I_3_1_cell_expansion_5_0_threshold_0_5.png,23969.340535453688,11900.294448247076,0.9335472574262772
../binary_PNG/binary_labels_mask_case_id_TCGA-DD-AAED_1_4_cell_expansion_3_0_threshold_0_5.png,24359.83113265585,14605.379409588697,1.1522648349551612
../binary_PNG/binary_labels_mask_case_id_TCGA-YA-A8S7_2_1_cell_expansion_3_0_threshold_0_7.png,23539.083324545623,9588.991264194188,0.5064379454516151
../binary_PNG/binary_labels_mask_case_id_TCGA-G3-A5SK_4_4_cell_expansion_15_0_threshold_0_4.png,24362.010808343988,14236.333269167202,1.637356611504681
../binary_PNG/binary_labels_mask_case_id_TCGA-YA-A8S7_0_1_cell_expansion_1_0_threshold_0_7.png,23217.56357207524,8103.782584513088,0.23792376151036576
../binary_PNG/binary_labels_mask_case_id_TCGA-K7-AAU7_4_1_cell_expansion_3_0_threshold_0_4.png,24400.9518379137,14952.383595127983,1.1187245405950184
../binary_PNG/binary_labels_mask_case_id_TCGA-CC-A1HT_2_1_cell_expansion_9_0_threshold_0_8.png,23122.158077885484,7052.2599168378565,0.32248789186565513
../binary_PNG/binary_labels_mask_case_id_TCGA-CC-5261_4_1_cell_expansion_11_0_threshold_0_4.png,24862.969684533844,17949.82014183116,8.20603369828244
../binary_PNG/binary_labels_mask_case_id_TCGA-CC-A1HT_0_3_cell_expansion_15_0_threshold_0_6.png,24544.01760989499,15243.968177487084,2.8707112210768724
../binary_PNG/binary_labels_mask_case_id_TCGA-G3-A5SK_4_4_cell_expansion_9_0_threshold_0_7.png,24126.241040826317,12681.842161468332,1.1933496342007723
../binary_PNG/binary_labels_mask_case_id_TCGA-BC-A69I_2_3_cell_expansion_1_0_threshold_0_5.png,23226.61420301,7930.698290056121,0.22910055129662854
../binary_PNG/binary_labels_mask_case_id_TCGA-G3-A7M6_0_3_cell_expansion_11_0_threshold_0_4.png,24609.496001845768,15673.259464954412,2.451265767632
../binary_PNG/binary_labels_mask_case_id_TCGA-G3-A7M6_3_2_cell_expansion_15_0_threshold_0_4.png,24616.189440903945,15889.174660313553,2.4176562139727924
../binary_PNG/binary_labels_mask_case_id_TCGA-CC-A1HT_1_4_cell_expansion_13_0_threshold_0_5.png,24264.227932427755,13826.941021099663,1.4531050875766052
../binary_PNG/binary_labels_mask_case_id_TCGA-BC-A69I_0_3_cell_expansion_3_0_threshold_0_5.png,23737.39389107731,10546.14633291838,0.5516962122003088
../binary_PNG/binary_labels_mask_case_id_TCGA-G3-A7M6_2_2_cell_expansion_5_0_threshold_0_6.png,24213.542147652643,13557.25088557949,1.2104281537586092
../binary_PNG/binary_labels_mask_case_id_TCGA-K7-AAU7_1_4_cell_expansion_5_0_threshold_0_5.png,23539.159475695466,9928.354344116644,0.4640777882768921
../binary_PNG/binary_labels_mask_case_id_TCGA-K7-AAU7_4_1_cell_expansion_5_0_threshold_0_7.png,23807.877375787542,10883.200572246573,0.6831791174161672
../binary_PNG/binary_labels_mask_case_id_TCGA-G3-A7M6_0_2_cell_expansion_5_0_threshold_0_7.png,24239.704744511502,13375.762642439347,1.1103893305956671
../binary_PNG/binary_labels_mask_case_id_TCGA-YA-A8S7_4_1_cell_expansion_3_0_threshold_0_4.png,24498.486921175565,15605.13822358139,1.2924296643570246
../binary_PNG/binary_labels_mask_case_id_TCGA-DD-AAED_3_3_cell_expansion_1_0_threshold_0_7.png,23649.70415251539,10431.90158025942,0.40664796122510066
../binary_PNG/binary_labels_mask_case_id_TCGA-G3-A7M6_0_2_cell_expansion_15_0_threshold_0_8.png,24111.749538313925,12262.12026345434,1.0994806746290966
../binary_PNG/binary_labels_mask_case_id_TCGA-DD-AAED_0_0_cell_expansion_1_0_threshold_0_8.png,23066.701748399155,7240.634581666202,0.19610080312512593
../binary_PNG/binary_labels_mask_case_id_TCGA-G3-A7M6_3_0_cell_expansion_5_0_threshold_0_4.png,24506.816264583398,15172.785695233006,1.6895627582271575
../binary_PNG/binary_labels_mask_case_id_TCGA-BC-A69I_3_3_cell_expansion_13_0_threshold_0_6.png,24545.5020876817,15124.536605971844,2.514570805421405
../binary_PNG/binary_labels_mask_case_id_TCGA-CC-5261_4_4_cell_expansion_3_0_threshold_0_5.png,24557.79190770199,15918.043657280168,1.5962725994917808
../binary_PNG/binary_labels_mask_case_id_TCGA-CC-A3MA_3_1_cell_expansion_1_0_threshold_0_6.png,23672.00711421265,10634.913540977024,0.3871810003015065
../binary_PNG/binary_labels_mask_case_id_TCGA-CC-5261_0_4_cell_expansion_5_0_threshold_0_4.png,24655.23938544271,16552.499697239036,2.283405134824014
../binary_PNG/binary_labels_mask_case_id_TCGA-YA-A8S7_4_4_cell_expansion_9_0_threshold_0_8.png,22295.564725834272,3345.9127204795473,0.0
../binary_PNG/binary_labels_mask_case_id_TCGA-CC-5261_2_4_cell_expansion_5_0_threshold_0_5.png,24631.403218404947,16209.599239171455,2.5579203180223145
../binary_PNG/binary_labels_mask_case_id_TCGA-K7-AAU7_4_3_cell_expansion_13_0_threshold_0_6.png,24425.45515296174,14872.109407304808,1.5516390931891986
../binary_PNG/binary_labels_mask_case_id_TCGA-CC-A1HT_2_3_cell_expansion_11_0_threshold_0_8.png,22600.65046029957,4628.499365705879,0.08964069918518554
../binary_PNG/binary_labels_mask_case_id_TCGA-G3-A5SK_4_0_cell_expansion_1_0_threshold_0_6.png,23013.338735689438,6925.373236033853,0.16357840988214664
../binary_PNG/binary_labels_mask_case_id_TCGA-CC-A3MA_2_2_cell_expansion_1_0_threshold_0_8.png,23026.319580729327,6867.683332010495,0.18930639337823793
../binary_PNG/binary_labels_mask_case_id_TCGA-CC-5261_1_1_cell_expansion_1_0_threshold_0_6.png,23081.768513554347,7336.624244789502,0.1899447861639007
../binary_PNG/binary_labels_mask_case_id_TCGA-CC-A1HT_0_4_cell_expansion_5_0_threshold_0_6.png,24412.324061932948,14782.128166834585,1.508922800119948
../binary_PNG/binary_labels_mask_case_id_TCGA-CC-A3MA_4_4_cell_expansion_1_0_threshold_0_5.png,23721.329739225566,11064.006792784254,0.4677473573393198
../binary_PNG/binary_labels_mask_case_id_TCGA-G3-A5SK_3_4_cell_expansion_3_0_threshold_0_8.png,23287.75907135332,8298.69269682163,0.29579546184112776
../binary_PNG/binary_labels_mask_case_id_TCGA-CC-5261_2_3_cell_expansion_1_0_threshold_0_5.png,23639.53226996612,10384.935757024616,0.42155698570708494
../binary_PNG/binary_labels_mask_case_id_TCGA-BC-A69I_2_0_cell_expansion_11_0_threshold_0_6.png,24297.536914240718,13407.238342487286,1.655645829605703
../binary_PNG/binary_labels_mask_case_id_TCGA-BC-A69I_4_0_cell_expansion_9_0_threshold_0_5.png,24407.25743049309,14253.419405260564,2.460493518485852
../binary_PNG/binary_labels_mask_case_id_TCGA-G3-A5SK_2_1_cell_expansion_3_0_threshold_0_8.png,23219.73763698358,7925.808476640812,0.2695884030958543
../binary_PNG/binary_labels_mask_case_id_TCGA-CC-A3MA_4_4_cell_expansion_7_0_threshold_0_6.png,24406.84908111392,14952.327510861409,2.495327929255711
../binary_PNG/binary_labels_mask_case_id_TCGA-CC-A1HT_2_2_cell_expansion_13_0_threshold_0_7.png,24643.987837985438,15559.077105452741,5.711098881485007
../binary_PNG/binary_labels_mask_case_id_TCGA-G3-A5SK_3_2_cell_expansion_3_0_threshold_0_6.png,24197.030738983398,13646.616566429759,0.8731724976253263
../binary_PNG/binary_labels_mask_case_id_TCGA-G3-A7M6_2_3_cell_expansion_11_0_threshold_0_8.png,23597.180633337957,9742.477862545169,0.6091110808574213
../binary_PNG/binary_labels_mask_case_id_TCGA-DD-AAED_4_1_cell_expansion_13_0_threshold_0_5.png,24737.312321206227,16513.654943262918,7.165820887959055
../binary_PNG/binary_labels_mask_case_id_TCGA-K7-AAU7_4_4_cell_expansion_9_0_threshold_0_8.png,22958.994843041728,6405.231002141905,0.24720601486479096
../binary_PNG/binary_labels_mask_case_id_TCGA-K7-AAU7_4_3_cell_expansion_7_0_threshold_0_4.png,24765.071985686478,17410.1342787961,2.7589732318287474
../binary_PNG/binary_labels_mask_case_id_TCGA-CC-A8HT_1_2_cell_expansion_13_0_threshold_0_8.png,22853.733781374824,6039.395567516214,0.18610139782012194
../binary_PNG/binary_labels_mask_case_id_TCGA-CC-A1HT_4_2_cell_expansion_9_0_threshold_0_5.png,24736.196873395165,16812.45092639605,4.924010898668087
../binary_PNG/binary_labels_mask_case_id_TCGA-BC-A69I_1_3_cell_expansion_3_0_threshold_0_5.png,23891.558872180936,11576.711920840651,0.6432813411566501
../binary_PNG/binary_labels_mask_case_id_TCGA-YA-A8S7_3_4_cell_expansion_13_0_threshold_0_8.png,22295.564725834272,3345.9127204795473,0.0
../binary_PNG/binary_labels_mask_case_id_TCGA-K7-AAU7_0_3_cell_expansion_1_0_threshold_0_5.png,23176.799027210523,7856.612994328726,0.2044267339045925
../binary_PNG/binary_labels_mask_case_id_TCGA-G3-A7M6_1_2_cell_expansion_7_0_threshold_0_6.png,24779.576635304456,17709.87253556712,2.776546866540279
../binary_PNG/binary_labels_mask_case_id_TCGA-CC-A8HT_0_2_cell_expansion_3_0_threshold_0_6.png,23741.63579679036,10818.248721943966,0.5202347195118007
../binary_PNG/binary_labels_mask_case_id_TCGA-YA-A8S7_2_3_cell_expansion_7_0_threshold_0_7.png,23386.930818244648,8439.557425197367,0.4009179601738315
../binary_PNG/binary_labels_mask_case_id_TCGA-YA-A8S7_1_3_cell_expansion_15_0_threshold_0_7.png,24422.83661057455,14330.588091608734,2.0379920921437167
../binary_PNG/binary_labels_mask_case_id_TCGA-G3-A5SK_1_0_cell_expansion_13_0_threshold_0_8.png,23603.067916360742,9821.673836290462,0.6289849044778232
../binary_PNG/binary_labels_mask_case_id_TCGA-G3-A5SK_2_1_cell_expansion_9_0_threshold_0_4.png,24751.64149314249,16944.89070953554,3.5116200006799416
../binary_PNG/binary_labels_mask_case_id_TCGA-DD-AAED_4_4_cell_expansion_1_0_threshold_0_6.png,23800.627558810484,11287.161507548944,0.45806393237077153
../binary_PNG/binary_labels_mask_case_id_TCGA-DD-AAED_0_0_cell_expansion_11_0_threshold_0_4.png,24775.26586708921,17006.846633047742,6.0374550411609285
../binary_PNG/binary_labels_mask_case_id_TCGA-YA-A8S7_2_4_cell_expansion_1_0_threshold_0_6.png,22320.495227734504,3481.2662670725013,0.004668879113694668
../binary_PNG/binary_labels_mask_case_id_TCGA-BC-A69I_1_2_cell_expansion_1_0_threshold_0_8.png,22739.382261627103,5478.132533046039,0.09610986868568751
../binary_PNG/binary_labels_mask_case_id_TCGA-DD-AAED_3_1_cell_expansion_3_0_threshold_0_4.png,24316.37378024528,14357.453273279763,1.1746295305783978
../binary_PNG/binary_labels_mask_case_id_TCGA-BC-A69I_3_2_cell_expansion_3_0_threshold_0_8.png,22867.17194093584,6091.378719481664,0.14807034364203459
../binary_PNG/binary_labels_mask_case_id_TCGA-G3-A5SK_1_3_cell_expansion_9_0_threshold_0_7.png,24178.50514478581,13124.219297292722,1.3489764894525311
../binary_PNG/binary_labels_mask_case_id_TCGA-DD-AAED_4_3_cell_expansion_3_0_threshold_0_5.png,24105.3448682148,13004.976259474171,0.8606264592819611
../binary_PNG/binary_labels_mask_case_id_TCGA-YA-A8S7_2_3_cell_expansion_3_0_threshold_0_5.png,23161.7684199096,7587.7429661404,0.22462772825583818
../binary_PNG/binary_labels_mask_case_id_TCGA-CC-A8HT_0_2_cell_expansion_7_0_threshold_0_4.png,24512.33725378604,15264.541934062332,2.100729549790261
../binary_PNG/binary_labels_mask_case_id_TCGA-BC-A69I_4_1_cell_expansion_3_0_threshold_0_5.png,23365.918025880303,8581.831194954104,0.36990393075679195
../binary_PNG/binary_labels_mask_case_id_TCGA-CC-A3MA_0_3_cell_expansion_11_0_threshold_0_5.png,24851.72416615559,17580.704690842118,17.539239694957597
../binary_PNG/binary_labels_mask_case_id_TCGA-CC-A3MA_3_2_cell_expansion_15_0_threshold_0_5.png,24819.24432815152,17540.240975209363,6.8081295473791545
../binary_PNG/binary_labels_mask_case_id_TCGA-DD-AAED_2_2_cell_expansion_7_0_threshold_0_8.png,23690.502668495483,10325.152681939559,0.7810061087769657
../binary_PNG/binary_labels_mask_case_id_TCGA-CC-A8HT_4_3_cell_expansion_3_0_threshold_0_8.png,22648.754883000638,4924.7788947065665,0.08519225089446428
../binary_PNG/binary_labels_mask_case_id_TCGA-K7-AAU7_1_1_cell_expansion_11_0_threshold_0_6.png,23915.2037272021,11770.114349207888,0.7127972765050097
../binary_PNG/binary_labels_mask_case_id_TCGA-G3-A5SK_1_4_cell_expansion_11_0_threshold_0_8.png,23980.70013339273,11884.254267142634,1.0188280221556576
../binary_PNG/binary_labels_mask_case_id_TCGA-G3-A7M6_4_0_cell_expansion_5_0_threshold_0_7.png,23987.75377111708,12405.675827503024,0.8960520193443157
../binary_PNG/binary_labels_mask_case_id_TCGA-BC-A69I_0_1_cell_expansion_7_0_threshold_0_5.png,24308.479510125675,13750.985427923628,1.589086453825277
../binary_PNG/binary_labels_mask_case_id_TCGA-DD-AAED_0_4_cell_expansion_13_0_threshold_0_4.png,24686.97283109696,16186.240030519544,4.469259711797677
../binary_PNG/binary_labels_mask_case_id_TCGA-K7-AAU7_4_3_cell_expansion_1_0_threshold_0_7.png,22824.73227809284,6049.917290288794,0.11873152175959927
../binary_PNG/binary_labels_mask_case_id_TCGA-CC-A8HT_2_2_cell_expansion_7_0_threshold_0_5.png,24812.409608023925,17589.487851393318,3.8739473286235877
../binary_PNG/binary_labels_mask_case_id_TCGA-YA-A8S7_0_3_cell_expansion_3_0_threshold_0_4.png,24416.096200491356,14968.02592176587,1.319490659040361
../binary_PNG/binary_labels_mask_case_id_TCGA-G3-A5SK_0_2_cell_expansion_11_0_threshold_0_6.png,24454.233213252348,14741.839554147522,1.7506306565534024
../binary_PNG/binary_labels_mask_case_id_TCGA-K7-AAU7_0_2_cell_expansion_11_0_threshold_0_7.png,22566.967262007067,4598.780745761891,0.06699587901635207
../binary_PNG/binary_labels_mask_case_id_TCGA-DD-AAED_1_2_cell_expansion_9_0_threshold_0_7.png,24547.60369345164,15190.064034072624,3.0391669590999264
../binary_PNG/binary_labels_mask_case_id_TCGA-CC-5261_0_4_cell_expansion_15_0_threshold_0_7.png,24381.27268518304,14545.274810044546,1.674032161648684
../binary_PNG/binary_labels_mask_case_id_TCGA-YA-A8S7_3_2_cell_expansion_11_0_threshold_0_7.png,24549.88406530335,15558.80230731644,1.9724882520526055
../binary_PNG/binary_labels_mask_case_id_TCGA-CC-A3MA_3_4_cell_expansion_1_0_threshold_0_6.png,23704.522721503563,10788.680189593775,0.476316151112798
../binary_PNG/binary_labels_mask_case_id_TCGA-CC-A8HT_1_3_cell_expansion_9_0_threshold_0_6.png,24505.53528305824,15210.341080338396,2.4261510844903156
../binary_PNG/binary_labels_mask_case_id_TCGA-CC-A1HT_3_2_cell_expansion_7_0_threshold_0_8.png,24095.91514006789,12306.114367269363,1.5827639659112245
../binary_PNG/binary_labels_mask_case_id_TCGA-YA-A8S7_1_0_cell_expansion_15_0_threshold_0_6.png,24367.98999164466,14028.563734959942,1.9539683057897108
../binary_PNG/binary_labels_mask_case_id_TCGA-G3-A5SK_0_2_cell_expansion_7_0_threshold_0_5.png,24492.98458110429,15079.408173322343,1.7979189274663128
../binary_PNG/binary_labels_mask_case_id_TCGA-G3-A7M6_1_1_cell_expansion_9_0_threshold_0_6.png,24450.06764386626,14918.375994266165,1.8481001297003745
../binary_PNG/binary_labels_mask_case_id_TCGA-G3-A5SK_3_4_cell_expansion_11_0_threshold_0_4.png,24947.650402051466,18803.589942830567,7.273891878042531
../binary_PNG/binary_labels_mask_case_id_TCGA-CC-5261_2_1_cell_expansion_1_0_threshold_0_7.png,23279.200788323007,8398.341873277717,0.26749218352768
../binary_PNG/binary_labels_mask_case_id_TCGA-G3-A5SK_0_1_cell_expansion_13_0_threshold_0_6.png,24453.634492519257,14899.743893382178,1.7132064125846371
../binary_PNG/binary_labels_mask_case_id_TCGA-G3-A5SK_4_3_cell_expansion_1_0_threshold_0_8.png,22717.65524940674,5455.376513042666,0.09254561708862293
../binary_PNG/binary_labels_mask_case_id_TCGA-YA-A8S7_1_4_cell_expansion_15_0_threshold_0_7.png,22414.13489599876,3841.711919593967,0.025909240782642572
../binary_PNG/binary_labels_mask_case_id_TCGA-K7-AAU7_3_0_cell_expansion_15_0_threshold_0_6.png,23965.9496926212,11951.814623334221,0.833211363236673
../binary_PNG/binary_labels_mask_case_id_TCGA-DD-AAED_1_0_cell_expansion_15_0_threshold_0_6.png,24261.104993020104,13420.035756912786,1.8075465123514405
../binary_PNG/binary_labels_mask_case_id_TCGA-BC-A69I_4_4_cell_expansion_11_0_threshold_0_5.png,24607.235643226635,15721.998491801674,3.206394606275649
../binary_PNG/binary_labels_mask_case_id_TCGA-G3-A7M6_4_2_cell_expansion_15_0_threshold_0_6.png,24570.368803443213,16298.32298888488,2.0360424332408065
../binary_PNG/binary_labels_mask_case_id_TCGA-G3-A5SK_0_4_cell_expansion_1_0_threshold_0_8.png,22681.045021207672,5182.367676447453,0.0828671109252449
../binary_PNG/binary_labels_mask_case_id_TCGA-CC-5261_1_3_cell_expansion_3_0_threshold_0_5.png,24129.746057387616,13193.76477614895,0.9232778544568239
../binary_PNG/binary_labels_mask_case_id_TCGA-CC-A1HT_4_1_cell_expansion_5_0_threshold_0_4.png,24697.85961742436,16743.47968676668,3.1714536322339995
../binary_PNG/binary_labels_mask_case_id_TCGA-CC-A8HT_1_4_cell_expansion_15_0_threshold_0_5.png,24731.078493976827,16594.323056599278,3.6529745159347593
../binary_PNG/binary_labels_mask_case_id_TCGA-CC-A3MA_1_3_cell_expansion_13_0_threshold_0_4.png,24915.867562891908,18352.545646938048,13.894433895086637
../binary_PNG/binary_labels_mask_case_id_TCGA-G3-A5SK_3_0_cell_expansion_5_0_threshold_0_7.png,24296.259428873633,13828.575366345096,1.2772415547395006
../binary_PNG/binary_labels_mask_case_id_TCGA-DD-AAED_3_2_cell_expansion_11_0_threshold_0_7.png,24715.03674865424,16314.371245486594,7.1440450199231895
../binary_PNG/binary_labels_mask_case_id_TCGA-CC-A3MA_0_0_cell_expansion_5_0_threshold_0_5.png,23660.429249282915,10425.431925546087,0.7296755535458334
../binary_PNG/binary_labels_mask_case_id_TCGA-CC-5261_4_0_cell_expansion_3_0_threshold_0_5.png,24426.924897754692,15060.365505715488,1.1225223244486537
../binary_PNG/binary_labels_mask_case_id_TCGA-G3-A5SK_4_4_cell_expansion_3_0_threshold_0_7.png,23439.66096615938,9132.892716272823,0.35508696376739485
../binary_PNG/binary_labels_mask_case_id_TCGA-CC-5261_3_1_cell_expansion_15_0_threshold_0_8.png,24032.133748269003,11826.2617178949,1.2122122583460402
../binary_PNG/binary_labels_mask_case_id_TCGA-CC-A1HT_2_0_cell_expansion_5_0_threshold_0_7.png,22940.485134715644,6552.445499038388,0.2005271456600416
../binary_PNG/binary_labels_mask_case_id_TCGA-YA-A8S7_2_4_cell_expansion_11_0_threshold_0_5.png,22574.809439700133,4695.817113642464,0.10011297720467258
../binary_PNG/binary_labels_mask_case_id_TCGA-DD-AAED_3_3_cell_expansion_13_0_threshold_0_4.png,24870.846810432064,17894.203090919447,8.21528740317978
../binary_PNG/binary_labels_mask_case_id_TCGA-CC-A3MA_3_2_cell_expansion_5_0_threshold_0_6.png,24668.897534559,16458.31153540405,2.922803221582799
../binary_PNG/binary_labels_mask_case_id_TCGA-G3-A5SK_1_3_cell_expansion_13_0_threshold_0_5.png,24343.244253152403,14306.732391221069,1.6463265861509153
../binary_PNG/binary_labels_mask_case_id_TCGA-CC-A3MA_0_0_cell_expansion_7_0_threshold_0_4.png,23840.1573858168,11459.633624131104,1.0397714515416427
../binary_PNG/binary_labels_mask_case_id_TCGA-CC-A8HT_0_2_cell_expansion_13_0_threshold_0_4.png,24552.40078124712,15463.78234100636,2.403398565023504
../binary_PNG/binary_labels_mask_case_id_TCGA-CC-A3MA_0_4_cell_expansion_13_0_threshold_0_8.png,22769.041736826748,5525.703335830648,0.14807220265172458
../binary_PNG/binary_labels_mask_case_id_TCGA-CC-5261_3_2_cell_expansion_7_0_threshold_0_6.png,24616.35113157925,15818.150982776191,3.4373557472269094
../binary_PNG/binary_labels_mask_case_id_TCGA-DD-AAED_0_2_cell_expansion_15_0_threshold_0_5.png,24643.5368972529,16249.737982690913,4.765893878093475
../binary_PNG/binary_labels_mask_case_id_TCGA-DD-AAED_3_3_cell_expansion_11_0_threshold_0_5.png,24838.265537579664,17577.58813128298,7.075788104832948
../binary_PNG/binary_labels_mask_case_id_TCGA-G3-A5SK_0_3_cell_expansion_5_0_threshold_0_4.png,24713.44358452216,17078.274013407037,2.5028724745514284
../binary_PNG/binary_labels_mask_case_id_TCGA-CC-A8HT_3_3_cell_expansion_11_0_threshold_0_7.png,23946.626514802323,11558.76390921837,0.8475904384088474
../binary_PNG/binary_labels_mask_case_id_TCGA-YA-A8S7_3_3_cell_expansion_13_0_threshold_0_4.png,22767.252165428017,5574.291434660806,0.12082585749756339
../binary_PNG/binary_labels_mask_case_id_TCGA-K7-AAU7_0_4_cell_expansion_11_0_threshold_0_5.png,24179.291955849483,13293.79016150342,0.9637624491010203
../binary_PNG/binary_labels_mask_case_id_TCGA-G3-A5SK_2_4_cell_expansion_3_0_threshold_0_4.png,24154.60044648043,13162.322763635084,0.8294969775597265
../binary_PNG/binary_labels_mask_case_id_TCGA-YA-A8S7_1_0_cell_expansion_11_0_threshold_0_8.png,23054.661039335617,6995.853309547396,0.30297008258997743
../binary_PNG/binary_labels_mask_case_id_TCGA-CC-A8HT_4_0_cell_expansion_9_0_threshold_0_6.png,24451.291175237642,14564.049083184082,2.0536099805224426
../binary_PNG/binary_labels_mask_case_id_TCGA-CC-A8HT_1_1_cell_expansion_15_0_threshold_0_6.png,24557.293418101544,15515.322145417827,2.4935630940421913
../binary_PNG/binary_labels_mask_case_id_TCGA-CC-A3MA_2_0_cell_expansion_3_0_threshold_0_7.png,23859.628551882808,11391.174601287368,0.6704377340719976
../binary_PNG/binary_labels_mask_case_id_TCGA-G3-A5SK_4_3_cell_expansion_3_0_threshold_0_5.png,23752.469116739438,10887.686312758791,0.5331728125991786
../binary_PNG/binary_labels_mask_case_id_TCGA-G3-A7M6_3_0_cell_expansion_9_0_threshold_0_7.png,24468.83722672926,14653.20796726596,1.9710974197751303
../binary_PNG/binary_labels_mask_case_id_TCGA-CC-A1HT_3_2_cell_expansion_3_0_threshold_0_6.png,24266.06771366465,13602.876668046338,1.3630540757391343
../binary_PNG/binary_labels_mask_case_id_TCGA-CC-A3MA_2_0_cell_expansion_1_0_threshold_0_6.png,23675.430800894293,10522.32337756463,0.43055537941372674
../binary_PNG/binary_labels_mask_case_id_TCGA-CC-5261_1_3_cell_expansion_1_0_threshold_0_8.png,22888.002744800684,6283.209922597821,0.13279150889536404
../binary_PNG/binary_labels_mask_case_id_TCGA-G3-A5SK_1_3_cell_expansion_15_0_threshold_0_6.png,24332.142334670465,14184.514541993909,1.621934254185383
../binary_PNG/binary_labels_mask_case_id_TCGA-K7-AAU7_4_1_cell_expansion_9_0_threshold_0_4.png,24771.597403707,17267.273478004525,3.4122089757193685
../binary_PNG/binary_labels_mask_case_id_TCGA-CC-A3MA_4_3_cell_expansion_9_0_threshold_0_6.png,24756.170519189072,16750.634955302972,5.878645128242655
../binary_PNG/binary_labels_mask_case_id_TCGA-G3-A7M6_2_0_cell_expansion_5_0_threshold_0_8.png,23693.05604765508,10424.476061463503,0.6102871069879139
../binary_PNG/binary_labels_mask_case_id_TCGA-CC-5261_2_4_cell_expansion_9_0_threshold_0_6.png,24716.82898793354,16589.347069900163,5.225772224182027
../binary_PNG/binary_labels_mask_case_id_TCGA-CC-A3MA_2_4_cell_expansion_13_0_threshold_0_4.png,24879.980754940094,17965.856483178417,11.647103671355133
../binary_PNG/binary_labels_mask_case_id_TCGA-BC-A69I_0_0_cell_expansion_3_0_threshold_0_7.png,23288.22279596101,8359.612215996856,0.31506550269182765
../binary_PNG/binary_labels_mask_case_id_TCGA-CC-A3MA_2_0_cell_expansion_15_0_threshold_0_6.png,24726.176031149826,16461.440450595142,5.784502124665061
../binary_PNG/binary_labels_mask_case_id_TCGA-G3-A5SK_1_4_cell_expansion_15_0_threshold_0_6.png,24587.7520679382,15676.494899086587,2.639391875683238
../binary_PNG/binary_labels_mask_case_id_TCGA-K7-AAU7_1_0_cell_expansion_13_0_threshold_0_5.png,23439.857421731536,9155.279246870872,0.4029902957423081
../binary_PNG/binary_labels_mask_case_id_TCGA-G3-A7M6_4_1_cell_expansion_1_0_threshold_0_5.png,23098.47307400831,7394.4775271476965,0.1887381021086044
../binary_PNG/binary_labels_mask_case_id_TCGA-CC-A1HT_0_4_cell_expansion_9_0_threshold_0_5.png,24701.467725333892,16795.006584415307,2.705048785408169
../binary_PNG/binary_labels_mask_case_id_TCGA-CC-5261_1_0_cell_expansion_11_0_threshold_0_8.png,23538.7451718454,9282.232059598697,0.6197620762220536
../binary_PNG/binary_labels_mask_case_id_TCGA-K7-AAU7_0_2_cell_expansion_3_0_threshold_0_4.png,22951.26886441921,6657.047509984526,0.16427399973181775
../binary_PNG/binary_labels_mask_case_id_TCGA-BC-A69I_3_3_cell_expansion_3_0_threshold_0_8.png,23177.578245064644,7622.761176536671,0.25907287488482234
../binary_PNG/binary_labels_mask_case_id_TCGA-BC-A69I_4_2_cell_expansion_15_0_threshold_0_5.png,24360.919735738287,13910.780931669087,2.0204158957208156
../binary_PNG/binary_labels_mask_case_id_TCGA-G3-A5SK_1_0_cell_expansion_11_0_threshold_0_5.png,24582.293524991666,15764.38627277597,2.460622450748343
../binary_PNG/binary_labels_mask_case_id_TCGA-K7-AAU7_2_2_cell_expansion_3_0_threshold_0_5.png,23563.958201241847,10050.992437059853,0.42026224631927817
../binary_PNG/binary_labels_mask_case_id_TCGA-G3-A7M6_4_4_cell_expansion_13_0_threshold_0_7.png,24136.516709543233,12583.5530621909,1.1559127538207137
../binary_PNG/binary_labels_mask_case_id_TCGA-BC-A69I_2_0_cell_expansion_3_0_threshold_0_6.png,23552.88759254737,9497.635282645906,0.4247930074081559
../binary_PNG/binary_labels_mask_case_id_TCGA-K7-AAU7_0_2_cell_expansion_1_0_threshold_0_5.png,22610.506268268444,4906.624565218321,0.060633353206959624
../binary_PNG/binary_labels_mask_case_id_TCGA-CC-A8HT_0_1_cell_expansion_13_0_threshold_0_5.png,24762.631342929668,16898.349042558002,4.039953803414802
../binary_PNG/binary_labels_mask_case_id_TCGA-YA-A8S7_2_2_cell_expansion_7_0_threshold_0_7.png,24004.74291576659,11670.359599406365,1.013700544727961
../binary_PNG/binary_labels_mask_case_id_TCGA-YA-A8S7_3_0_cell_expansion_5_0_threshold_0_4.png,24700.08225701802,16839.174964240072,2.2976926519705105
../binary_PNG/binary_labels_mask_case_id_TCGA-G3-A7M6_4_1_cell_expansion_13_0_threshold_0_8.png,23843.96105091101,10693.847076623033,0.7158105870075936
../binary_PNG/binary_labels_mask_case_id_TCGA-CC-A8HT_4_2_cell_expansion_3_0_threshold_0_8.png,22770.450316884715,5609.041621793344,0.12339104147028522
../binary_PNG/binary_labels_mask_case_id_TCGA-CC-A3MA_2_0_cell_expansion_11_0_threshold_0_4.png,24872.591987839627,17879.339756666337,11.53934101848661
../binary_PNG/binary_labels_mask_case_id_TCGA-CC-A8HT_4_3_cell_expansion_3_0_threshold_0_4.png,23998.162452832745,12389.340653645813,0.7295193002818897
../binary_PNG/binary_labels_mask_case_id_TCGA-CC-A1HT_3_1_cell_expansion_9_0_threshold_0_4.png,24443.086107817806,15034.598037020292,1.7624515255299895
../binary_PNG/binary_labels_mask_case_id_TCGA-K7-AAU7_4_2_cell_expansion_1_0_threshold_0_7.png,23053.56858749916,7330.261141238243,0.1856732064590845
../binary_PNG/binary_labels_mask_case_id_TCGA-YA-A8S7_0_2_cell_expansion_3_0_threshold_0_4.png,24344.709086261766,14211.74653560208,1.1509332055334314
../binary_PNG/binary_labels_mask_case_id_TCGA-CC-A8HT_3_1_cell_expansion_5_0_threshold_0_6.png,23931.84496279841,11762.60007244954,0.7687927035765371
../binary_PNG/binary_labels_mask_case_id_TCGA-YA-A8S7_3_1_cell_expansion_15_0_threshold_0_8.png,22955.804555571664,6306.817629857938,0.22245826945016248
../binary_PNG/binary_labels_mask_case_id_TCGA-CC-A8HT_0_1_cell_expansion_15_0_threshold_0_6.png,24675.163336075162,16097.66353131036,3.2550536185207424
../binary_PNG/binary_labels_mask_case_id_TCGA-CC-A8HT_4_4_cell_expansion_7_0_threshold_0_4.png,24511.866145463846,15390.86545477546,1.9953609164513533
../binary_PNG/binary_labels_mask_case_id_TCGA-CC-5261_1_1_cell_expansion_13_0_threshold_0_7.png,23757.3172525408,10857.683916423752,0.8024483846373545
../binary_PNG/binary_labels_mask_case_id_TCGA-CC-A3MA_3_3_cell_expansion_11_0_threshold_0_5.png,24806.96792215126,17122.025467131178,11.586410742143972
../binary_PNG/binary_labels_mask_case_id_TCGA-K7-AAU7_0_2_cell_expansion_7_0_threshold_0_6.png,23021.868970886608,6829.71467915696,0.21932070319167093
../binary_PNG/binary_labels_mask_case_id_TCGA-DD-AAED_0_2_cell_expansion_5_0_threshold_0_4.png,24595.104387383057,16045.230102408032,2.798382996204991
../binary_PNG/binary_labels_mask_case_id_TCGA-CC-5261_0_2_cell_expansion_11_0_threshold_0_7.png,24161.57502363393,13142.127983876362,1.4926995862068966
../binary_PNG/binary_labels_mask_case_id_TCGA-CC-A1HT_4_1_cell_expansion_13_0_threshold_0_8.png,24024.854760259503,11714.993879527954,1.3859360246387313
../binary_PNG/binary_labels_mask_case_id_TCGA-CC-A8HT_2_3_cell_expansion_13_0_threshold_0_6.png,24470.544266057666,15031.09063576336,2.106279740923511
../binary_PNG/binary_labels_mask_case_id_TCGA-G3-A5SK_1_0_cell_expansion_15_0_threshold_0_7.png,24342.332757249576,14162.511983965,1.71390162364651
../binary_PNG/binary_labels_mask_case_id_TCGA-YA-A8S7_2_3_cell_expansion_11_0_threshold_0_5.png,23544.459944071703,9394.829745485053,0.5405396754265228
../binary_PNG/binary_labels_mask_case_id_TCGA-CC-A8HT_4_4_cell_expansion_5_0_threshold_0_5.png,24330.6147667037,14221.274096728557,1.2797636972527684
../binary_PNG/binary_labels_mask_case_id_TCGA-CC-A8HT_2_4_cell_expansion_1_0_threshold_0_4.png,23375.102941086294,9054.126206754294,0.28652871103852223
../binary_PNG/binary_labels_mask_case_id_TCGA-DD-AAED_1_2_cell_expansion_11_0_threshold_0_7.png,24560.90547657464,15269.900054545833,3.250452174961565
../binary_PNG/binary_labels_mask_case_id_TCGA-DD-AAED_0_4_cell_expansion_9_0_threshold_0_7.png,24577.75611050921,15244.87211178463,3.4636223339005183
../binary_PNG/binary_labels_mask_case_id_TCGA-CC-A3MA_0_2_cell_expansion_1_0_threshold_0_7.png,23695.169347983156,10723.700951231187,0.45223467463163114
../binary_PNG/binary_labels_mask_case_id_TCGA-CC-5261_4_3_cell_expansion_13_0_threshold_0_4.png,24895.58033380061,18289.38092395631,5.574014847494522
../binary_PNG/binary_labels_mask_case_id_TCGA-CC-A3MA_2_2_cell_expansion_3_0_threshold_0_7.png,24156.188788634245,12957.735282751712,0.996423420366089
../binary_PNG/binary_labels_mask_case_id_TCGA-CC-A3MA_3_1_cell_expansion_1_0_threshold_0_8.png,22417.615570799906,3926.727836222629,0.022578571654904872
../binary_PNG/binary_labels_mask_case_id_TCGA-CC-A1HT_4_2_cell_expansion_5_0_threshold_0_4.png,24678.530248670548,16476.065400756954,2.8902954821777302
../binary_PNG/binary_labels_mask_case_id_TCGA-G3-A7M6_2_3_cell_expansion_15_0_threshold_0_4.png,24599.863793008506,15902.586135381267,2.3686698590010846
../binary_PNG/binary_labels_mask_case_id_TCGA-G3-A5SK_1_3_cell_expansion_5_0_threshold_0_6.png,24154.818070931924,13205.6209588787,1.0705148561013083
../binary_PNG/binary_labels_mask_case_id_TCGA-BC-A69I_1_0_cell_expansion_13_0_threshold_0_5.png,24444.228369022272,14546.29838303847,2.0545517236716675
../binary_PNG/binary_labels_mask_case_id_TCGA-CC-A1HT_0_4_cell_expansion_15_0_threshold_0_8.png,22620.418167845968,4887.251844784216,0.09355232692388683
../binary_PNG/binary_labels_mask_case_id_TCGA-CC-5261_4_3_cell_expansion_11_0_threshold_0_5.png,24806.048728619826,17500.608035931396,4.432151282045116
../binary_PNG/binary_labels_mask_case_id_TCGA-G3-A5SK_3_4_cell_expansion_3_0_threshold_0_6.png,24718.588488967554,17136.49297490871,1.6503593006037
../binary_PNG/binary_labels_mask_case_id_TCGA-K7-AAU7_4_3_cell_expansion_13_0_threshold_0_8.png,22816.892777374283,5751.935633207748,0.16546772989487835
../binary_PNG/binary_labels_mask_case_id_TCGA-G3-A7M6_2_0_cell_expansion_9_0_threshold_0_5.png,24744.527062915866,16980.032947571282,3.8453510028345184
../binary_PNG/binary_labels_mask_case_id_TCGA-CC-A1HT_2_2_cell_expansion_3_0_threshold_0_4.png,24411.272009273667,14388.387466561682,1.3361637880596922
../binary_PNG/binary_labels_mask_case_id_TCGA-BC-A69I_0_3_cell_expansion_13_0_threshold_0_4.png,24449.983599054507,14471.368482861912,2.6422176325196016
../binary_PNG/binary_labels_mask_case_id_TCGA-CC-A1HT_2_3_cell_expansion_3_0_threshold_0_8.png,22437.73519438921,3966.1391500879163,0.0294360833294547
../binary_PNG/binary_labels_mask_case_id_TCGA-DD-AAED_3_1_cell_expansion_9_0_threshold_0_6.png,24631.786588302843,16020.979152275215,3.9599236431854834
../binary_PNG/binary_labels_mask_case_id_TCGA-CC-A3MA_0_2_cell_expansion_5_0_threshold_0_5.png,24908.61057905583,18354.42586243876,7.184926114450946
../binary_PNG/binary_labels_mask_case_id_TCGA-G3-A7M6_2_3_cell_expansion_13_0_threshold_0_7.png,24184.22973661125,12980.839348631102,1.2520113443311762
../binary_PNG/binary_labels_mask_case_id_TCGA-G3-A5SK_1_4_cell_expansion_7_0_threshold_0_5.png,24603.06630383792,15834.085241352299,2.5244253052773376
../binary_PNG/binary_labels_mask_case_id_TCGA-CC-5261_0_3_cell_expansion_5_0_threshold_0_8.png,23413.2374600746,8965.61323157985,0.42659325961052075
../binary_PNG/binary_labels_mask_case_id_TCGA-DD-AAED_0_3_cell_expansion_9_0_threshold_0_5.png,24700.26751047576,16431.306269162244,4.15138797235244
../binary_PNG/binary_labels_mask_case_id_TCGA-G3-A7M6_3_4_cell_expansion_15_0_threshold_0_4.png,24710.292907043488,16733.269158622308,3.3013103015961023
../binary_PNG/binary_labels_mask_case_id_TCGA-YA-A8S7_4_3_cell_expansion_9_0_threshold_0_4.png,22613.665988490025,4738.759761058528,0.1056277619114419
../binary_PNG/binary_labels_mask_case_id_TCGA-CC-5261_3_0_cell_expansion_7_0_threshold_0_6.png,24519.149459873028,15222.934709586254,2.33671927505299
../binary_PNG/binary_labels_mask_case_id_TCGA-CC-5261_4_3_cell_expansion_15_0_threshold_0_7.png,24586.075704849623,15686.58525436051,2.781901188808028
../binary_PNG/binary_labels_mask_case_id_TCGA-CC-5261_4_3_cell_expansion_1_0_threshold_0_8.png,22690.68359172197,5320.180276738613,0.08662309288546105
../binary_PNG/binary_labels_mask_case_id_TCGA-CC-5261_4_2_cell_expansion_1_0_threshold_0_4.png,23862.236045733003,11801.319493773777,0.505816267150339
../binary_PNG/binary_labels_mask_case_id_TCGA-G3-A5SK_1_3_cell_expansion_1_0_threshold_0_4.png,23181.00698349411,7855.724391669341,0.20902609262323898
../binary_PNG/binary_labels_mask_case_id_TCGA-CC-A8HT_3_0_cell_expansion_9_0_threshold_0_7.png,24231.38027188638,13445.246127318524,1.6049470813328621
../binary_PNG/binary_labels_mask_case_id_TCGA-CC-5261_4_4_cell_expansion_5_0_threshold_0_8.png,23951.300835753427,11641.338719706831,0.8576062877132045
../binary_PNG/binary_labels_mask_case_id_TCGA-CC-A1HT_2_3_cell_expansion_15_0_threshold_0_4.png,24440.65853850692,14968.68094949711,2.0179753906908426
../binary_PNG/binary_labels_mask_case_id_TCGA-CC-A3MA_2_3_cell_expansion_5_0_threshold_0_8.png,23146.553742371998,7396.845311221251,0.30348072396842807
../binary_PNG/binary_labels_mask_case_id_TCGA-YA-A8S7_0_1_cell_expansion_3_0_threshold_0_8.png,22881.09311696397,6153.120130737727,0.15405387893540048
../binary_PNG/binary_labels_mask_case_id_TCGA-CC-A8HT_3_3_cell_expansion_5_0_threshold_0_6.png,24220.232679971632,13541.619069040811,1.147489222117196
../binary_PNG/binary_labels_mask_case_id_TCGA-YA-A8S7_0_0_cell_expansion_3_0_threshold_0_4.png,24187.462662357142,13479.059750409966,0.8287739620649315
../binary_PNG/binary_labels_mask_case_id_TCGA-CC-5261_4_4_cell_expansion_15_0_threshold_0_7.png,24793.845978637823,17143.286342102052,6.311797225476932
../binary_PNG/binary_labels_mask_case_id_TCGA-BC-A69I_2_3_cell_expansion_13_0_threshold_0_8.png,23831.610126446816,10664.394841352314,0.8156118265706711
../binary_PNG/binary_labels_mask_case_id_TCGA-CC-A8HT_3_4_cell_expansion_1_0_threshold_0_6.png,23174.26217763198,7865.330658233862,0.21451820428203044
../binary_PNG/binary_labels_mask_case_id_TCGA-BC-A69I_0_2_cell_expansion_5_0_threshold_0_4.png,23629.362999223067,10188.565527560899,0.5958761706754153
../binary_PNG/binary_labels_mask_case_id_TCGA-BC-A69I_3_0_cell_expansion_11_0_threshold_0_8.png,23752.61877438549,10321.150835834796,0.7308786499164484
../binary_PNG/binary_labels_mask_case_id_TCGA-CC-A3MA_4_4_cell_expansion_11_0_threshold_0_5.png,24580.55644788341,16014.987970159204,3.8212748018420557
../binary_PNG/binary_labels_mask_case_id_TCGA-G3-A7M6_4_3_cell_expansion_7_0_threshold_0_6.png,24367.88871806735,14301.687042644558,1.7025280764635604
../binary_PNG/binary_labels_mask_case_id_TCGA-YA-A8S7_0_0_cell_expansion_1_0_threshold_0_5.png,23455.69622717428,9275.492903905388,0.2838897383766799
../binary_PNG/binary_labels_mask_case_id_TCGA-CC-A8HT_2_0_cell_expansion_5_0_threshold_0_8.png,22818.73994314047,5829.691592367089,0.15991771591218162
../binary_PNG/binary_labels_mask_case_id_TCGA-K7-AAU7_1_4_cell_expansion_3_0_threshold_0_8.png,22295.564725834272,3345.9127204795473,0.0
../binary_PNG/binary_labels_mask_case_id_TCGA-CC-A1HT_0_2_cell_expansion_15_0_threshold_0_6.png,23787.536843351212,10896.349618163853,0.620472969628627
../binary_PNG/binary_labels_mask_case_id_TCGA-DD-AAED_2_0_cell_expansion_7_0_threshold_0_4.png,24433.193774970092,14821.62428616199,2.3365831437774904
../binary_PNG/binary_labels_mask_case_id_TCGA-G3-A7M6_2_0_cell_expansion_15_0_threshold_0_5.png,24742.7681523527,16979.463586558817,3.8458408164582147
../binary_PNG/binary_labels_mask_case_id_TCGA-G3-A7M6_2_4_cell_expansion_7_0_threshold_0_7.png,24489.488066356153,14742.988329086993,1.9479143950681448
../binary_PNG/binary_labels_mask_case_id_TCGA-K7-AAU7_4_1_cell_expansion_13_0_threshold_0_7.png,24082.65120514275,12333.060958761054,1.0891416200800002
../binary_PNG/binary_labels_mask_case_id_TCGA-G3-A5SK_4_1_cell_expansion_13_0_threshold_0_6.png,24453.322371705293,14628.508964331435,1.8525562323059006
../binary_PNG/binary_labels_mask_case_id_TCGA-YA-A8S7_4_3_cell_expansion_13_0_threshold_0_4.png,22699.23942233805,5108.039353364078,0.1388248940729165
../binary_PNG/binary_labels_mask_case_id_TCGA-CC-A8HT_4_3_cell_expansion_11_0_threshold_0_7.png,23937.28569724264,11285.369444925636,0.9063410231861696
../binary_PNG/binary_labels_mask_case_id_TCGA-YA-A8S7_4_0_cell_expansion_1_0_threshold_0_7.png,23320.63207998473,8488.049823678872,0.25019606716080933
../binary_PNG/binary_labels_mask_case_id_TCGA-CC-A1HT_3_4_cell_expansion_9_0_threshold_0_6.png,24799.875768028836,17282.92999043861,4.116975816877832
../binary_PNG/binary_labels_mask_case_id_TCGA-G3-A7M6_2_4_cell_expansion_1_0_threshold_0_4.png,23338.036282642406,8784.850510586848,0.2596195425650216
../binary_PNG/binary_labels_mask_case_id_TCGA-CC-5261_4_4_cell_expansion_11_0_threshold_0_5.png,24870.125651115162,17884.874149238203,8.767589373735277
../binary_PNG/binary_labels_mask_case_id_TCGA-YA-A8S7_3_2_cell_expansion_7_0_threshold_0_5.png,24809.798472191742,17945.451068502756,3.961812737861522
../binary_PNG/binary_labels_mask_case_id_TCGA-CC-5261_1_4_cell_expansion_9_0_threshold_0_5.png,24691.50029507564,16382.67279620849,3.3895293520199394
../binary_PNG/binary_labels_mask_case_id_TCGA-G3-A7M6_0_3_cell_expansion_7_0_threshold_0_4.png,24597.9957728674,15591.638382432182,2.369705690501104
../binary_PNG/binary_labels_mask_case_id_TCGA-K7-AAU7_4_1_cell_expansion_7_0_threshold_0_8.png,23135.28666985067,7186.9618890701295,0.28094592260581747
../binary_PNG/binary_labels_mask_case_id_TCGA-CC-A3MA_4_0_cell_expansion_13_0_threshold_0_5.png,24895.25382142791,18203.32966846096,8.072462892717066
../binary_PNG/binary_labels_mask_case_id_TCGA-YA-A8S7_1_2_cell_expansion_7_0_threshold_0_4.png,24829.69037282892,17552.75613838452,5.857045852759471
../binary_PNG/binary_labels_mask_case_id_TCGA-CC-A1HT_4_1_cell_expansion_9_0_threshold_0_5.png,24758.31450128357,17029.901346496477,5.753995874069424
../binary_PNG/binary_labels_mask_case_id_TCGA-DD-AAED_3_2_cell_expansion_1_0_threshold_0_5.png,23773.54639046002,11148.790045599932,0.48346409153402176
../binary_PNG/binary_labels_mask_case_id_TCGA-YA-A8S7_0_1_cell_expansion_1_0_threshold_0_5.png,23620.513815693892,10273.319317664804,0.3976011106587029
../binary_PNG/binary_labels_mask_case_id_TCGA-G3-A7M6_2_2_cell_expansion_3_0_threshold_0_7.png,23509.105276507184,9672.276306327707,0.42080004944104504
../binary_PNG/binary_labels_mask_case_id_TCGA-BC-A69I_2_3_cell_expansion_7_0_threshold_0_4.png,24427.1879014998,14359.441027084375,1.7709339730055382
../binary_PNG/binary_labels_mask_case_id_TCGA-G3-A7M6_2_1_cell_expansion_13_0_threshold_0_4.png,24776.827264511852,17186.14284798625,3.4501437950841045
../binary_PNG/binary_labels_mask_case_id_TCGA-CC-5261_3_2_cell_expansion_9_0_threshold_0_6.png,24653.211175833683,16044.170573995516,4.120379436964504
../binary_PNG/binary_labels_mask_case_id_TCGA-K7-AAU7_1_2_cell_expansion_7_0_threshold_0_8.png,22336.30732815795,3529.953402420136,0.01051470581652577
../binary_PNG/binary_labels_mask_case_id_TCGA-CC-5261_1_2_cell_expansion_9_0_threshold_0_7.png,24386.887241376968,14241.233009920186,2.158084601838294
../binary_PNG/binary_labels_mask_case_id_TCGA-CC-A8HT_4_1_cell_expansion_3_0_threshold_0_8.png,22520.044819987867,4456.069514918547,0.057090589059429694
../binary_PNG/binary_labels_mask_case_id_TCGA-BC-A69I_3_1_cell_expansion_15_0_threshold_0_8.png,23609.60394911579,9758.389982560064,0.6869670750228256
../binary_PNG/binary_labels_mask_case_id_TCGA-G3-A7M6_0_3_cell_expansion_15_0_threshold_0_4.png,24609.496001845768,15673.259464954412,2.451265767632
../binary_PNG/binary_labels_mask_case_id_TCGA-BC-A69I_0_3_cell_expansion_7_0_threshold_0_5.png,24340.220249547998,13801.050190859864,1.8338106510211838
../binary_PNG/binary_labels_mask_case_id_TCGA-K7-AAU7_4_0_cell_expansion_11_0_threshold_0_4.png,24868.05975672368,18230.40276888369,3.3809247133148568
../binary_PNG/binary_labels_mask_case_id_TCGA-CC-A1HT_0_3_cell_expansion_11_0_threshold_0_6.png,24537.38627021772,15212.562687998601,2.7801292166512437
../binary_PNG/binary_labels_mask_case_id_TCGA-G3-A7M6_1_1_cell_expansion_13_0_threshold_0_8.png,23625.04037879782,9755.44180930374,0.5556036574966875
../binary_PNG/binary_labels_mask_case_id_TCGA-YA-A8S7_4_1_cell_expansion_5_0_threshold_0_5.png,24650.146993165326,16475.225996356738,2.3839566880543583
../binary_PNG/binary_labels_mask_case_id_TCGA-DD-AAED_2_1_cell_expansion_5_0_threshold_0_5.png,24660.686349989297,16235.589860187849,3.2730990330615297
../binary_PNG/binary_labels_mask_case_id_TCGA-CC-A8HT_4_2_cell_expansion_15_0_threshold_0_7.png,24237.63999912242,13165.703755925095,1.724339807654222
../binary_PNG/binary_labels_mask_case_id_TCGA-G3-A7M6_4_3_cell_expansion_3_0_threshold_0_8.png,23247.421175288207,8057.909841389459,0.27796647706343236
../binary_PNG/binary_labels_mask_case_id_TCGA-DD-AAED_3_3_cell_expansion_1_0_threshold_0_5.png,23854.147344234083,11574.02763873757,0.506628000829125
../binary_PNG/binary_labels_mask_case_id_TCGA-K7-AAU7_0_1_cell_expansion_1_0_threshold_0_5.png,22647.86525569419,5118.794684024875,0.0722213216006037
../binary_PNG/binary_labels_mask_case_id_TCGA-YA-A8S7_1_4_cell_expansion_3_0_threshold_0_4.png,22432.862968434147,3994.036168206285,0.02987762208311536
../binary_PNG/binary_labels_mask_case_id_TCGA-YA-A8S7_3_2_cell_expansion_5_0_threshold_0_8.png,22962.832878813817,6540.908514415957,0.202476595197251
../binary_PNG/binary_labels_mask_case_id_TCGA-G3-A5SK_4_4_cell_expansion_13_0_threshold_0_5.png,24322.543430818598,13924.34013635512,1.568259385665529
../binary_PNG/binary_labels_mask_case_id_TCGA-BC-A69I_1_1_cell_expansion_1_0_threshold_0_4.png,23280.171587281293,8334.253905828718,0.24921350737829343
../binary_PNG/binary_labels_mask_case_id_TCGA-K7-AAU7_3_3_cell_expansion_3_0_threshold_0_7.png,22777.68149335941,5694.315379348108,0.11641781596917258
../binary_PNG/binary_labels_mask_case_id_TCGA-DD-AAED_0_1_cell_expansion_3_0_threshold_0_7.png,24120.31013839626,12958.138362532269,0.8973482586646258
../binary_PNG/binary_labels_mask_case_id_TCGA-YA-A8S7_3_3_cell_expansion_7_0_threshold_0_5.png,22764.13498914597,5556.755587773378,0.1199008236312255
../binary_PNG/binary_labels_mask_case_id_TCGA-G3-A7M6_0_2_cell_expansion_7_0_threshold_0_4.png,24651.28416384221,16055.971342729265,2.561690893425972
../binary_PNG/binary_labels_mask_case_id_TCGA-G3-A7M6_0_4_cell_expansion_11_0_threshold_0_6.png,24612.8520024692,15740.59412268434,2.7131099275965407
../binary_PNG/binary_labels_mask_case_id_TCGA-G3-A7M6_1_3_cell_expansion_15_0_threshold_0_4.png,24659.776552595453,16163.427917226285,2.622962237807129
../binary_PNG/binary_labels_mask_case_id_TCGA-G3-A5SK_1_2_cell_expansion_7_0_threshold_0_7.png,24206.200061367443,13008.29439163208,1.217357673115274
../binary_PNG/binary_labels_mask_case_id_TCGA-G3-A5SK_4_0_cell_expansion_3_0_threshold_0_5.png,23596.05124188686,9935.420656891569,0.433982268484736
../binary_PNG/binary_labels_mask_case_id_TCGA-CC-A3MA_0_4_cell_expansion_5_0_threshold_0_7.png,23418.817960142103,8825.876054070999,0.40614033062070487
../binary_PNG/binary_labels_mask_case_id_TCGA-G3-A5SK_3_2_cell_expansion_5_0_threshold_0_7.png,24398.429169672287,14595.26648063276,1.5354683977351653
../binary_PNG/binary_labels_mask_case_id_TCGA-CC-A8HT_4_1_cell_expansion_13_0_threshold_0_5.png,24403.081494741793,14692.119952979141,1.6789007134222937
../binary_PNG/binary_labels_mask_case_id_TCGA-CC-A8HT_0_2_cell_expansion_9_0_threshold_0_8.png,22881.882436383232,6125.367519809034,0.19409137535158413
../binary_PNG/binary_labels_mask_case_id_TCGA-G3-A5SK_1_2_cell_expansion_1_0_threshold_0_4.png,23207.05338331769,8064.275931189663,0.2205158834495959
../binary_PNG/binary_labels_mask_case_id_TCGA-G3-A5SK_3_3_cell_expansion_3_0_threshold_0_8.png,23048.210976524308,7063.097488491598,0.2086037865232345
../binary_PNG/binary_labels_mask_case_id_TCGA-CC-A8HT_4_1_cell_expansion_15_0_threshold_0_6.png,24299.857009663418,14082.481077733113,1.504481567407427
../binary_PNG/binary_labels_mask_case_id_TCGA-CC-A1HT_2_3_cell_expansion_15_0_threshold_0_8.png,22602.755210479307,4638.374292691711,0.09022941179881815
../binary_PNG/binary_labels_mask_case_id_TCGA-CC-5261_1_1_cell_expansion_5_0_threshold_0_6.png,23699.75088897243,10720.778572403437,0.6434826059363762
../binary_PNG/binary_labels_mask_case_id_TCGA-CC-A3MA_2_2_cell_expansion_5_0_threshold_0_8.png,23713.022417371634,10244.044097720742,0.6646149515576135
../binary_PNG/binary_labels_mask_case_id_TCGA-DD-AAED_4_1_cell_expansion_11_0_threshold_0_6.png,24711.9096024016,16286.466718432537,6.290343220736077
../binary_PNG/binary_labels_mask_case_id_TCGA-YA-A8S7_0_4_cell_expansion_9_0_threshold_0_8.png,22708.368105039986,5176.9726186328335,0.12546228459266962
../binary_PNG/binary_labels_mask_case_id_TCGA-CC-5261_2_2_cell_expansion_7_0_threshold_0_8.png,24155.807638061116,12679.356590199053,1.3592561532058707
../binary_PNG/binary_labels_mask_case_id_TCGA-CC-A1HT_4_3_cell_expansion_1_0_threshold_0_6.png,23753.48114953764,10921.971471099112,0.5088002981521779
../binary_PNG/binary_labels_mask_case_id_TCGA-CC-A1HT_2_0_cell_expansion_13_0_threshold_0_7.png,23036.900388209284,7008.550542830365,0.2643899830854437
../binary_PNG/binary_labels_mask_case_id_TCGA-CC-A3MA_4_4_cell_expansion_13_0_threshold_0_5.png,24582.627124174483,16021.277340279641,3.824206672091131
../binary_PNG/binary_labels_mask_case_id_TCGA-CC-A8HT_1_4_cell_expansion_3_0_threshold_0_7.png,23856.78409193997,11150.59750623626,0.5767574069375805
../binary_PNG/binary_labels_mask_case_id_TCGA-CC-A8HT_4_1_cell_expansion_3_0_threshold_0_5.png,23842.84115506337,11524.246349158568,0.5950547523671693
../binary_PNG/binary_labels_mask_case_id_TCGA-BC-A69I_3_1_cell_expansion_15_0_threshold_0_5.png,24385.99484227044,14088.803857856969,2.3667465571480593
../binary_PNG/binary_labels_mask_case_id_TCGA-DD-AAED_3_2_cell_expansion_7_0_threshold_0_7.png,24716.438210591696,16349.621957851234,4.9822425701960995
../binary_PNG/binary_labels_mask_case_id_TCGA-BC-A69I_1_3_cell_expansion_11_0_threshold_0_4.png,24595.08169655994,15498.575809472743,3.407985857036651
../binary_PNG/binary_labels_mask_case_id_TCGA-CC-A1HT_3_3_cell_expansion_13_0_threshold_0_6.png,24728.53332223208,16457.731170447572,12.356559269652942
../binary_PNG/binary_labels_mask_case_id_TCGA-G3-A7M6_0_2_cell_expansion_11_0_threshold_0_5.png,24652.19154924589,16052.275674527598,2.5891814821895114
../binary_PNG/binary_labels_mask_case_id_TCGA-CC-A8HT_1_4_cell_expansion_1_0_threshold_0_6.png,23429.682911086802,9046.546325800658,0.28890209274822465
../binary_PNG/binary_labels_mask_case_id_TCGA-CC-A3MA_4_4_cell_expansion_11_0_threshold_0_4.png,24649.651596212403,16475.636841627034,4.306835285610309
../binary_PNG/binary_labels_mask_case_id_TCGA-YA-A8S7_4_3_cell_expansion_15_0_threshold_0_6.png,22415.96558820062,3834.0188640953534,0.030182963207881434
../binary_PNG/binary_labels_mask_case_id_TCGA-CC-5261_0_1_cell_expansion_9_0_threshold_0_4.png,24697.933116043252,16559.285875610127,4.2134796926454445
../binary_PNG/binary_labels_mask_case_id_TCGA-DD-AAED_2_0_cell_expansion_7_0_threshold_0_5.png,24424.009218463492,14723.910300546391,2.317735884573585
../binary_PNG/binary_labels_mask_case_id_TCGA-YA-A8S7_2_1_cell_expansion_3_0_threshold_0_8.png,22937.37290995096,6399.858681415145,0.19192992218259688
../binary_PNG/binary_labels_mask_case_id_TCGA-DD-AAED_4_3_cell_expansion_11_0_threshold_0_4.png,24662.5619697404,16244.6346992893,3.486881463802705
../binary_PNG/binary_labels_mask_case_id_TCGA-BC-A69I_0_2_cell_expansion_3_0_threshold_0_6.png,23160.55543484047,7760.95197347087,0.267469861942279
../binary_PNG/binary_labels_mask_case_id_TCGA-YA-A8S7_4_2_cell_expansion_15_0_threshold_0_8.png,22561.30478028485,4478.554297414729,0.0786523712063845
../binary_PNG/binary_labels_mask_case_id_TCGA-G3-A7M6_0_4_cell_expansion_3_0_threshold_0_5.png,24140.72806031954,13162.513691306129,0.7926757315414285
../binary_PNG/binary_labels_mask_case_id_TCGA-CC-A8HT_4_3_cell_expansion_11_0_threshold_0_6.png,24235.947195584333,13192.501426849185,1.4085211962300732
../binary_PNG/binary_labels_mask_case_id_TCGA-CC-A1HT_2_1_cell_expansion_11_0_threshold_0_8.png,23197.22931167325,7380.528810623177,0.37274890168064156
../binary_PNG/binary_labels_mask_case_id_TCGA-G3-A7M6_3_1_cell_expansion_7_0_threshold_0_6.png,24732.48419818208,16982.65574608517,3.0119539435726854
../binary_PNG/binary_labels_mask_case_id_TCGA-K7-AAU7_1_2_cell_expansion_1_0_threshold_0_6.png,22874.062848890124,6229.404648758534,0.12226251699547368
../binary_PNG/binary_labels_mask_case_id_TCGA-BC-A69I_2_2_cell_expansion_11_0_threshold_0_6.png,24369.473599979887,13966.38373433262,1.8170950993099624
../binary_PNG/binary_labels_mask_case_id_TCGA-YA-A8S7_1_4_cell_expansion_1_0_threshold_0_8.png,22309.44409177986,3411.382180714216,0.002548014042664277
../binary_PNG/binary_labels_mask_case_id_TCGA-CC-A1HT_4_0_cell_expansion_9_0_threshold_0_8.png,23117.523285869243,7256.327421553037,0.3237820989509992
../binary_PNG/binary_labels_mask_case_id_TCGA-CC-A1HT_1_1_cell_expansion_11_0_threshold_0_4.png,24547.93571953713,15607.051664427196,1.9540357364521763
../binary_PNG/binary_labels_mask_case_id_TCGA-CC-A8HT_2_1_cell_expansion_1_0_threshold_0_7.png,23078.27853803908,7267.265915027659,0.1837870334391519
../binary_PNG/binary_labels_mask_case_id_TCGA-YA-A8S7_2_0_cell_expansion_7_0_threshold_0_6.png,24733.47297557268,16913.63842701885,4.027808340057034
../binary_PNG/binary_labels_mask_case_id_TCGA-CC-5261_4_0_cell_expansion_15_0_threshold_0_7.png,24575.92375519147,15534.449462678313,2.414256997763134
../binary_PNG/binary_labels_mask_case_id_TCGA-BC-A69I_2_2_cell_expansion_3_0_threshold_0_7.png,23375.793684843244,8593.45858402963,0.35018690727412227
../binary_PNG/binary_labels_mask_case_id_TCGA-CC-A1HT_3_0_cell_expansion_13_0_threshold_0_7.png,23920.647714386567,11495.541283318413,0.8054436935999667
../binary_PNG/binary_labels_mask_case_id_TCGA-CC-A1HT_3_4_cell_expansion_15_0_threshold_0_5.png,24895.71291639941,18173.8632138454,5.654012458559951
../binary_PNG/binary_labels_mask_case_id_TCGA-CC-A1HT_1_0_cell_expansion_1_0_threshold_0_7.png,22782.54128376656,5798.853177785025,0.10604159711017601
../binary_PNG/binary_labels_mask_case_id_TCGA-G3-A7M6_1_2_cell_expansion_13_0_threshold_0_4.png,24934.793930328244,19110.29251871779,4.1658576626854655
../binary_PNG/binary_labels_mask_case_id_TCGA-G3-A5SK_1_3_cell_expansion_7_0_threshold_0_6.png,24310.86043233667,14079.593411845877,1.5438652475471928
../binary_PNG/binary_labels_mask_case_id_TCGA-YA-A8S7_0_3_cell_expansion_9_0_threshold_0_7.png,24463.19841491005,14774.091166463213,2.1112333711116733
../binary_PNG/binary_labels_mask_case_id_TCGA-G3-A7M6_0_0_cell_expansion_15_0_threshold_0_8.png,23715.558130372578,10304.434560399273,0.6359583930872983
../binary_PNG/binary_labels_mask_case_id_TCGA-CC-A3MA_2_2_cell_expansion_3_0_threshold_0_6.png,24370.825906457783,14319.428146304712,1.3199875528388154
../binary_PNG/binary_labels_mask_case_id_TCGA-CC-A8HT_4_4_cell_expansion_13_0_threshold_0_7.png,24167.149097344296,12904.990025462475,1.192163805651808
../binary_PNG/binary_labels_mask_case_id_TCGA-CC-A3MA_0_2_cell_expansion_3_0_threshold_0_7.png,24250.999195188106,13826.998665529023,1.082488016017413
../binary_PNG/binary_labels_mask_case_id_TCGA-G3-A5SK_4_2_cell_expansion_15_0_threshold_0_5.png,24396.630665088287,14271.241441380525,1.817546690512528
../binary_PNG/binary_labels_mask_case_id_TCGA-K7-AAU7_4_3_cell_expansion_9_0_threshold_0_5.png,24688.914292689227,16715.911470181523,2.491469693478116
../binary_PNG/binary_labels_mask_case_id_TCGA-G3-A7M6_2_3_cell_expansion_13_0_threshold_0_6.png,24473.14652904251,14936.8658534905,1.8628836510927762
../binary_PNG/binary_labels_mask_case_id_TCGA-G3-A5SK_0_1_cell_expansion_1_0_threshold_0_7.png,23057.532480852118,7299.580971878368,0.1763775873351914
../binary_PNG/binary_labels_mask_case_id_TCGA-BC-A69I_2_1_cell_expansion_11_0_threshold_0_7.png,24048.171337054635,12380.271534210491,1.2835702601809038
../binary_PNG/binary_labels_mask_case_id_TCGA-G3-A5SK_3_4_cell_expansion_5_0_threshold_0_4.png,24930.945538383112,18723.897369803148,5.246521665842275
../binary_PNG/binary_labels_mask_case_id_TCGA-DD-AAED_0_2_cell_expansion_9_0_threshold_0_8.png,24131.113136426182,12737.786831434305,1.7545500054944385
../binary_PNG/binary_labels_mask_case_id_TCGA-CC-5261_0_2_cell_expansion_5_0_threshold_0_5.png,24317.39734550828,14221.102661028855,1.4433024145226117
../binary_PNG/binary_labels_mask_case_id_TCGA-BC-A69I_0_1_cell_expansion_9_0_threshold_0_4.png,24437.238922477638,14543.605998304485,2.155097788088331
../binary_PNG/binary_labels_mask_case_id_TCGA-CC-A1HT_1_0_cell_expansion_7_0_threshold_0_4.png,24580.575551740465,15998.020935034005,2.163984202539599
../binary_PNG/binary_labels_mask_case_id_TCGA-BC-A69I_2_1_cell_expansion_9_0_threshold_0_5.png,24276.58038082653,13636.267760666611,1.75102523111142
../binary_PNG/binary_labels_mask_case_id_TCGA-DD-AAED_4_0_cell_expansion_15_0_threshold_0_7.png,24549.665485821824,15542.016698783013,3.5476525002973305
../binary_PNG/binary_labels_mask_case_id_TCGA-K7-AAU7_1_1_cell_expansion_9_0_threshold_0_5.png,24404.05494343049,14826.341792303418,1.1914385306808912
../binary_PNG/binary_labels_mask_case_id_TCGA-DD-AAED_4_4_cell_expansion_9_0_threshold_0_4.png,24891.696460431533,18051.488239342787,8.380005987227248
../binary_PNG/binary_labels_mask_case_id_TCGA-CC-A3MA_4_3_cell_expansion_13_0_threshold_0_5.png,24837.671235527952,17483.826109760157,8.498160154934322
../binary_PNG/binary_labels_mask_case_id_TCGA-CC-5261_0_2_cell_expansion_7_0_threshold_0_4.png,24563.037713665024,15656.14420619943,2.543443479242939
../binary_PNG/binary_labels_mask_case_id_TCGA-G3-A5SK_4_1_cell_expansion_5_0_threshold_0_7.png,23997.004097093886,11987.569650246709,0.865605522711805
../binary_PNG/binary_labels_mask_case_id_TCGA-CC-A1HT_4_2_cell_expansion_3_0_threshold_0_6.png,24118.55538021378,12936.045653178498,0.9283952725053246
../binary_PNG/binary_labels_mask_case_id_TCGA-G3-A5SK_1_2_cell_expansion_5_0_threshold_0_7.png,23968.991397180533,11772.950162807636,0.7647766536733651
../binary_PNG/binary_labels_mask_case_id_TCGA-CC-5261_4_3_cell_expansion_5_0_threshold_0_7.png,24343.69813758512,14232.13387353164,1.4073832519685794
../binary_PNG/binary_labels_mask_case_id_TCGA-CC-5261_0_4_cell_expansion_7_0_threshold_0_6.png,24642.000508711888,16275.562770672088,2.5069284459044083
../binary_PNG/binary_labels_mask_case_id_TCGA-BC-A69I_3_3_cell_expansion_11_0_threshold_0_4.png,24666.077774084806,15905.857823492646,3.2107126659039116
../binary_PNG/binary_labels_mask_case_id_TCGA-CC-A1HT_0_2_cell_expansion_3_0_threshold_0_8.png,22337.70283214138,3557.2770215143505,0.010466946590392148
../binary_PNG/binary_labels_mask_case_id_TCGA-CC-5261_4_3_cell_expansion_7_0_threshold_0_6.png,24724.488081761156,16778.247824666247,3.61862079822698
../binary_PNG/binary_labels_mask_case_id_TCGA-G3-A5SK_1_2_cell_expansion_7_0_threshold_0_6.png,24364.667446420706,14139.46402328361,1.5111101959129973
../binary_PNG/binary_labels_mask_case_id_TCGA-K7-AAU7_4_3_cell_expansion_11_0_threshold_0_4.png,24793.193285697955,17625.743062091973,3.024042609321859
../binary_PNG/binary_labels_mask_case_id_TCGA-DD-AAED_4_1_cell_expansion_13_0_threshold_0_6.png,24712.673716948844,16284.116798132864,6.3071795502983115
../binary_PNG/binary_labels_mask_case_id_TCGA-CC-A3MA_3_1_cell_expansion_7_0_threshold_0_6.png,24736.095982792798,16956.32823922644,3.48895649564718
../binary_PNG/binary_labels_mask_case_id_TCGA-G3-A7M6_4_1_cell_expansion_9_0_threshold_0_7.png,24228.231853806923,13137.749676278894,1.2838574308950985
../binary_PNG/binary_labels_mask_case_id_TCGA-CC-A1HT_1_1_cell_expansion_5_0_threshold_0_5.png,24277.260915653893,13770.81746073426,1.1519107721305033
../binary_PNG/binary_labels_mask_case_id_TCGA-BC-A69I_2_4_cell_expansion_11_0_threshold_0_4.png,24470.147557570708,14654.552969376591,2.249001970136873
../binary_PNG/binary_labels_mask_case_id_TCGA-DD-AAED_3_0_cell_expansion_9_0_threshold_0_7.png,24609.010175604744,15652.452156861611,3.323182521453256
../binary_PNG/binary_labels_mask_case_id_TCGA-CC-A1HT_2_3_cell_expansion_5_0_threshold_0_6.png,23702.766645068823,10557.030635413741,0.6182377156481801
../binary_PNG/binary_labels_mask_case_id_TCGA-CC-A8HT_2_2_cell_expansion_9_0_threshold_0_8.png,22682.902588018984,5096.94375476536,0.122315787064836
../binary_PNG/binary_labels_mask_case_id_TCGA-BC-A69I_4_4_cell_expansion_7_0_threshold_0_4.png,24604.88477028306,15822.614563249048,2.9916398611420747
../binary_PNG/binary_labels_mask_case_id_TCGA-G3-A5SK_4_0_cell_expansion_13_0_threshold_0_5.png,24312.501274546466,13631.20830682918,1.4972675115592509
../binary_PNG/binary_labels_mask_case_id_TCGA-YA-A8S7_4_1_cell_expansion_7_0_threshold_0_5.png,24733.108416209692,16987.172656553124,3.5035050241001513
../binary_PNG/binary_labels_mask_case_id_TCGA-CC-5261_3_2_cell_expansion_9_0_threshold_0_7.png,24516.07184489521,14921.221614756592,2.8939904538144234
../binary_PNG/binary_labels_mask_case_id_TCGA-YA-A8S7_2_0_cell_expansion_3_0_threshold_0_8.png,22847.96459818624,5844.709561630343,0.1372406473678998
../binary_PNG/binary_labels_mask_case_id_TCGA-CC-A1HT_3_2_cell_expansion_9_0_threshold_0_5.png,24704.722099063307,16185.2424483196,8.90052530642875
../binary_PNG/binary_labels_mask_case_id_TCGA-G3-A7M6_3_1_cell_expansion_3_0_threshold_0_8.png,22801.82272168968,5817.394968546696,0.12266267763649963
../binary_PNG/binary_labels_mask_case_id_TCGA-BC-A69I_0_2_cell_expansion_7_0_threshold_0_8.png,22970.14693366656,6533.029311857972,0.23636000426895512
../binary_PNG/binary_labels_mask_case_id_TCGA-DD-AAED_1_3_cell_expansion_5_0_threshold_0_7.png,24412.547977941133,14471.544798762909,1.6400647844536036
../binary_PNG/binary_labels_mask_case_id_TCGA-K7-AAU7_3_3_cell_expansion_7_0_threshold_0_4.png,24344.00111501692,14225.351310878445,1.1478498229870424
../binary_PNG/binary_labels_mask_case_id_TCGA-BC-A69I_0_3_cell_expansion_7_0_threshold_0_4.png,24372.22502183292,14095.371090652505,1.9313719129234188
../binary_PNG/binary_labels_mask_case_id_TCGA-BC-A69I_1_0_cell_expansion_3_0_threshold_0_8.png,22941.970210439627,6488.389768543926,0.17189121946234323
../binary_PNG/binary_labels_mask_case_id_TCGA-CC-A8HT_3_2_cell_expansion_3_0_threshold_0_4.png,24304.965718921107,14315.14025510144,1.0100018799186379
../binary_PNG/binary_labels_mask_case_id_TCGA-CC-A8HT_0_0_cell_expansion_3_0_threshold_0_7.png,23849.010974511508,11575.457208938245,0.6322094549327221
../binary_PNG/binary_labels_mask_case_id_TCGA-DD-AAED_3_2_cell_expansion_1_0_threshold_0_8.png,23041.967602264413,7093.790097912303,0.18368413446131482
../binary_PNG/binary_labels_mask_case_id_TCGA-DD-AAED_2_1_cell_expansion_3_0_threshold_0_7.png,24146.473980661518,13107.701556697386,1.0522522883118253
../binary_PNG/binary_labels_mask_case_id_TCGA-CC-A1HT_1_4_cell_expansion_13_0_threshold_0_6.png,23957.689934653863,11785.2276522426,0.9797679567610829
../binary_PNG/binary_labels_mask_case_id_TCGA-CC-A8HT_3_2_cell_expansion_1_0_threshold_0_5.png,23485.87416522605,9617.51074257917,0.3274219228990467
../binary_PNG/binary_labels_mask_case_id_TCGA-YA-A8S7_1_2_cell_expansion_5_0_threshold_0_8.png,23216.629753875506,7685.540196906419,0.31829024442979686
../binary_PNG/binary_labels_mask_case_id_TCGA-BC-A69I_4_3_cell_expansion_5_0_threshold_0_7.png,23407.692895699125,8766.691030438633,0.37843990871513805
../binary_PNG/binary_labels_mask_case_id_TCGA-CC-5261_1_3_cell_expansion_13_0_threshold_0_5.png,24670.9183809206,16302.736205116451,3.857239128281754
../binary_PNG/binary_labels_mask_case_id_TCGA-CC-A3MA_3_4_cell_expansion_3_0_threshold_0_6.png,24196.85447606944,13642.221401776773,1.123256973986372
../binary_PNG/binary_labels_mask_case_id_TCGA-CC-5261_1_4_cell_expansion_1_0_threshold_0_7.png,23238.06403905998,8201.987584665045,0.24968453262636145
../binary_PNG/binary_labels_mask_case_id_TCGA-DD-AAED_2_0_cell_expansion_9_0_threshold_0_5.png,24468.223909616703,14960.812258980228,2.73951412923844
../binary_PNG/binary_labels_mask_case_id_TCGA-K7-AAU7_3_4_cell_expansion_15_0_threshold_0_6.png,24039.368488160282,12073.979760152226,1.0230071286791558
../binary_PNG/binary_labels_mask_case_id_TCGA-CC-A1HT_3_4_cell_expansion_1_0_threshold_0_4.png,23938.25724053651,12222.540388737614,0.5340050943044697
../binary_PNG/binary_labels_mask_case_id_TCGA-CC-5261_0_0_cell_expansion_7_0_threshold_0_8.png,23911.71593147497,11627.468900784763,1.0095978151604381
../binary_PNG/binary_labels_mask_case_id_TCGA-CC-A3MA_3_3_cell_expansion_7_0_threshold_0_6.png,24675.561756090778,16192.905731711056,5.2117343291133675
../binary_PNG/binary_labels_mask_case_id_TCGA-CC-A8HT_2_1_cell_expansion_11_0_threshold_0_5.png,24851.851904998788,17930.61882917881,4.621956496868829
../binary_PNG/binary_labels_mask_case_id_TCGA-CC-5261_0_4_cell_expansion_15_0_threshold_0_6.png,24652.832994377422,16331.619969762698,2.650846931700829
../binary_PNG/binary_labels_mask_case_id_TCGA-CC-5261_0_0_cell_expansion_13_0_threshold_0_4.png,24771.5279977702,17160.48991927675,5.707590028029835
../binary_PNG/binary_labels_mask_case_id_TCGA-CC-A1HT_3_2_cell_expansion_5_0_threshold_0_8.png,23917.539912219658,11368.74032506205,1.0285498225920444
../binary_PNG/binary_labels_mask_case_id_TCGA-DD-AAED_3_2_cell_expansion_9_0_threshold_0_7.png,24716.185076517755,16324.048220481003,6.851501173986135
../binary_PNG/binary_labels_mask_case_id_TCGA-DD-AAED_0_1_cell_expansion_9_0_threshold_0_8.png,24219.881363275985,13180.296622534974,1.8482093935193251
../binary_PNG/binary_labels_mask_case_id_TCGA-G3-A5SK_2_3_cell_expansion_11_0_threshold_0_5.png,24487.556984437142,15233.811826104817,2.1309471931163695
../binary_PNG/binary_labels_mask_case_id_TCGA-CC-A3MA_2_1_cell_expansion_7_0_threshold_0_4.png,24898.47054375187,18392.15352754156,8.252583463376872
../binary_PNG/binary_labels_mask_case_id_TCGA-CC-A3MA_3_3_cell_expansion_5_0_threshold_0_7.png,24340.814895102594,13961.503689402107,1.640429620382773
../binary_PNG/binary_labels_mask_case_id_TCGA-CC-A3MA_2_2_cell_expansion_13_0_threshold_0_7.png,24686.205012359547,16088.954748607966,6.571928001608903
../binary_PNG/binary_labels_mask_case_id_TCGA-CC-A1HT_4_2_cell_expansion_15_0_threshold_0_7.png,24424.4288762842,14262.19993293554,2.591474931318681
../binary_PNG/binary_labels_mask_case_id_TCGA-G3-A7M6_4_4_cell_expansion_9_0_threshold_0_5.png,24385.741436683238,14137.91828419907,1.6571657803636604
../binary_PNG/binary_labels_mask_case_id_TCGA-CC-A1HT_2_1_cell_expansion_3_0_threshold_0_5.png,24174.374031261515,13327.955908109312,1.0757109024361968
../binary_PNG/binary_labels_mask_case_id_TCGA-G3-A7M6_2_3_cell_expansion_9_0_threshold_0_4.png,24599.863793008506,15902.586135381267,2.3686698590010846
../binary_PNG/binary_labels_mask_case_id_TCGA-G3-A7M6_2_2_cell_expansion_9_0_threshold_0_8.png,23584.36250308933,9756.880580292956,0.5981008640238786
../binary_PNG/binary_labels_mask_case_id_TCGA-CC-A3MA_1_4_cell_expansion_5_0_threshold_0_4.png,24846.614734091418,17711.812594796822,5.909466507814486
../binary_PNG/binary_labels_mask_case_id_TCGA-YA-A8S7_1_0_cell_expansion_13_0_threshold_0_4.png,24485.26271364942,14895.58435551581,2.4052556783968013
../binary_PNG/binary_labels_mask_case_id_TCGA-YA-A8S7_3_2_cell_expansion_15_0_threshold_0_4.png,24886.11404261269,18600.28676448064,4.722204373837923
../binary_PNG/binary_labels_mask_case_id_TCGA-CC-A8HT_0_3_cell_expansion_13_0_threshold_0_7.png,24256.826846766216,13252.289728095371,1.8408497349300492
../binary_PNG/binary_labels_mask_case_id_TCGA-G3-A5SK_1_0_cell_expansion_7_0_threshold_0_6.png,24540.689726107194,15524.956324436076,2.2919130854772316
../binary_PNG/binary_labels_mask_case_id_TCGA-G3-A5SK_0_2_cell_expansion_5_0_threshold_0_5.png,24232.250083626688,13566.4743386828,1.1009986244816194
../binary_PNG/binary_labels_mask_case_id_TCGA-CC-A8HT_1_4_cell_expansion_15_0_threshold_0_4.png,24767.01065578802,16915.064187322445,3.776633495659538
../binary_PNG/binary_labels_mask_case_id_TCGA-DD-AAED_0_3_cell_expansion_15_0_threshold_0_6.png,24644.255137557106,15944.050278388147,3.521041039997916
../binary_PNG/binary_labels_mask_case_id_TCGA-CC-A3MA_3_3_cell_expansion_1_0_threshold_0_5.png,23898.48202612705,11853.702148908003,0.5760641530206381
../binary_PNG/binary_labels_mask_case_id_TCGA-DD-AAED_0_0_cell_expansion_13_0_threshold_0_4.png,24775.877797701134,17009.139582342792,6.040463870875126
../binary_PNG/binary_labels_mask_case_id_TCGA-BC-A69I_3_4_cell_expansion_5_0_threshold_0_4.png,24459.42514593604,15243.049955952876,1.9905194297341544
../binary_PNG/binary_labels_mask_case_id_TCGA-G3-A5SK_2_1_cell_expansion_15_0_threshold_0_8.png,23909.029265929985,11471.907600038003,0.8609779355720022
../binary_PNG/binary_labels_mask_case_id_TCGA-CC-A8HT_0_2_cell_expansion_3_0_threshold_0_7.png,23280.5358355968,8139.4052384990055,0.2986138933020193
../binary_PNG/binary_labels_mask_case_id_TCGA-CC-5261_1_4_cell_expansion_15_0_threshold_0_6.png,24594.889200681515,15738.836274918782,2.9087661240719727
../binary_PNG/binary_labels_mask_case_id_TCGA-DD-AAED_3_0_cell_expansion_1_0_threshold_0_8.png,22974.777927104293,6703.5288770649195,0.1693389862773336
../binary_PNG/binary_labels_mask_case_id_TCGA-YA-A8S7_0_4_cell_expansion_11_0_threshold_0_4.png,24682.36298316183,16655.981661741964,2.9102076094660236
../binary_PNG/binary_labels_mask_case_id_TCGA-DD-AAED_4_4_cell_expansion_1_0_threshold_0_7.png,23650.556908061582,10412.853375833018,0.3926861881086046
../binary_PNG/binary_labels_mask_case_id_TCGA-DD-AAED_0_3_cell_expansion_3_0_threshold_0_6.png,24026.382421606177,12527.383761394294,0.8120179305924469
../binary_PNG/binary_labels_mask_case_id_TCGA-DD-AAED_3_1_cell_expansion_15_0_threshold_0_5.png,24654.713243168808,16245.191291728032,4.165250732340428
../binary_PNG/binary_labels_mask_case_id_TCGA-K7-AAU7_2_0_cell_expansion_11_0_threshold_0_5.png,22730.071716145245,5332.0115133095505,0.11378388904781998
../binary_PNG/binary_labels_mask_case_id_TCGA-YA-A8S7_2_2_cell_expansion_11_0_threshold_0_6.png,24535.793639949894,14961.355929431962,2.6801572271789564
../binary_PNG/binary_labels_mask_case_id_TCGA-CC-A8HT_0_2_cell_expansion_1_0_threshold_0_6.png,23144.92171850724,7650.7338199439855,0.20586532710375288
../binary_PNG/binary_labels_mask_case_id_TCGA-G3-A5SK_1_3_cell_expansion_9_0_threshold_0_6.png,24329.131923879235,14170.267356364726,1.6200554670333498
../binary_PNG/binary_labels_mask_case_id_TCGA-CC-5261_2_0_cell_expansion_13_0_threshold_0_8.png,23986.629151065703,11735.055379419971,1.173359091560685
../binary_PNG/binary_labels_mask_case_id_TCGA-K7-AAU7_3_3_cell_expansion_11_0_threshold_0_4.png,24362.174191176935,14335.810129252126,1.187671343058238
../binary_PNG/binary_labels_mask_case_id_TCGA-K7-AAU7_0_4_cell_expansion_1_0_threshold_0_6.png,22907.09359737061,6281.7407965415005,0.11740752015166027
../binary_PNG/binary_labels_mask_case_id_TCGA-CC-A8HT_4_2_cell_expansion_1_0_threshold_0_4.png,23334.013514403065,8690.132819979226,0.2740516351429804
../binary_PNG/binary_labels_mask_case_id_TCGA-CC-5261_0_3_cell_expansion_9_0_threshold_0_8.png,23811.54602215232,10924.048873373109,0.8388755796830699
../binary_PNG/binary_labels_mask_case_id_TCGA-DD-AAED_0_3_cell_expansion_5_0_threshold_0_5.png,24503.543316154315,15304.622639392199,2.001302424585093
../binary_PNG/binary_labels_mask_case_id_TCGA-G3-A5SK_1_4_cell_expansion_13_0_threshold_0_8.png,23980.70013339273,11884.254267142634,1.0188280221556576
../binary_PNG/binary_labels_mask_case_id_TCGA-CC-A8HT_4_3_cell_expansion_1_0_threshold_0_8.png,22511.183911219894,4324.552034004282,0.04373742462873595
../binary_PNG/binary_labels_mask_case_id_TCGA-DD-AAED_3_1_cell_expansion_5_0_threshold_0_6.png,24505.57857162848,15346.435786456961,2.1519950694955714
../binary_PNG/binary_labels_mask_case_id_TCGA-CC-A8HT_3_1_cell_expansion_15_0_threshold_0_7.png,23871.262924305593,11148.78924618914,0.8031514528845509
../binary_PNG/binary_labels_mask_case_id_TCGA-CC-A8HT_0_2_cell_expansion_7_0_threshold_0_5.png,24447.05733497564,14708.054138834841,1.8877590466315937
../binary_PNG/binary_labels_mask_case_id_TCGA-G3-A7M6_1_2_cell_expansion_3_0_threshold_0_5.png,24716.435305257128,17603.518863753183,1.7093765069622406
../binary_PNG/binary_labels_mask_case_id_TCGA-DD-AAED_2_4_cell_expansion_1_0_threshold_0_4.png,23682.120922362086,10587.040086415598,0.4237604754442775
../binary_PNG/binary_labels_mask_case_id_TCGA-BC-A69I_0_0_cell_expansion_7_0_threshold_0_8.png,23241.481372286675,7894.107975792122,0.37095920638831675
../binary_PNG/binary_labels_mask_case_id_TCGA-CC-A8HT_0_4_cell_expansion_1_0_threshold_0_8.png,22509.540353586624,4393.234019041045,0.047238933452168744
../binary_PNG/binary_labels_mask_case_id_TCGA-G3-A7M6_4_0_cell_expansion_5_0_threshold_0_6.png,24630.110987035743,16709.068769584374,2.39496748657054
../binary_PNG/binary_labels_mask_case_id_TCGA-K7-AAU7_3_3_cell_expansion_15_0_threshold_0_6.png,23980.007030980767,11933.157841977727,0.7545990621946945
../binary_PNG/binary_labels_mask_case_id_TCGA-YA-A8S7_0_4_cell_expansion_7_0_threshold_0_5.png,24602.06138489435,16024.211855556608,2.3777262776883497
../binary_PNG/binary_labels_mask_case_id_TCGA-BC-A69I_4_1_cell_expansion_1_0_threshold_0_5.png,23042.639164499706,6988.914637062793,0.19555261378402497
../binary_PNG/binary_labels_mask_case_id_TCGA-CC-A3MA_1_1_cell_expansion_11_0_threshold_0_7.png,24211.401349690448,13047.940794206705,1.8540065847822296
../binary_PNG/binary_labels_mask_case_id_TCGA-CC-A8HT_4_3_cell_expansion_7_0_threshold_0_7.png,23811.84358243696,10675.900888254424,0.7569563588701607
../binary_PNG/binary_labels_mask_case_id_TCGA-YA-A8S7_1_1_cell_expansion_5_0_threshold_0_8.png,23209.868637835072,7671.554806204187,0.3121541625214993
../binary_PNG/binary_labels_mask_case_id_TCGA-CC-5261_4_3_cell_expansion_9_0_threshold_0_6.png,24750.66254250996,16968.87261197169,4.020756377602049
../binary_PNG/binary_labels_mask_case_id_TCGA-YA-A8S7_4_2_cell_expansion_1_0_threshold_0_6.png,22536.242227544237,4487.59440542738,0.048107419593539216
../binary_PNG/binary_labels_mask_case_id_TCGA-K7-AAU7_4_4_cell_expansion_1_0_threshold_0_8.png,22503.755429611127,4376.118890884663,0.046743324154156385
../binary_PNG/binary_labels_mask_case_id_TCGA-CC-A8HT_0_4_cell_expansion_7_0_threshold_0_7.png,24058.54407733773,12385.543263602827,1.1327824915506606
../binary_PNG/binary_labels_mask_case_id_TCGA-K7-AAU7_2_0_cell_expansion_13_0_threshold_0_8.png,22295.564725834272,3345.9127204795473,0.0
../binary_PNG/binary_labels_mask_case_id_TCGA-CC-A3MA_2_4_cell_expansion_11_0_threshold_0_4.png,24879.980754940094,17965.856483178417,11.647103671355133
../binary_PNG/binary_labels_mask_case_id_TCGA-CC-A8HT_2_2_cell_expansion_11_0_threshold_0_8.png,22683.83889239138,5098.923839746738,0.12237944019434642
../binary_PNG/binary_labels_mask_case_id_TCGA-G3-A5SK_1_0_cell_expansion_11_0_threshold_0_4.png,24591.796584290732,15851.43593135094,2.526907473559966
../binary_PNG/binary_labels_mask_case_id_TCGA-YA-A8S7_1_0_cell_expansion_7_0_threshold_0_5.png,24297.287241901176,13762.04541705234,1.5912201559303238
../binary_PNG/binary_labels_mask_case_id_TCGA-G3-A5SK_0_0_cell_expansion_9_0_threshold_0_4.png,24626.13017651376,16367.73330166959,2.5248575450723174
../binary_PNG/binary_labels_mask_case_id_TCGA-CC-A8HT_0_3_cell_expansion_3_0_threshold_0_7.png,23550.46614670564,9708.057447835301,0.45006880744264494
../binary_PNG/binary_labels_mask_case_id_TCGA-K7-AAU7_3_2_cell_expansion_15_0_threshold_0_4.png,24366.170865450567,14683.233881228476,1.4043266086860204
../binary_PNG/binary_labels_mask_case_id_TCGA-YA-A8S7_4_2_cell_expansion_3_0_threshold_0_7.png,22582.430198539703,4657.813007970555,0.06711854555884632
../binary_PNG/binary_labels_mask_case_id_TCGA-CC-5261_2_0_cell_expansion_11_0_threshold_0_5.png,24745.648788716626,16878.167791090218,6.346681323112847
../binary_PNG/binary_labels_mask_case_id_TCGA-CC-A8HT_2_4_cell_expansion_5_0_threshold_0_7.png,23808.389690331103,10705.780184976218,0.604125781441094
../binary_PNG/binary_labels_mask_case_id_TCGA-CC-A3MA_0_2_cell_expansion_13_0_threshold_0_7.png,24727.86712506459,16478.03838529614,6.507322624764148
../binary_PNG/binary_labels_mask_case_id_TCGA-DD-AAED_2_2_cell_expansion_3_0_threshold_0_7.png,23608.280152217667,10163.562334145385,0.5037269833863791
../binary_PNG/binary_labels_mask_case_id_TCGA-YA-A8S7_1_3_cell_expansion_11_0_threshold_0_8.png,22981.537352312967,6408.701018663221,0.22541056651814131
../binary_PNG/binary_labels_mask_case_id_TCGA-CC-A3MA_2_3_cell_expansion_9_0_threshold_0_4.png,24932.125817909546,18551.183438997086,14.606279792746115
../binary_PNG/binary_labels_mask_case_id_TCGA-BC-A69I_0_0_cell_expansion_7_0_threshold_0_4.png,24166.908826471088,12990.406560863918,1.296002187240824
../binary_PNG/binary_labels_mask_case_id_TCGA-CC-5261_1_1_cell_expansion_13_0_threshold_0_6.png,23836.47607159491,11449.236031751692,0.9011383197758801
../binary_PNG/binary_labels_mask_case_id_TCGA-YA-A8S7_4_2_cell_expansion_5_0_threshold_0_4.png,23058.281255683065,7054.551176688077,0.23547750704031495
../binary_PNG/binary_labels_mask_case_id_TCGA-CC-A3MA_4_4_cell_expansion_9_0_threshold_0_5.png,24578.74274885545,16002.969387692832,3.7370267968840345
../binary_PNG/binary_labels_mask_case_id_TCGA-CC-A8HT_0_2_cell_expansion_5_0_threshold_0_8.png,22677.4305271171,5172.193835767247,0.10493699274494563
../binary_PNG/binary_labels_mask_case_id_TCGA-BC-A69I_4_2_cell_expansion_11_0_threshold_0_6.png,24218.946014646557,13012.113152045891,1.5492509890199295
../binary_PNG/binary_labels_mask_case_id_TCGA-CC-A8HT_1_1_cell_expansion_7_0_threshold_0_7.png,24191.41764178067,13174.071337666182,1.2674074534734663
../binary_PNG/binary_labels_mask_case_id_TCGA-K7-AAU7_4_2_cell_expansion_3_0_threshold_0_7.png,23475.527254803084,9574.805457613958,0.4032972921227763
../binary_PNG/binary_labels_mask_case_id_TCGA-G3-A5SK_1_4_cell_expansion_13_0_threshold_0_4.png,24663.603224288287,16273.756051846429,2.913286592227127
../binary_PNG/binary_labels_mask_case_id_TCGA-DD-AAED_2_2_cell_expansion_7_0_threshold_0_5.png,24262.71429362252,13693.465328048887,1.7883261297582838
../binary_PNG/binary_labels_mask_case_id_TCGA-CC-5261_2_0_cell_expansion_15_0_threshold_0_7.png,24630.971834614862,15775.566516661233,4.339424365547023
../binary_PNG/binary_labels_mask_case_id_TCGA-CC-A3MA_3_2_cell_expansion_15_0_threshold_0_8.png,23203.83265567772,7500.907720785908,0.3520660672271623
../binary_PNG/binary_labels_mask_case_id_TCGA-DD-AAED_2_3_cell_expansion_15_0_threshold_0_6.png,24528.773656110567,15050.543205678623,3.0045228307098073
../binary_PNG/binary_labels_mask_case_id_TCGA-G3-A7M6_4_0_cell_expansion_11_0_threshold_0_6.png,24647.27487389352,16805.06453684235,2.679401256943177
../binary_PNG/binary_labels_mask_case_id_TCGA-YA-A8S7_3_0_cell_expansion_11_0_threshold_0_5.png,24773.058526174398,17255.551224781062,3.5943531696141138
../binary_PNG/binary_labels_mask_case_id_TCGA-G3-A5SK_3_2_cell_expansion_11_0_threshold_0_7.png,24570.52019074542,15561.416870955532,2.5125094001497796
../binary_PNG/binary_labels_mask_case_id_TCGA-YA-A8S7_0_0_cell_expansion_13_0_threshold_0_8.png,22944.418446976524,6370.579128073945,0.21145205051001664
../binary_PNG/binary_labels_mask_case_id_TCGA-G3-A5SK_0_3_cell_expansion_1_0_threshold_0_7.png,23319.554149480304,8606.795116722411,0.24531847197044804
../binary_PNG/binary_labels_mask_case_id_TCGA-CC-5261_2_3_cell_expansion_13_0_threshold_0_5.png,24789.83091685751,17060.734996348318,5.631485781552272
../binary_PNG/binary_labels_mask_case_id_TCGA-G3-A5SK_2_4_cell_expansion_7_0_threshold_0_7.png,24524.113330840697,15076.823202273303,1.9622761922109713
../binary_PNG/binary_labels_mask_case_id_TCGA-CC-A8HT_3_3_cell_expansion_15_0_threshold_0_4.png,24665.24637231577,16496.945293098408,2.6237826376785987
../binary_PNG/binary_labels_mask_case_id_TCGA-G3-A5SK_4_3_cell_expansion_7_0_threshold_0_6.png,24400.626286670587,14286.512460439184,1.8545016524701012
../binary_PNG/binary_labels_mask_case_id_TCGA-G3-A5SK_3_1_cell_expansion_1_0_threshold_0_4.png,23132.229440640294,7573.418224563565,0.19494079068286826
../binary_PNG/binary_labels_mask_case_id_TCGA-G3-A5SK_2_3_cell_expansion_3_0_threshold_0_7.png,23578.228571198168,9961.450066227488,0.4410158632825849
../binary_PNG/binary_labels_mask_case_id_TCGA-G3-A5SK_3_0_cell_expansion_1_0_threshold_0_8.png,22733.136638475185,5508.3469331130345,0.0935894732504902
../binary_PNG/binary_labels_mask_case_id_TCGA-CC-A8HT_0_0_cell_expansion_9_0_threshold_0_5.png,24853.025505283065,17797.494459094054,5.65130814724838
../binary_PNG/binary_labels_mask_case_id_TCGA-CC-A1HT_0_0_cell_expansion_5_0_threshold_0_7.png,22956.47585993477,6483.3273587427575,0.19241638866601918
../binary_PNG/binary_labels_mask_case_id_TCGA-G3-A5SK_4_4_cell_expansion_1_0_threshold_0_7.png,22921.039564381244,6495.581245628221,0.14061520793366145
../binary_PNG/binary_labels_mask_case_id_TCGA-G3-A5SK_0_0_cell_expansion_11_0_threshold_0_4.png,24626.13017651376,16367.73330166959,2.5248575450723174
../binary_PNG/binary_labels_mask_case_id_TCGA-CC-A8HT_0_2_cell_expansion_13_0_threshold_0_5.png,24491.108707188745,14933.374326498733,2.193957541393248
../binary_PNG/binary_labels_mask_case_id_TCGA-YA-A8S7_2_0_cell_expansion_15_0_threshold_0_7.png,24470.54761020215,14839.516686062258,2.263211802875703
../binary_PNG/binary_labels_mask_case_id_TCGA-CC-A3MA_4_1_cell_expansion_1_0_threshold_0_8.png,22888.85652452842,6285.425129823425,0.15271278022609697
../binary_PNG/binary_labels_mask_case_id_TCGA-DD-AAED_2_4_cell_expansion_11_0_threshold_0_4.png,24763.168466092342,16818.43707253258,6.568476813193818
../binary_PNG/binary_labels_mask_case_id_TCGA-K7-AAU7_3_4_cell_expansion_9_0_threshold_0_6.png,24031.727838795792,12041.626869152251,1.0018266913299554
../binary_PNG/binary_labels_mask_case_id_TCGA-CC-A3MA_0_1_cell_expansion_15_0_threshold_0_5.png,23390.14883882249,8899.407956365263,0.5407688535629549
../binary_PNG/binary_labels_mask_case_id_TCGA-CC-5261_3_4_cell_expansion_5_0_threshold_0_8.png,23473.273195108573,9009.287621943868,0.43662012137769984
../binary_PNG/binary_labels_mask_case_id_TCGA-CC-A1HT_2_1_cell_expansion_1_0_threshold_0_8.png,22588.54126886707,4696.093142893671,0.0659524102021338
../binary_PNG/binary_labels_mask_case_id_TCGA-YA-A8S7_0_1_cell_expansion_9_0_threshold_0_7.png,24350.803136359948,14110.380564264637,2.0462318298000706
../binary_PNG/binary_labels_mask_case_id_TCGA-YA-A8S7_2_4_cell_expansion_15_0_threshold_0_6.png,22379.532623335257,3769.691765016888,0.021284741833956167
../binary_PNG/binary_labels_mask_case_id_TCGA-CC-5261_1_3_cell_expansion_3_0_threshold_0_8.png,23228.68880527493,7914.148160802461,0.27806774089930303
../binary_PNG/binary_labels_mask_case_id_TCGA-CC-5261_1_2_cell_expansion_3_0_threshold_0_4.png,24175.52837017072,13579.570544435,0.9575016204031095
../binary_PNG/binary_labels_mask_case_id_TCGA-K7-AAU7_3_4_cell_expansion_11_0_threshold_0_8.png,22958.947316867452,6333.1892713683765,0.23672217434820886
../binary_PNG/binary_labels_mask_case_id_TCGA-G3-A7M6_1_0_cell_expansion_9_0_threshold_0_7.png,24324.75933147717,13894.638535110462,1.5250385536119355
../binary_PNG/binary_labels_mask_case_id_TCGA-CC-A3MA_2_3_cell_expansion_13_0_threshold_0_5.png,24878.65671264601,17988.79042847766,11.511403664237134
../binary_PNG/binary_labels_mask_case_id_TCGA-CC-5261_0_0_cell_expansion_3_0_threshold_0_6.png,24212.920481831297,13824.978622456456,0.9923209079091032
../binary_PNG/binary_labels_mask_case_id_TCGA-G3-A5SK_4_3_cell_expansion_1_0_threshold_0_5.png,23153.546649894044,7748.531165739236,0.20502799174642752
../binary_PNG/binary_labels_mask_case_id_TCGA-CC-A8HT_1_2_cell_expansion_5_0_threshold_0_8.png,22717.05425643912,5409.896853086971,0.12195410638950736
../binary_PNG/binary_labels_mask_case_id_TCGA-G3-A7M6_1_1_cell_expansion_3_0_threshold_0_7.png,23543.329344915084,9750.469350045045,0.4211791555436686
../binary_PNG/binary_labels_mask_case_id_TCGA-CC-A1HT_1_3_cell_expansion_9_0_threshold_0_6.png,24757.954960714647,16695.828418231322,8.14984060804179
../binary_PNG/binary_labels_mask_case_id_TCGA-CC-A1HT_0_3_cell_expansion_13_0_threshold_0_8.png,23382.01848256785,8537.961332660905,0.5543354709087907
../binary_PNG/binary_labels_mask_case_id_TCGA-K7-AAU7_1_2_cell_expansion_7_0_threshold_0_7.png,23174.6775509367,7562.4175954567545,0.28105612179176165
../binary_PNG/binary_labels_mask_case_id_TCGA-YA-A8S7_4_0_cell_expansion_7_0_threshold_0_7.png,24354.0764049008,14074.5923521411,1.6884051167284884
../binary_PNG/binary_labels_mask_case_id_TCGA-G3-A5SK_0_4_cell_expansion_9_0_threshold_0_8.png,23598.190460005484,9419.29898750997,0.5726380965632392
../binary_PNG/binary_labels_mask_case_id_TCGA-CC-A8HT_3_3_cell_expansion_7_0_threshold_0_4.png,24649.852805638715,16398.573086877008,2.487909067156045
../binary_PNG/binary_labels_mask_case_id_TCGA-YA-A8S7_3_3_cell_expansion_3_0_threshold_0_8.png,22337.757634403624,3557.343287327361,0.010433478256402605
../binary_PNG/binary_labels_mask_case_id_TCGA-YA-A8S7_4_0_cell_expansion_5_0_threshold_0_6.png,24571.427790752103,15746.481992782901,1.994092599137252
../binary_PNG/binary_labels_mask_case_id_TCGA-BC-A69I_1_0_cell_expansion_5_0_threshold_0_5.png,24104.932629641044,12612.243188135459,0.9711982813383502
../binary_PNG/binary_labels_mask_case_id_TCGA-G3-A5SK_4_3_cell_expansion_9_0_threshold_0_8.png,23730.413873917823,10253.916369256538,0.7309325382515464
../binary_PNG/binary_labels_mask_case_id_TCGA-G3-A7M6_0_4_cell_expansion_7_0_threshold_0_5.png,24675.237527448837,16288.523115375463,3.0206455105988126
../binary_PNG/binary_labels_mask_case_id_TCGA-CC-A8HT_3_3_cell_expansion_5_0_threshold_0_5.png,24519.10633493075,15573.959652587966,1.79626817849976
../binary_PNG/binary_labels_mask_case_id_TCGA-BC-A69I_1_2_cell_expansion_11_0_threshold_0_8.png,23742.877539369318,10289.431897440554,0.7610054607322292
../binary_PNG/binary_labels_mask_case_id_TCGA-G3-A7M6_1_1_cell_expansion_15_0_threshold_0_4.png,24635.867933109286,16058.3643337148,2.3820667976660297
../binary_PNG/binary_labels_mask_case_id_TCGA-CC-A8HT_1_3_cell_expansion_1_0_threshold_0_6.png,23267.794553313382,8388.713180907891,0.25751259321936587
../binary_PNG/binary_labels_mask_case_id_TCGA-CC-A1HT_3_3_cell_expansion_15_0_threshold_0_7.png,24692.083059382272,16127.278146678225,11.011644251349711
../binary_PNG/binary_labels_mask_case_id_TCGA-BC-A69I_4_2_cell_expansion_7_0_threshold_0_4.png,24341.02431298271,13910.249892065678,1.604735393411506
../binary_PNG/binary_labels_mask_case_id_TCGA-CC-A1HT_0_2_cell_expansion_11_0_threshold_0_7.png,23277.331097084272,8102.375040799807,0.33885844843578217
../binary_PNG/binary_labels_mask_case_id_TCGA-DD-AAED_4_0_cell_expansion_7_0_threshold_0_4.png,24703.625932943414,16656.875214873082,4.4361149196511835
../binary_PNG/binary_labels_mask_case_id_TCGA-G3-A5SK_0_2_cell_expansion_9_0_threshold_0_6.png,24452.920873943185,14740.757518637241,1.7494808170428509
../binary_PNG/binary_labels_mask_case_id_TCGA-CC-A1HT_1_1_cell_expansion_11_0_threshold_0_6.png,24137.488960854032,12827.456638172373,1.0932700899381205
../binary_PNG/binary_labels_mask_case_id_TCGA-G3-A7M6_3_1_cell_expansion_5_0_threshold_0_5.png,24729.68486014566,17201.25262289394,2.5821566385934673
../binary_PNG/binary_labels_mask_case_id_TCGA-K7-AAU7_3_2_cell_expansion_1_0_threshold_0_5.png,23174.548503181235,7871.766829657636,0.1972820287622963
../binary_PNG/binary_labels_mask_case_id_TCGA-CC-A8HT_1_4_cell_expansion_5_0_threshold_0_6.png,24495.98043470089,14973.605671132736,1.6667029161101194
../binary_PNG/binary_labels_mask_case_id_TCGA-BC-A69I_3_1_cell_expansion_13_0_threshold_0_4.png,24421.240710204518,14436.180407025684,2.578526017245427
../binary_PNG/binary_labels_mask_case_id_TCGA-G3-A5SK_4_1_cell_expansion_11_0_threshold_0_4.png,24477.435910160595,14781.67833392965,1.90890101501898
../binary_PNG/binary_labels_mask_case_id_TCGA-G3-A7M6_4_3_cell_expansion_3_0_threshold_0_7.png,23561.908127723847,9777.007702951385,0.4153425298662067
../binary_PNG/binary_labels_mask_case_id_TCGA-CC-A3MA_4_4_cell_expansion_15_0_threshold_0_4.png,24650.08957932857,16476.07159568751,4.310387660484181
../binary_PNG/binary_labels_mask_case_id_TCGA-CC-A1HT_3_4_cell_expansion_9_0_threshold_0_5.png,24895.015604123848,18178.02169518196,5.630057395766291
../binary_PNG/binary_labels_mask_case_id_TCGA-YA-A8S7_4_0_cell_expansion_1_0_threshold_0_4.png,23858.9883889199,11574.687175187542,0.45685185686113117
../binary_PNG/binary_labels_mask_case_id_TCGA-CC-5261_4_1_cell_expansion_9_0_threshold_0_4.png,24863.34024122841,17947.367075343245,7.963739813494066
../binary_PNG/binary_labels_mask_case_id_TCGA-G3-A7M6_1_1_cell_expansion_5_0_threshold_0_4.png,24472.92600264156,15048.185397902595,1.5830383993194448
../binary_PNG/binary_labels_mask_case_id_TCGA-YA-A8S7_2_0_cell_expansion_5_0_threshold_0_5.png,24717.379681357907,16957.043270885326,3.232727245509542
../binary_PNG/binary_labels_mask_case_id_TCGA-G3-A7M6_3_0_cell_expansion_7_0_threshold_0_8.png,23875.871157074704,11006.106671560117,0.7745922299202576
../binary_PNG/binary_labels_mask_case_id_TCGA-CC-A1HT_2_4_cell_expansion_11_0_threshold_0_5.png,24795.46379984564,16989.647456544517,10.589929720732384
../binary_PNG/binary_labels_mask_case_id_TCGA-CC-A1HT_1_4_cell_expansion_13_0_threshold_0_8.png,22715.996758830483,5213.740899334857,0.13645616564431085
../binary_PNG/binary_labels_mask_case_id_TCGA-DD-AAED_0_0_cell_expansion_3_0_threshold_0_4.png,24366.885793772984,14590.044142889992,1.19437070987183
../binary_PNG/binary_labels_mask_case_id_TCGA-CC-A8HT_4_4_cell_expansion_11_0_threshold_0_4.png,24529.67940828752,15491.6688784445,2.095657853571252
../binary_PNG/binary_labels_mask_case_id_TCGA-G3-A5SK_1_4_cell_expansion_1_0_threshold_0_5.png,23296.478447846483,8552.25642377678,0.2527098979438026
../binary_PNG/binary_labels_mask_case_id_TCGA-CC-5261_0_4_cell_expansion_7_0_threshold_0_8.png,23183.45874254409,7782.49114006751,0.3193728010540923
../binary_PNG/binary_labels_mask_case_id_TCGA-BC-A69I_1_0_cell_expansion_13_0_threshold_0_6.png,24381.369328868797,14056.480410417202,1.7658512396694215
../binary_PNG/binary_labels_mask_case_id_TCGA-CC-5261_1_0_cell_expansion_3_0_threshold_0_6.png,23924.045563519292,11945.93393354602,0.7391153187641505
../binary_PNG/binary_labels_mask_case_id_TCGA-YA-A8S7_4_4_cell_expansion_11_0_threshold_0_6.png,22628.95508702635,4678.824705726611,0.11263067907373905
../binary_PNG/binary_labels_mask_case_id_TCGA-G3-A5SK_2_1_cell_expansion_7_0_threshold_0_7.png,24559.638631647304,15450.848697547548,2.2007774924449865
../binary_PNG/binary_labels_mask_case_id_TCGA-BC-A69I_3_2_cell_expansion_15_0_threshold_0_6.png,24053.05632473977,12069.083794906215,1.215521000282832
../binary_PNG/binary_labels_mask_case_id_TCGA-CC-A1HT_3_0_cell_expansion_3_0_threshold_0_5.png,24380.20490307853,14923.3842876571,1.1057945676919645
../binary_PNG/binary_labels_mask_case_id_TCGA-BC-A69I_3_4_cell_expansion_9_0_threshold_0_7.png,24304.98612989368,13773.341322037886,1.845948124590801
../binary_PNG/binary_labels_mask_case_id_TCGA-G3-A5SK_3_2_cell_expansion_5_0_threshold_0_8.png,23433.81511029983,9071.024742423277,0.4355526454273975
../binary_PNG/binary_labels_mask_case_id_TCGA-CC-A3MA_0_2_cell_expansion_1_0_threshold_0_4.png,24493.872192017687,15711.209085272507,1.1032620096007817
../binary_PNG/binary_labels_mask_case_id_TCGA-G3-A5SK_3_3_cell_expansion_3_0_threshold_0_7.png,23652.3936086795,10220.534542697014,0.46472746443529855
../binary_PNG/binary_labels_mask_case_id_TCGA-G3-A7M6_3_0_cell_expansion_11_0_threshold_0_4.png,24672.060026517374,16215.805382502887,2.954923025611319
../binary_PNG/binary_labels_mask_case_id_TCGA-CC-A3MA_3_1_cell_expansion_7_0_threshold_0_8.png,22672.204165948282,5094.734241217998,0.11017578450389494
../binary_PNG/binary_labels_mask_case_id_TCGA-DD-AAED_2_3_cell_expansion_9_0_threshold_0_7.png,24423.471563659463,14262.42212416277,2.4678090740843217
../binary_PNG/binary_labels_mask_case_id_TCGA-CC-A1HT_4_2_cell_expansion_1_0_threshold_0_5.png,23699.238894953985,10552.79278323428,0.45573275456533757
../binary_PNG/binary_labels_mask_case_id_TCGA-CC-A3MA_4_3_cell_expansion_11_0_threshold_0_6.png,24767.77495413749,16843.70841400019,6.3158727636515755
../binary_PNG/binary_labels_mask_case_id_TCGA-CC-5261_3_1_cell_expansion_5_0_threshold_0_8.png,23657.98064188315,9946.872087630658,0.5815130068055443
../binary_PNG/binary_labels_mask_case_id_TCGA-BC-A69I_1_4_cell_expansion_13_0_threshold_0_7.png,24084.92606857013,12512.291681265971,1.1785507632130168
../binary_PNG/binary_labels_mask_case_id_TCGA-CC-5261_4_4_cell_expansion_3_0_threshold_0_4.png,24615.383514698427,16337.966613422317,1.722786705043463
../binary_PNG/binary_labels_mask_case_id_TCGA-K7-AAU7_4_3_cell_expansion_11_0_threshold_0_6.png,24424.532167985133,14868.697028710114,1.551434338685214
../binary_PNG/binary_labels_mask_case_id_TCGA-CC-A8HT_4_3_cell_expansion_9_0_threshold_0_5.png,24407.074749073472,14453.71087070232,1.8638541874272454
../binary_PNG/binary_labels_mask_case_id_TCGA-CC-A3MA_4_3_cell_expansion_7_0_threshold_0_5.png,24795.51618052441,17188.838563062218,5.919723947550034
../binary_PNG/binary_labels_mask_case_id_TCGA-CC-A8HT_2_4_cell_expansion_9_0_threshold_0_4.png,24661.164188309533,16432.700552692244,2.8065737522356833
../binary_PNG/binary_labels_mask_case_id_TCGA-CC-5261_4_2_cell_expansion_15_0_threshold_0_6.png,24812.277407457423,17491.264591222323,4.581079745628295
../binary_PNG/binary_labels_mask_case_id_TCGA-CC-A8HT_0_4_cell_expansion_9_0_threshold_0_5.png,24696.23108041354,16596.109916470064,3.3803606412867673
../binary_PNG/binary_labels_mask_case_id_TCGA-G3-A7M6_2_1_cell_expansion_9_0_threshold_0_6.png,24697.103688984025,16500.75234750253,2.6542775952171644
../binary_PNG/binary_labels_mask_case_id_TCGA-G3-A5SK_3_2_cell_expansion_7_0_threshold_0_5.png,24750.152493839018,17024.356991638288,3.392334455427424
../binary_PNG/binary_labels_mask_case_id_TCGA-CC-A1HT_1_0_cell_expansion_3_0_threshold_0_8.png,22451.19161497605,4074.112460084195,0.03560150878125564
../binary_PNG/binary_labels_mask_case_id_TCGA-BC-A69I_1_1_cell_expansion_15_0_threshold_0_7.png,24179.37742208728,12869.183075562903,1.3551215087730273
../binary_PNG/binary_labels_mask_case_id_TCGA-CC-5261_0_4_cell_expansion_7_0_threshold_0_4.png,24759.720158521908,17216.057490643107,3.248221922167017
../binary_PNG/binary_labels_mask_case_id_TCGA-G3-A5SK_4_3_cell_expansion_15_0_threshold_0_5.png,24426.65797107874,14456.333208879694,1.9988887116499177
../binary_PNG/binary_labels_mask_case_id_TCGA-CC-5261_1_0_cell_expansion_7_0_threshold_0_8.png,23401.206952202443,8633.845136773796,0.4929096810696525
../binary_PNG/binary_labels_mask_case_id_TCGA-K7-AAU7_0_2_cell_expansion_9_0_threshold_0_5.png,23171.861738036,7668.5969886047915,0.2882877587484999
../binary_PNG/binary_labels_mask_case_id_TCGA-CC-A1HT_3_1_cell_expansion_11_0_threshold_0_6.png,23709.672419487342,10605.171256650752,0.6328525737297821
../binary_PNG/binary_labels_mask_case_id_TCGA-BC-A69I_3_2_cell_expansion_9_0_threshold_0_5.png,24258.811617448708,13389.482512622959,1.6202277597430879
../binary_PNG/binary_labels_mask_case_id_TCGA-CC-A1HT_0_2_cell_expansion_7_0_threshold_0_8.png,22365.847497409042,3698.573501780272,0.020163848770682623
../binary_PNG/binary_labels_mask_case_id_TCGA-G3-A5SK_3_2_cell_expansion_3_0_threshold_0_7.png,23948.590671421138,12070.289817283183,0.6657749568604924
../binary_PNG/binary_labels_mask_case_id_TCGA-CC-A8HT_4_0_cell_expansion_13_0_threshold_0_8.png,23138.091311521166,7291.794210679978,0.36814330062773165
../binary_PNG/binary_labels_mask_case_id_TCGA-BC-A69I_3_3_cell_expansion_15_0_threshold_0_4.png,24666.604976155053,15906.235940115992,3.2118682672740513
../binary_PNG/binary_labels_mask_case_id_TCGA-CC-A3MA_3_0_cell_expansion_7_0_threshold_0_8.png,22295.564725834272,3345.9127204795473,0.0
../binary_PNG/binary_labels_mask_case_id_TCGA-CC-A1HT_3_1_cell_expansion_13_0_threshold_0_7.png,23175.190001531904,7648.115286202982,0.30736020797198915
../binary_PNG/binary_labels_mask_case_id_TCGA-DD-AAED_2_2_cell_expansion_9_0_threshold_0_7.png,24159.1481437676,13064.584374730026,1.739098867209791
../binary_PNG/binary_labels_mask_case_id_TCGA-CC-A3MA_4_4_cell_expansion_5_0_threshold_0_6.png,24261.219511477862,14140.266373168919,1.6164827890556046
../binary_PNG/binary_labels_mask_case_id_TCGA-K7-AAU7_0_1_cell_expansion_7_0_threshold_0_5.png,23315.787078943013,8446.16901240438,0.35443814866021145
../binary_PNG/binary_labels_mask_case_id_TCGA-CC-5261_4_4_cell_expansion_15_0_threshold_0_8.png,24352.398706272957,13818.023705090842,2.0920296034306474
../binary_PNG/binary_labels_mask_case_id_TCGA-YA-A8S7_3_4_cell_expansion_7_0_threshold_0_4.png,22357.082887892797,3600.656571802468,0.016008534051990344
../binary_PNG/binary_labels_mask_case_id_TCGA-YA-A8S7_1_3_cell_expansion_1_0_threshold_0_4.png,23585.952110269824,10032.47397758728,0.38038151229427913
../binary_PNG/binary_labels_mask_case_id_TCGA-K7-AAU7_4_0_cell_expansion_11_0_threshold_0_7.png,23546.556804391963,9529.737694635602,0.5346845065128646
../binary_PNG/binary_labels_mask_case_id_TCGA-CC-A1HT_0_3_cell_expansion_13_0_threshold_0_4.png,24735.706050444627,16783.329400936298,4.4786433196711375
../binary_PNG/binary_labels_mask_case_id_TCGA-G3-A7M6_1_4_cell_expansion_11_0_threshold_0_5.png,24085.33475543893,12908.631770098282,1.040179951234589
../binary_PNG/binary_labels_mask_case_id_TCGA-K7-AAU7_3_4_cell_expansion_1_0_threshold_0_7.png,22801.740895660787,5843.905059393935,0.11425388556793284
../binary_PNG/binary_labels_mask_case_id_TCGA-BC-A69I_4_3_cell_expansion_3_0_threshold_0_6.png,23395.54223676745,8820.836558079545,0.32162792005567703
../binary_PNG/binary_labels_mask_case_id_TCGA-CC-A8HT_0_0_cell_expansion_7_0_threshold_0_7.png,24459.41111629276,14962.268345284014,2.0860241382470703
../binary_PNG/binary_labels_mask_case_id_TCGA-YA-A8S7_4_1_cell_expansion_7_0_threshold_0_7.png,24412.72959462907,14369.063703591924,1.7121550929284233
../binary_PNG/binary_labels_mask_case_id_TCGA-K7-AAU7_2_0_cell_expansion_7_0_threshold_0_8.png,22295.564725834272,3345.9127204795473,0.0
../binary_PNG/binary_labels_mask_case_id_TCGA-G3-A7M6_3_2_cell_expansion_13_0_threshold_0_6.png,24539.567178441317,15357.409339500016,2.0578313972505318
../binary_PNG/binary_labels_mask_case_id_TCGA-G3-A5SK_4_0_cell_expansion_13_0_threshold_0_7.png,24133.160472677213,12402.718225917844,1.1197466832036682
../binary_PNG/binary_labels_mask_case_id_TCGA-BC-A69I_4_4_cell_expansion_7_0_threshold_0_6.png,24488.960142741584,14932.290547357263,2.3377219781894363
../binary_PNG/binary_labels_mask_case_id_TCGA-YA-A8S7_4_2_cell_expansion_13_0_threshold_0_5.png,23139.667481317207,7336.884953771532,0.29856286503882457
../binary_PNG/binary_labels_mask_case_id_TCGA-YA-A8S7_1_3_cell_expansion_3_0_threshold_0_5.png,24200.14078527252,13507.74681652268,0.9392642507480089
../binary_PNG/binary_labels_mask_case_id_TCGA-G3-A5SK_1_0_cell_expansion_9_0_threshold_0_8.png,23601.436664647492,9811.239991885843,0.6228598393975863
../binary_PNG/binary_labels_mask_case_id_TCGA-DD-AAED_0_0_cell_expansion_3_0_threshold_0_8.png,23504.91412923354,9441.937391146115,0.42778556926519806
../binary_PNG/binary_labels_mask_case_id_TCGA-DD-AAED_3_3_cell_expansion_1_0_threshold_0_6.png,23771.68720309784,11096.998137256223,0.46056271960033546
../binary_PNG/binary_labels_mask_case_id_TCGA-G3-A7M6_1_0_cell_expansion_13_0_threshold_0_5.png,24627.887014154527,16143.117067352425,2.5607958604383585
../binary_PNG/binary_labels_mask_case_id_TCGA-K7-AAU7_3_4_cell_expansion_5_0_threshold_0_5.png,24059.069105676303,12497.237616135022,0.8614751597608741
../binary_PNG/binary_labels_mask_case_id_TCGA-K7-AAU7_4_1_cell_expansion_7_0_threshold_0_7.png,24001.918308000248,11879.545914014487,0.9468719445859785
../binary_PNG/binary_labels_mask_case_id_TCGA-YA-A8S7_0_1_cell_expansion_5_0_threshold_0_4.png,24624.451799651993,16269.727042870953,2.175490218099324
../binary_PNG/binary_labels_mask_case_id_TCGA-YA-A8S7_0_0_cell_expansion_5_0_threshold_0_8.png,22721.820428066803,5321.225803917479,0.1140362152783421
../binary_PNG/binary_labels_mask_case_id_TCGA-G3-A5SK_4_1_cell_expansion_11_0_threshold_0_8.png,23636.715595668145,9772.765668760974,0.6275335479807727
../binary_PNG/binary_labels_mask_case_id_TCGA-G3-A7M6_0_3_cell_expansion_13_0_threshold_0_4.png,24609.496001845768,15673.259464954412,2.451265767632
../binary_PNG/binary_labels_mask_case_id_TCGA-K7-AAU7_2_3_cell_expansion_11_0_threshold_0_6.png,23871.37599339301,11577.707498131873,0.7624564266112883
../binary_PNG/binary_labels_mask_case_id_TCGA-CC-5261_3_1_cell_expansion_15_0_threshold_0_7.png,24561.673056901356,15433.523171629917,3.1924725148111532
../binary_PNG/binary_labels_mask_case_id_TCGA-DD-AAED_3_2_cell_expansion_15_0_threshold_0_6.png,24793.263447483856,17004.747765015785,10.174158914077253
../binary_PNG/binary_labels_mask_case_id_TCGA-DD-AAED_0_3_cell_expansion_11_0_threshold_0_6.png,24642.589468718783,15939.968098156904,3.5210682207143114
../binary_PNG/binary_labels_mask_case_id_TCGA-G3-A5SK_2_2_cell_expansion_3_0_threshold_0_5.png,24115.56428000498,13075.655437450869,0.7253712486052126
../binary_PNG/binary_labels_mask_case_id_TCGA-YA-A8S7_3_4_cell_expansion_9_0_threshold_0_8.png,22295.564725834272,3345.9127204795473,0.0
../binary_PNG/binary_labels_mask_case_id_TCGA-K7-AAU7_0_0_cell_expansion_9_0_threshold_0_5.png,23322.273320879198,8303.559474790614,0.3386825019100651
../binary_PNG/binary_labels_mask_case_id_TCGA-G3-A5SK_4_4_cell_expansion_3_0_threshold_0_8.png,22890.482447738603,6355.5390906775065,0.16343081129961415
../binary_PNG/binary_labels_mask_case_id_TCGA-G3-A5SK_0_2_cell_expansion_1_0_threshold_0_5.png,23105.758525779933,7470.955544172715,0.1904751602204697
../binary_PNG/binary_labels_mask_case_id_TCGA-CC-A1HT_0_1_cell_expansion_7_0_threshold_0_4.png,24914.758819980918,18565.45343637432,4.264810278807767
../binary_PNG/binary_labels_mask_case_id_TCGA-CC-A1HT_2_1_cell_expansion_7_0_threshold_0_5.png,24568.620415444708,15495.125507906192,3.4923832698771764
../binary_PNG/binary_labels_mask_case_id_TCGA-K7-AAU7_2_3_cell_expansion_13_0_threshold_0_7.png,23249.94647229905,7811.885155085059,0.3118288692491006
../binary_PNG/binary_labels_mask_case_id_TCGA-YA-A8S7_1_4_cell_expansion_11_0_threshold_0_6.png,22430.501223560517,3938.0238721903747,0.030826131576596857
../binary_PNG/binary_labels_mask_case_id_TCGA-YA-A8S7_3_3_cell_expansion_15_0_threshold_0_8.png,22385.587138663257,3758.6231431919173,0.025014806419936805
../binary_PNG/binary_labels_mask_case_id_TCGA-CC-A1HT_0_1_cell_expansion_5_0_threshold_0_5.png,24838.7935615368,17906.544982328363,3.1135491648199167
../binary_PNG/binary_labels_mask_case_id_TCGA-DD-AAED_1_0_cell_expansion_13_0_threshold_0_6.png,24261.104993020104,13420.035756912786,1.8075465123514405
../binary_PNG/binary_labels_mask_case_id_TCGA-CC-A8HT_0_1_cell_expansion_9_0_threshold_0_7.png,24284.659697405517,13568.141491413426,1.5337978328586337
../binary_PNG/binary_labels_mask_case_id_TCGA-G3-A5SK_0_3_cell_expansion_3_0_threshold_0_8.png,23025.95776508004,6998.420407589704,0.1925386120693574
../binary_PNG/binary_labels_mask_case_id_TCGA-G3-A5SK_4_2_cell_expansion_3_0_threshold_0_6.png,23629.10925229582,10230.465116035431,0.46918207210310825
../binary_PNG/binary_labels_mask_case_id_TCGA-YA-A8S7_1_0_cell_expansion_11_0_threshold_0_7.png,23958.112467061896,11587.262966751843,0.9713949307097058
../binary_PNG/binary_labels_mask_case_id_TCGA-CC-A1HT_2_1_cell_expansion_1_0_threshold_0_6.png,23497.046246855643,9504.054587543244,0.3921527367242739
../binary_PNG/binary_labels_mask_case_id_TCGA-G3-A7M6_3_1_cell_expansion_9_0_threshold_0_4.png,24801.691932897207,17712.702123817024,3.6344504280642282
../binary_PNG/binary_labels_mask_case_id_TCGA-BC-A69I_0_4_cell_expansion_9_0_threshold_0_8.png,23613.005535661567,9628.72561312019,0.6193287876659106
../binary_PNG/binary_labels_mask_case_id_TCGA-BC-A69I_4_4_cell_expansion_11_0_threshold_0_6.png,24561.427641247843,15342.250689801487,2.941883504916864
../binary_PNG/binary_labels_mask_case_id_TCGA-K7-AAU7_3_4_cell_expansion_9_0_threshold_0_8.png,22944.510984427958,6259.906583746755,0.2263365007072812
../binary_PNG/binary_labels_mask_case_id_TCGA-CC-A3MA_0_0_cell_expansion_13_0_threshold_0_6.png,23841.913084917596,11246.097307443777,1.1017643431592872
../binary_PNG/binary_labels_mask_case_id_TCGA-G3-A5SK_0_1_cell_expansion_11_0_threshold_0_4.png,24651.393447760507,16244.665179906542,2.271681011666945
../binary_PNG/binary_labels_mask_case_id_TCGA-CC-A8HT_0_3_cell_expansion_13_0_threshold_0_5.png,24559.458276524045,15471.6990464951,2.888200641827727
../binary_PNG/binary_labels_mask_case_id_TCGA-CC-A1HT_1_4_cell_expansion_7_0_threshold_0_4.png,24316.957350306002,14298.792435661817,1.6350219176066183
../binary_PNG/binary_labels_mask_case_id_TCGA-G3-A5SK_1_0_cell_expansion_5_0_threshold_0_5.png,24445.626911697782,14973.406213593376,1.605049352664859
../binary_PNG/binary_labels_mask_case_id_TCGA-CC-A3MA_3_4_cell_expansion_15_0_threshold_0_8.png,24015.905059193454,11932.788178468758,1.3938047651082197
../binary_PNG/binary_labels_mask_case_id_TCGA-CC-A3MA_3_3_cell_expansion_15_0_threshold_0_8.png,24083.17800638543,12062.982543208125,1.494480473231648
../binary_PNG/binary_labels_mask_case_id_TCGA-CC-A8HT_0_4_cell_expansion_11_0_threshold_0_4.png,24746.23238326576,17008.46543933021,3.7689696211254833
../binary_PNG/binary_labels_mask_case_id_TCGA-CC-A3MA_0_2_cell_expansion_11_0_threshold_0_8.png,23873.21161873561,11254.599097380851,1.0563386829058872
../binary_PNG/binary_labels_mask_case_id_TCGA-DD-AAED_2_2_cell_expansion_15_0_threshold_0_6.png,24280.53722762324,13768.66278923292,2.0955516617292522
../binary_PNG/binary_labels_mask_case_id_TCGA-G3-A7M6_1_2_cell_expansion_5_0_threshold_0_4.png,24901.4491843867,18877.7927103901,3.649062965576727
../binary_PNG/binary_labels_mask_case_id_TCGA-YA-A8S7_0_1_cell_expansion_13_0_threshold_0_8.png,23515.218522413907,9247.282949972778,0.5640192382685558
../binary_PNG/binary_labels_mask_case_id_TCGA-G3-A7M6_3_2_cell_expansion_7_0_threshold_0_4.png,24610.06082994628,15839.966195017805,2.3574464343726063
../binary_PNG/binary_labels_mask_case_id_TCGA-YA-A8S7_2_2_cell_expansion_11_0_threshold_0_4.png,24664.9294179118,16015.500163339668,3.2636749526889988
../binary_PNG/binary_labels_mask_case_id_TCGA-G3-A7M6_4_0_cell_expansion_1_0_threshold_0_6.png,23584.08110284356,10241.555308310231,0.3603937210483721
../binary_PNG/binary_labels_mask_case_id_TCGA-CC-5261_3_2_cell_expansion_15_0_threshold_0_6.png,24656.964304761368,16074.20040546088,4.16700404163779
../binary_PNG/binary_labels_mask_case_id_TCGA-BC-A69I_0_1_cell_expansion_3_0_threshold_0_4.png,23814.71994290232,11224.044883960678,0.5957397661851447
../binary_PNG/binary_labels_mask_case_id_TCGA-DD-AAED_3_1_cell_expansion_15_0_threshold_0_7.png,24550.798120138174,15386.7463897115,3.3297075425259486
../binary_PNG/binary_labels_mask_case_id_TCGA-K7-AAU7_4_4_cell_expansion_3_0_threshold_0_7.png,23029.829400121933,6916.3843287969485,0.21041247781584604
../binary_PNG/binary_labels_mask_case_id_TCGA-DD-AAED_1_3_cell_expansion_13_0_threshold_0_7.png,24621.774792283388,15705.584906298891,3.9610636360837574
../binary_PNG/binary_labels_mask_case_id_TCGA-CC-A8HT_3_4_cell_expansion_11_0_threshold_0_8.png,22764.19970410811,5639.317731522137,0.16937992391787193
../binary_PNG/binary_labels_mask_case_id_TCGA-CC-A8HT_0_2_cell_expansion_3_0_threshold_0_5.png,23817.88075261192,11293.95565976367,0.5807501963672239
../binary_PNG/binary_labels_mask_case_id_TCGA-YA-A8S7_3_1_cell_expansion_5_0_threshold_0_7.png,23931.461777764325,11474.61619452827,0.7653904747633675
../binary_PNG/binary_labels_mask_case_id_TCGA-BC-A69I_4_1_cell_expansion_7_0_threshold_0_4.png,23981.054403890645,11640.201117047918,1.0852771862105683
../binary_PNG/binary_labels_mask_case_id_TCGA-CC-A8HT_0_0_cell_expansion_15_0_threshold_0_7.png,24510.18649494397,15225.128149752441,2.432390695438245
../binary_PNG/binary_labels_mask_case_id_TCGA-DD-AAED_4_3_cell_expansion_7_0_threshold_0_4.png,24630.24054998125,16045.866443333138,3.065392149265942
../binary_PNG/binary_labels_mask_case_id_TCGA-CC-A8HT_3_1_cell_expansion_11_0_threshold_0_7.png,23872.799169638965,11150.874247384876,0.8030881686671644
../binary_PNG/binary_labels_mask_case_id_TCGA-G3-A5SK_0_1_cell_expansion_9_0_threshold_0_6.png,24453.634492519257,14899.743893382178,1.7132064125846371
../binary_PNG/binary_labels_mask_case_id_TCGA-DD-AAED_2_4_cell_expansion_7_0_threshold_0_5.png,24710.21116139441,16447.81068676656,4.724547251537074
../binary_PNG/binary_labels_mask_case_id_TCGA-CC-A8HT_2_2_cell_expansion_1_0_threshold_0_5.png,23701.90516050008,10825.809584270391,0.39280656198410374
../binary_PNG/binary_labels_mask_case_id_TCGA-YA-A8S7_0_2_cell_expansion_5_0_threshold_0_8.png,23039.215848076987,6904.945781549661,0.2400798425953997
../binary_PNG/binary_labels_mask_case_id_TCGA-K7-AAU7_2_3_cell_expansion_3_0_threshold_0_6.png,23416.58128557547,9178.410179702556,0.3373846785454257
../binary_PNG/binary_labels_mask_case_id_TCGA-BC-A69I_4_1_cell_expansion_1_0_threshold_0_7.png,22786.14872829313,5773.825391859082,0.12163844510094235
../binary_PNG/binary_labels_mask_case_id_TCGA-CC-A8HT_0_2_cell_expansion_5_0_threshold_0_6.png,24197.62345946191,13194.672876545945,1.0834159094750004
../binary_PNG/binary_labels_mask_case_id_TCGA-BC-A69I_1_4_cell_expansion_1_0_threshold_0_5.png,23175.93746075934,7832.705560890239,0.2111466870257165
../binary_PNG/binary_labels_mask_case_id_TCGA-G3-A5SK_0_2_cell_expansion_11_0_threshold_0_5.png,24521.01557049893,15261.069569997046,1.925433983990539
../binary_PNG/binary_labels_mask_case_id_TCGA-YA-A8S7_3_0_cell_expansion_3_0_threshold_0_8.png,22658.80958407291,5184.655042458653,0.09071270965452329
../binary_PNG/binary_labels_mask_case_id_TCGA-BC-A69I_4_2_cell_expansion_11_0_threshold_0_8.png,23352.037356582416,8420.378245366903,0.47689216737565254
../binary_PNG/binary_labels_mask_case_id_TCGA-DD-AAED_1_3_cell_expansion_15_0_threshold_0_4.png,24738.652701502633,16691.687147375895,5.853405431678717
../binary_PNG/binary_labels_mask_case_id_TCGA-K7-AAU7_2_3_cell_expansion_5_0_threshold_0_5.png,24063.04366666545,12887.059515759322,0.910946253197602
../binary_PNG/binary_labels_mask_case_id_TCGA-DD-AAED_0_3_cell_expansion_7_0_threshold_0_6.png,24583.079613567308,15599.966963165964,2.8031983222800267
../binary_PNG/binary_labels_mask_case_id_TCGA-G3-A7M6_4_0_cell_expansion_5_0_threshold_0_4.png,24833.406544570487,18256.611245422628,3.2217326745634276
../binary_PNG/binary_labels_mask_case_id_TCGA-CC-A8HT_2_3_cell_expansion_11_0_threshold_0_8.png,22906.085662844303,6096.727463677335,0.18511942315885246
../binary_PNG/binary_labels_mask_case_id_TCGA-CC-A8HT_3_0_cell_expansion_5_0_threshold_0_5.png,24510.71868621313,15368.801885091863,2.006554169854017
../binary_PNG/binary_labels_mask_case_id_TCGA-K7-AAU7_4_2_cell_expansion_1_0_threshold_0_8.png,22578.919943020832,4813.986868987712,0.06376048915460995
../binary_PNG/binary_labels_mask_case_id_TCGA-CC-5261_3_2_cell_expansion_13_0_threshold_0_5.png,24682.221365936337,16341.129099870865,4.508730046478963
../binary_PNG/binary_labels_mask_case_id_TCGA-K7-AAU7_1_1_cell_expansion_13_0_threshold_0_4.png,24516.1685714087,15727.375296447812,1.4553449507306282
../binary_PNG/binary_labels_mask_case_id_TCGA-K7-AAU7_3_1_cell_expansion_5_0_threshold_0_7.png,22797.675625333643,5740.41233413651,0.13762728435401383
../binary_PNG/binary_labels_mask_case_id_TCGA-YA-A8S7_2_4_cell_expansion_7_0_threshold_0_6.png,22379.532623335257,3769.691765016888,0.021284741833956167
../binary_PNG/binary_labels_mask_case_id_TCGA-G3-A7M6_2_0_cell_expansion_3_0_threshold_0_4.png,24348.237794351284,14687.274679021597,1.0869874123127572
../binary_PNG/binary_labels_mask_case_id_TCGA-CC-A8HT_3_0_cell_expansion_7_0_threshold_0_4.png,24653.159945255586,16284.51207982512,3.227441971153756
../binary_PNG/binary_labels_mask_case_id_TCGA-G3-A5SK_2_1_cell_expansion_11_0_threshold_0_8.png,23909.029265929985,11471.907600038003,0.8609779355720022
../binary_PNG/binary_labels_mask_case_id_TCGA-G3-A5SK_1_0_cell_expansion_15_0_threshold_0_8.png,23603.067916360742,9821.673836290462,0.6289849044778232
../binary_PNG/binary_labels_mask_case_id_TCGA-YA-A8S7_2_2_cell_expansion_7_0_threshold_0_4.png,24571.953007471933,15437.352736123203,2.3575415014130665
../binary_PNG/binary_labels_mask_case_id_TCGA-G3-A7M6_0_1_cell_expansion_5_0_threshold_0_6.png,24188.593123621635,13252.49532140431,1.1134974850047747
../binary_PNG/binary_labels_mask_case_id_TCGA-G3-A5SK_3_2_cell_expansion_15_0_threshold_0_7.png,24570.52019074542,15561.416870955532,2.5125094001497796
../binary_PNG/binary_labels_mask_case_id_TCGA-K7-AAU7_2_1_cell_expansion_15_0_threshold_0_7.png,22878.563247504502,6051.927431013503,0.18388937882883707
../binary_PNG/binary_labels_mask_case_id_TCGA-DD-AAED_2_3_cell_expansion_1_0_threshold_0_8.png,22973.695384859577,6698.9643720172535,0.1664999994829353
../binary_PNG/binary_labels_mask_case_id_TCGA-K7-AAU7_1_0_cell_expansion_1_0_threshold_0_4.png,22845.704970291103,6078.12576346839,0.11136572222538849
../binary_PNG/binary_labels_mask_case_id_TCGA-CC-A8HT_0_3_cell_expansion_1_0_threshold_0_4.png,23504.199820017435,9575.090774971835,0.3474794533639144
../binary_PNG/binary_labels_mask_case_id_TCGA-CC-5261_4_2_cell_expansion_9_0_threshold_0_8.png,24233.1309163431,13152.013615494006,1.3661035802492412
../binary_PNG/binary_labels_mask_case_id_TCGA-K7-AAU7_3_1_cell_expansion_3_0_threshold_0_8.png,22295.564725834272,3345.9127204795473,0.0
../binary_PNG/binary_labels_mask_case_id_TCGA-CC-A8HT_4_3_cell_expansion_7_0_threshold_0_5.png,24355.14577474064,14185.579384244153,1.6360021639482942
../binary_PNG/binary_labels_mask_case_id_TCGA-G3-A5SK_1_4_cell_expansion_15_0_threshold_0_5.png,24616.90395929292,15924.852279980882,2.704496998559505
../binary_PNG/binary_labels_mask_case_id_TCGA-CC-A8HT_0_4_cell_expansion_5_0_threshold_0_4.png,24666.354659254146,16572.312232372267,2.4699692840586263
../binary_PNG/binary_labels_mask_case_id_TCGA-YA-A8S7_3_0_cell_expansion_11_0_threshold_0_7.png,24361.934481871012,14312.102298050184,1.7398350054445053
../binary_PNG/binary_labels_mask_case_id_TCGA-BC-A69I_4_3_cell_expansion_15_0_threshold_0_8.png,23011.156280406834,6775.6425686359535,0.23811512589407874
../binary_PNG/binary_labels_mask_case_id_TCGA-K7-AAU7_1_0_cell_expansion_7_0_threshold_0_7.png,22435.760816802333,3969.989899625631,0.03411834948198443
../binary_PNG/binary_labels_mask_case_id_TCGA-G3-A7M6_4_1_cell_expansion_7_0_threshold_0_5.png,24375.838342980333,14267.182237592397,1.625172540104309
../binary_PNG/binary_labels_mask_case_id_TCGA-CC-5261_0_3_cell_expansion_9_0_threshold_0_6.png,24636.51277493276,16000.356537900363,3.196109280441639
../binary_PNG/binary_labels_mask_case_id_TCGA-DD-AAED_0_1_cell_expansion_11_0_threshold_0_5.png,24666.812779497828,16177.800357904998,4.436324511370236
../binary_PNG/binary_labels_mask_case_id_TCGA-G3-A7M6_1_4_cell_expansion_7_0_threshold_0_7.png,23613.001859006767,10057.632741227728,0.5926763123065157
../binary_PNG/binary_labels_mask_case_id_TCGA-CC-A3MA_2_0_cell_expansion_13_0_threshold_0_6.png,24724.44574918462,16460.84284627936,5.784359305927285
../binary_PNG/binary_labels_mask_case_id_TCGA-CC-A8HT_0_4_cell_expansion_3_0_threshold_0_7.png,23483.586371214755,9419.515756769386,0.40673974300855953
../binary_PNG/binary_labels_mask_case_id_TCGA-BC-A69I_3_4_cell_expansion_1_0_threshold_0_8.png,22874.85608509757,6282.8946831192825,0.12991614290415107
../binary_PNG/binary_labels_mask_case_id_TCGA-K7-AAU7_4_2_cell_expansion_3_0_threshold_0_5.png,24225.031663166406,13901.28711789396,0.9070638533688022
../binary_PNG/binary_labels_mask_case_id_TCGA-BC-A69I_4_2_cell_expansion_11_0_threshold_0_4.png,24455.154556319067,14584.815471400709,2.404239298389628
../binary_PNG/binary_labels_mask_case_id_TCGA-DD-AAED_1_0_cell_expansion_5_0_threshold_0_5.png,24096.88849116828,12663.994278749973,1.1223650404951424
../binary_PNG/binary_labels_mask_case_id_TCGA-G3-A5SK_4_1_cell_expansion_9_0_threshold_0_8.png,23633.29468436744,9760.511494608774,0.625595005627604
../binary_PNG/binary_labels_mask_case_id_TCGA-CC-A8HT_4_3_cell_expansion_3_0_threshold_0_7.png,23265.67566020417,8071.04058281528,0.28116676831934617
../binary_PNG/binary_labels_mask_case_id_TCGA-CC-A3MA_1_1_cell_expansion_15_0_threshold_0_7.png,24213.541493452656,13061.209573195809,1.867523239031672
../binary_PNG/binary_labels_mask_case_id_TCGA-BC-A69I_0_0_cell_expansion_7_0_threshold_0_6.png,24032.069383854927,12141.229179235921,1.0331229417974752
../binary_PNG/binary_labels_mask_case_id_TCGA-K7-AAU7_4_2_cell_expansion_1_0_threshold_0_4.png,23676.74261746084,10736.058316087776,0.38904004735341424
../binary_PNG/binary_labels_mask_case_id_TCGA-CC-A8HT_1_2_cell_expansion_15_0_threshold_0_4.png,24672.390852146757,16553.838365074218,2.718213941959047
../binary_PNG/binary_labels_mask_case_id_TCGA-K7-AAU7_4_3_cell_expansion_1_0_threshold_0_8.png,22436.1173352404,4057.627547169337,0.027972177635098985
../binary_PNG/binary_labels_mask_case_id_TCGA-G3-A7M6_2_1_cell_expansion_1_0_threshold_0_5.png,23315.960764175077,8692.167575112442,0.2581614321478252
../binary_PNG/binary_labels_mask_case_id_TCGA-G3-A5SK_2_2_cell_expansion_1_0_threshold_0_8.png,22775.662058729198,5719.45642768614,0.10171346417459784
../binary_PNG/binary_labels_mask_case_id_TCGA-G3-A5SK_4_3_cell_expansion_5_0_threshold_0_5.png,24217.165939386963,13307.91765308806,1.1511463701853166
../binary_PNG/binary_labels_mask_case_id_TCGA-DD-AAED_1_3_cell_expansion_9_0_threshold_0_4.png,24733.986646371846,16667.8918154149,5.6032026646919535
../binary_PNG/binary_labels_mask_case_id_TCGA-CC-A1HT_4_1_cell_expansion_3_0_threshold_0_8.png,23236.742242474662,7770.254120061092,0.30111881949424174
../binary_PNG/binary_labels_mask_case_id_TCGA-BC-A69I_4_4_cell_expansion_9_0_threshold_0_6.png,24554.135758329525,15294.501712814275,2.863078369358432
../binary_PNG/binary_labels_mask_case_id_TCGA-DD-AAED_1_4_cell_expansion_15_0_threshold_0_8.png,24178.68344765117,12808.633685521285,1.4820054920875214
../binary_PNG/binary_labels_mask_case_id_TCGA-CC-A1HT_1_2_cell_expansion_7_0_threshold_0_6.png,24329.49913775986,13889.394269077971,1.4089007482958331
../binary_PNG/binary_labels_mask_case_id_TCGA-CC-A3MA_1_2_cell_expansion_11_0_threshold_0_4.png,24906.131374698263,18225.76964810345,14.307739220589133
../binary_PNG/binary_labels_mask_case_id_TCGA-CC-A1HT_4_3_cell_expansion_13_0_threshold_0_4.png,24866.525971299434,17924.47826654445,9.073753495030035
../binary_PNG/binary_labels_mask_case_id_TCGA-YA-A8S7_2_4_cell_expansion_11_0_threshold_0_6.png,22379.532623335257,3769.691765016888,0.021284741833956167
../binary_PNG/binary_labels_mask_case_id_TCGA-CC-5261_3_4_cell_expansion_15_0_threshold_0_4.png,24782.472072584813,17019.094620237367,5.517117824058714
../binary_PNG/binary_labels_mask_case_id_TCGA-BC-A69I_0_3_cell_expansion_9_0_threshold_0_6.png,24181.98421127853,12835.84700540344,1.5375508856118405
../binary_PNG/binary_labels_mask_case_id_TCGA-CC-5261_1_4_cell_expansion_3_0_threshold_0_8.png,23083.789798250098,7186.859946502607,0.23123837529143634
../binary_PNG/binary_labels_mask_case_id_TCGA-BC-A69I_4_4_cell_expansion_15_0_threshold_0_8.png,23840.7337154079,10977.403296054543,0.8838990311627883
../binary_PNG/binary_labels_mask_case_id_TCGA-CC-A3MA_2_0_cell_expansion_1_0_threshold_0_5.png,23970.14798596026,12175.227097491925,0.5754452931539451
../binary_PNG/binary_labels_mask_case_id_TCGA-CC-A3MA_3_2_cell_expansion_3_0_threshold_0_6.png,24364.51992066461,14675.232222894158,1.2427757888403734
../binary_PNG/binary_labels_mask_case_id_TCGA-CC-A1HT_1_4_cell_expansion_7_0_threshold_0_8.png,22586.962631847506,4684.4500751154965,0.08664749943765103
../binary_PNG/binary_labels_mask_case_id_TCGA-K7-AAU7_2_2_cell_expansion_11_0_threshold_0_4.png,24239.067399004492,13865.098426354709,1.2428804196637921
../binary_PNG/binary_labels_mask_case_id_TCGA-G3-A5SK_3_1_cell_expansion_7_0_threshold_0_5.png,24335.518926963,13831.569938138611,1.459425546365431
../binary_PNG/binary_labels_mask_case_id_TCGA-DD-AAED_2_1_cell_expansion_13_0_threshold_0_8.png,24596.57002154448,15537.097414366604,4.517709958763996
../binary_PNG/binary_labels_mask_case_id_TCGA-CC-A3MA_3_0_cell_expansion_13_0_threshold_0_6.png,22816.69099240894,5848.9845706316355,0.1504566888819422
../binary_PNG/binary_labels_mask_case_id_TCGA-YA-A8S7_2_0_cell_expansion_9_0_threshold_0_8.png,23318.52202250269,7925.664826432865,0.4038253038031481
../binary_PNG/binary_labels_mask_case_id_TCGA-CC-5261_2_3_cell_expansion_15_0_threshold_0_4.png,24829.054540052828,17471.26489595804,6.722526852681166
../binary_PNG/binary_labels_mask_case_id_TCGA-BC-A69I_4_1_cell_expansion_13_0_threshold_0_4.png,24185.088907042216,12681.65050382758,1.7780414341373552
../binary_PNG/binary_labels_mask_case_id_TCGA-CC-A3MA_2_1_cell_expansion_3_0_threshold_0_8.png,22890.828465709208,6111.168439452697,0.14684595772678674
../binary_PNG/binary_labels_mask_case_id_TCGA-CC-5261_0_1_cell_expansion_13_0_threshold_0_4.png,24707.35135130408,16612.173613325853,4.362765909398853
../binary_PNG/binary_labels_mask_case_id_TCGA-CC-A3MA_1_2_cell_expansion_15_0_threshold_0_6.png,24813.361496952148,17225.174291973948,9.316993971501644
../binary_PNG/binary_labels_mask_case_id_TCGA-CC-A1HT_3_2_cell_expansion_3_0_threshold_0_5.png,24370.409268796357,14286.282998588988,1.5676195830810484
../binary_PNG/binary_labels_mask_case_id_TCGA-YA-A8S7_0_1_cell_expansion_9_0_threshold_0_5.png,24710.817213533282,16688.57444788891,3.871664215058117
../binary_PNG/binary_labels_mask_case_id_TCGA-DD-AAED_0_3_cell_expansion_15_0_threshold_0_8.png,24255.44775076356,13281.993690317713,1.5742538556685974
../binary_PNG/binary_labels_mask_case_id_TCGA-CC-A1HT_0_0_cell_expansion_3_0_threshold_0_6.png,23422.6157312063,9173.841680086169,0.3416263606258285
../binary_PNG/binary_labels_mask_case_id_TCGA-CC-5261_4_0_cell_expansion_7_0_threshold_0_4.png,24848.03864178669,17898.879138036868,4.7101196870695
../binary_PNG/binary_labels_mask_case_id_TCGA-CC-5261_2_2_cell_expansion_11_0_threshold_0_8.png,24290.91298975527,13394.46154085112,1.897413501200517
../binary_PNG/binary_labels_mask_case_id_TCGA-G3-A5SK_2_4_cell_expansion_3_0_threshold_0_7.png,23898.245459458092,11577.135849462356,0.6169553162938017
../binary_PNG/binary_labels_mask_case_id_TCGA-CC-A1HT_2_2_cell_expansion_1_0_threshold_0_8.png,22981.19957856992,6689.664080691067,0.19203461968281144
../binary_PNG/binary_labels_mask_case_id_TCGA-CC-5261_0_3_cell_expansion_1_0_threshold_0_7.png,23232.365217809194,8236.931576354025,0.24495269859919958
../binary_PNG/binary_labels_mask_case_id_TCGA-CC-A3MA_2_3_cell_expansion_3_0_threshold_0_6.png,24609.73558777264,16150.171897315484,1.8417459496790312
../binary_PNG/binary_labels_mask_case_id_TCGA-CC-A1HT_2_4_cell_expansion_5_0_threshold_0_4.png,24753.137695709043,16794.83590361663,4.503291969253812
../binary_PNG/binary_labels_mask_case_id_TCGA-CC-A8HT_4_0_cell_expansion_11_0_threshold_0_7.png,24275.680752344146,13424.094296893069,1.6160268466959964
../binary_PNG/binary_labels_mask_case_id_TCGA-CC-5261_2_3_cell_expansion_3_0_threshold_0_7.png,23951.203860424303,11940.984848722537,0.7210238336853075
../binary_PNG/binary_labels_mask_case_id_TCGA-G3-A7M6_3_0_cell_expansion_13_0_threshold_0_7.png,24473.710971394463,14680.36570396583,1.991480988237231
../binary_PNG/binary_labels_mask_case_id_TCGA-K7-AAU7_4_2_cell_expansion_9_0_threshold_0_5.png,24670.63706550669,16487.054147836458,2.676327424621172
../binary_PNG/binary_labels_mask_case_id_TCGA-BC-A69I_1_4_cell_expansion_11_0_threshold_0_4.png,24348.031813972357,14234.303831789297,1.6967027299977437
../binary_PNG/binary_labels_mask_case_id_TCGA-CC-A8HT_0_4_cell_expansion_9_0_threshold_0_7.png,24105.5554923192,12631.94249255811,1.261651343404481
../binary_PNG/binary_labels_mask_case_id_TCGA-CC-A1HT_3_4_cell_expansion_13_0_threshold_0_6.png,24803.07662401472,17309.07688090962,4.18474776097793
../binary_PNG/binary_labels_mask_case_id_TCGA-CC-A3MA_1_0_cell_expansion_1_0_threshold_0_8.png,23113.17102358517,7343.3371172413945,0.21689704611580574
../binary_PNG/binary_labels_mask_case_id_TCGA-K7-AAU7_4_2_cell_expansion_11_0_threshold_0_6.png,24576.17217826184,15770.015018456408,2.216504951200399
../binary_PNG/binary_labels_mask_case_id_TCGA-CC-A3MA_2_2_cell_expansion_7_0_threshold_0_8.png,23959.928669511068,11492.135898458622,1.073910421014073
../binary_PNG/binary_labels_mask_case_id_TCGA-CC-5261_4_3_cell_expansion_13_0_threshold_0_5.png,24806.048728619826,17500.608035931396,4.432151282045116
../binary_PNG/binary_labels_mask_case_id_TCGA-DD-AAED_4_0_cell_expansion_13_0_threshold_0_4.png,24727.291012756024,16753.413344694698,5.307466058288041
../binary_PNG/binary_labels_mask_case_id_TCGA-CC-A1HT_0_3_cell_expansion_7_0_threshold_0_6.png,24452.830783347214,14742.02383367065,2.1784974589006016
../binary_PNG/binary_labels_mask_case_id_TCGA-CC-5261_0_4_cell_expansion_1_0_threshold_0_5.png,23505.210311729188,9771.679462157692,0.3330844997530351
../binary_PNG/binary_labels_mask_case_id_TCGA-CC-A1HT_4_4_cell_expansion_5_0_threshold_0_7.png,23482.57999969164,9267.296591521575,0.5003237737608431
../binary_PNG/binary_labels_mask_case_id_TCGA-CC-A3MA_1_1_cell_expansion_7_0_threshold_0_7.png,24107.73371229957,12494.633619096689,1.403602516590537
../binary_PNG/binary_labels_mask_case_id_TCGA-CC-5261_3_1_cell_expansion_5_0_threshold_0_6.png,24652.50126158541,16260.718345890718,2.7283143282102134
../binary_PNG/binary_labels_mask_case_id_TCGA-CC-A1HT_0_4_cell_expansion_1_0_threshold_0_7.png,22924.21820099811,6434.098787795879,0.13639274462152337
../binary_PNG/binary_labels_mask_case_id_TCGA-G3-A7M6_1_4_cell_expansion_9_0_threshold_0_5.png,24086.727182019884,12918.418073385836,1.040170732390624
../binary_PNG/binary_labels_mask_case_id_TCGA-CC-5261_0_2_cell_expansion_7_0_threshold_0_8.png,23743.060273322266,10413.744618557968,0.6890923501394486
../binary_PNG/binary_labels_mask_case_id_TCGA-CC-A3MA_2_3_cell_expansion_5_0_threshold_0_5.png,24852.95850995252,17851.428664215142,5.340632938039436
../binary_PNG/binary_labels_mask_case_id_TCGA-K7-AAU7_2_2_cell_expansion_9_0_threshold_0_6.png,23615.02262552987,9962.010504699174,0.5670472924663857
../binary_PNG/binary_labels_mask_case_id_TCGA-G3-A7M6_1_2_cell_expansion_11_0_threshold_0_5.png,24924.151255015604,18989.5447315317,4.0975871883866475
../binary_PNG/binary_labels_mask_case_id_TCGA-CC-A8HT_4_4_cell_expansion_11_0_threshold_0_6.png,24454.065462774885,14854.818393514744,1.7664499863271885
../binary_PNG/binary_labels_mask_case_id_TCGA-CC-A8HT_0_3_cell_expansion_9_0_threshold_0_5.png,24550.07747540136,15406.152748501665,2.771118897016542
../binary_PNG/binary_labels_mask_case_id_TCGA-BC-A69I_3_3_cell_expansion_11_0_threshold_0_8.png,24014.884325024068,11644.737662263171,1.1119510432425146
../binary_PNG/binary_labels_mask_case_id_TCGA-CC-A3MA_1_2_cell_expansion_9_0_threshold_0_7.png,24552.640172654043,15178.763158920137,3.653778012171054
../binary_PNG/binary_labels_mask_case_id_TCGA-CC-A1HT_1_1_cell_expansion_13_0_threshold_0_5.png,24470.748570157164,14887.529508744441,1.7154030309923847
../binary_PNG/binary_labels_mask_case_id_TCGA-K7-AAU7_1_2_cell_expansion_5_0_threshold_0_8.png,22328.40075182473,3492.131827343893,0.007671232387544982
../binary_PNG/binary_labels_mask_case_id_TCGA-CC-A1HT_1_0_cell_expansion_15_0_threshold_0_8.png,22618.83938577423,4787.421614314007,0.08843892206092933
../binary_PNG/binary_labels_mask_case_id_TCGA-DD-AAED_2_0_cell_expansion_5_0_threshold_0_8.png,23835.170241044463,11133.933672107458,0.744697667476372
../binary_PNG/binary_labels_mask_case_id_TCGA-BC-A69I_4_3_cell_expansion_1_0_threshold_0_5.png,23034.7683446959,6997.976754828892,0.16602197865810484
../binary_PNG/binary_labels_mask_case_id_TCGA-CC-A1HT_0_0_cell_expansion_9_0_threshold_0_6.png,23869.370472859893,11549.826265518032,0.7462315869541019
../binary_PNG/binary_labels_mask_case_id_TCGA-BC-A69I_3_1_cell_expansion_11_0_threshold_0_7.png,24130.39237166001,12463.353173257583,1.4761826884766558
../binary_PNG/binary_labels_mask_case_id_TCGA-DD-AAED_3_4_cell_expansion_3_0_threshold_0_7.png,24015.93717188826,12502.66277687196,0.7871593897199852
../binary_PNG/binary_labels_mask_case_id_TCGA-G3-A7M6_3_0_cell_expansion_3_0_threshold_0_4.png,24022.794630972672,12373.722468730777,0.7003062512074961
../binary_PNG/binary_labels_mask_case_id_TCGA-CC-A8HT_2_1_cell_expansion_7_0_threshold_0_8.png,22983.301797459906,6447.575458535586,0.22812555348258032
../binary_PNG/binary_labels_mask_case_id_TCGA-G3-A7M6_2_0_cell_expansion_13_0_threshold_0_7.png,24506.11008129189,15159.061148863482,2.2155364719885937
../binary_PNG/binary_labels_mask_case_id_TCGA-DD-AAED_0_0_cell_expansion_7_0_threshold_0_8.png,24047.579026636948,12261.865288455316,1.2513167585087848
../binary_PNG/binary_labels_mask_case_id_TCGA-CC-A3MA_4_0_cell_expansion_13_0_threshold_0_4.png,24912.61329398205,18358.64173184052,8.533606689178324
../binary_PNG/binary_labels_mask_case_id_TCGA-G3-A7M6_0_2_cell_expansion_15_0_threshold_0_7.png,24475.703940756142,14734.153223850652,1.920248603388161
../binary_PNG/binary_labels_mask_case_id_TCGA-G3-A7M6_2_0_cell_expansion_11_0_threshold_0_6.png,24674.1707849739,16481.675369124372,3.266619070434218
../binary_PNG/binary_labels_mask_case_id_TCGA-K7-AAU7_4_1_cell_expansion_3_0_threshold_0_7.png,23485.65044592691,9269.519952311924,0.3965225476292932
../binary_PNG/binary_labels_mask_case_id_TCGA-CC-A8HT_2_0_cell_expansion_5_0_threshold_0_5.png,24659.1693429057,16411.204501366974,2.3548323776440077
../binary_PNG/binary_labels_mask_case_id_TCGA-CC-5261_0_0_cell_expansion_9_0_threshold_0_4.png,24765.266418678817,17125.182213981796,5.600850305350203
../binary_PNG/binary_labels_mask_case_id_TCGA-G3-A7M6_4_2_cell_expansion_7_0_threshold_0_7.png,23934.544054082147,12015.581362457237,0.865711952766786
../binary_PNG/binary_labels_mask_case_id_TCGA-K7-AAU7_2_1_cell_expansion_7_0_threshold_0_6.png,23451.265809959248,9330.236202719509,0.48693680694740343
../binary_PNG/binary_labels_mask_case_id_TCGA-G3-A5SK_4_0_cell_expansion_11_0_threshold_0_8.png,23522.77137011972,9033.859902668086,0.5345441881282539
../binary_PNG/binary_labels_mask_case_id_TCGA-CC-A8HT_0_0_cell_expansion_1_0_threshold_0_6.png,23631.720606326617,10364.217283587945,0.37833356346249486
../binary_PNG/binary_labels_mask_case_id_TCGA-K7-AAU7_3_4_cell_expansion_7_0_threshold_0_6.png,23965.53609464708,11733.817444598712,0.8849320924671317
../binary_PNG/binary_labels_mask_case_id_TCGA-DD-AAED_3_3_cell_expansion_3_0_threshold_0_5.png,24572.143599803843,15823.999745286206,1.5099570627691905
../binary_PNG/binary_labels_mask_case_id_TCGA-CC-5261_4_0_cell_expansion_13_0_threshold_0_4.png,24873.12406596168,18078.726195561347,5.476145289834299
../binary_PNG/binary_labels_mask_case_id_TCGA-K7-AAU7_3_3_cell_expansion_3_0_threshold_0_6.png,23467.96085519794,9312.075774402574,0.3452032787744877
../binary_PNG/binary_labels_mask_case_id_TCGA-DD-AAED_0_1_cell_expansion_3_0_threshold_0_6.png,24218.38680224416,13589.736744458669,1.0132377285078775
../binary_PNG/binary_labels_mask_case_id_TCGA-CC-A8HT_4_0_cell_expansion_7_0_threshold_0_7.png,24176.357879415318,12893.328329678721,1.2681681859814184
../binary_PNG/binary_labels_mask_case_id_TCGA-G3-A7M6_1_1_cell_expansion_13_0_threshold_0_5.png,24532.80343371248,15478.374093170236,2.088104839262364
../binary_PNG/binary_labels_mask_case_id_TCGA-K7-AAU7_4_0_cell_expansion_5_0_threshold_0_8.png,22496.60062798138,4259.711728935471,0.050372480249933016
../binary_PNG/binary_labels_mask_case_id_TCGA-YA-A8S7_3_3_cell_expansion_5_0_threshold_0_5.png,22684.096380904248,5203.372330863373,0.09696000682806705
../binary_PNG/binary_labels_mask_case_id_TCGA-CC-A1HT_4_0_cell_expansion_9_0_threshold_0_4.png,24711.722472418372,16785.572331368174,3.2129105893015995
../binary_PNG/binary_labels_mask_case_id_TCGA-BC-A69I_2_4_cell_expansion_7_0_threshold_0_7.png,23891.737121545,11363.51966583145,0.9325418716848728
../binary_PNG/binary_labels_mask_case_id_TCGA-BC-A69I_2_3_cell_expansion_11_0_threshold_0_8.png,23832.400334936945,10658.716680185551,0.8143283495665643
../binary_PNG/binary_labels_mask_case_id_TCGA-G3-A7M6_3_0_cell_expansion_5_0_threshold_0_7.png,24217.71044011284,13219.9090349039,1.1142075056679128
../binary_PNG/binary_labels_mask_case_id_TCGA-CC-A8HT_3_3_cell_expansion_3_0_threshold_0_8.png,22432.92494203356,3985.0428504781817,0.029722221968646476
../binary_PNG/binary_labels_mask_case_id_TCGA-DD-AAED_4_1_cell_expansion_3_0_threshold_0_8.png,23681.76945030532,10324.816747599029,0.5057181815815486
../binary_PNG/binary_labels_mask_case_id_TCGA-G3-A7M6_0_3_cell_expansion_13_0_threshold_0_6.png,24529.038781980067,15161.26736554839,2.1541543947108104
../binary_PNG/binary_labels_mask_case_id_TCGA-K7-AAU7_4_0_cell_expansion_3_0_threshold_0_7.png,23120.0137068942,7424.612854108263,0.2301106330402551
../binary_PNG/binary_labels_mask_case_id_TCGA-G3-A7M6_1_0_cell_expansion_13_0_threshold_0_7.png,24324.75933147717,13894.638535110462,1.5250385536119355
../binary_PNG/binary_labels_mask_case_id_TCGA-YA-A8S7_1_2_cell_expansion_3_0_threshold_0_7.png,24055.530758534853,12496.04419555863,0.8007731646891738
../binary_PNG/binary_labels_mask_case_id_TCGA-CC-A8HT_2_1_cell_expansion_5_0_threshold_0_5.png,24775.520909596507,17405.500895181092,2.8950201513201312
../binary_PNG/binary_labels_mask_case_id_TCGA-G3-A7M6_4_3_cell_expansion_7_0_threshold_0_7.png,24139.29711821868,12904.700296671606,1.2572959940763864
../binary_PNG/binary_labels_mask_case_id_TCGA-CC-5261_4_1_cell_expansion_13_0_threshold_0_6.png,24745.241074247704,16841.064958407245,5.343448345672487
../binary_PNG/binary_labels_mask_case_id_TCGA-CC-A1HT_3_2_cell_expansion_13_0_threshold_0_4.png,24744.00527766054,16452.45663975588,11.282981885892557
../binary_PNG/binary_labels_mask_case_id_TCGA-BC-A69I_1_0_cell_expansion_7_0_threshold_0_6.png,24267.212333098963,13391.570775872187,1.3896461772160469
../binary_PNG/binary_labels_mask_case_id_TCGA-K7-AAU7_1_2_cell_expansion_5_0_threshold_0_4.png,24251.418440523263,13966.942711010452,1.132656174867105
../binary_PNG/binary_labels_mask_case_id_TCGA-BC-A69I_2_2_cell_expansion_5_0_threshold_0_4.png,24275.650594322433,13550.248089715236,1.2791086030173904
../binary_PNG/binary_labels_mask_case_id_TCGA-YA-A8S7_3_2_cell_expansion_3_0_threshold_0_6.png,24431.48367877326,15462.604645388425,1.2545444397267456
../binary_PNG/binary_labels_mask_case_id_TCGA-YA-A8S7_4_2_cell_expansion_15_0_threshold_0_4.png,23172.96683030024,7555.1655550506775,0.31583322426304844
../binary_PNG/binary_labels_mask_case_id_TCGA-CC-A1HT_3_3_cell_expansion_9_0_threshold_0_5.png,24712.925918571305,16452.04065740629,9.244361294892812
../binary_PNG/binary_labels_mask_case_id_TCGA-K7-AAU7_3_3_cell_expansion_7_0_threshold_0_8.png,22295.564725834272,3345.9127204795473,0.0
../binary_PNG/binary_labels_mask_case_id_TCGA-DD-AAED_0_1_cell_expansion_7_0_threshold_0_8.png,24127.840012300883,12698.578756976673,1.4641615857987649
../binary_PNG/binary_labels_mask_case_id_TCGA-G3-A5SK_4_2_cell_expansion_9_0_threshold_0_6.png,24340.8993758796,13899.051689067237,1.6877444550476728
../binary_PNG/binary_labels_mask_case_id_TCGA-CC-A3MA_3_4_cell_expansion_9_0_threshold_0_4.png,24753.65759766909,17092.708711493844,6.015065579581709
../binary_PNG/binary_labels_mask_case_id_TCGA-DD-AAED_4_0_cell_expansion_7_0_threshold_0_6.png,24583.360720493252,15899.635426070969,3.26893484966034
../binary_PNG/binary_labels_mask_case_id_TCGA-BC-A69I_0_1_cell_expansion_15_0_threshold_0_5.png,24419.53780172704,14435.444781102131,2.070202572762424
../binary_PNG/binary_labels_mask_case_id_TCGA-G3-A5SK_0_3_cell_expansion_9_0_threshold_0_8.png,23474.913427700958,9197.952571872926,0.4946372695357556
../binary_PNG/binary_labels_mask_case_id_TCGA-G3-A5SK_0_2_cell_expansion_9_0_threshold_0_4.png,24536.230753028267,15361.67780153135,1.9531747226494747
../binary_PNG/binary_labels_mask_case_id_TCGA-YA-A8S7_4_2_cell_expansion_13_0_threshold_0_7.png,22863.985375180342,5826.344884781721,0.1856995787703617
../binary_PNG/binary_labels_mask_case_id_TCGA-DD-AAED_2_0_cell_expansion_3_0_threshold_0_7.png,23834.15540774829,11229.081543200697,0.64138912494325
../binary_PNG/binary_labels_mask_case_id_TCGA-CC-A8HT_3_4_cell_expansion_7_0_threshold_0_4.png,24515.46713913065,15559.123248601076,1.8295121608604912
../binary_PNG/binary_labels_mask_case_id_TCGA-K7-AAU7_0_0_cell_expansion_1_0_threshold_0_4.png,22705.91974069917,5398.900846762341,0.08393020152237926
../binary_PNG/binary_labels_mask_case_id_TCGA-BC-A69I_3_0_cell_expansion_1_0_threshold_0_4.png,23128.5467898224,7553.07458086963,0.21572322502489644
../binary_PNG/binary_labels_mask_case_id_TCGA-YA-A8S7_4_0_cell_expansion_3_0_threshold_0_7.png,23796.1712908848,10991.534302194059,0.5546245285301136
../binary_PNG/binary_labels_mask_case_id_TCGA-G3-A5SK_4_4_cell_expansion_15_0_threshold_0_7.png,24130.94324127937,12703.885621634954,1.1989247154931824
../binary_PNG/binary_labels_mask_case_id_TCGA-G3-A7M6_2_4_cell_expansion_3_0_threshold_0_4.png,24070.09877974245,12825.09698193136,0.7585518438860538
../binary_PNG/binary_labels_mask_case_id_TCGA-BC-A69I_0_2_cell_expansion_1_0_threshold_0_7.png,22735.924107135306,5517.29952154326,0.09857040524393855
../binary_PNG/binary_labels_mask_case_id_TCGA-YA-A8S7_1_2_cell_expansion_7_0_threshold_0_5.png,24778.75097058119,17091.408105324423,5.054500828406168
../binary_PNG/binary_labels_mask_case_id_TCGA-CC-5261_1_4_cell_expansion_9_0_threshold_0_4.png,24714.127077849684,16623.617971293766,3.5627344819705487
../binary_PNG/binary_labels_mask_case_id_TCGA-CC-A8HT_4_3_cell_expansion_15_0_threshold_0_8.png,23029.179114276085,6563.325212313525,0.25420932138278557
../binary_PNG/binary_labels_mask_case_id_TCGA-CC-A8HT_1_3_cell_expansion_3_0_threshold_0_5.png,24047.226535934333,12697.11007378708,0.7965934864045259
../binary_PNG/binary_labels_mask_case_id_TCGA-BC-A69I_3_0_cell_expansion_3_0_threshold_0_5.png,23599.708279525068,9899.460855329158,0.466674164724973
../binary_PNG/binary_labels_mask_case_id_TCGA-DD-AAED_2_0_cell_expansion_1_0_threshold_0_6.png,23428.827804201224,9208.464450438189,0.33237578836523807
../binary_PNG/binary_labels_mask_case_id_TCGA-CC-A8HT_1_4_cell_expansion_7_0_threshold_0_5.png,24708.84599990433,16442.579624800856,3.295628596344914
../binary_PNG/binary_labels_mask_case_id_TCGA-K7-AAU7_2_0_cell_expansion_1_0_threshold_0_5.png,22422.204284670337,3934.056111690499,0.021636684717561458
../binary_PNG/binary_labels_mask_case_id_TCGA-CC-5261_4_2_cell_expansion_13_0_threshold_0_7.png,24723.651751493908,16630.7974618959,3.4158787250886986
../binary_PNG/binary_labels_mask_case_id_TCGA-G3-A7M6_2_0_cell_expansion_9_0_threshold_0_4.png,24794.214118346288,17414.484697371838,4.600328612123351
../binary_PNG/binary_labels_mask_case_id_TCGA-G3-A7M6_1_3_cell_expansion_13_0_threshold_0_6.png,24562.012067851465,15524.36357572982,2.2518520759239493
../binary_PNG/binary_labels_mask_case_id_TCGA-CC-5261_2_2_cell_expansion_1_0_threshold_0_6.png,23774.956400391166,11138.747769366491,0.4782851960045232
../binary_PNG/binary_labels_mask_case_id_TCGA-CC-A8HT_4_4_cell_expansion_15_0_threshold_0_8.png,22857.97599829837,5868.171378034764,0.18366378971116765
../binary_PNG/binary_labels_mask_case_id_TCGA-CC-A1HT_0_0_cell_expansion_15_0_threshold_0_4.png,24412.992997167807,15053.75716171616,1.5668573337514828
../binary_PNG/binary_labels_mask_case_id_TCGA-G3-A5SK_2_1_cell_expansion_7_0_threshold_0_5.png,24739.287866054183,16821.446392082104,3.2802252426595024
../binary_PNG/binary_labels_mask_case_id_TCGA-DD-AAED_4_1_cell_expansion_11_0_threshold_0_7.png,24604.791341608263,15523.169195826953,4.859735429258626
../binary_PNG/binary_labels_mask_case_id_TCGA-G3-A5SK_1_4_cell_expansion_3_0_threshold_0_6.png,23965.0311657146,12155.992048189846,0.6581187678702676
../binary_PNG/binary_labels_mask_case_id_TCGA-G3-A7M6_2_2_cell_expansion_15_0_threshold_0_7.png,24260.309130151327,13632.400465448984,1.5254800988221158
../binary_PNG/binary_labels_mask_case_id_TCGA-CC-5261_3_0_cell_expansion_1_0_threshold_0_4.png,23569.72920915195,9993.36472194647,0.3638953759361272
../binary_PNG/binary_labels_mask_case_id_TCGA-CC-A1HT_2_4_cell_expansion_5_0_threshold_0_8.png,23670.9069637331,9897.330805344154,0.642308459478859
../binary_PNG/binary_labels_mask_case_id_TCGA-BC-A69I_1_0_cell_expansion_13_0_threshold_0_8.png,23566.002034549165,9403.290030244136,0.5928301072600047
../binary_PNG/binary_labels_mask_case_id_TCGA-CC-A1HT_0_4_cell_expansion_15_0_threshold_0_5.png,24704.12169952814,16813.663079847513,2.744954526917479
../binary_PNG/binary_labels_mask_case_id_TCGA-CC-5261_4_3_cell_expansion_11_0_threshold_0_8.png,23615.341715714385,9743.950892370074,0.5914297026243339
../binary_PNG/binary_labels_mask_case_id_TCGA-G3-A5SK_3_4_cell_expansion_7_0_threshold_0_5.png,24932.758057245097,18647.993545757923,6.868582547522826
../binary_PNG/binary_labels_mask_case_id_TCGA-DD-AAED_0_3_cell_expansion_9_0_threshold_0_4.png,24735.89837701437,16722.97614016055,4.695944171766749
../binary_PNG/binary_labels_mask_case_id_TCGA-BC-A69I_0_0_cell_expansion_9_0_threshold_0_8.png,23354.88457094665,8441.611138118806,0.45669023757046445
../binary_PNG/binary_labels_mask_case_id_TCGA-CC-A1HT_0_2_cell_expansion_7_0_threshold_0_6.png,23744.221040243134,10682.690758520144,0.5909522434520498
../binary_PNG/binary_labels_mask_case_id_TCGA-YA-A8S7_4_4_cell_expansion_11_0_threshold_0_8.png,22295.564725834272,3345.9127204795473,0.0
../binary_PNG/binary_labels_mask_case_id_TCGA-G3-A7M6_3_4_cell_expansion_9_0_threshold_0_8.png,23922.671372752622,11532.539742812798,0.9779954420757219
../binary_PNG/binary_labels_mask_case_id_TCGA-G3-A7M6_0_0_cell_expansion_15_0_threshold_0_4.png,24724.08436315232,16706.439587405748,2.7244426150105054
../binary_PNG/binary_labels_mask_case_id_TCGA-BC-A69I_3_3_cell_expansion_13_0_threshold_0_5.png,24641.229877613998,15721.502822831624,2.9746633168662218
../binary_PNG/binary_labels_mask_case_id_TCGA-G3-A7M6_0_0_cell_expansion_5_0_threshold_0_8.png,23463.186763718968,9051.064023261531,0.415744987554897
../binary_PNG/binary_labels_mask_case_id_TCGA-K7-AAU7_1_1_cell_expansion_13_0_threshold_0_6.png,23915.2037272021,11770.114349207888,0.7127972765050097
../binary_PNG/binary_labels_mask_case_id_TCGA-YA-A8S7_2_2_cell_expansion_7_0_threshold_0_6.png,24416.56024639713,14245.531539668456,1.8509692218497138
../binary_PNG/binary_labels_mask_case_id_TCGA-K7-AAU7_2_4_cell_expansion_7_0_threshold_0_8.png,22789.484441115404,5506.806537978858,0.15329822272333204
../binary_PNG/binary_labels_mask_case_id_TCGA-DD-AAED_0_4_cell_expansion_11_0_threshold_0_4.png,24685.752665298216,16178.77268226443,4.4544100616279545
../binary_PNG/binary_labels_mask_case_id_TCGA-BC-A69I_2_0_cell_expansion_3_0_threshold_0_7.png,23445.510071760003,8875.135493281223,0.3680945730501495
../binary_PNG/binary_labels_mask_case_id_TCGA-CC-A1HT_2_4_cell_expansion_9_0_threshold_0_5.png,24793.12514945353,16979.48094456007,9.902515404131933
../binary_PNG/binary_labels_mask_case_id_TCGA-BC-A69I_4_3_cell_expansion_15_0_threshold_0_6.png,24148.903576175566,12682.846715823227,1.0754951144050762
../binary_PNG/binary_labels_mask_case_id_TCGA-DD-AAED_1_0_cell_expansion_3_0_threshold_0_4.png,23833.269750906602,11336.173043994284,0.628567447910839
../binary_PNG/binary_labels_mask_case_id_TCGA-DD-AAED_0_2_cell_expansion_1_0_threshold_0_7.png,23475.880997660257,9545.672794159937,0.34190341762446635
../binary_PNG/binary_labels_mask_case_id_TCGA-BC-A69I_1_3_cell_expansion_3_0_threshold_0_8.png,22899.959740516068,6247.21602621925,0.16318869996802401
../binary_PNG/binary_labels_mask_case_id_TCGA-K7-AAU7_0_2_cell_expansion_13_0_threshold_0_7.png,22566.967262007067,4598.780745761891,0.06699587901635207
../binary_PNG/binary_labels_mask_case_id_TCGA-CC-A3MA_0_4_cell_expansion_9_0_threshold_0_7.png,23603.518303070443,9783.609987923308,0.5688799260753578
../binary_PNG/binary_labels_mask_case_id_TCGA-K7-AAU7_0_4_cell_expansion_5_0_threshold_0_8.png,22295.564725834272,3345.9127204795473,0.0
../binary_PNG/binary_labels_mask_case_id_TCGA-CC-A8HT_3_0_cell_expansion_3_0_threshold_0_8.png,22912.35510091501,6407.603743500469,0.172056680477446
../binary_PNG/binary_labels_mask_case_id_TCGA-BC-A69I_4_0_cell_expansion_5_0_threshold_0_7.png,23729.349034923267,10406.199220278892,0.6346627751696794
../binary_PNG/binary_labels_mask_case_id_TCGA-K7-AAU7_1_1_cell_expansion_11_0_threshold_0_7.png,22849.956657911243,5877.4010749719155,0.145631412160523
../binary_PNG/binary_labels_mask_case_id_TCGA-G3-A5SK_2_0_cell_expansion_15_0_threshold_0_6.png,24568.559386925303,15797.259414207341,2.4840415427975753
../binary_PNG/binary_labels_mask_case_id_TCGA-K7-AAU7_2_4_cell_expansion_13_0_threshold_0_5.png,23776.884985554247,10693.86757337016,0.7535101210172283
../binary_PNG/binary_labels_mask_case_id_TCGA-CC-A8HT_2_4_cell_expansion_7_0_threshold_0_6.png,24427.791818262598,14710.787988537631,1.8625895985149075
../binary_PNG/binary_labels_mask_case_id_TCGA-G3-A7M6_4_0_cell_expansion_1_0_threshold_0_8.png,22382.305789405724,3782.937297311864,0.016205237532770592
../binary_PNG/binary_labels_mask_case_id_TCGA-G3-A7M6_4_1_cell_expansion_15_0_threshold_0_6.png,24335.7965535988,13968.885448642126,1.5004253207627418
../binary_PNG/binary_labels_mask_case_id_TCGA-CC-A1HT_4_4_cell_expansion_9_0_threshold_0_6.png,24169.70472951502,13117.060594362698,1.3808539632787147
../binary_PNG/binary_labels_mask_case_id_TCGA-CC-5261_3_3_cell_expansion_11_0_threshold_0_8.png,24128.593812368734,12442.05095452775,1.310973551273946
../binary_PNG/binary_labels_mask_case_id_TCGA-K7-AAU7_2_0_cell_expansion_13_0_threshold_0_4.png,22845.652113663822,5960.075724386224,0.15068412316404356
../binary_PNG/binary_labels_mask_case_id_TCGA-CC-A8HT_0_4_cell_expansion_13_0_threshold_0_7.png,24115.944768442285,12692.232184420507,1.284632732774396
../binary_PNG/binary_labels_mask_case_id_TCGA-G3-A7M6_4_1_cell_expansion_7_0_threshold_0_7.png,24224.570262154437,13108.159424530402,1.2574001595926587
../binary_PNG/binary_labels_mask_case_id_TCGA-DD-AAED_0_2_cell_expansion_5_0_threshold_0_5.png,24533.499925928158,15637.928833672957,2.404076434658748
../binary_PNG/binary_labels_mask_case_id_TCGA-CC-A8HT_4_3_cell_expansion_1_0_threshold_0_4.png,23366.995744700267,8902.718299167493,0.2863541219422772
../binary_PNG/binary_labels_mask_case_id_TCGA-CC-5261_2_3_cell_expansion_9_0_threshold_0_5.png,24789.014544355992,17053.511799438842,5.506699656088161
../binary_PNG/binary_labels_mask_case_id_TCGA-G3-A5SK_2_0_cell_expansion_11_0_threshold_0_4.png,24612.425248386367,16180.4412800955,2.6580922174874657
../binary_PNG/binary_labels_mask_case_id_TCGA-BC-A69I_4_0_cell_expansion_1_0_threshold_0_5.png,23381.32931580741,8844.076018786567,0.3091225292956396
../binary_PNG/binary_labels_mask_case_id_TCGA-DD-AAED_0_0_cell_expansion_11_0_threshold_0_5.png,24767.25246387325,16910.358533393635,6.0538259746675545
../binary_PNG/binary_labels_mask_case_id_TCGA-CC-A8HT_2_3_cell_expansion_7_0_threshold_0_4.png,24587.6339400996,16048.565283148404,2.378794209931181
../binary_PNG/binary_labels_mask_case_id_TCGA-CC-A3MA_3_2_cell_expansion_13_0_threshold_0_7.png,24392.753240074468,14196.272914409115,2.0365146488733084
../binary_PNG/binary_labels_mask_case_id_TCGA-YA-A8S7_3_4_cell_expansion_11_0_threshold_0_8.png,22295.564725834272,3345.9127204795473,0.0
../binary_PNG/binary_labels_mask_case_id_TCGA-CC-A8HT_3_1_cell_expansion_13_0_threshold_0_4.png,24422.62478789078,14558.779355731724,1.678643584970275
../binary_PNG/binary_labels_mask_case_id_TCGA-CC-A3MA_3_1_cell_expansion_15_0_threshold_0_5.png,24847.78572909308,17955.879848426124,5.153007444047078
../binary_PNG/binary_labels_mask_case_id_TCGA-BC-A69I_4_0_cell_expansion_15_0_threshold_0_7.png,24169.0179839001,12629.564379060552,1.5594399644220165
../binary_PNG/binary_labels_mask_case_id_TCGA-CC-A3MA_4_0_cell_expansion_1_0_threshold_0_4.png,24070.098843446583,12878.594322994852,0.6320121984346309
../binary_PNG/binary_labels_mask_case_id_TCGA-CC-A8HT_0_3_cell_expansion_11_0_threshold_0_6.png,24500.473263362182,15036.083672613398,2.70002312510353
../binary_PNG/binary_labels_mask_case_id_TCGA-CC-A1HT_3_3_cell_expansion_5_0_threshold_0_8.png,24024.82111650516,11880.65679766282,1.1285175687380058
../binary_PNG/binary_labels_mask_case_id_TCGA-CC-5261_0_4_cell_expansion_11_0_threshold_0_4.png,24766.42155807184,17245.752896036207,3.3918745783603343
../binary_PNG/binary_labels_mask_case_id_TCGA-K7-AAU7_1_2_cell_expansion_13_0_threshold_0_7.png,23183.17348317257,7596.470467135528,0.28378728805462927
../binary_PNG/binary_labels_mask_case_id_TCGA-CC-5261_3_1_cell_expansion_13_0_threshold_0_6.png,24796.24022300614,17203.945254336333,6.274824175859612
../binary_PNG/binary_labels_mask_case_id_TCGA-DD-AAED_3_2_cell_expansion_13_0_threshold_0_7.png,24714.89168497039,16309.542509851535,7.1866348932718145
../binary_PNG/binary_labels_mask_case_id_TCGA-CC-5261_1_2_cell_expansion_7_0_threshold_0_6.png,24474.597814798482,14952.034746443718,2.4640323063576273
../binary_PNG/binary_labels_mask_case_id_TCGA-CC-A3MA_0_4_cell_expansion_15_0_threshold_0_6.png,24222.83034319063,13579.610254211024,1.2650283002744573
../binary_PNG/binary_labels_mask_case_id_TCGA-CC-A8HT_1_2_cell_expansion_9_0_threshold_0_7.png,23934.027711868115,11793.65953023249,0.9005562655483508
../binary_PNG/binary_labels_mask_case_id_TCGA-K7-AAU7_0_1_cell_expansion_9_0_threshold_0_7.png,22677.92919578608,5190.89114957699,0.1033250234979253
../binary_PNG/binary_labels_mask_case_id_TCGA-CC-A3MA_2_3_cell_expansion_11_0_threshold_0_8.png,23515.396051978627,9106.284567010107,0.6200325296072494
../binary_PNG/binary_labels_mask_case_id_TCGA-G3-A7M6_4_2_cell_expansion_13_0_threshold_0_4.png,24704.04969968081,17535.514959440643,2.838607051461899
../binary_PNG/binary_labels_mask_case_id_TCGA-K7-AAU7_3_0_cell_expansion_13_0_threshold_0_4.png,24463.11673719496,15092.100966951719,1.4765387386164326
../binary_PNG/binary_labels_mask_case_id_TCGA-CC-A8HT_1_0_cell_expansion_15_0_threshold_0_5.png,24710.09217509096,16655.903535315272,3.9234616937463853
../binary_PNG/binary_labels_mask_case_id_TCGA-CC-A3MA_3_4_cell_expansion_7_0_threshold_0_8.png,23783.918492497596,10755.137310744894,0.8732852114459567
../binary_PNG/binary_labels_mask_case_id_TCGA-K7-AAU7_0_1_cell_expansion_15_0_threshold_0_5.png,23362.11887321573,8643.239249377464,0.37166863339837897
../binary_PNG/binary_labels_mask_case_id_TCGA-G3-A5SK_0_4_cell_expansion_1_0_threshold_0_5.png,23037.01985378209,7089.671517615489,0.17398049035345978
../binary_PNG/binary_labels_mask_case_id_TCGA-CC-5261_0_0_cell_expansion_1_0_threshold_0_7.png,23425.742663950707,9323.95997679339,0.32674972866049906
../binary_PNG/binary_labels_mask_case_id_TCGA-CC-A8HT_4_0_cell_expansion_9_0_threshold_0_7.png,24254.11226755239,13311.893672071423,1.5312296638048264
../binary_PNG/binary_labels_mask_case_id_TCGA-K7-AAU7_1_2_cell_expansion_15_0_threshold_0_4.png,24331.907025742406,14405.337214629708,1.3016519867580052
../binary_PNG/binary_labels_mask_case_id_TCGA-G3-A5SK_1_1_cell_expansion_7_0_threshold_0_6.png,24275.55084668731,13461.582651796347,1.3229012325975777
../binary_PNG/binary_labels_mask_case_id_TCGA-G3-A7M6_4_3_cell_expansion_13_0_threshold_0_6.png,24371.334366821,14325.653349576794,1.7299087019750061
../binary_PNG/binary_labels_mask_case_id_TCGA-K7-AAU7_0_4_cell_expansion_11_0_threshold_0_4.png,24375.559221272182,14644.5830276938,1.2414351513996162
../binary_PNG/binary_labels_mask_case_id_TCGA-G3-A5SK_1_1_cell_expansion_3_0_threshold_0_8.png,23039.935090311967,6950.1427804045115,0.19406356683515494
../binary_PNG/binary_labels_mask_case_id_TCGA-CC-A8HT_1_3_cell_expansion_9_0_threshold_0_7.png,24210.05649778843,13375.5269436651,1.5726187638908053
../binary_PNG/binary_labels_mask_case_id_TCGA-CC-5261_1_4_cell_expansion_3_0_threshold_0_6.png,24038.95590561691,12622.494239461963,0.7866755049965074
../binary_PNG/binary_labels_mask_case_id_TCGA-CC-5261_3_4_cell_expansion_11_0_threshold_0_4.png,24783.10731693876,17017.651518741404,5.512984111149873
../binary_PNG/binary_labels_mask_case_id_TCGA-K7-AAU7_2_2_cell_expansion_13_0_threshold_0_7.png,23013.300664918424,6833.033808996981,0.25329854267869534
../binary_PNG/binary_labels_mask_case_id_TCGA-K7-AAU7_0_0_cell_expansion_15_0_threshold_0_7.png,22674.80997031999,5050.0321988251535,0.09840300519382646
../binary_PNG/binary_labels_mask_case_id_TCGA-G3-A5SK_0_4_cell_expansion_13_0_threshold_0_4.png,24307.19367557769,13822.254008648191,1.5201370377678853
../binary_PNG/binary_labels_mask_case_id_TCGA-DD-AAED_1_2_cell_expansion_9_0_threshold_0_6.png,24660.123978818046,16114.423292117246,4.033756902995481
../binary_PNG/binary_labels_mask_case_id_TCGA-YA-A8S7_3_3_cell_expansion_11_0_threshold_0_4.png,22767.252165428017,5574.291434660806,0.12082585749756339
../binary_PNG/binary_labels_mask_case_id_TCGA-CC-A3MA_4_1_cell_expansion_1_0_threshold_0_4.png,24082.946679028457,12960.43580470359,0.6655799067542276
../binary_PNG/binary_labels_mask_case_id_TCGA-CC-A3MA_1_4_cell_expansion_1_0_threshold_0_6.png,23954.13816648771,12219.895417215528,0.6426169707736891
../binary_PNG/binary_labels_mask_case_id_TCGA-CC-5261_4_1_cell_expansion_1_0_threshold_0_5.png,24004.540667416983,12616.735259537612,0.608137478463746
../binary_PNG/binary_labels_mask_case_id_TCGA-YA-A8S7_1_0_cell_expansion_13_0_threshold_0_8.png,23099.653166752734,7219.458079531579,0.3257656213002492
../binary_PNG/binary_labels_mask_case_id_TCGA-CC-5261_0_4_cell_expansion_11_0_threshold_0_8.png,23242.958990237043,8074.30016117477,0.3735048981458062
../binary_PNG/binary_labels_mask_case_id_TCGA-DD-AAED_0_2_cell_expansion_11_0_threshold_0_6.png,24611.675572262466,15971.920499156287,4.47642906386243
../binary_PNG/binary_labels_mask_case_id_TCGA-CC-A3MA_2_2_cell_expansion_15_0_threshold_0_8.png,24171.507343156612,12580.215507905898,1.7117425547418093
../binary_PNG/binary_labels_mask_case_id_TCGA-BC-A69I_4_1_cell_expansion_15_0_threshold_0_5.png,24058.411615373418,11911.543018569231,1.4113777114602284
../binary_PNG/binary_labels_mask_case_id_TCGA-G3-A7M6_0_3_cell_expansion_9_0_threshold_0_5.png,24560.829270751183,15387.137750770058,2.3023466733761846
../binary_PNG/binary_labels_mask_case_id_TCGA-CC-A8HT_1_1_cell_expansion_11_0_threshold_0_5.png,24763.542772700293,17026.546665195558,3.9534784857170404
../binary_PNG/binary_labels_mask_case_id_TCGA-G3-A7M6_4_3_cell_expansion_15_0_threshold_0_5.png,24418.09309649175,14635.346658183496,1.8461337144927827
../binary_PNG/binary_labels_mask_case_id_TCGA-CC-A1HT_4_0_cell_expansion_7_0_threshold_0_8.png,23061.868427934478,6989.023765560793,0.28642229106398487
../binary_PNG/binary_labels_mask_case_id_TCGA-G3-A5SK_0_4_cell_expansion_3_0_threshold_0_8.png,22977.52957510369,6561.713258559056,0.18266788394681288
../binary_PNG/binary_labels_mask_case_id_TCGA-CC-5261_2_3_cell_expansion_11_0_threshold_0_4.png,24829.212605321,17470.687764602648,6.71917553109698
../binary_PNG/binary_labels_mask_case_id_TCGA-CC-A3MA_1_3_cell_expansion_1_0_threshold_0_4.png,24360.559596477604,14826.072137480696,0.9390868216442086
../binary_PNG/binary_labels_mask_case_id_TCGA-CC-5261_3_0_cell_expansion_11_0_threshold_0_5.png,24624.255850007507,15960.961220233115,3.009301755992631
../binary_PNG/binary_labels_mask_case_id_TCGA-CC-5261_0_1_cell_expansion_15_0_threshold_0_5.png,24682.075319188563,16354.333189646664,4.144032724760413
../binary_PNG/binary_labels_mask_case_id_TCGA-CC-A3MA_3_4_cell_expansion_7_0_threshold_0_4.png,24735.246360868296,16998.819403691497,5.267249497870639
../binary_PNG/binary_labels_mask_case_id_TCGA-DD-AAED_4_0_cell_expansion_9_0_threshold_0_6.png,24619.921507160518,16064.30920790479,3.8902174148657145
../binary_PNG/binary_labels_mask_case_id_TCGA-CC-5261_4_1_cell_expansion_5_0_threshold_0_7.png,24304.71401465777,13930.614973611291,1.4133097707893632
../binary_PNG/binary_labels_mask_case_id_TCGA-CC-A1HT_4_1_cell_expansion_11_0_threshold_0_8.png,23998.75667581582,11563.051965218436,1.270751053698676
../binary_PNG/binary_labels_mask_case_id_TCGA-BC-A69I_3_3_cell_expansion_3_0_threshold_0_5.png,23965.243309942853,11926.783852727442,0.6649726674730753
../binary_PNG/binary_labels_mask_case_id_TCGA-G3-A7M6_4_0_cell_expansion_13_0_threshold_0_7.png,24043.08669821766,12692.756694344054,1.0181909531565971
../binary_PNG/binary_labels_mask_case_id_TCGA-CC-A8HT_0_1_cell_expansion_15_0_threshold_0_7.png,24290.850631210124,13593.486537092569,1.6024243135927572
../binary_PNG/binary_labels_mask_case_id_TCGA-DD-AAED_1_1_cell_expansion_1_0_threshold_0_5.png,23555.977347437518,9885.901449013343,0.36500593256180786
../binary_PNG/binary_labels_mask_case_id_TCGA-YA-A8S7_3_0_cell_expansion_13_0_threshold_0_4.png,24809.452821499282,17639.526520332864,3.8518210286988976
../binary_PNG/binary_labels_mask_case_id_TCGA-K7-AAU7_3_1_cell_expansion_3_0_threshold_0_6.png,23277.468405703272,8331.561885779267,0.275133107283484
../binary_PNG/binary_labels_mask_case_id_TCGA-CC-A1HT_0_4_cell_expansion_9_0_threshold_0_8.png,22592.376895685957,4765.090005344515,0.08596490890718426
../binary_PNG/binary_labels_mask_case_id_TCGA-CC-A3MA_0_2_cell_expansion_15_0_threshold_0_4.png,24960.801986911312,18865.33226844196,21.7759459677745
../binary_PNG/binary_labels_mask_case_id_TCGA-G3-A7M6_3_2_cell_expansion_7_0_threshold_0_6.png,24532.0497628646,15298.682155658982,2.009144965127057
../binary_PNG/binary_labels_mask_case_id_TCGA-K7-AAU7_4_3_cell_expansion_5_0_threshold_0_4.png,24660.450081093946,16748.013547754283,2.0330402631182958
../binary_PNG/binary_labels_mask_case_id_TCGA-BC-A69I_1_4_cell_expansion_7_0_threshold_0_4.png,24252.705322688522,13705.852405213327,1.4232339907898166
../binary_PNG/binary_labels_mask_case_id_TCGA-G3-A5SK_0_0_cell_expansion_9_0_threshold_0_8.png,23523.07684697232,9441.606929552489,0.501710055981202
../binary_PNG/binary_labels_mask_case_id_TCGA-CC-A8HT_1_0_cell_expansion_1_0_threshold_0_4.png,23779.705458438228,11183.646096111033,0.42314165533286063
../binary_PNG/binary_labels_mask_case_id_TCGA-CC-A1HT_4_0_cell_expansion_15_0_threshold_0_4.png,24712.450593724894,16788.476323981115,3.2417685794920037
../binary_PNG/binary_labels_mask_case_id_TCGA-DD-AAED_3_1_cell_expansion_1_0_threshold_0_4.png,23678.878097457662,10684.299330041436,0.4328545340565292
../binary_PNG/binary_labels_mask_case_id_TCGA-DD-AAED_3_4_cell_expansion_13_0_threshold_0_5.png,24672.687021075697,16568.403532819142,3.6703594125765475
../binary_PNG/binary_labels_mask_case_id_TCGA-CC-A8HT_4_2_cell_expansion_5_0_threshold_0_6.png,24189.83118855565,13059.47392019285,1.1609482101326836
../binary_PNG/binary_labels_mask_case_id_TCGA-DD-AAED_0_3_cell_expansion_1_0_threshold_0_7.png,23393.957831674987,9051.38047720119,0.30189628706300564
../binary_PNG/binary_labels_mask_case_id_TCGA-K7-AAU7_0_3_cell_expansion_15_0_threshold_0_6.png,24026.66611737692,12380.705570072938,0.8465625777068146
../binary_PNG/binary_labels_mask_case_id_TCGA-CC-A8HT_3_1_cell_expansion_3_0_threshold_0_8.png,22708.31538210961,5332.578560700008,0.10386597988487224
../binary_PNG/binary_labels_mask_case_id_TCGA-K7-AAU7_1_1_cell_expansion_5_0_threshold_0_4.png,24497.61888719417,15622.666479149426,1.3853782200269118
../binary_PNG/binary_labels_mask_case_id_TCGA-CC-A3MA_2_4_cell_expansion_13_0_threshold_0_5.png,24856.105984281567,17714.8289883551,9.534341627871141
../binary_PNG/binary_labels_mask_case_id_TCGA-K7-AAU7_4_4_cell_expansion_5_0_threshold_0_6.png,23802.3725349463,11064.964404859757,0.6731125545103922
../binary_PNG/binary_labels_mask_case_id_TCGA-DD-AAED_2_2_cell_expansion_5_0_threshold_0_8.png,23510.91687954876,9465.89123375637,0.5195169345686121
../binary_PNG/binary_labels_mask_case_id_TCGA-CC-A8HT_2_4_cell_expansion_3_0_threshold_0_8.png,22475.310293434828,4165.711480380316,0.03879161490368632
../binary_PNG/binary_labels_mask_case_id_TCGA-CC-5261_2_0_cell_expansion_13_0_threshold_0_4.png,24768.33186489018,17068.846195261725,6.683024630474856
../binary_PNG/binary_labels_mask_case_id_TCGA-K7-AAU7_0_3_cell_expansion_13_0_threshold_0_5.png,24244.4980822407,13854.263325953838,1.1188645721778323
../binary_PNG/binary_labels_mask_case_id_TCGA-BC-A69I_1_3_cell_expansion_5_0_threshold_0_7.png,23862.350358217842,11184.24106778434,0.8026644854965487
../binary_PNG/binary_labels_mask_case_id_TCGA-K7-AAU7_3_1_cell_expansion_7_0_threshold_0_4.png,24243.76117663354,14025.495008178565,1.2218384945038863
../binary_PNG/binary_labels_mask_case_id_TCGA-K7-AAU7_1_1_cell_expansion_7_0_threshold_0_5.png,24402.107367787692,14819.966541870683,1.1886799025067079
../binary_PNG/binary_labels_mask_case_id_TCGA-BC-A69I_1_4_cell_expansion_3_0_threshold_0_6.png,23546.20498162626,9797.00259763986,0.43930661250121056
../binary_PNG/binary_labels_mask_case_id_TCGA-K7-AAU7_4_3_cell_expansion_3_0_threshold_0_7.png,23211.758295920077,8056.298616928341,0.2654815912695098
../binary_PNG/binary_labels_mask_case_id_TCGA-DD-AAED_4_4_cell_expansion_7_0_threshold_0_4.png,24888.766756600453,18047.825729845263,7.421884916042617
../binary_PNG/binary_labels_mask_case_id_TCGA-CC-A1HT_1_1_cell_expansion_3_0_threshold_0_4.png,24003.839949471738,12510.52724969752,0.6857204128813975
../binary_PNG/binary_labels_mask_case_id_TCGA-YA-A8S7_2_3_cell_expansion_9_0_threshold_0_8.png,22749.127192643722,5358.1680796038,0.1287775355896748
../binary_PNG/binary_labels_mask_case_id_TCGA-CC-5261_1_1_cell_expansion_1_0_threshold_0_7.png,22937.971582354457,6581.856701160421,0.14666634772425258
../binary_PNG/binary_labels_mask_case_id_TCGA-G3-A7M6_1_2_cell_expansion_15_0_threshold_0_5.png,24924.151255015604,18989.5447315317,4.0975871883866475
../binary_PNG/binary_labels_mask_case_id_TCGA-BC-A69I_1_4_cell_expansion_11_0_threshold_0_6.png,24268.39846739524,13695.350404222976,1.565458101091593
../binary_PNG/binary_labels_mask_case_id_TCGA-CC-A3MA_4_3_cell_expansion_5_0_threshold_0_4.png,24796.67524834661,17477.640761262726,4.260857499976681
../binary_PNG/binary_labels_mask_case_id_TCGA-G3-A5SK_1_2_cell_expansion_7_0_threshold_0_4.png,24510.943561375498,15267.046705080633,1.919520505842266
../binary_PNG/binary_labels_mask_case_id_TCGA-CC-5261_4_3_cell_expansion_7_0_threshold_0_4.png,24876.948462395518,18163.017476984664,5.1739775671509625
../binary_PNG/binary_labels_mask_case_id_TCGA-G3-A7M6_0_0_cell_expansion_11_0_threshold_0_8.png,23715.558130372578,10304.434560399273,0.6359583930872983
../binary_PNG/binary_labels_mask_case_id_TCGA-CC-A3MA_0_3_cell_expansion_1_0_threshold_0_4.png,24244.717227563244,13902.174509970944,0.9176295885771989
../binary_PNG/binary_labels_mask_case_id_TCGA-CC-5261_1_1_cell_expansion_3_0_threshold_0_6.png,23484.856259174747,9530.81938756165,0.4017337192402644
../binary_PNG/binary_labels_mask_case_id_TCGA-CC-5261_4_2_cell_expansion_11_0_threshold_0_8.png,24247.189311527007,13229.753940991863,1.3919082036089188
../binary_PNG/binary_labels_mask_case_id_TCGA-CC-A1HT_1_3_cell_expansion_13_0_threshold_0_8.png,24321.402892453807,13169.975611475691,2.8737911589763314
../binary_PNG/binary_labels_mask_case_id_TCGA-CC-A1HT_0_3_cell_expansion_5_0_threshold_0_5.png,24514.033906515724,15376.579810446296,2.03479725781165
../binary_PNG/binary_labels_mask_case_id_TCGA-CC-A3MA_2_3_cell_expansion_5_0_threshold_0_7.png,24411.965106511925,14550.371001080432,1.846598083121845
../binary_PNG/binary_labels_mask_case_id_TCGA-CC-5261_3_1_cell_expansion_5_0_threshold_0_4.png,24781.365990025304,17287.81901792346,3.9298933387527124
../binary_PNG/binary_labels_mask_case_id_TCGA-G3-A5SK_0_0_cell_expansion_1_0_threshold_0_5.png,23300.49308836528,8640.00116528137,0.2608403575504419
../binary_PNG/binary_labels_mask_case_id_TCGA-G3-A5SK_1_2_cell_expansion_3_0_threshold_0_6.png,23711.158691890934,10718.19152212085,0.49015023012740233
../binary_PNG/binary_labels_mask_case_id_TCGA-CC-A1HT_2_3_cell_expansion_13_0_threshold_0_4.png,24422.141018909067,14871.462162895126,1.9370794064920305
../binary_PNG/binary_labels_mask_case_id_TCGA-CC-A1HT_3_1_cell_expansion_7_0_threshold_0_7.png,23172.95273909039,7627.9209710495825,0.3052234324322135
../binary_PNG/binary_labels_mask_case_id_TCGA-CC-A8HT_2_3_cell_expansion_9_0_threshold_0_6.png,24466.98380809484,15003.631372997048,2.076844603256867
../binary_PNG/binary_labels_mask_case_id_TCGA-CC-A3MA_4_3_cell_expansion_3_0_threshold_0_7.png,23851.535784805048,11341.355325950986,0.6232467914655899
../binary_PNG/binary_labels_mask_case_id_TCGA-BC-A69I_0_0_cell_expansion_9_0_threshold_0_6.png,24156.62308552882,12836.753222609785,1.3014945901338713
../binary_PNG/binary_labels_mask_case_id_TCGA-CC-A3MA_3_1_cell_expansion_5_0_threshold_0_5.png,24774.764052906932,17518.93550311106,3.337266745642111
../binary_PNG/binary_labels_mask_case_id_TCGA-BC-A69I_1_0_cell_expansion_7_0_threshold_0_8.png,23439.783412903253,8772.144091552087,0.4866556895448838
../binary_PNG/binary_labels_mask_case_id_TCGA-CC-5261_0_0_cell_expansion_9_0_threshold_0_6.png,24707.24462398012,16577.952372425232,4.58152101400934
../binary_PNG/binary_labels_mask_case_id_TCGA-CC-A1HT_2_4_cell_expansion_13_0_threshold_0_4.png,24812.126584938414,17187.394176744303,11.257488413537551
../binary_PNG/binary_labels_mask_case_id_TCGA-CC-A8HT_4_3_cell_expansion_13_0_threshold_0_5.png,24423.503536055992,14536.330961023074,1.8951151435042894
../binary_PNG/binary_labels_mask_case_id_TCGA-DD-AAED_4_1_cell_expansion_3_0_threshold_0_6.png,24229.82447164255,13523.329513087949,1.0514516995828904
../binary_PNG/binary_labels_mask_case_id_TCGA-K7-AAU7_0_1_cell_expansion_5_0_threshold_0_4.png,23257.013404527184,8240.886908401262,0.3255333300126868
../binary_PNG/binary_labels_mask_case_id_TCGA-DD-AAED_3_3_cell_expansion_5_0_threshold_0_4.png,24819.214871122746,17497.669715214462,4.186356993234019
../binary_PNG/binary_labels_mask_case_id_TCGA-CC-5261_3_2_cell_expansion_9_0_threshold_0_5.png,24680.53668831628,16318.869968427029,4.472047613164837
../binary_PNG/binary_labels_mask_case_id_TCGA-CC-A1HT_0_0_cell_expansion_9_0_threshold_0_4.png,24411.273162233407,15051.643941531023,1.566801918446699
../binary_PNG/binary_labels_mask_case_id_TCGA-G3-A7M6_0_2_cell_expansion_3_0_threshold_0_5.png,23950.743115360536,12003.91221300692,0.6467680455510604
../binary_PNG/binary_labels_mask_case_id_TCGA-BC-A69I_0_0_cell_expansion_15_0_threshold_0_5.png,24278.84459570742,13569.313224045149,1.6199032993949543
../binary_PNG/binary_labels_mask_case_id_TCGA-DD-AAED_4_1_cell_expansion_1_0_threshold_0_7.png,23456.322888869203,9327.819759685934,0.3488635724971032
../binary_PNG/binary_labels_mask_case_id_TCGA-BC-A69I_0_4_cell_expansion_3_0_threshold_0_6.png,23841.24128625072,11303.452765661785,0.6008544943155365
../binary_PNG/binary_labels_mask_case_id_TCGA-CC-A1HT_0_1_cell_expansion_9_0_threshold_0_8.png,22932.39053314606,6115.450099491459,0.18790862132158645
../binary_PNG/binary_labels_mask_case_id_TCGA-K7-AAU7_3_4_cell_expansion_3_0_threshold_0_6.png,23446.93108956462,9168.103491112115,0.36277690883506475
../binary_PNG/binary_labels_mask_case_id_TCGA-G3-A7M6_4_4_cell_expansion_1_0_threshold_0_8.png,22684.073484821674,5270.4095604432505,0.08416086686244051
../binary_PNG/binary_labels_mask_case_id_TCGA-K7-AAU7_4_1_cell_expansion_13_0_threshold_0_4.png,24772.50584752915,17284.841046048776,3.441159955235309
../binary_PNG/binary_labels_mask_case_id_TCGA-DD-AAED_3_4_cell_expansion_5_0_threshold_0_6.png,24517.579742767233,15533.776246693446,2.1321106078387633
../binary_PNG/binary_labels_mask_case_id_TCGA-G3-A7M6_4_2_cell_expansion_3_0_threshold_0_7.png,23500.425014498105,9753.305218587067,0.39905762867743894
../binary_PNG/binary_labels_mask_case_id_TCGA-CC-A1HT_4_0_cell_expansion_9_0_threshold_0_6.png,24457.981612972984,14790.159959971692,2.1494014906271173
../binary_PNG/binary_labels_mask_case_id_TCGA-CC-5261_4_0_cell_expansion_11_0_threshold_0_7.png,24575.92375519147,15534.449462678313,2.414256997763134
../binary_PNG/binary_labels_mask_case_id_TCGA-CC-A8HT_4_1_cell_expansion_5_0_threshold_0_8.png,22623.966130420802,4918.837688319319,0.09513458153738677
../binary_PNG/binary_labels_mask_case_id_TCGA-BC-A69I_1_1_cell_expansion_3_0_threshold_0_6.png,23588.48442804501,9823.450540331472,0.4115947770576458
../binary_PNG/binary_labels_mask_case_id_TCGA-DD-AAED_1_3_cell_expansion_3_0_threshold_0_6.png,24246.860085778262,13738.77711452548,1.0057095051436222
../binary_PNG/binary_labels_mask_case_id_TCGA-K7-AAU7_3_3_cell_expansion_1_0_threshold_0_5.png,23141.786388543595,7549.3611314134305,0.17819618092886055
../binary_PNG/binary_labels_mask_case_id_TCGA-BC-A69I_4_4_cell_expansion_3_0_threshold_0_4.png,24113.596126682896,13025.960812212075,0.8428671903909635
../binary_PNG/binary_labels_mask_case_id_TCGA-YA-A8S7_1_4_cell_expansion_3_0_threshold_0_7.png,22351.93265770984,3590.765828228221,0.010610441024238842
../binary_PNG/binary_labels_mask_case_id_TCGA-DD-AAED_4_0_cell_expansion_7_0_threshold_0_8.png,24110.78659199295,12705.535716058024,1.4136413288270215
../binary_PNG/binary_labels_mask_case_id_TCGA-CC-A3MA_4_4_cell_expansion_11_0_threshold_0_6.png,24453.47428916565,15211.62073863463,2.9928277998518418
../binary_PNG/binary_labels_mask_case_id_TCGA-DD-AAED_1_4_cell_expansion_7_0_threshold_0_6.png,24736.12680472311,16803.50506071498,4.256802257438386
../binary_PNG/binary_labels_mask_case_id_TCGA-YA-A8S7_1_3_cell_expansion_5_0_threshold_0_6.png,24505.731730898824,15250.278336633628,1.862883771791049
../binary_PNG/binary_labels_mask_case_id_TCGA-G3-A7M6_3_0_cell_expansion_7_0_threshold_0_4.png,24651.948327241556,16082.646502679658,2.7379875931385644
../binary_PNG/binary_labels_mask_case_id_TCGA-YA-A8S7_3_4_cell_expansion_3_0_threshold_0_6.png,22331.4896778524,3497.546839119883,0.007198613976273561
../binary_PNG/binary_labels_mask_case_id_TCGA-DD-AAED_1_3_cell_expansion_1_0_threshold_0_7.png,23457.50578263352,9282.722194791357,0.3194332997237149
../binary_PNG/binary_labels_mask_case_id_TCGA-CC-A1HT_3_3_cell_expansion_13_0_threshold_0_4.png,24773.1002632881,16814.820993929832,14.274017955071699
../binary_PNG/binary_labels_mask_case_id_TCGA-DD-AAED_2_0_cell_expansion_1_0_threshold_0_8.png,23095.08413240906,7380.590422873046,0.20247872213409746
../binary_PNG/binary_labels_mask_case_id_TCGA-K7-AAU7_1_2_cell_expansion_1_0_threshold_0_8.png,22310.146095899552,3412.020650216359,0.0025085984665975383
../binary_PNG/binary_labels_mask_case_id_TCGA-CC-A8HT_4_3_cell_expansion_15_0_threshold_0_6.png,24238.21269549855,13199.161526315112,1.410093316169283
../binary_PNG/binary_labels_mask_case_id_TCGA-CC-A1HT_0_3_cell_expansion_15_0_threshold_0_7.png,24313.175139200957,13701.047047651491,1.8945399890830534
../binary_PNG/binary_labels_mask_case_id_TCGA-CC-A1HT_3_3_cell_expansion_9_0_threshold_0_7.png,24655.137564014032,15906.981013964056,7.780955161139654
../binary_PNG/binary_labels_mask_case_id_TCGA-BC-A69I_2_2_cell_expansion_11_0_threshold_0_8.png,23608.75326427165,9498.783168181682,0.6074980850419509
../binary_PNG/binary_labels_mask_case_id_TCGA-G3-A7M6_1_0_cell_expansion_11_0_threshold_0_4.png,24677.80874866083,16522.21482243154,2.8364364238230166
../binary_PNG/binary_labels_mask_case_id_TCGA-G3-A7M6_1_1_cell_expansion_1_0_threshold_0_6.png,23126.882437988912,7540.3387643932865,0.1938706190319743
../binary_PNG/binary_labels_mask_case_id_TCGA-G3-A7M6_0_3_cell_expansion_11_0_threshold_0_5.png,24560.829270751183,15387.137750770058,2.3023466733761846
../binary_PNG/binary_labels_mask_case_id_TCGA-CC-A1HT_1_0_cell_expansion_15_0_threshold_0_6.png,24327.876765299872,14105.765286889518,1.447301192298388
../binary_PNG/binary_labels_mask_case_id_TCGA-K7-AAU7_0_0_cell_expansion_7_0_threshold_0_5.png,23310.114262221847,8247.25209393252,0.3317515706256068
../binary_PNG/binary_labels_mask_case_id_TCGA-K7-AAU7_3_2_cell_expansion_5_0_threshold_0_7.png,23122.21271336312,7428.17347153383,0.2564801142546094
../binary_PNG/binary_labels_mask_case_id_TCGA-CC-A1HT_3_2_cell_expansion_13_0_threshold_0_6.png,24702.143680374204,16067.062372945618,9.247292828721452
../binary_PNG/binary_labels_mask_case_id_TCGA-CC-5261_0_1_cell_expansion_9_0_threshold_0_6.png,24627.90199255953,15858.261774179493,3.602988674132911
../binary_PNG/binary_labels_mask_case_id_TCGA-BC-A69I_4_2_cell_expansion_3_0_threshold_0_6.png,23465.924522740897,9110.919764606586,0.37185654631925175
../binary_PNG/binary_labels_mask_case_id_TCGA-YA-A8S7_3_2_cell_expansion_1_0_threshold_0_5.png,23826.63087411009,11670.38160606267,0.46601044476446135
../binary_PNG/binary_labels_mask_case_id_TCGA-CC-A1HT_2_1_cell_expansion_13_0_threshold_0_7.png,24392.838198497884,13881.603412683482,2.6891547824039326
../binary_PNG/binary_labels_mask_case_id_TCGA-BC-A69I_3_1_cell_expansion_5_0_threshold_0_8.png,23165.289924592882,7629.7054139984375,0.311201985863913
../binary_PNG/binary_labels_mask_case_id_TCGA-CC-5261_3_3_cell_expansion_9_0_threshold_0_5.png,24909.05108562052,18294.22304931848,7.740299235081773
../binary_PNG/binary_labels_mask_case_id_TCGA-CC-A8HT_3_3_cell_expansion_1_0_threshold_0_7.png,22858.16949173496,6191.646082034466,0.12286656974327911
../binary_PNG/binary_labels_mask_case_id_TCGA-G3-A7M6_4_3_cell_expansion_1_0_threshold_0_6.png,23156.877483475317,7688.714869386272,0.20251558953149007
../binary_PNG/binary_labels_mask_case_id_TCGA-K7-AAU7_0_0_cell_expansion_3_0_threshold_0_7.png,22494.590985110968,4277.224208477357,0.04260211736150705
../binary_PNG/binary_labels_mask_case_id_TCGA-K7-AAU7_1_2_cell_expansion_1_0_threshold_0_4.png,23268.778189134235,8279.959752296329,0.2207158492165803
../binary_PNG/binary_labels_mask_case_id_TCGA-K7-AAU7_1_3_cell_expansion_1_0_threshold_0_8.png,22308.64975574472,3407.211592483316,0.002345239501256981
../binary_PNG/binary_labels_mask_case_id_TCGA-G3-A7M6_3_2_cell_expansion_11_0_threshold_0_7.png,24392.119828368926,14276.913608590512,1.6102623932376507
../binary_PNG/binary_labels_mask_case_id_TCGA-CC-A8HT_1_3_cell_expansion_3_0_threshold_0_7.png,23570.13401770356,9950.227089239828,0.4707058854207411
../binary_PNG/binary_labels_mask_case_id_TCGA-DD-AAED_4_0_cell_expansion_5_0_threshold_0_5.png,24500.810391115683,15477.530302007417,2.2344653464068966
../binary_PNG/binary_labels_mask_case_id_TCGA-G3-A7M6_0_3_cell_expansion_7_0_threshold_0_7.png,24319.241535715737,13768.470977655437,1.5897122929380993
../binary_PNG/binary_labels_mask_case_id_TCGA-BC-A69I_0_4_cell_expansion_7_0_threshold_0_8.png,23549.446963622173,9311.909588623395,0.5493676355605547
../binary_PNG/binary_labels_mask_case_id_TCGA-G3-A7M6_2_3_cell_expansion_7_0_threshold_0_6.png,24469.555389441157,14908.830286626546,1.8333266396240813
../binary_PNG/binary_labels_mask_case_id_TCGA-CC-5261_3_4_cell_expansion_9_0_threshold_0_7.png,24501.679708776268,14864.019748993263,2.6718121678071616
../binary_PNG/binary_labels_mask_case_id_TCGA-DD-AAED_0_0_cell_expansion_1_0_threshold_0_5.png,23617.341180321408,10261.91398505317,0.4039951557274313
../binary_PNG/binary_labels_mask_case_id_TCGA-K7-AAU7_4_4_cell_expansion_15_0_threshold_0_4.png,24392.341101443653,14561.627680171378,1.8437842481715414
../binary_PNG/binary_labels_mask_case_id_TCGA-G3-A7M6_0_3_cell_expansion_5_0_threshold_0_6.png,24321.38096390455,13961.532987544018,1.230111539954736
../binary_PNG/binary_labels_mask_case_id_TCGA-DD-AAED_4_1_cell_expansion_7_0_threshold_0_8.png,24182.298283526085,12906.836229922745,1.4631338518715853
../binary_PNG/binary_labels_mask_case_id_TCGA-BC-A69I_0_1_cell_expansion_15_0_threshold_0_7.png,24210.515159220395,13140.352322844676,1.4935140194756025
../binary_PNG/binary_labels_mask_case_id_TCGA-G3-A5SK_1_3_cell_expansion_7_0_threshold_0_4.png,24406.938621620844,14648.245701308972,1.7705438656386854
../binary_PNG/binary_labels_mask_case_id_TCGA-BC-A69I_0_3_cell_expansion_15_0_threshold_0_8.png,23465.131085927704,8624.389849157615,0.5170654068156864
../binary_PNG/binary_labels_mask_case_id_TCGA-G3-A7M6_2_2_cell_expansion_15_0_threshold_0_5.png,24477.81800571817,15042.1485809901,2.0441352119679186
../binary_PNG/binary_labels_mask_case_id_TCGA-YA-A8S7_0_3_cell_expansion_9_0_threshold_0_5.png,24757.53549785079,16931.842638605438,4.566806122951223
../binary_PNG/binary_labels_mask_case_id_TCGA-DD-AAED_4_1_cell_expansion_11_0_threshold_0_5.png,24738.11571558054,16516.35471638765,7.1559018112143455
../binary_PNG/binary_labels_mask_case_id_TCGA-CC-A3MA_0_4_cell_expansion_5_0_threshold_0_8.png,22662.78483923394,5048.439451866751,0.1015821607331361
../binary_PNG/binary_labels_mask_case_id_TCGA-CC-A1HT_1_1_cell_expansion_3_0_threshold_0_8.png,22351.602616247368,3627.4437052128364,0.013203970353044525
../binary_PNG/binary_labels_mask_case_id_TCGA-CC-5261_3_0_cell_expansion_3_0_threshold_0_7.png,23646.605835885624,10222.536911558951,0.5066870225341854
../binary_PNG/binary_labels_mask_case_id_TCGA-CC-A8HT_4_1_cell_expansion_15_0_threshold_0_5.png,24403.081494741793,14692.119952979141,1.6789007134222937
../binary_PNG/binary_labels_mask_case_id_TCGA-BC-A69I_1_1_cell_expansion_11_0_threshold_0_5.png,24376.962192536303,14105.204230711184,1.8175274704715816
../binary_PNG/binary_labels_mask_case_id_TCGA-CC-5261_2_4_cell_expansion_5_0_threshold_0_8.png,23879.524480489043,11283.518653750847,0.7834980897935209
../binary_PNG/binary_labels_mask_case_id_TCGA-YA-A8S7_4_4_cell_expansion_9_0_threshold_0_5.png,22576.098034293882,4471.8608546060295,0.0903988218762729
../binary_PNG/binary_labels_mask_case_id_TCGA-YA-A8S7_1_1_cell_expansion_9_0_threshold_0_7.png,24445.40842121747,14590.534474860977,2.296582479560459
../binary_PNG/binary_labels_mask_case_id_TCGA-DD-AAED_2_4_cell_expansion_9_0_threshold_0_5.png,24726.959211996167,16550.530861396244,5.727472252208194
../binary_PNG/binary_labels_mask_case_id_TCGA-CC-A3MA_0_2_cell_expansion_5_0_threshold_0_6.png,24817.311783120924,17525.178926060813,4.733914687799436
../binary_PNG/binary_labels_mask_case_id_TCGA-CC-A1HT_1_3_cell_expansion_11_0_threshold_0_5.png,24806.293481115776,17172.899379108057,11.560634489363006
../binary_PNG/binary_labels_mask_case_id_TCGA-CC-A1HT_0_4_cell_expansion_3_0_threshold_0_8.png,22439.814275706678,4045.373864568321,0.031191242532566388
../binary_PNG/binary_labels_mask_case_id_TCGA-CC-A3MA_3_0_cell_expansion_5_0_threshold_0_5.png,22957.468259798006,6584.3926124114405,0.19880852619547248
../binary_PNG/binary_labels_mask_case_id_TCGA-YA-A8S7_4_3_cell_expansion_9_0_threshold_0_7.png,22295.564725834272,3345.9127204795473,0.0
../binary_PNG/binary_labels_mask_case_id_TCGA-CC-5261_2_2_cell_expansion_5_0_threshold_0_6.png,24621.17029930765,16052.473311901522,2.5982424590918574
../binary_PNG/binary_labels_mask_case_id_TCGA-K7-AAU7_4_3_cell_expansion_13_0_threshold_0_7.png,23867.423525379745,11312.395257767812,0.779755367835167
../binary_PNG/binary_labels_mask_case_id_TCGA-CC-A1HT_3_0_cell_expansion_5_0_threshold_0_6.png,24456.49281833013,15074.62638073911,1.5243601549972978
../binary_PNG/binary_labels_mask_case_id_TCGA-K7-AAU7_2_3_cell_expansion_9_0_threshold_0_4.png,24336.18506132224,14515.297251026072,1.3324020961102938
../binary_PNG/binary_labels_mask_case_id_TCGA-CC-5261_1_0_cell_expansion_5_0_threshold_0_5.png,24391.35968306359,14747.33760827532,1.72922957435689
../binary_PNG/binary_labels_mask_case_id_TCGA-CC-5261_1_4_cell_expansion_13_0_threshold_0_7.png,24426.925811499692,14657.136966274085,2.2169514292314405
../binary_PNG/binary_labels_mask_case_id_TCGA-YA-A8S7_0_0_cell_expansion_11_0_threshold_0_7.png,24220.256147356136,13047.469261501066,1.2188918371450852
../binary_PNG/binary_labels_mask_case_id_TCGA-BC-A69I_2_1_cell_expansion_1_0_threshold_0_8.png,22794.13064897676,5892.892650283116,0.11502373870521006
../binary_PNG/binary_labels_mask_case_id_TCGA-K7-AAU7_0_2_cell_expansion_13_0_threshold_0_5.png,23181.31180863353,7729.493151822176,0.29264667147650625
../binary_PNG/binary_labels_mask_case_id_TCGA-G3-A5SK_0_2_cell_expansion_13_0_threshold_0_4.png,24535.204873363786,15356.829538523993,1.954501284734318
../binary_PNG/binary_labels_mask_case_id_TCGA-CC-A8HT_0_0_cell_expansion_11_0_threshold_0_5.png,24853.278754700306,17806.278136869478,5.679646950491942
../binary_PNG/binary_labels_mask_case_id_TCGA-BC-A69I_4_3_cell_expansion_15_0_threshold_0_4.png,24277.979473316813,13594.548455794436,1.3461832454035774
../binary_PNG/binary_labels_mask_case_id_TCGA-CC-A8HT_4_3_cell_expansion_5_0_threshold_0_4.png,24355.934648814222,14419.811316115802,1.4498056773277186
../binary_PNG/binary_labels_mask_case_id_TCGA-DD-AAED_1_0_cell_expansion_3_0_threshold_0_6.png,23719.208535456582,10718.098003704636,0.5542965959173606
../binary_PNG/binary_labels_mask_case_id_TCGA-G3-A7M6_3_4_cell_expansion_1_0_threshold_0_5.png,23390.02051164636,9064.732254979705,0.2850295883586487
../binary_PNG/binary_labels_mask_case_id_TCGA-BC-A69I_2_0_cell_expansion_3_0_threshold_0_5.png,23770.47828852413,10631.089664463421,0.5432425425434327
../binary_PNG/binary_labels_mask_case_id_TCGA-CC-A1HT_4_1_cell_expansion_13_0_threshold_0_7.png,24510.910538919423,15086.093805349568,3.4048314510342244
../binary_PNG/binary_labels_mask_case_id_TCGA-CC-5261_0_2_cell_expansion_11_0_threshold_0_8.png,23795.247357289547,10675.567224957678,0.7705372489299618
../binary_PNG/binary_labels_mask_case_id_TCGA-G3-A7M6_4_1_cell_expansion_11_0_threshold_0_6.png,24335.7965535988,13968.885448642126,1.5004253207627418
../binary_PNG/binary_labels_mask_case_id_TCGA-DD-AAED_0_0_cell_expansion_11_0_threshold_0_7.png,24607.932031908847,15630.412038639714,3.8334311730048207
../binary_PNG/binary_labels_mask_case_id_TCGA-K7-AAU7_1_1_cell_expansion_15_0_threshold_0_7.png,22849.956657911243,5877.4010749719155,0.145631412160523
../binary_PNG/binary_labels_mask_case_id_TCGA-DD-AAED_1_1_cell_expansion_7_0_threshold_0_8.png,24292.260067758463,13273.08785812228,1.5828567764951291
../binary_PNG/binary_labels_mask_case_id_TCGA-DD-AAED_4_2_cell_expansion_3_0_threshold_0_6.png,24206.033844754205,13762.701919622292,1.0008443264279494
../binary_PNG/binary_labels_mask_case_id_TCGA-G3-A7M6_0_0_cell_expansion_1_0_threshold_0_8.png,22738.753193334083,5552.562806954383,0.09252886132163443
../binary_PNG/binary_labels_mask_case_id_TCGA-CC-A1HT_1_1_cell_expansion_9_0_threshold_0_6.png,24126.717896356182,12774.091679798139,1.0742089560472396
../binary_PNG/binary_labels_mask_case_id_TCGA-CC-5261_3_1_cell_expansion_11_0_threshold_0_5.png,24846.668263349697,17619.46997627543,7.80199058937364
../binary_PNG/binary_labels_mask_case_id_TCGA-G3-A5SK_1_1_cell_expansion_3_0_threshold_0_6.png,23508.561604117134,9484.667894214555,0.3849887377777723
../binary_PNG/binary_labels_mask_case_id_TCGA-G3-A5SK_4_3_cell_expansion_7_0_threshold_0_4.png,24424.805901568023,14501.709770660978,1.9637467157120336
../binary_PNG/binary_labels_mask_case_id_TCGA-K7-AAU7_3_1_cell_expansion_13_0_threshold_0_8.png,22295.564725834272,3345.9127204795473,0.0
../binary_PNG/binary_labels_mask_case_id_TCGA-CC-5261_2_2_cell_expansion_11_0_threshold_0_4.png,24815.66675063419,17336.464125224353,7.730165907272791
../binary_PNG/binary_labels_mask_case_id_TCGA-DD-AAED_1_1_cell_expansion_13_0_threshold_0_8.png,24450.98416546408,14197.402136571103,2.675357067800117
../binary_PNG/binary_labels_mask_case_id_TCGA-YA-A8S7_1_4_cell_expansion_15_0_threshold_0_4.png,22541.057097545337,4444.869682409087,0.06083931399542933
../binary_PNG/binary_labels_mask_case_id_TCGA-CC-5261_0_4_cell_expansion_11_0_threshold_0_6.png,24652.832994377422,16331.619969762698,2.650846931700829
../binary_PNG/binary_labels_mask_case_id_TCGA-G3-A5SK_0_3_cell_expansion_3_0_threshold_0_4.png,24363.2755206363,14974.559783335691,1.074431118618446
../binary_PNG/binary_labels_mask_case_id_TCGA-CC-A3MA_3_4_cell_expansion_3_0_threshold_0_8.png,23309.95687958243,8400.619196411255,0.34605259860597826
../binary_PNG/binary_labels_mask_case_id_TCGA-G3-A5SK_0_0_cell_expansion_15_0_threshold_0_8.png,23523.07684697232,9441.606929552489,0.501710055981202
../binary_PNG/binary_labels_mask_case_id_TCGA-YA-A8S7_0_3_cell_expansion_13_0_threshold_0_7.png,24487.95875991717,14905.825082666504,2.277766265908719
../binary_PNG/binary_labels_mask_case_id_TCGA-BC-A69I_4_0_cell_expansion_15_0_threshold_0_5.png,24503.04452644147,14807.499544909266,3.2370470675954603
../binary_PNG/binary_labels_mask_case_id_TCGA-G3-A5SK_2_3_cell_expansion_1_0_threshold_0_4.png,23279.954820432555,8471.031314123902,0.25377577015930036
../binary_PNG/binary_labels_mask_case_id_TCGA-DD-AAED_2_1_cell_expansion_13_0_threshold_0_4.png,24802.695388448188,17165.393796030414,9.519070444075574
../binary_PNG/binary_labels_mask_case_id_TCGA-G3-A5SK_1_0_cell_expansion_7_0_threshold_0_8.png,23574.040034637757,9660.096231079258,0.5887273795129179
../binary_PNG/binary_labels_mask_case_id_TCGA-G3-A5SK_4_3_cell_expansion_3_0_threshold_0_6.png,23741.42827422784,10801.607945579692,0.5201281864687269
../binary_PNG/binary_labels_mask_case_id_TCGA-G3-A7M6_1_0_cell_expansion_9_0_threshold_0_5.png,24627.887014154527,16143.117067352425,2.5607958604383585
../binary_PNG/binary_labels_mask_case_id_TCGA-CC-5261_3_2_cell_expansion_3_0_threshold_0_7.png,23916.93797794838,11709.609307426,0.6903031309766456
../binary_PNG/binary_labels_mask_case_id_TCGA-CC-5261_0_0_cell_expansion_13_0_threshold_0_6.png,24714.663017214145,16620.13595910209,4.73352538071066
../binary_PNG/binary_labels_mask_case_id_TCGA-CC-5261_2_1_cell_expansion_1_0_threshold_0_8.png,22774.586978651783,5696.388396468814,0.11072199787899645
../binary_PNG/binary_labels_mask_case_id_TCGA-CC-A1HT_3_4_cell_expansion_5_0_threshold_0_8.png,22885.570322035586,6235.213274178282,0.17855810712117715
../binary_PNG/binary_labels_mask_case_id_TCGA-BC-A69I_4_0_cell_expansion_11_0_threshold_0_7.png,24102.309082301523,12301.852569739951,1.3811214053663818
../binary_PNG/binary_labels_mask_case_id_TCGA-CC-A3MA_0_4_cell_expansion_13_0_threshold_0_7.png,23603.518303070443,9783.609987923308,0.5688799260753578
../binary_PNG/binary_labels_mask_case_id_TCGA-DD-AAED_2_0_cell_expansion_9_0_threshold_0_7.png,24323.5169125948,13955.124242352436,2.120566237912323
../binary_PNG/binary_labels_mask_case_id_TCGA-CC-A3MA_1_3_cell_expansion_5_0_threshold_0_4.png,24913.4526968254,18351.5938056843,6.176400885689507
../binary_PNG/binary_labels_mask_case_id_TCGA-G3-A7M6_2_4_cell_expansion_9_0_threshold_0_4.png,24713.60432846648,16544.5317334188,3.234656782379357
../binary_PNG/binary_labels_mask_case_id_TCGA-CC-A1HT_3_4_cell_expansion_1_0_threshold_0_6.png,23679.76995665773,10604.378958429936,0.39142976619570286
../binary_PNG/binary_labels_mask_case_id_TCGA-G3-A5SK_2_2_cell_expansion_1_0_threshold_0_4.png,23408.011719268397,9112.9871985016,0.27629756689235674
../binary_PNG/binary_labels_mask_case_id_TCGA-K7-AAU7_0_0_cell_expansion_15_0_threshold_0_5.png,23323.7593054304,8307.530770448186,0.3390478265193527
../binary_PNG/binary_labels_mask_case_id_TCGA-CC-5261_1_2_cell_expansion_11_0_threshold_0_4.png,24642.938274373453,16181.036878225117,3.5806702470025686
../binary_PNG/binary_labels_mask_case_id_TCGA-K7-AAU7_0_1_cell_expansion_13_0_threshold_0_8.png,22295.564725834272,3345.9127204795473,0.0
../binary_PNG/binary_labels_mask_case_id_TCGA-CC-5261_1_3_cell_expansion_5_0_threshold_0_5.png,24441.11817919444,15005.238221733554,1.855707229638556
../binary_PNG/binary_labels_mask_case_id_TCGA-CC-5261_3_4_cell_expansion_11_0_threshold_0_6.png,24679.509712179726,16050.184288924807,3.9993781232157004
../binary_PNG/binary_labels_mask_case_id_TCGA-CC-A1HT_0_0_cell_expansion_7_0_threshold_0_8.png,22295.564725834272,3345.9127204795473,0.0
../binary_PNG/binary_labels_mask_case_id_TCGA-G3-A5SK_0_1_cell_expansion_11_0_threshold_0_8.png,23699.395047974722,10108.106708540232,0.6213354721125044
../binary_PNG/binary_labels_mask_case_id_TCGA-CC-A1HT_4_1_cell_expansion_1_0_threshold_0_5.png,23800.78698467812,11299.442889309843,0.5449099216469125
../binary_PNG/binary_labels_mask_case_id_TCGA-CC-A3MA_3_0_cell_expansion_11_0_threshold_0_7.png,22400.07975385225,3879.2276965089477,0.02709085098188116
../binary_PNG/binary_labels_mask_case_id_TCGA-DD-AAED_4_1_cell_expansion_9_0_threshold_0_8.png,24277.42712823773,13402.960498230283,2.053304153758494
../binary_PNG/binary_labels_mask_case_id_TCGA-CC-A8HT_1_1_cell_expansion_13_0_threshold_0_6.png,24557.293418101544,15515.322145417827,2.4935630940421913
../binary_PNG/binary_labels_mask_case_id_TCGA-CC-A3MA_1_2_cell_expansion_13_0_threshold_0_5.png,24860.98739294956,17722.226729083734,11.008723433662567
../binary_PNG/binary_labels_mask_case_id_TCGA-CC-A3MA_0_1_cell_expansion_3_0_threshold_0_5.png,23027.146298738608,7177.086926117287,0.22669326673528745
../binary_PNG/binary_labels_mask_case_id_TCGA-CC-A1HT_4_1_cell_expansion_7_0_threshold_0_6.png,24622.33216500775,16042.261726412351,3.6084449059444417
../binary_PNG/binary_labels_mask_case_id_TCGA-CC-A8HT_0_2_cell_expansion_13_0_threshold_0_7.png,24020.06384619687,11775.800665543296,1.103706190349638
../binary_PNG/binary_labels_mask_case_id_TCGA-CC-5261_4_0_cell_expansion_7_0_threshold_0_8.png,23611.118260869924,9749.896825040987,0.5539270379475862
../binary_PNG/binary_labels_mask_case_id_TCGA-CC-A1HT_0_1_cell_expansion_3_0_threshold_0_6.png,24269.2873971983,14068.806990760851,0.8951370088833669
../binary_PNG/binary_labels_mask_case_id_TCGA-CC-A8HT_2_0_cell_expansion_15_0_threshold_0_7.png,24184.81601861929,13010.956284724492,1.4241034540189437
../binary_PNG/binary_labels_mask_case_id_TCGA-CC-5261_2_3_cell_expansion_13_0_threshold_0_7.png,24621.82145680913,15666.979524030738,3.3113491663613046
../binary_PNG/binary_labels_mask_case_id_TCGA-CC-A3MA_2_1_cell_expansion_3_0_threshold_0_4.png,24665.46012520777,17033.375358297148,2.1689822543312056
../binary_PNG/binary_labels_mask_case_id_TCGA-YA-A8S7_0_3_cell_expansion_15_0_threshold_0_8.png,23145.948638576883,7406.0500705682925,0.31391403043472704
../binary_PNG/binary_labels_mask_case_id_TCGA-CC-5261_2_1_cell_expansion_13_0_threshold_0_8.png,23805.68233791659,10733.608460128931,0.8829681748754288
../binary_PNG/binary_labels_mask_case_id_TCGA-BC-A69I_4_2_cell_expansion_13_0_threshold_0_5.png,24353.641316314828,13869.705400392442,1.9823439129727822
../binary_PNG/binary_labels_mask_case_id_TCGA-CC-A1HT_4_2_cell_expansion_9_0_threshold_0_6.png,24689.97327209256,16357.758637822924,4.3246114392657296
../binary_PNG/binary_labels_mask_case_id_TCGA-K7-AAU7_3_1_cell_expansion_1_0_threshold_0_5.png,23163.549417029848,7772.932078518478,0.19905878261938953
../binary_PNG/binary_labels_mask_case_id_TCGA-YA-A8S7_1_2_cell_expansion_15_0_threshold_0_6.png,24745.612275321,16712.62014619272,5.742344125379291
../binary_PNG/binary_labels_mask_case_id_TCGA-CC-5261_3_3_cell_expansion_15_0_threshold_0_4.png,24923.294668154707,18495.50599355885,7.732562005195448
../binary_PNG/binary_labels_mask_case_id_TCGA-G3-A5SK_1_4_cell_expansion_13_0_threshold_0_6.png,24587.7520679382,15676.494899086587,2.639391875683238
../binary_PNG/binary_labels_mask_case_id_TCGA-G3-A7M6_0_0_cell_expansion_5_0_threshold_0_6.png,24526.478802403682,15349.1099730007,1.6190894686610333
../binary_PNG/binary_labels_mask_case_id_TCGA-DD-AAED_3_0_cell_expansion_15_0_threshold_0_5.png,24755.64355478308,16796.279184715095,5.1748059199204555
../binary_PNG/binary_labels_mask_case_id_TCGA-K7-AAU7_2_4_cell_expansion_7_0_threshold_0_6.png,23377.872371262787,8650.892496930477,0.430331722325427
../binary_PNG/binary_labels_mask_case_id_TCGA-YA-A8S7_1_1_cell_expansion_5_0_threshold_0_6.png,24434.533687145024,14790.710169427675,1.7261054689241841
../binary_PNG/binary_labels_mask_case_id_TCGA-K7-AAU7_0_2_cell_expansion_11_0_threshold_0_8.png,22358.476509610708,3617.332895445333,0.013347434137022286
../binary_PNG/binary_labels_mask_case_id_TCGA-DD-AAED_0_3_cell_expansion_3_0_threshold_0_4.png,24238.826774914367,13780.974184398236,1.0146382498397044
../binary_PNG/binary_labels_mask_case_id_TCGA-CC-A8HT_0_1_cell_expansion_15_0_threshold_0_5.png,24762.631342929668,16898.349042558002,4.039953803414802
../binary_PNG/binary_labels_mask_case_id_TCGA-G3-A7M6_1_4_cell_expansion_1_0_threshold_0_8.png,22497.023089978502,4392.403587356584,0.04116935448536808
../binary_PNG/binary_labels_mask_case_id_TCGA-BC-A69I_3_3_cell_expansion_3_0_threshold_0_7.png,23617.71379017361,10047.089317857128,0.4698600898333509
../binary_PNG/binary_labels_mask_case_id_TCGA-YA-A8S7_2_3_cell_expansion_13_0_threshold_0_7.png,23443.350701712272,8686.46483039226,0.4604477770941169
../binary_PNG/binary_labels_mask_case_id_TCGA-G3-A5SK_1_1_cell_expansion_11_0_threshold_0_8.png,23753.042800414718,10305.254307897005,0.679215355265812
../binary_PNG/binary_labels_mask_case_id_TCGA-DD-AAED_0_4_cell_expansion_7_0_threshold_0_4.png,24634.433699673173,15853.059850493384,3.350214810758278
../binary_PNG/binary_labels_mask_case_id_TCGA-CC-5261_0_3_cell_expansion_15_0_threshold_0_8.png,23816.17204141132,10942.899531730232,0.8498544852446237
../binary_PNG/binary_labels_mask_case_id_TCGA-G3-A5SK_1_3_cell_expansion_9_0_threshold_0_4.png,24429.181328927247,14761.184878436885,1.875579161775259
../binary_PNG/binary_labels_mask_case_id_TCGA-CC-5261_0_2_cell_expansion_13_0_threshold_0_5.png,24481.79384570959,15144.819044462563,2.3855612905546364
../binary_PNG/binary_labels_mask_case_id_TCGA-CC-A8HT_0_3_cell_expansion_1_0_threshold_0_8.png,22538.99910150533,4478.264175265954,0.0514197403706248
../binary_PNG/binary_labels_mask_case_id_TCGA-K7-AAU7_2_3_cell_expansion_7_0_threshold_0_4.png,24313.729218716224,14381.222799963009,1.2765702760620194
../binary_PNG/binary_labels_mask_case_id_TCGA-YA-A8S7_3_1_cell_expansion_13_0_threshold_0_8.png,22955.77740318148,6305.940084416581,0.218814439238866
../binary_PNG/binary_labels_mask_case_id_TCGA-CC-A3MA_0_2_cell_expansion_13_0_threshold_0_5.png,24914.846885548483,18319.022808207275,19.200419050689018
../binary_PNG/binary_labels_mask_case_id_TCGA-CC-A3MA_0_3_cell_expansion_15_0_threshold_0_8.png,24198.28426213217,12744.45215994893,2.1031464707945613
../binary_PNG/binary_labels_mask_case_id_TCGA-YA-A8S7_2_3_cell_expansion_3_0_threshold_0_6.png,23076.536779868493,7139.249971486534,0.20063014059268883
../binary_PNG/binary_labels_mask_case_id_TCGA-BC-A69I_1_4_cell_expansion_3_0_threshold_0_4.png,23667.08832425025,10546.337197563083,0.4945438450708698
../binary_PNG/binary_labels_mask_case_id_TCGA-G3-A7M6_0_0_cell_expansion_1_0_threshold_0_4.png,23322.06523497472,8630.768758747974,0.2560970578462266
../binary_PNG/binary_labels_mask_case_id_TCGA-BC-A69I_3_3_cell_expansion_5_0_threshold_0_4.png,24397.747129452706,14238.199527888533,1.4438892018372476
../binary_PNG/binary_labels_mask_case_id_TCGA-DD-AAED_3_1_cell_expansion_5_0_threshold_0_4.png,24590.24549543102,15959.399516727652,2.519234661311164
../binary_PNG/binary_labels_mask_case_id_TCGA-K7-AAU7_1_1_cell_expansion_7_0_threshold_0_7.png,22850.03405995146,5878.163752988316,0.14562735062127813
../binary_PNG/binary_labels_mask_case_id_TCGA-K7-AAU7_3_1_cell_expansion_7_0_threshold_0_6.png,23653.031792314552,10242.636634354289,0.5060949139361399
../binary_PNG/binary_labels_mask_case_id_TCGA-YA-A8S7_2_4_cell_expansion_5_0_threshold_0_7.png,22349.477050407342,3604.461480838486,0.013291404330423837
../binary_PNG/binary_labels_mask_case_id_TCGA-CC-A3MA_0_2_cell_expansion_11_0_threshold_0_4.png,24961.397887856547,18860.984605040827,21.541545932335485
../binary_PNG/binary_labels_mask_case_id_TCGA-K7-AAU7_4_3_cell_expansion_1_0_threshold_0_4.png,23614.4242046423,10323.939795125021,0.34796074649724884
../binary_PNG/binary_labels_mask_case_id_TCGA-K7-AAU7_1_0_cell_expansion_13_0_threshold_0_6.png,23031.529258450377,6979.798600009714,0.21850257758337419
../binary_PNG/binary_labels_mask_case_id_TCGA-CC-A8HT_1_0_cell_expansion_7_0_threshold_0_5.png,24698.76805852437,16578.131341382035,3.509635931500031
../binary_PNG/binary_labels_mask_case_id_TCGA-DD-AAED_3_1_cell_expansion_7_0_threshold_0_5.png,24615.05704212269,15998.827882850754,3.5252556392783645
../binary_PNG/binary_labels_mask_case_id_TCGA-YA-A8S7_2_1_cell_expansion_15_0_threshold_0_6.png,24457.745463009,14541.20433556979,2.791886894614117
../binary_PNG/binary_labels_mask_case_id_TCGA-CC-A8HT_1_1_cell_expansion_15_0_threshold_0_8.png,23223.163158634838,7609.310906995895,0.3460247934228774
../binary_PNG/binary_labels_mask_case_id_TCGA-CC-5261_3_2_cell_expansion_5_0_threshold_0_5.png,24535.967116798016,15538.40071687505,2.2735133396223954
../binary_PNG/binary_labels_mask_case_id_TCGA-CC-A8HT_1_4_cell_expansion_15_0_threshold_0_7.png,24521.365638201358,14816.346829568445,2.2891485989797244
../binary_PNG/binary_labels_mask_case_id_TCGA-CC-A3MA_0_0_cell_expansion_13_0_threshold_0_7.png,23801.54178753553,10971.633471299509,1.0328073119676628
../binary_PNG/binary_labels_mask_case_id_TCGA-G3-A5SK_0_4_cell_expansion_5_0_threshold_0_4.png,24056.46608289748,12483.785493720132,0.9423276036139765
../binary_PNG/binary_labels_mask_case_id_TCGA-K7-AAU7_3_0_cell_expansion_15_0_threshold_0_4.png,24463.11673719496,15092.100966951719,1.4765387386164326
../binary_PNG/binary_labels_mask_case_id_TCGA-BC-A69I_4_4_cell_expansion_11_0_threshold_0_7.png,24337.045578283647,13995.051383352757,1.948873194699878
../binary_PNG/binary_labels_mask_case_id_TCGA-DD-AAED_2_1_cell_expansion_11_0_threshold_0_4.png,24799.265255488845,17153.232848277137,9.453464557442983
../binary_PNG/binary_labels_mask_case_id_TCGA-G3-A5SK_1_3_cell_expansion_15_0_threshold_0_8.png,23533.50031795329,9393.790989262658,0.5632595844758066
../binary_PNG/binary_labels_mask_case_id_TCGA-G3-A5SK_4_4_cell_expansion_1_0_threshold_0_4.png,23108.843404560932,7471.571712375743,0.18749586308845267
../binary_PNG/binary_labels_mask_case_id_TCGA-CC-A1HT_4_2_cell_expansion_13_0_threshold_0_7.png,24423.706045908188,14258.29902547511,2.5581220624740113
../binary_PNG/binary_labels_mask_case_id_TCGA-CC-5261_0_1_cell_expansion_11_0_threshold_0_8.png,24090.98135456808,12214.876409969373,1.3179526012202114
../binary_PNG/binary_labels_mask_case_id_TCGA-CC-5261_0_0_cell_expansion_7_0_threshold_0_7.png,24534.059547437428,15522.714707609988,2.8411203988355958
../binary_PNG/binary_labels_mask_case_id_TCGA-CC-A3MA_0_0_cell_expansion_11_0_threshold_0_6.png,23826.835661202025,11181.179101540225,1.0788188475801102
../binary_PNG/binary_labels_mask_case_id_TCGA-CC-A1HT_2_1_cell_expansion_7_0_threshold_0_8.png,23023.58882307733,6631.906771993563,0.26154979172712983
../binary_PNG/binary_labels_mask_case_id_TCGA-BC-A69I_4_0_cell_expansion_15_0_threshold_0_4.png,24533.08692743744,15076.448983657428,3.5746419982399007
../binary_PNG/binary_labels_mask_case_id_TCGA-G3-A5SK_2_3_cell_expansion_1_0_threshold_0_5.png,23248.67471429298,8318.81880601422,0.2448807405261488
../binary_PNG/binary_labels_mask_case_id_TCGA-DD-AAED_1_4_cell_expansion_11_0_threshold_0_7.png,24688.16348372592,16324.776947101554,3.996708734036474
../binary_PNG/binary_labels_mask_case_id_TCGA-DD-AAED_3_2_cell_expansion_15_0_threshold_0_7.png,24714.89168497039,16309.542509851535,7.1866348932718145
../binary_PNG/binary_labels_mask_case_id_TCGA-DD-AAED_0_3_cell_expansion_11_0_threshold_0_7.png,24579.36613449621,15436.054938107394,3.0592695486949544
../binary_PNG/binary_labels_mask_case_id_TCGA-CC-5261_2_1_cell_expansion_3_0_threshold_0_8.png,23083.4591943954,7162.9721835820765,0.23009911117823817
../binary_PNG/binary_labels_mask_case_id_TCGA-G3-A5SK_2_4_cell_expansion_3_0_threshold_0_6.png,24089.546119371556,12723.902873783538,0.7490291596418239
../binary_PNG/binary_labels_mask_case_id_TCGA-CC-A1HT_4_2_cell_expansion_15_0_threshold_0_4.png,24792.82463329158,17241.180074329466,6.095479202068015
../binary_PNG/binary_labels_mask_case_id_TCGA-YA-A8S7_0_1_cell_expansion_9_0_threshold_0_4.png,24723.765517882017,16869.957564654287,3.87850410852546
../binary_PNG/binary_labels_mask_case_id_TCGA-YA-A8S7_0_2_cell_expansion_13_0_threshold_0_8.png,23385.8328635909,8513.860249039055,0.5295146225837796
../binary_PNG/binary_labels_mask_case_id_TCGA-BC-A69I_4_0_cell_expansion_13_0_threshold_0_7.png,24142.822497244,12495.288203277854,1.491436251453612
../binary_PNG/binary_labels_mask_case_id_TCGA-G3-A5SK_4_3_cell_expansion_3_0_threshold_0_7.png,23563.096021364247,9756.484381086375,0.4195060932946074
../binary_PNG/binary_labels_mask_case_id_TCGA-CC-5261_0_0_cell_expansion_1_0_threshold_0_4.png,23752.483891724503,11211.279574003082,0.4727925639592992
../binary_PNG/binary_labels_mask_case_id_TCGA-CC-5261_1_2_cell_expansion_3_0_threshold_0_7.png,23865.758839373048,11470.898368084905,0.6175357563833784
../binary_PNG/binary_labels_mask_case_id_TCGA-CC-A3MA_1_3_cell_expansion_15_0_threshold_0_5.png,24872.05727711457,17929.5480091823,10.304484244344028
../binary_PNG/binary_labels_mask_case_id_TCGA-CC-A1HT_0_0_cell_expansion_1_0_threshold_0_6.png,22891.509623351583,6359.2121012209245,0.12842797970735917
../binary_PNG/binary_labels_mask_case_id_TCGA-CC-A8HT_2_1_cell_expansion_11_0_threshold_0_6.png,24727.976987036167,16763.56698894611,3.575329157094714
../binary_PNG/binary_labels_mask_case_id_TCGA-CC-5261_4_1_cell_expansion_5_0_threshold_0_8.png,23324.490302691756,8286.388293553711,0.36935264182735494
../binary_PNG/binary_labels_mask_case_id_TCGA-BC-A69I_1_2_cell_expansion_1_0_threshold_0_6.png,23310.027911366287,8303.830098248578,0.24828644495625765
../binary_PNG/binary_labels_mask_case_id_TCGA-CC-5261_1_4_cell_expansion_13_0_threshold_0_6.png,24594.889200681515,15738.836274918782,2.9087661240719727
../binary_PNG/binary_labels_mask_case_id_TCGA-G3-A7M6_4_1_cell_expansion_1_0_threshold_0_7.png,22934.82895400036,6506.254774778727,0.14384735352446232
../binary_PNG/binary_labels_mask_case_id_TCGA-CC-A8HT_0_4_cell_expansion_15_0_threshold_0_7.png,24117.199580685672,12699.815545634294,1.2861723300675716
../binary_PNG/binary_labels_mask_case_id_TCGA-G3-A5SK_2_0_cell_expansion_9_0_threshold_0_6.png,24567.222520633066,15794.406099049216,2.481654214939295
../binary_PNG/binary_labels_mask_case_id_TCGA-CC-A3MA_1_0_cell_expansion_13_0_threshold_0_7.png,24663.089426261344,15821.124916465025,6.53936102663503
../binary_PNG/binary_labels_mask_case_id_TCGA-CC-5261_0_2_cell_expansion_13_0_threshold_0_8.png,23795.247357289547,10675.567224957678,0.7705372489299618
../binary_PNG/binary_labels_mask_case_id_TCGA-DD-AAED_0_3_cell_expansion_1_0_threshold_0_8.png,23042.93746480888,7111.876611049721,0.18464521881503132
../binary_PNG/binary_labels_mask_case_id_TCGA-BC-A69I_0_1_cell_expansion_1_0_threshold_0_8.png,22757.04671723977,5610.36877798589,0.10494110672690748
../binary_PNG/binary_labels_mask_case_id_TCGA-DD-AAED_1_0_cell_expansion_3_0_threshold_0_7.png,23520.39920488859,9615.675341720116,0.4489754104941344
../binary_PNG/binary_labels_mask_case_id_TCGA-CC-5261_1_1_cell_expansion_11_0_threshold_0_8.png,23213.128578507167,7832.851504798738,0.37442053833582334
../binary_PNG/binary_labels_mask_case_id_TCGA-DD-AAED_0_4_cell_expansion_5_0_threshold_0_8.png,24010.24666329897,11972.918022226588,0.9256245892264227
../binary_PNG/binary_labels_mask_case_id_TCGA-YA-A8S7_2_2_cell_expansion_7_0_threshold_0_5.png,24513.013380171866,14950.605579426938,2.150896508686495
../binary_PNG/binary_labels_mask_case_id_TCGA-CC-A8HT_1_1_cell_expansion_1_0_threshold_0_7.png,23054.603822785688,7197.610423575621,0.17773785718825905
../binary_PNG/binary_labels_mask_case_id_TCGA-CC-A1HT_2_4_cell_expansion_9_0_threshold_0_6.png,24772.01567183129,16739.65367892705,8.598705708158889
../binary_PNG/binary_labels_mask_case_id_TCGA-DD-AAED_0_4_cell_expansion_11_0_threshold_0_7.png,24590.94616950645,15343.204407261594,3.680855831555884
../binary_PNG/binary_labels_mask_case_id_TCGA-DD-AAED_1_3_cell_expansion_11_0_threshold_0_7.png,24621.29302657407,15702.744142929065,3.9503517464441353
../binary_PNG/binary_labels_mask_case_id_TCGA-BC-A69I_3_4_cell_expansion_3_0_threshold_0_8.png,23282.26914128912,8264.757827249914,0.28998564206719923
../binary_PNG/binary_labels_mask_case_id_TCGA-CC-A1HT_3_1_cell_expansion_9_0_threshold_0_6.png,23709.02390805618,10596.473460831003,0.630944970862079
../binary_PNG/binary_labels_mask_case_id_TCGA-G3-A7M6_4_4_cell_expansion_11_0_threshold_0_8.png,23648.081558205293,9814.12257217182,0.6036741033986732
../binary_PNG/binary_labels_mask_case_id_TCGA-G3-A7M6_2_0_cell_expansion_1_0_threshold_0_8.png,22849.514186832403,6154.341575905062,0.12700088839444715
../binary_PNG/binary_labels_mask_case_id_TCGA-G3-A7M6_4_1_cell_expansion_5_0_threshold_0_5.png,24215.04152286612,13292.416991838621,1.0996755855829043
../binary_PNG/binary_labels_mask_case_id_TCGA-G3-A5SK_4_0_cell_expansion_9_0_threshold_0_5.png,24309.288835688614,13611.877405915027,1.4884638506041905
../binary_PNG/binary_labels_mask_case_id_TCGA-DD-AAED_3_1_cell_expansion_7_0_threshold_0_8.png,24024.165461489352,12197.17027676602,1.1891587488971938
../binary_PNG/binary_labels_mask_case_id_TCGA-K7-AAU7_1_0_cell_expansion_5_0_threshold_0_7.png,22421.297831503325,3914.2001350470837,0.029387859862257774
../binary_PNG/binary_labels_mask_case_id_TCGA-K7-AAU7_0_2_cell_expansion_7_0_threshold_0_4.png,23228.85975409381,7968.246189886582,0.3051291049345066
../binary_PNG/binary_labels_mask_case_id_TCGA-K7-AAU7_2_4_cell_expansion_1_0_threshold_0_8.png,22468.279056087584,4131.622612187617,0.03509077603930724
../binary_PNG/binary_labels_mask_case_id_TCGA-DD-AAED_3_1_cell_expansion_15_0_threshold_0_6.png,24638.580487599284,16061.567430482983,4.06122476395609
../binary_PNG/binary_labels_mask_case_id_TCGA-CC-A3MA_3_1_cell_expansion_9_0_threshold_0_5.png,24846.897766414048,17947.159478709433,5.13432738549437
../binary_PNG/binary_labels_mask_case_id_TCGA-YA-A8S7_3_0_cell_expansion_15_0_threshold_0_8.png,23079.90213496471,7133.838336904101,0.3017853093818808
../binary_PNG/binary_labels_mask_case_id_TCGA-CC-A8HT_2_4_cell_expansion_1_0_threshold_0_6.png,23184.89673468291,7928.594710788128,0.22047626621483157
../binary_PNG/binary_labels_mask_case_id_TCGA-G3-A5SK_2_4_cell_expansion_15_0_threshold_0_4.png,24698.53161593026,16443.62463358818,2.8610835923888907
../binary_PNG/binary_labels_mask_case_id_TCGA-CC-A1HT_1_1_cell_expansion_9_0_threshold_0_7.png,23522.227960436332,9395.847518770215,0.4913907994002713
../binary_PNG/binary_labels_mask_case_id_TCGA-K7-AAU7_0_3_cell_expansion_15_0_threshold_0_5.png,24244.4980822407,13854.263325953838,1.1188645721778323
../binary_PNG/binary_labels_mask_case_id_TCGA-DD-AAED_2_3_cell_expansion_15_0_threshold_0_5.png,24558.85250592036,15342.601575555791,3.19082330212513
../binary_PNG/binary_labels_mask_case_id_TCGA-G3-A7M6_1_3_cell_expansion_7_0_threshold_0_8.png,24049.902193871883,12015.197793114787,1.042136229015561
../binary_PNG/binary_labels_mask_case_id_TCGA-DD-AAED_3_0_cell_expansion_15_0_threshold_0_4.png,24766.25023140884,16886.645700374203,5.39836397344995
../binary_PNG/binary_labels_mask_case_id_TCGA-BC-A69I_2_0_cell_expansion_3_0_threshold_0_8.png,23132.23082065771,7291.032221967629,0.22807219051642108
../binary_PNG/binary_labels_mask_case_id_TCGA-K7-AAU7_0_3_cell_expansion_1_0_threshold_0_7.png,22610.268384215284,4853.660012828465,0.06344779764237692
../binary_PNG/binary_labels_mask_case_id_TCGA-BC-A69I_1_3_cell_expansion_1_0_threshold_0_6.png,23177.955376169637,7785.002455366109,0.2259546425724214
../binary_PNG/binary_labels_mask_case_id_TCGA-G3-A5SK_0_2_cell_expansion_11_0_threshold_0_8.png,23923.50870533143,11541.104940873583,0.9320313269417694
../binary_PNG/binary_labels_mask_case_id_TCGA-CC-A8HT_2_2_cell_expansion_3_0_threshold_0_5.png,24454.70823825001,15414.602133358918,1.1872945173272007
../binary_PNG/binary_labels_mask_case_id_TCGA-YA-A8S7_1_1_cell_expansion_5_0_threshold_0_7.png,24187.938443192706,13140.186961790847,1.1928980464732108
../binary_PNG/binary_labels_mask_case_id_TCGA-K7-AAU7_3_2_cell_expansion_13_0_threshold_0_4.png,24366.170865450567,14683.233881228476,1.4043266086860204
../binary_PNG/binary_labels_mask_case_id_TCGA-YA-A8S7_3_4_cell_expansion_15_0_threshold_0_5.png,22366.370087630068,3634.2592333246916,0.0191804621513657
../binary_PNG/binary_labels_mask_case_id_TCGA-DD-AAED_0_4_cell_expansion_7_0_threshold_0_5.png,24590.98114224021,15463.090688339731,3.0624199807323507
../binary_PNG/binary_labels_mask_case_id_TCGA-G3-A7M6_1_2_cell_expansion_5_0_threshold_0_5.png,24890.60819273,18755.56190013072,3.5817847192565027
../binary_PNG/binary_labels_mask_case_id_TCGA-BC-A69I_4_0_cell_expansion_5_0_threshold_0_8.png,22874.338784277774,6260.3729336846045,0.18472556782466085
../binary_PNG/binary_labels_mask_case_id_TCGA-BC-A69I_2_1_cell_expansion_1_0_threshold_0_5.png,23096.80426119544,7531.030735401867,0.20276475584067866
../binary_PNG/binary_labels_mask_case_id_TCGA-K7-AAU7_1_1_cell_expansion_1_0_threshold_0_5.png,23324.08410652271,8572.517015042125,0.22738137160797217
../binary_PNG/binary_labels_mask_case_id_TCGA-CC-5261_1_1_cell_expansion_15_0_threshold_0_6.png,23836.47607159491,11449.236031751692,0.9011383197758801
../binary_PNG/binary_labels_mask_case_id_TCGA-DD-AAED_1_1_cell_expansion_7_0_threshold_0_5.png,24681.692712114826,16127.021244878226,3.6385761899181053
../binary_PNG/binary_labels_mask_case_id_TCGA-BC-A69I_0_1_cell_expansion_5_0_threshold_0_6.png,23973.48350268164,11959.259441084112,0.8830975372283315
../binary_PNG/binary_labels_mask_case_id_TCGA-YA-A8S7_0_4_cell_expansion_5_0_threshold_0_7.png,23977.57022098794,12034.031648019514,0.8203191893440459
../binary_PNG/binary_labels_mask_case_id_TCGA-CC-A3MA_1_1_cell_expansion_9_0_threshold_0_8.png,23784.65713911146,10640.35415008555,0.953911570068512
../binary_PNG/binary_labels_mask_case_id_TCGA-K7-AAU7_1_1_cell_expansion_5_0_threshold_0_7.png,22812.031483251976,5712.163507353977,0.1322670809940654
../binary_PNG/binary_labels_mask_case_id_TCGA-DD-AAED_0_4_cell_expansion_3_0_threshold_0_7.png,24044.52769305348,12324.050126992615,0.7894923038482742
../binary_PNG/binary_labels_mask_case_id_TCGA-BC-A69I_4_1_cell_expansion_1_0_threshold_0_6.png,22848.97450075181,6074.546809792504,0.14134380912871466
../binary_PNG/binary_labels_mask_case_id_TCGA-CC-A1HT_0_0_cell_expansion_5_0_threshold_0_8.png,22295.564725834272,3345.9127204795473,0.0
../binary_PNG/binary_labels_mask_case_id_TCGA-CC-5261_4_1_cell_expansion_1_0_threshold_0_6.png,23848.68130500317,11630.700155522689,0.499986037382581
../binary_PNG/binary_labels_mask_case_id_TCGA-DD-AAED_2_0_cell_expansion_9_0_threshold_0_6.png,24397.500539379194,14544.540337269695,2.430683884938473
../binary_PNG/binary_labels_mask_case_id_TCGA-CC-5261_3_0_cell_expansion_15_0_threshold_0_4.png,24705.468522212534,16484.776885771847,3.6974512425634383
../binary_PNG/binary_labels_mask_case_id_TCGA-CC-5261_3_2_cell_expansion_7_0_threshold_0_8.png,24002.64612844338,11793.495334344549,1.020285951153812
../binary_PNG/binary_labels_mask_case_id_TCGA-YA-A8S7_1_4_cell_expansion_9_0_threshold_0_8.png,22355.17664978893,3590.901340595223,0.01426143726375543
../binary_PNG/binary_labels_mask_case_id_TCGA-CC-5261_2_3_cell_expansion_15_0_threshold_0_5.png,24789.83091685751,17060.734996348318,5.631485781552272
../binary_PNG/binary_labels_mask_case_id_TCGA-CC-A3MA_2_1_cell_expansion_5_0_threshold_0_6.png,24594.42230073756,15945.950325300908,2.4142002354715704
../binary_PNG/binary_labels_mask_case_id_TCGA-CC-5261_1_3_cell_expansion_5_0_threshold_0_4.png,24618.62409437933,16188.75274476651,2.4208141708858166
../binary_PNG/binary_labels_mask_case_id_TCGA-G3-A7M6_4_3_cell_expansion_11_0_threshold_0_4.png,24471.397977090684,15011.6540542051,2.0491842613598834
../binary_PNG/binary_labels_mask_case_id_TCGA-CC-A1HT_3_3_cell_expansion_5_0_threshold_0_7.png,24523.509202701392,15119.087503659795,2.7130167727409633
../binary_PNG/binary_labels_mask_case_id_TCGA-G3-A5SK_2_2_cell_expansion_1_0_threshold_0_5.png,23359.189131673244,8847.026802185519,0.25967662773550637
../binary_PNG/binary_labels_mask_case_id_TCGA-G3-A5SK_0_2_cell_expansion_1_0_threshold_0_4.png,23126.320327842357,7568.1719827036695,0.19554237305201394
../binary_PNG/binary_labels_mask_case_id_TCGA-DD-AAED_0_2_cell_expansion_13_0_threshold_0_4.png,24706.192837165912,16701.78516331612,5.842803846037186
../binary_PNG/binary_labels_mask_case_id_TCGA-CC-A3MA_0_1_cell_expansion_15_0_threshold_0_6.png,23313.812258004917,8452.470929807401,0.492763481336842
../binary_PNG/binary_labels_mask_case_id_TCGA-CC-A1HT_4_0_cell_expansion_1_0_threshold_0_8.png,22535.32831552812,4558.158023812022,0.05267746678067909
../binary_PNG/binary_labels_mask_case_id_TCGA-CC-A8HT_3_4_cell_expansion_9_0_threshold_0_7.png,23682.03343288463,10278.83137925535,0.6643739759064589
../binary_PNG/binary_labels_mask_case_id_TCGA-K7-AAU7_1_3_cell_expansion_11_0_threshold_0_7.png,22506.475532548262,4273.8928298218325,0.05146657786078747
../binary_PNG/binary_labels_mask_case_id_TCGA-G3-A5SK_1_3_cell_expansion_11_0_threshold_0_6.png,24332.142334670465,14184.514541993909,1.621934254185383
../binary_PNG/binary_labels_mask_case_id_TCGA-G3-A5SK_3_0_cell_expansion_7_0_threshold_0_4.png,24638.86008731926,16256.747648454275,2.764084424793526
../binary_PNG/binary_labels_mask_case_id_TCGA-YA-A8S7_0_2_cell_expansion_11_0_threshold_0_5.png,24705.61053735368,16370.078144192988,4.26484888687172
../binary_PNG/binary_labels_mask_case_id_TCGA-G3-A7M6_2_3_cell_expansion_9_0_threshold_0_7.png,24184.22973661125,12980.839348631102,1.2520113443311762
../binary_PNG/binary_labels_mask_case_id_TCGA-DD-AAED_2_0_cell_expansion_11_0_threshold_0_6.png,24420.32153760208,14669.998094196711,2.5828411435214376
../binary_PNG/binary_labels_mask_case_id_TCGA-K7-AAU7_1_3_cell_expansion_13_0_threshold_0_6.png,22912.616589521465,6187.228367421732,0.1634609487536946
../binary_PNG/binary_labels_mask_case_id_TCGA-DD-AAED_3_3_cell_expansion_13_0_threshold_0_6.png,24796.706232814427,17199.62908691906,5.976775049767751
../binary_PNG/binary_labels_mask_case_id_TCGA-CC-5261_4_1_cell_expansion_7_0_threshold_0_5.png,24779.660061854825,17262.856097039148,5.4917026596953855
../binary_PNG/binary_labels_mask_case_id_TCGA-YA-A8S7_1_1_cell_expansion_13_0_threshold_0_5.png,24739.30047719536,16682.422684001802,4.836828008319098
../binary_PNG/binary_labels_mask_case_id_TCGA-CC-5261_1_4_cell_expansion_7_0_threshold_0_7.png,24340.1114941781,14173.452524224775,1.8584136838770986
../binary_PNG/binary_labels_mask_case_id_TCGA-CC-A3MA_4_0_cell_expansion_7_0_threshold_0_8.png,23431.613096904654,8736.79879522524,0.4400745795949257
../binary_PNG/binary_labels_mask_case_id_TCGA-G3-A5SK_3_0_cell_expansion_5_0_threshold_0_5.png,24512.623115354385,15512.232379275283,1.935807944365497
../binary_PNG/binary_labels_mask_case_id_TCGA-CC-A8HT_0_2_cell_expansion_11_0_threshold_0_7.png,24019.362316163155,11770.071035540808,1.0998526568766795
../binary_PNG/binary_labels_mask_case_id_TCGA-CC-A8HT_4_1_cell_expansion_9_0_threshold_0_4.png,24451.740424438016,15015.33053206241,1.8269237503063893
../binary_PNG/binary_labels_mask_case_id_TCGA-G3-A5SK_0_4_cell_expansion_15_0_threshold_0_4.png,24307.19367557769,13822.254008648191,1.5201370377678853
../binary_PNG/binary_labels_mask_case_id_TCGA-CC-A3MA_0_1_cell_expansion_11_0_threshold_0_4.png,23434.199576267973,9214.00753596919,0.5867432559984582
../binary_PNG/binary_labels_mask_case_id_TCGA-CC-5261_0_0_cell_expansion_9_0_threshold_0_7.png,24572.07069341811,15702.625314461806,3.566246697620265
../binary_PNG/binary_labels_mask_case_id_TCGA-G3-A5SK_0_4_cell_expansion_9_0_threshold_0_5.png,24287.9147307874,13629.720262845545,1.4763159855047696
../binary_PNG/binary_labels_mask_case_id_TCGA-YA-A8S7_4_1_cell_expansion_7_0_threshold_0_6.png,24701.461520494267,16640.925873261913,3.277073761037684
../binary_PNG/binary_labels_mask_case_id_TCGA-K7-AAU7_1_3_cell_expansion_7_0_threshold_0_6.png,22895.491271811465,6120.5978861814965,0.15921679703446423
../binary_PNG/binary_labels_mask_case_id_TCGA-DD-AAED_3_3_cell_expansion_5_0_threshold_0_5.png,24783.4238856295,17169.90106673647,3.617375389630816
../binary_PNG/binary_labels_mask_case_id_TCGA-YA-A8S7_3_3_cell_expansion_1_0_threshold_0_4.png,22420.862210136787,3960.058638566922,0.02211216946517975
../binary_PNG/binary_labels_mask_case_id_TCGA-YA-A8S7_4_3_cell_expansion_11_0_threshold_0_7.png,22295.564725834272,3345.9127204795473,0.0
../binary_PNG/binary_labels_mask_case_id_TCGA-CC-A8HT_4_3_cell_expansion_13_0_threshold_0_4.png,24533.94715762016,15395.171323738257,2.371422166762559
../binary_PNG/binary_labels_mask_case_id_TCGA-BC-A69I_3_0_cell_expansion_15_0_threshold_0_8.png,23752.61877438549,10321.150835834796,0.7308786499164484
../binary_PNG/binary_labels_mask_case_id_TCGA-YA-A8S7_1_3_cell_expansion_1_0_threshold_0_5.png,23531.365783664754,9733.151851542492,0.3616217992783817
../binary_PNG/binary_labels_mask_case_id_TCGA-DD-AAED_1_2_cell_expansion_5_0_threshold_0_8.png,23885.18479289215,11183.865302840384,0.8163683807539365
../binary_PNG/binary_labels_mask_case_id_TCGA-BC-A69I_1_0_cell_expansion_5_0_threshold_0_8.png,23193.03772266944,7626.755767814502,0.3053728098687872
../binary_PNG/binary_labels_mask_case_id_TCGA-CC-A3MA_2_0_cell_expansion_9_0_threshold_0_7.png,24427.84112820123,14405.123722902445,2.565726397246049
../binary_PNG/binary_labels_mask_case_id_TCGA-K7-AAU7_0_0_cell_expansion_7_0_threshold_0_8.png,22295.564725834272,3345.9127204795473,0.0
../binary_PNG/binary_labels_mask_case_id_TCGA-BC-A69I_0_4_cell_expansion_13_0_threshold_0_6.png,24547.28017674192,15073.219657001891,2.4601524973041857
../binary_PNG/binary_labels_mask_case_id_TCGA-YA-A8S7_1_4_cell_expansion_5_0_threshold_0_5.png,22476.10958397805,4179.473500607105,0.0418198834201664
../binary_PNG/binary_labels_mask_case_id_TCGA-K7-AAU7_0_1_cell_expansion_7_0_threshold_0_4.png,23354.578969136943,8705.448866794588,0.37299075574655083
../binary_PNG/binary_labels_mask_case_id_TCGA-CC-A8HT_4_3_cell_expansion_11_0_threshold_0_5.png,24424.294202876383,14542.910571309514,1.8945876695402926
../binary_PNG/binary_labels_mask_case_id_TCGA-CC-A8HT_0_0_cell_expansion_5_0_threshold_0_7.png,24280.310939130755,13928.1080179566,1.3150564601864356
../binary_PNG/binary_labels_mask_case_id_TCGA-CC-A8HT_4_0_cell_expansion_5_0_threshold_0_5.png,24334.87372416459,14122.569098259788,1.4209636190766444
../binary_PNG/binary_labels_mask_case_id_TCGA-DD-AAED_0_1_cell_expansion_1_0_threshold_0_4.png,23721.14066899941,10779.09866929605,0.4357116083059842
../binary_PNG/binary_labels_mask_case_id_TCGA-DD-AAED_1_3_cell_expansion_3_0_threshold_0_7.png,24081.2236542753,12607.826144306662,0.795997067180202
../binary_PNG/binary_labels_mask_case_id_TCGA-K7-AAU7_2_1_cell_expansion_3_0_threshold_0_7.png,22598.96986934333,4812.597461167143,0.07982845074833206
../binary_PNG/binary_labels_mask_case_id_TCGA-YA-A8S7_0_1_cell_expansion_5_0_threshold_0_5.png,24586.22188374364,15925.089206564044,2.041856837405699
../binary_PNG/binary_labels_mask_case_id_TCGA-G3-A7M6_3_3_cell_expansion_15_0_threshold_0_6.png,24425.53056128268,14373.791820084014,1.7299258598193112
../binary_PNG/binary_labels_mask_case_id_TCGA-G3-A5SK_4_1_cell_expansion_15_0_threshold_0_7.png,24250.002635517958,13317.918683085449,1.458471413237145
../binary_PNG/binary_labels_mask_case_id_TCGA-CC-A8HT_1_2_cell_expansion_1_0_threshold_0_7.png,22891.131120139733,6434.6249991693885,0.140071365510982
../binary_PNG/binary_labels_mask_case_id_TCGA-K7-AAU7_0_1_cell_expansion_1_0_threshold_0_7.png,22405.876821797232,3912.32491533974,0.021334082246160544
../binary_PNG/binary_labels_mask_case_id_TCGA-CC-A8HT_4_1_cell_expansion_7_0_threshold_0_8.png,22736.344150933262,5413.956054277325,0.142192626233075
../binary_PNG/binary_labels_mask_case_id_TCGA-CC-A8HT_2_0_cell_expansion_3_0_threshold_0_5.png,24327.324667787583,14408.317555408083,1.0309722722362262
../binary_PNG/binary_labels_mask_case_id_TCGA-G3-A7M6_1_1_cell_expansion_13_0_threshold_0_6.png,24450.06764386626,14918.375994266165,1.8481001297003745
../binary_PNG/binary_labels_mask_case_id_TCGA-CC-A1HT_2_4_cell_expansion_15_0_threshold_0_6.png,24768.4204069068,16706.095329494237,9.876968916788405
../binary_PNG/binary_labels_mask_case_id_TCGA-YA-A8S7_3_3_cell_expansion_7_0_threshold_0_7.png,22645.717528993657,5024.853358457916,0.09016864722208968
../binary_PNG/binary_labels_mask_case_id_TCGA-CC-A8HT_1_2_cell_expansion_3_0_threshold_0_6.png,23781.123103645245,11218.66083168115,0.5748213320898596
../binary_PNG/binary_labels_mask_case_id_TCGA-CC-A8HT_0_0_cell_expansion_1_0_threshold_0_5.png,23793.145273106908,11295.566461208271,0.446034980395877
../binary_PNG/binary_labels_mask_case_id_TCGA-YA-A8S7_2_1_cell_expansion_5_0_threshold_0_4.png,24453.003010197,14772.002275369348,2.0117085666658676
../binary_PNG/binary_labels_mask_case_id_TCGA-YA-A8S7_1_4_cell_expansion_1_0_threshold_0_7.png,22324.399188636828,3474.6966524015465,0.00468137346345242
../binary_PNG/binary_labels_mask_case_id_TCGA-CC-A3MA_4_0_cell_expansion_15_0_threshold_0_4.png,24911.566762127924,18363.436687810325,8.547989964655924
../binary_PNG/binary_labels_mask_case_id_TCGA-BC-A69I_3_2_cell_expansion_13_0_threshold_0_4.png,24357.873786646327,13975.423056134387,2.0164661931605465
../binary_PNG/binary_labels_mask_case_id_TCGA-G3-A7M6_1_3_cell_expansion_9_0_threshold_0_4.png,24659.776552595453,16163.427917226285,2.622962237807129
../binary_PNG/binary_labels_mask_case_id_TCGA-CC-A1HT_1_1_cell_expansion_3_0_threshold_0_5.png,23855.996330829214,11516.237059072442,0.579589573322336
../binary_PNG/binary_labels_mask_case_id_TCGA-CC-A1HT_4_4_cell_expansion_3_0_threshold_0_7.png,23202.550574919533,7876.187676037421,0.29982438918854226
../binary_PNG/binary_labels_mask_case_id_TCGA-CC-5261_4_2_cell_expansion_5_0_threshold_0_8.png,23895.059142158087,11304.80620065916,0.7297093043288502
../binary_PNG/binary_labels_mask_case_id_TCGA-CC-A1HT_3_1_cell_expansion_1_0_threshold_0_5.png,23116.987890023105,7520.7447239744,0.20004883170933324
../binary_PNG/binary_labels_mask_case_id_TCGA-CC-A3MA_4_3_cell_expansion_5_0_threshold_0_5.png,24718.23200494986,16719.51992145845,3.206198541256488
../binary_PNG/binary_labels_mask_case_id_TCGA-G3-A7M6_3_0_cell_expansion_13_0_threshold_0_4.png,24672.060026517374,16215.805382502887,2.954923025611319
../binary_PNG/binary_labels_mask_case_id_TCGA-YA-A8S7_4_0_cell_expansion_13_0_threshold_0_7.png,24519.473847630732,15166.37476305444,2.446802739746901
../binary_PNG/binary_labels_mask_case_id_TCGA-CC-A1HT_4_4_cell_expansion_1_0_threshold_0_6.png,23100.21216734857,7438.929937908998,0.21637954336680024
../binary_PNG/binary_labels_mask_case_id_TCGA-G3-A7M6_2_3_cell_expansion_13_0_threshold_0_5.png,24540.329275528544,15454.238697862198,2.1126222641374155
../binary_PNG/binary_labels_mask_case_id_TCGA-BC-A69I_2_1_cell_expansion_11_0_threshold_0_4.png,24357.301528482796,14141.247706371734,1.9507708486201634
../binary_PNG/binary_labels_mask_case_id_TCGA-CC-A1HT_0_2_cell_expansion_5_0_threshold_0_8.png,22354.41768650095,3640.5283532026924,0.01611199047854231
../binary_PNG/binary_labels_mask_case_id_TCGA-CC-A3MA_3_1_cell_expansion_7_0_threshold_0_5.png,24840.01790784859,17892.83065650392,4.846341974704773
../binary_PNG/binary_labels_mask_case_id_TCGA-CC-A1HT_3_0_cell_expansion_11_0_threshold_0_5.png,24801.540305581766,17506.253824506704,3.4857196826596146
../binary_PNG/binary_labels_mask_case_id_TCGA-CC-A8HT_3_1_cell_expansion_9_0_threshold_0_5.png,24334.73540770185,13945.217575232342,1.4628906505358303
../binary_PNG/binary_labels_mask_case_id_TCGA-CC-A1HT_0_0_cell_expansion_13_0_threshold_0_8.png,22295.564725834272,3345.9127204795473,0.0
../binary_PNG/binary_labels_mask_case_id_TCGA-CC-A8HT_1_0_cell_expansion_9_0_threshold_0_8.png,22739.162706481056,5333.85918761413,0.14648855470026442
../binary_PNG/binary_labels_mask_case_id_TCGA-CC-A3MA_2_4_cell_expansion_3_0_threshold_0_7.png,23990.438000944927,12059.170688443322,0.7757245552626628
../binary_PNG/binary_labels_mask_case_id_TCGA-YA-A8S7_4_1_cell_expansion_11_0_threshold_0_8.png,23199.674417676193,7517.449026547865,0.3213188795388618
../binary_PNG/binary_labels_mask_case_id_TCGA-BC-A69I_3_3_cell_expansion_9_0_threshold_0_8.png,23989.417278701967,11529.175630515563,1.073515016879456
../binary_PNG/binary_labels_mask_case_id_TCGA-K7-AAU7_3_0_cell_expansion_9_0_threshold_0_7.png,23223.16563290989,7897.580909177913,0.33842111211238873
../binary_PNG/binary_labels_mask_case_id_TCGA-G3-A5SK_2_0_cell_expansion_3_0_threshold_0_4.png,24049.129618525683,12866.174285114936,0.7620887588153098
../binary_PNG/binary_labels_mask_case_id_TCGA-CC-A3MA_0_4_cell_expansion_1_0_threshold_0_7.png,22714.47873178828,5384.995279721774,0.08654393339339142
../binary_PNG/binary_labels_mask_case_id_TCGA-G3-A5SK_0_1_cell_expansion_5_0_threshold_0_6.png,24310.69941986551,14078.936850698265,1.1940719315870911
../binary_PNG/binary_labels_mask_case_id_TCGA-K7-AAU7_4_3_cell_expansion_15_0_threshold_0_5.png,24699.52658904248,16803.235430703517,2.522132840729669
../binary_PNG/binary_labels_mask_case_id_TCGA-CC-A1HT_0_0_cell_expansion_15_0_threshold_0_7.png,23064.328041273788,6987.448047944502,0.2481685037342688
../binary_PNG/binary_labels_mask_case_id_TCGA-CC-5261_4_2_cell_expansion_11_0_threshold_0_5.png,24834.73697346155,17732.66823800973,4.660655220110657
../binary_PNG/binary_labels_mask_case_id_TCGA-CC-A1HT_3_4_cell_expansion_11_0_threshold_0_8.png,23122.08984501041,7344.803327167212,0.3195345839260313
../binary_PNG/binary_labels_mask_case_id_TCGA-G3-A5SK_1_3_cell_expansion_5_0_threshold_0_4.png,24257.323259586174,13790.83078704498,1.2085964766291553
../binary_PNG/binary_labels_mask_case_id_TCGA-CC-A1HT_4_2_cell_expansion_7_0_threshold_0_7.png,24301.730266546845,13649.911447833312,1.6492237652836967
../binary_PNG/binary_labels_mask_case_id_TCGA-CC-A8HT_0_4_cell_expansion_9_0_threshold_0_8.png,22921.33579308934,6326.264286944362,0.23319878954319248
../binary_PNG/binary_labels_mask_case_id_TCGA-CC-5261_4_4_cell_expansion_1_0_threshold_0_8.png,23108.989182436602,7414.512101678065,0.20707216435352166
../binary_PNG/binary_labels_mask_case_id_TCGA-G3-A5SK_0_1_cell_expansion_1_0_threshold_0_4.png,23370.49596751915,8922.017222248143,0.2584013199803208
../binary_PNG/binary_labels_mask_case_id_TCGA-CC-A3MA_4_2_cell_expansion_13_0_threshold_0_4.png,24054.540092541563,12716.037154888294,1.062682233069982
../binary_PNG/binary_labels_mask_case_id_TCGA-CC-A8HT_4_4_cell_expansion_13_0_threshold_0_8.png,22857.97599829837,5868.171378034764,0.18366378971116765
../binary_PNG/binary_labels_mask_case_id_TCGA-CC-A3MA_0_2_cell_expansion_5_0_threshold_0_7.png,24551.5851287738,15523.972372081782,2.253837966007823
../binary_PNG/binary_labels_mask_case_id_TCGA-G3-A7M6_1_3_cell_expansion_15_0_threshold_0_6.png,24562.012067851465,15524.36357572982,2.2518520759239493
../binary_PNG/binary_labels_mask_case_id_TCGA-CC-5261_4_2_cell_expansion_15_0_threshold_0_7.png,24723.651751493908,16630.7974618959,3.4158787250886986
../binary_PNG/binary_labels_mask_case_id_TCGA-CC-A1HT_3_0_cell_expansion_7_0_threshold_0_6.png,24557.3442695337,15680.83478695271,2.052001655871037
../binary_PNG/binary_labels_mask_case_id_TCGA-YA-A8S7_4_1_cell_expansion_13_0_threshold_0_5.png,24759.167143872808,17104.647945583718,3.8665913662718774
../binary_PNG/binary_labels_mask_case_id_TCGA-CC-A3MA_1_0_cell_expansion_5_0_threshold_0_5.png,24786.094914806126,17107.332752020673,5.491758700268763
../binary_PNG/binary_labels_mask_case_id_TCGA-CC-A1HT_0_4_cell_expansion_1_0_threshold_0_8.png,22374.668111933188,3738.1499092245226,0.014977029440506813
../binary_PNG/binary_labels_mask_case_id_TCGA-BC-A69I_1_3_cell_expansion_9_0_threshold_0_5.png,24541.17786079616,15122.422545921956,2.930981018605525
../binary_PNG/binary_labels_mask_case_id_TCGA-DD-AAED_1_1_cell_expansion_9_0_threshold_0_5.png,24709.924593618343,16274.03582394236,5.200845468388388
../binary_PNG/binary_labels_mask_case_id_TCGA-CC-A1HT_4_2_cell_expansion_3_0_threshold_0_5.png,24273.90110837288,13899.530376883633,1.1276480117542902
../binary_PNG/binary_labels_mask_case_id_TCGA-BC-A69I_1_1_cell_expansion_15_0_threshold_0_6.png,24244.174176492194,13257.176632915149,1.5121145937819018
../binary_PNG/binary_labels_mask_case_id_TCGA-CC-A1HT_3_3_cell_expansion_9_0_threshold_0_6.png,24692.68743451672,16246.686736328014,8.901568185109921
../binary_PNG/binary_labels_mask_case_id_TCGA-G3-A7M6_2_2_cell_expansion_1_0_threshold_0_8.png,22675.947294111407,5271.85066202434,0.08335741594607161
../binary_PNG/binary_labels_mask_case_id_TCGA-G3-A5SK_4_2_cell_expansion_9_0_threshold_0_5.png,24395.288307127,14265.951968680934,1.8172652095836799
../binary_PNG/binary_labels_mask_case_id_TCGA-CC-A1HT_3_2_cell_expansion_11_0_threshold_0_6.png,24682.526835886463,15971.922165064369,8.674983596292977
../binary_PNG/binary_labels_mask_case_id_TCGA-BC-A69I_3_4_cell_expansion_11_0_threshold_0_7.png,24311.557877676663,13806.095209235411,1.8637402225488777
../binary_PNG/binary_labels_mask_case_id_TCGA-G3-A5SK_4_0_cell_expansion_15_0_threshold_0_5.png,24312.501274546466,13631.20830682918,1.4972675115592509
../binary_PNG/binary_labels_mask_case_id_TCGA-CC-A1HT_0_1_cell_expansion_9_0_threshold_0_5.png,24875.29617574625,18136.001331551022,3.880007172004986
../binary_PNG/binary_labels_mask_case_id_TCGA-G3-A5SK_4_1_cell_expansion_13_0_threshold_0_8.png,23636.715595668145,9772.765668760974,0.6275335479807727
../binary_PNG/binary_labels_mask_case_id_TCGA-CC-A8HT_1_3_cell_expansion_7_0_threshold_0_4.png,24666.75196797711,16428.951532500112,3.038234278032653
../binary_PNG/binary_labels_mask_case_id_TCGA-CC-A1HT_2_0_cell_expansion_9_0_threshold_0_8.png,22339.230536879662,3582.8544309236167,0.013918438999134395
../binary_PNG/binary_labels_mask_case_id_TCGA-BC-A69I_2_2_cell_expansion_13_0_threshold_0_8.png,23608.759812925968,9501.697451671851,0.6085479665371132
../binary_PNG/binary_labels_mask_case_id_TCGA-CC-A8HT_2_1_cell_expansion_5_0_threshold_0_6.png,24611.478131795368,16006.034170715424,2.1232263109755256
../binary_PNG/binary_labels_mask_case_id_TCGA-G3-A7M6_2_3_cell_expansion_3_0_threshold_0_5.png,23944.41023067592,12057.321252571928,0.6292068825659656
../binary_PNG/binary_labels_mask_case_id_TCGA-K7-AAU7_2_0_cell_expansion_7_0_threshold_0_5.png,22688.89351330369,5154.680103519679,0.10166944111370103
../binary_PNG/binary_labels_mask_case_id_TCGA-CC-A8HT_1_4_cell_expansion_1_0_threshold_0_5.png,23521.67961446277,9555.946158764136,0.32196229015497285
../binary_PNG/binary_labels_mask_case_id_TCGA-DD-AAED_1_2_cell_expansion_7_0_threshold_0_5.png,24646.684711237882,16080.67435839633,3.485347096856286
../binary_PNG/binary_labels_mask_case_id_TCGA-BC-A69I_0_2_cell_expansion_5_0_threshold_0_6.png,23463.41524688599,9270.49580356066,0.47341408053848866
../binary_PNG/binary_labels_mask_case_id_TCGA-G3-A7M6_0_3_cell_expansion_13_0_threshold_0_5.png,24560.829270751183,15387.137750770058,2.3023466733761846
../binary_PNG/binary_labels_mask_case_id_TCGA-BC-A69I_4_2_cell_expansion_3_0_threshold_0_7.png,23282.221749159948,8200.037952847239,0.2927472734013591
../binary_PNG/binary_labels_mask_case_id_TCGA-G3-A7M6_0_3_cell_expansion_1_0_threshold_0_5.png,23140.50444583557,7612.922062759571,0.19964884759517995
../binary_PNG/binary_labels_mask_case_id_TCGA-CC-A8HT_4_1_cell_expansion_7_0_threshold_0_4.png,24429.934601020384,14864.600000401562,1.7255518298674788
../binary_PNG/binary_labels_mask_case_id_TCGA-BC-A69I_4_3_cell_expansion_5_0_threshold_0_8.png,22798.31906875164,5759.2290740396265,0.13965792121821996
../binary_PNG/binary_labels_mask_case_id_TCGA-CC-A1HT_2_0_cell_expansion_13_0_threshold_0_8.png,22339.230536879662,3582.8544309236167,0.013918438999134395
../binary_PNG/binary_labels_mask_case_id_TCGA-CC-A1HT_1_0_cell_expansion_11_0_threshold_0_5.png,24512.20499727021,15510.830962795231,1.9547747183734092
../binary_PNG/binary_labels_mask_case_id_TCGA-CC-A8HT_3_3_cell_expansion_3_0_threshold_0_7.png,23326.21941864063,8545.913386863838,0.29824099016020245
../binary_PNG/binary_labels_mask_case_id_TCGA-CC-A8HT_2_1_cell_expansion_1_0_threshold_0_4.png,23783.750087546192,11273.924749457889,0.44220272923138365
../binary_PNG/binary_labels_mask_case_id_TCGA-YA-A8S7_0_0_cell_expansion_5_0_threshold_0_5.png,24406.389929233042,14677.487150576282,1.5478805545824919
../binary_PNG/binary_labels_mask_case_id_TCGA-G3-A5SK_4_0_cell_expansion_13_0_threshold_0_6.png,24276.836295177367,13449.255932774162,1.428108317547787
../binary_PNG/binary_labels_mask_case_id_TCGA-CC-A8HT_0_0_cell_expansion_3_0_threshold_0_8.png,22724.094252919647,5382.7681960102445,0.10929594252126393
../binary_PNG/binary_labels_mask_case_id_TCGA-G3-A7M6_4_4_cell_expansion_7_0_threshold_0_6.png,24321.779480699926,13693.453097061014,1.4423651256049184
../binary_PNG/binary_labels_mask_case_id_TCGA-BC-A69I_0_4_cell_expansion_5_0_threshold_0_8.png,23311.85034171524,8161.156214754566,0.3537895168327085
../binary_PNG/binary_labels_mask_case_id_TCGA-YA-A8S7_2_0_cell_expansion_7_0_threshold_0_5.png,24797.17471476868,17473.994454963096,4.921321843292881
../binary_PNG/binary_labels_mask_case_id_TCGA-CC-A8HT_0_1_cell_expansion_3_0_threshold_0_4.png,24432.04947478688,14951.172837104485,1.1721825413222149
../binary_PNG/binary_labels_mask_case_id_TCGA-BC-A69I_2_3_cell_expansion_3_0_threshold_0_8.png,23153.505303562783,7386.448157472698,0.24390893451842702
../binary_PNG/binary_labels_mask_case_id_TCGA-BC-A69I_2_2_cell_expansion_3_0_threshold_0_4.png,23860.598277294746,11256.504771053224,0.624368811872277
../binary_PNG/binary_labels_mask_case_id_TCGA-DD-AAED_2_4_cell_expansion_13_0_threshold_0_8.png,24199.58257855325,12803.358693270036,1.6597422318215902
../binary_PNG/binary_labels_mask_case_id_TCGA-YA-A8S7_0_3_cell_expansion_13_0_threshold_0_4.png,24800.22606521008,17322.698219475213,5.112697674921362
../binary_PNG/binary_labels_mask_case_id_TCGA-BC-A69I_4_4_cell_expansion_9_0_threshold_0_5.png,24601.061411413568,15684.897207432727,3.14490045637939
../binary_PNG/binary_labels_mask_case_id_TCGA-CC-A3MA_0_1_cell_expansion_7_0_threshold_0_8.png,22651.162834634237,4948.054865836151,0.10656620602312603
../binary_PNG/binary_labels_mask_case_id_TCGA-YA-A8S7_4_0_cell_expansion_9_0_threshold_0_8.png,23102.51862631665,7157.419823412239,0.2811468845469405
../binary_PNG/binary_labels_mask_case_id_TCGA-YA-A8S7_1_4_cell_expansion_9_0_threshold_0_6.png,22430.501223560517,3938.0238721903747,0.030826131576596857
../binary_PNG/binary_labels_mask_case_id_TCGA-CC-5261_4_0_cell_expansion_1_0_threshold_0_4.png,23813.01570817136,11434.506219637406,0.45018266836399634
../binary_PNG/binary_labels_mask_case_id_TCGA-CC-A1HT_1_2_cell_expansion_7_0_threshold_0_5.png,24454.00323257879,14828.266368789682,1.8092548386735254
../binary_PNG/binary_labels_mask_case_id_TCGA-CC-A3MA_3_0_cell_expansion_11_0_threshold_0_8.png,22295.564725834272,3345.9127204795473,0.0
../binary_PNG/binary_labels_mask_case_id_TCGA-CC-5261_2_1_cell_expansion_7_0_threshold_0_8.png,23630.44008331214,9849.084604398393,0.6460843164709633
../binary_PNG/binary_labels_mask_case_id_TCGA-G3-A5SK_2_4_cell_expansion_7_0_threshold_0_6.png,24634.129449020733,15976.863436447842,2.418933593879977
../binary_PNG/binary_labels_mask_case_id_TCGA-CC-5261_0_0_cell_expansion_15_0_threshold_0_6.png,24714.663017214145,16620.13595910209,4.73352538071066
../binary_PNG/binary_labels_mask_case_id_TCGA-K7-AAU7_3_1_cell_expansion_15_0_threshold_0_8.png,22295.564725834272,3345.9127204795473,0.0
../binary_PNG/binary_labels_mask_case_id_TCGA-CC-A3MA_3_1_cell_expansion_11_0_threshold_0_6.png,24756.44637554125,17081.427010837506,3.726355761988451
../binary_PNG/binary_labels_mask_case_id_TCGA-CC-5261_3_4_cell_expansion_7_0_threshold_0_8.png,23717.99703651165,10203.165844961552,0.6821169122443327
../binary_PNG/binary_labels_mask_case_id_TCGA-CC-A8HT_0_2_cell_expansion_13_0_threshold_0_8.png,22893.75995381425,6181.872383045098,0.19924813229129346
../binary_PNG/binary_labels_mask_case_id_TCGA-CC-A8HT_1_0_cell_expansion_15_0_threshold_0_4.png,24795.02679459213,17441.700514878736,4.617637757630238
../binary_PNG/binary_labels_mask_case_id_TCGA-G3-A5SK_2_3_cell_expansion_13_0_threshold_0_5.png,24487.556984437142,15233.811826104817,2.1309471931163695
../binary_PNG/binary_labels_mask_case_id_TCGA-DD-AAED_4_1_cell_expansion_9_0_threshold_0_7.png,24589.010219225267,15446.597569531434,4.365000095123946
../binary_PNG/binary_labels_mask_case_id_TCGA-CC-A1HT_1_2_cell_expansion_3_0_threshold_0_7.png,23368.34876401935,8624.88057956122,0.33356367226061207
../binary_PNG/binary_labels_mask_case_id_TCGA-CC-A1HT_0_0_cell_expansion_1_0_threshold_0_4.png,23296.988356891154,8519.633467646996,0.2390589990483582
../binary_PNG/binary_labels_mask_case_id_TCGA-DD-AAED_0_3_cell_expansion_13_0_threshold_0_4.png,24735.85242051275,16715.7791702678,4.752089463190262
../binary_PNG/binary_labels_mask_case_id_TCGA-CC-5261_3_2_cell_expansion_3_0_threshold_0_4.png,24343.96901985546,14468.125447960902,1.1701416974878716
../binary_PNG/binary_labels_mask_case_id_TCGA-CC-A1HT_2_0_cell_expansion_1_0_threshold_0_5.png,23008.612133742045,7043.0155548935945,0.1697122698298631
../binary_PNG/binary_labels_mask_case_id_TCGA-BC-A69I_4_1_cell_expansion_15_0_threshold_0_8.png,23160.241958695373,7259.661484306198,0.3772584169241392
../binary_PNG/binary_labels_mask_case_id_TCGA-YA-A8S7_0_1_cell_expansion_9_0_threshold_0_6.png,24590.491442320366,15705.018789669399,3.1667498659907567
../binary_PNG/binary_labels_mask_case_id_TCGA-G3-A5SK_2_2_cell_expansion_7_0_threshold_0_8.png,23827.927533283204,10858.834375308748,0.7333476754281499
../binary_PNG/binary_labels_mask_case_id_TCGA-YA-A8S7_0_3_cell_expansion_15_0_threshold_0_7.png,24492.478723720928,14944.730731162035,2.3004737649209686
../binary_PNG/binary_labels_mask_case_id_TCGA-BC-A69I_0_4_cell_expansion_9_0_threshold_0_7.png,24314.522905214042,13604.653054427175,1.7047521551724139
../binary_PNG/binary_labels_mask_case_id_TCGA-K7-AAU7_1_2_cell_expansion_15_0_threshold_0_5.png,24199.57771761743,13475.221725729058,1.0961429181600402
../binary_PNG/binary_labels_mask_case_id_TCGA-DD-AAED_3_4_cell_expansion_13_0_threshold_0_8.png,23819.85195861892,10976.696349995871,0.8559652536597782
../binary_PNG/binary_labels_mask_case_id_TCGA-CC-5261_0_4_cell_expansion_9_0_threshold_0_7.png,24381.012130542596,14532.20977658949,1.6703023138981647
../binary_PNG/binary_labels_mask_case_id_TCGA-G3-A7M6_0_1_cell_expansion_5_0_threshold_0_5.png,24272.413076506265,13812.195261523297,1.2878402310382504
../binary_PNG/binary_labels_mask_case_id_TCGA-CC-5261_2_1_cell_expansion_13_0_threshold_0_7.png,24343.764974152327,13987.266068094796,2.1603231482155967
../binary_PNG/binary_labels_mask_case_id_TCGA-K7-AAU7_4_3_cell_expansion_7_0_threshold_0_8.png,22718.530342957794,5333.159009020529,0.13336024274700933
../binary_PNG/binary_labels_mask_case_id_TCGA-CC-A8HT_0_4_cell_expansion_7_0_threshold_0_6.png,24486.2247436158,15028.30550364994,2.137928108747933
../binary_PNG/binary_labels_mask_case_id_TCGA-CC-5261_1_4_cell_expansion_11_0_threshold_0_5.png,24692.9350177726,16385.747928999568,3.3949080693989346
../binary_PNG/binary_labels_mask_case_id_TCGA-CC-A8HT_1_3_cell_expansion_13_0_threshold_0_6.png,24509.25186767717,15226.122580644838,2.4487722178654034
../binary_PNG/binary_labels_mask_case_id_TCGA-K7-AAU7_0_3_cell_expansion_3_0_threshold_0_8.png,22295.564725834272,3345.9127204795473,0.0
../binary_PNG/binary_labels_mask_case_id_TCGA-CC-A8HT_2_4_cell_expansion_7_0_threshold_0_7.png,23999.094046129347,11673.423892748579,0.854153345442292
../binary_PNG/binary_labels_mask_case_id_TCGA-BC-A69I_1_4_cell_expansion_5_0_threshold_0_8.png,22998.821855673526,6710.124414622818,0.2293030059304519
../binary_PNG/binary_labels_mask_case_id_TCGA-G3-A7M6_0_1_cell_expansion_7_0_threshold_0_4.png,24530.18051867812,15366.234393066277,2.1875128214922874
../binary_PNG/binary_labels_mask_case_id_TCGA-K7-AAU7_2_4_cell_expansion_5_0_threshold_0_8.png,22674.04715773252,5015.641774072059,0.10329512004758211
../binary_PNG/binary_labels_mask_case_id_TCGA-CC-A3MA_1_1_cell_expansion_15_0_threshold_0_8.png,23836.450260409747,10892.022045717973,1.053825655535079
../binary_PNG/binary_labels_mask_case_id_TCGA-CC-5261_3_2_cell_expansion_11_0_threshold_0_7.png,24518.07507760639,14943.800179931917,2.9265465821451477
../binary_PNG/binary_labels_mask_case_id_TCGA-CC-A8HT_0_0_cell_expansion_13_0_threshold_0_7.png,24510.18649494397,15225.128149752441,2.432390695438245
../binary_PNG/binary_labels_mask_case_id_TCGA-BC-A69I_1_3_cell_expansion_1_0_threshold_0_8.png,22652.82507410712,5083.9807054550565,0.07772673557920068
../binary_PNG/binary_labels_mask_case_id_TCGA-CC-A3MA_0_3_cell_expansion_9_0_threshold_0_4.png,24872.547822421093,17830.792715132367,17.465340699815837
../binary_PNG/binary_labels_mask_case_id_TCGA-CC-A8HT_0_0_cell_expansion_15_0_threshold_0_4.png,24873.705021639904,18044.61055141837,6.297583003390006
../binary_PNG/binary_labels_mask_case_id_TCGA-CC-A8HT_3_1_cell_expansion_11_0_threshold_0_4.png,24421.55176738375,14553.416908698391,1.677542617808985
../binary_PNG/binary_labels_mask_case_id_TCGA-G3-A7M6_4_1_cell_expansion_7_0_threshold_0_6.png,24335.287768395287,13959.790519736403,1.4827652952368384
../binary_PNG/binary_labels_mask_case_id_TCGA-G3-A5SK_0_3_cell_expansion_11_0_threshold_0_8.png,23476.828355504684,9198.981646087574,0.4946273674000884
../binary_PNG/binary_labels_mask_case_id_TCGA-K7-AAU7_4_2_cell_expansion_3_0_threshold_0_6.png,24005.31280438085,12540.299409812105,0.7199375261894785
../binary_PNG/binary_labels_mask_case_id_TCGA-YA-A8S7_0_4_cell_expansion_11_0_threshold_0_5.png,24639.92660558532,16239.659722008711,2.6289337234970995
../binary_PNG/binary_labels_mask_case_id_TCGA-YA-A8S7_1_0_cell_expansion_3_0_threshold_0_6.png,23715.097927659866,10524.749430442951,0.5283726662414461
../binary_PNG/binary_labels_mask_case_id_TCGA-DD-AAED_4_2_cell_expansion_1_0_threshold_0_4.png,23664.785330466148,10658.004282441509,0.4267625007510095
../binary_PNG/binary_labels_mask_case_id_TCGA-CC-5261_3_3_cell_expansion_13_0_threshold_0_8.png,24128.593812368734,12442.05095452775,1.310973551273946
../binary_PNG/binary_labels_mask_case_id_TCGA-BC-A69I_4_1_cell_expansion_1_0_threshold_0_8.png,22517.65411365252,4406.147177436299,0.0511625674797945
../binary_PNG/binary_labels_mask_case_id_TCGA-DD-AAED_3_0_cell_expansion_7_0_threshold_0_6.png,24671.493631284407,16166.814455498748,3.378075824335448
../binary_PNG/binary_labels_mask_case_id_TCGA-YA-A8S7_4_2_cell_expansion_5_0_threshold_0_5.png,23007.47413074123,6776.134241021322,0.2150656329550112
../binary_PNG/binary_labels_mask_case_id_TCGA-BC-A69I_3_2_cell_expansion_7_0_threshold_0_6.png,23876.621973939215,11178.59576224261,0.8701669801568583
../binary_PNG/binary_labels_mask_case_id_TCGA-G3-A7M6_3_4_cell_expansion_7_0_threshold_0_5.png,24703.091627300142,16641.043357423554,3.1687591984916783
../binary_PNG/binary_labels_mask_case_id_TCGA-CC-A3MA_2_4_cell_expansion_13_0_threshold_0_8.png,23842.521534242213,10839.412467015414,0.9682953067212484
../binary_PNG/binary_labels_mask_case_id_TCGA-YA-A8S7_2_2_cell_expansion_11_0_threshold_0_7.png,24188.55211918829,12622.404843597642,1.4824528479963828
../binary_PNG/binary_labels_mask_case_id_TCGA-G3-A5SK_2_0_cell_expansion_11_0_threshold_0_5.png,24584.064115156518,15931.549907384957,2.56213595145651
../binary_PNG/binary_labels_mask_case_id_TCGA-G3-A5SK_0_2_cell_expansion_15_0_threshold_0_4.png,24535.204873363786,15356.829538523993,1.954501284734318
../binary_PNG/binary_labels_mask_case_id_TCGA-YA-A8S7_0_4_cell_expansion_13_0_threshold_0_4.png,24683.908084052047,16664.35847927641,2.9187565398767905
../binary_PNG/binary_labels_mask_case_id_TCGA-CC-A1HT_3_0_cell_expansion_9_0_threshold_0_8.png,22780.391916293644,5516.29535202946,0.15247488032105783
../binary_PNG/binary_labels_mask_case_id_TCGA-K7-AAU7_1_4_cell_expansion_11_0_threshold_0_5.png,23589.84339987647,10200.419290816171,0.498875264585043
../binary_PNG/binary_labels_mask_case_id_TCGA-CC-A8HT_1_2_cell_expansion_15_0_threshold_0_7.png,23935.53328130858,11806.070945495494,0.9051545486328683
../binary_PNG/binary_labels_mask_case_id_TCGA-G3-A7M6_1_2_cell_expansion_5_0_threshold_0_7.png,24377.547310485013,14591.451243482848,1.2748210838361564
../binary_PNG/binary_labels_mask_case_id_TCGA-G3-A7M6_4_4_cell_expansion_15_0_threshold_0_4.png,24422.24903561498,14446.456161355078,1.7537337053647515
../binary_PNG/binary_labels_mask_case_id_TCGA-CC-A8HT_3_0_cell_expansion_11_0_threshold_0_6.png,24535.30612310984,15363.556882706602,2.6517505224292517
../binary_PNG/binary_labels_mask_case_id_TCGA-CC-A1HT_4_4_cell_expansion_13_0_threshold_0_7.png,23846.35193581501,11095.117539007186,1.0115519074493908
../binary_PNG/binary_labels_mask_case_id_TCGA-K7-AAU7_1_4_cell_expansion_13_0_threshold_0_4.png,23793.198234640717,11238.09318826073,0.6193283260371035
../binary_PNG/binary_labels_mask_case_id_TCGA-BC-A69I_1_4_cell_expansion_7_0_threshold_0_5.png,24237.12144722687,13604.158353206914,1.4140695129562029
../binary_PNG/binary_labels_mask_case_id_TCGA-DD-AAED_4_3_cell_expansion_7_0_threshold_0_7.png,24428.821353639083,14483.445147165774,2.0901243581086173
../binary_PNG/binary_labels_mask_case_id_TCGA-DD-AAED_2_4_cell_expansion_7_0_threshold_0_6.png,24674.36675795302,16113.605498180012,4.035307351848173
../binary_PNG/binary_labels_mask_case_id_TCGA-YA-A8S7_1_1_cell_expansion_7_0_threshold_0_4.png,24703.185958701368,16450.0956145995,3.7416748768472905
../binary_PNG/binary_labels_mask_case_id_TCGA-CC-5261_1_1_cell_expansion_11_0_threshold_0_6.png,23836.47607159491,11449.236031751692,0.9011383197758801
../binary_PNG/binary_labels_mask_case_id_TCGA-BC-A69I_4_0_cell_expansion_1_0_threshold_0_8.png,22557.248785717933,4718.834666311661,0.062033801440428506
../binary_PNG/binary_labels_mask_case_id_TCGA-BC-A69I_1_3_cell_expansion_5_0_threshold_0_6.png,24186.152533507622,12973.034295753552,1.1564730208066838
../binary_PNG/binary_labels_mask_case_id_TCGA-G3-A5SK_0_2_cell_expansion_15_0_threshold_0_8.png,23923.50870533143,11541.104940873583,0.9320313269417694
../binary_PNG/binary_labels_mask_case_id_TCGA-DD-AAED_2_3_cell_expansion_13_0_threshold_0_4.png,24602.27100751696,15619.148515386667,3.4604540718376997
../binary_PNG/binary_labels_mask_case_id_TCGA-CC-A8HT_3_0_cell_expansion_5_0_threshold_0_6.png,24327.46139709177,14121.915255107275,1.5063230106929593
../binary_PNG/binary_labels_mask_case_id_TCGA-YA-A8S7_3_4_cell_expansion_11_0_threshold_0_5.png,22366.370087630068,3634.2592333246916,0.0191804621513657
../binary_PNG/binary_labels_mask_case_id_TCGA-CC-5261_2_0_cell_expansion_13_0_threshold_0_5.png,24749.469364294084,16899.361828088764,6.447732555264329
../binary_PNG/binary_labels_mask_case_id_TCGA-CC-A1HT_3_0_cell_expansion_9_0_threshold_0_4.png,24887.124655170497,18277.884892965918,4.400948037490574
../binary_PNG/binary_labels_mask_case_id_TCGA-YA-A8S7_0_2_cell_expansion_3_0_threshold_0_8.png,22847.309044166534,6011.155639032062,0.14743874916872152
../binary_PNG/binary_labels_mask_case_id_TCGA-K7-AAU7_1_0_cell_expansion_11_0_threshold_0_4.png,23673.91326635981,10522.34047744054,0.5336263158108839
../binary_PNG/binary_labels_mask_case_id_TCGA-CC-5261_3_0_cell_expansion_9_0_threshold_0_6.png,24585.091609426032,15620.629000577808,2.7887197566105266
../binary_PNG/binary_labels_mask_case_id_TCGA-G3-A7M6_3_4_cell_expansion_5_0_threshold_0_8.png,23660.50170275203,10242.623128858551,0.5993482180494009
../binary_PNG/binary_labels_mask_case_id_TCGA-YA-A8S7_2_3_cell_expansion_15_0_threshold_0_7.png,23443.350701712272,8686.46483039226,0.4604477770941169
../binary_PNG/binary_labels_mask_case_id_TCGA-G3-A7M6_4_0_cell_expansion_7_0_threshold_0_6.png,24648.396087449964,16804.893506656903,2.674191353825221
../binary_PNG/binary_labels_mask_case_id_TCGA-DD-AAED_0_3_cell_expansion_5_0_threshold_0_4.png,24569.035451758453,15730.304443865049,2.2200522115696155
../binary_PNG/binary_labels_mask_case_id_TCGA-K7-AAU7_2_3_cell_expansion_7_0_threshold_0_7.png,23226.99535521367,7691.9050110732605,0.2966217248513267
../binary_PNG/binary_labels_mask_case_id_TCGA-BC-A69I_1_3_cell_expansion_7_0_threshold_0_7.png,24119.256316961826,12519.244240491875,1.3452192599975084
../binary_PNG/binary_labels_mask_case_id_TCGA-K7-AAU7_3_3_cell_expansion_13_0_threshold_0_8.png,22295.564725834272,3345.9127204795473,0.0
../binary_PNG/binary_labels_mask_case_id_TCGA-YA-A8S7_3_4_cell_expansion_13_0_threshold_0_4.png,22366.370087630068,3634.2592333246916,0.0191804621513657
../binary_PNG/binary_labels_mask_case_id_TCGA-YA-A8S7_4_4_cell_expansion_3_0_threshold_0_4.png,22526.006570431226,4336.811201117274,0.05988048081311281
../binary_PNG/binary_labels_mask_case_id_TCGA-YA-A8S7_1_1_cell_expansion_3_0_threshold_0_6.png,24107.581855431978,12976.031696086953,0.8452662972897129
../binary_PNG/binary_labels_mask_case_id_TCGA-CC-A3MA_4_0_cell_expansion_3_0_threshold_0_8.png,22935.8708140496,6423.444362928551,0.16336341484446928
../binary_PNG/binary_labels_mask_case_id_TCGA-G3-A5SK_3_0_cell_expansion_1_0_threshold_0_5.png,23438.7512267588,9323.583867416372,0.3067496744716246
../binary_PNG/binary_labels_mask_case_id_TCGA-CC-A3MA_0_1_cell_expansion_15_0_threshold_0_4.png,23443.286274452257,9240.454911394309,0.6022577884468561
../binary_PNG/binary_labels_mask_case_id_TCGA-G3-A5SK_0_4_cell_expansion_11_0_threshold_0_4.png,24307.19367557769,13822.254008648191,1.5201370377678853
../binary_PNG/binary_labels_mask_case_id_TCGA-CC-A3MA_1_2_cell_expansion_15_0_threshold_0_5.png,24860.98739294956,17722.226729083734,11.008723433662567
../binary_PNG/binary_labels_mask_case_id_TCGA-CC-5261_0_4_cell_expansion_13_0_threshold_0_8.png,23242.958990237043,8074.30016117477,0.3735048981458062
../binary_PNG/binary_labels_mask_case_id_TCGA-CC-A1HT_2_1_cell_expansion_7_0_threshold_0_6.png,24527.080351460518,15146.354994469619,3.123264612347845
../binary_PNG/binary_labels_mask_case_id_TCGA-G3-A5SK_3_0_cell_expansion_3_0_threshold_0_4.png,24205.71164893333,13768.038282952764,0.922341298481302
../binary_PNG/binary_labels_mask_case_id_TCGA-CC-A3MA_3_3_cell_expansion_7_0_threshold_0_7.png,24540.329617661202,15078.118405514952,3.0541502380614816
../binary_PNG/binary_labels_mask_case_id_TCGA-DD-AAED_0_2_cell_expansion_11_0_threshold_0_7.png,24470.49394378928,14951.347426781711,3.36671008851476
../binary_PNG/binary_labels_mask_case_id_TCGA-CC-A1HT_4_3_cell_expansion_15_0_threshold_0_4.png,24866.525971299434,17924.47826654445,9.073753495030035
../binary_PNG/binary_labels_mask_case_id_TCGA-YA-A8S7_1_1_cell_expansion_15_0_threshold_0_4.png,24751.771589026226,16821.05762289166,4.946633156845941
../binary_PNG/binary_labels_mask_case_id_TCGA-G3-A5SK_2_2_cell_expansion_11_0_threshold_0_6.png,24546.5655933598,15475.54263025453,2.181305912480399
../binary_PNG/binary_labels_mask_case_id_TCGA-CC-A1HT_0_1_cell_expansion_5_0_threshold_0_6.png,24636.986109882168,16306.084922126058,1.9971183200283391
../binary_PNG/binary_labels_mask_case_id_TCGA-CC-5261_3_4_cell_expansion_13_0_threshold_0_4.png,24782.472072584813,17019.094620237367,5.517117824058714
../binary_PNG/binary_labels_mask_case_id_TCGA-CC-A3MA_3_2_cell_expansion_1_0_threshold_0_8.png,22549.973932597593,4588.8251193841215,0.05268727763293095
../binary_PNG/binary_labels_mask_case_id_TCGA-DD-AAED_2_1_cell_expansion_15_0_threshold_0_8.png,24596.57002154448,15537.097414366604,4.517709958763996
../binary_PNG/binary_labels_mask_case_id_TCGA-K7-AAU7_0_4_cell_expansion_15_0_threshold_0_7.png,22751.753124064693,5388.370669079724,0.11369979048174399
../binary_PNG/binary_labels_mask_case_id_TCGA-CC-A3MA_1_4_cell_expansion_7_0_threshold_0_4.png,24879.610469220646,17931.695533467035,12.836774122322808
../binary_PNG/binary_labels_mask_case_id_TCGA-G3-A5SK_1_2_cell_expansion_15_0_threshold_0_8.png,23756.224095524834,10338.526330048731,0.6957935224711035
../binary_PNG/binary_labels_mask_case_id_TCGA-G3-A5SK_1_0_cell_expansion_7_0_threshold_0_7.png,24322.180823631024,14056.210187528064,1.6383172804797612
../binary_PNG/binary_labels_mask_case_id_TCGA-G3-A5SK_0_2_cell_expansion_5_0_threshold_0_4.png,24261.894231664264,13726.056068565651,1.1331434687725748
../binary_PNG/binary_labels_mask_case_id_TCGA-CC-A3MA_3_4_cell_expansion_5_0_threshold_0_4.png,24666.16705023621,16601.352291188596,3.417299107142857
../binary_PNG/binary_labels_mask_case_id_TCGA-CC-A3MA_1_2_cell_expansion_3_0_threshold_0_8.png,23206.94505088869,7752.847622487723,0.2935462093062806
../binary_PNG/binary_labels_mask_case_id_TCGA-CC-A3MA_2_3_cell_expansion_15_0_threshold_0_7.png,24585.852665183458,15572.575665795395,4.080866195393276
../binary_PNG/binary_labels_mask_case_id_TCGA-CC-A3MA_1_3_cell_expansion_3_0_threshold_0_4.png,24803.62395043082,17630.688401225878,2.622639240130793
../binary_PNG/binary_labels_mask_case_id_TCGA-CC-5261_2_3_cell_expansion_11_0_threshold_0_5.png,24789.80448035951,17061.382933953682,5.629014367208958
../binary_PNG/binary_labels_mask_case_id_TCGA-CC-5261_0_1_cell_expansion_3_0_threshold_0_7.png,23835.33578646382,11328.63342497866,0.6693487698558634
../binary_PNG/binary_labels_mask_case_id_TCGA-DD-AAED_1_1_cell_expansion_15_0_threshold_0_4.png,24764.091619476127,16677.981372056092,7.445119919741556
../binary_PNG/binary_labels_mask_case_id_TCGA-CC-A3MA_4_1_cell_expansion_5_0_threshold_0_7.png,24383.90735061125,14329.986589224658,1.6976743351784158
../binary_PNG/binary_labels_mask_case_id_TCGA-G3-A7M6_4_3_cell_expansion_15_0_threshold_0_4.png,24471.397977090684,15011.6540542051,2.0491842613598834
../binary_PNG/binary_labels_mask_case_id_TCGA-G3-A5SK_3_1_cell_expansion_15_0_threshold_0_5.png,24376.076443012633,14061.598924398342,1.621212262046401
../binary_PNG/binary_labels_mask_case_id_TCGA-K7-AAU7_4_4_cell_expansion_13_0_threshold_0_8.png,22994.73048771381,6541.484654264523,0.26990155819317097
../binary_PNG/binary_labels_mask_case_id_TCGA-BC-A69I_0_0_cell_expansion_15_0_threshold_0_6.png,24203.181090428818,13115.586850150341,1.4099694887769907
../binary_PNG/binary_labels_mask_case_id_TCGA-DD-AAED_4_0_cell_expansion_1_0_threshold_0_8.png,23090.44417801757,7329.16947820362,0.2076094246896808
../binary_PNG/binary_labels_mask_case_id_TCGA-BC-A69I_0_4_cell_expansion_13_0_threshold_0_4.png,24626.727988933213,15743.025818947259,2.9897721653126106
../binary_PNG/binary_labels_mask_case_id_TCGA-G3-A7M6_2_4_cell_expansion_15_0_threshold_0_4.png,24713.60432846648,16544.5317334188,3.234656782379357
../binary_PNG/binary_labels_mask_case_id_TCGA-K7-AAU7_2_1_cell_expansion_5_0_threshold_0_6.png,23360.82009614495,8876.439810316886,0.4082388236619802
../binary_PNG/binary_labels_mask_case_id_TCGA-CC-A1HT_3_2_cell_expansion_9_0_threshold_0_4.png,24711.44149814631,16254.74352439796,8.913707792093653
../binary_PNG/binary_labels_mask_case_id_TCGA-G3-A7M6_3_3_cell_expansion_11_0_threshold_0_6.png,24425.53056128268,14373.791820084014,1.7299258598193112
../binary_PNG/binary_labels_mask_case_id_TCGA-G3-A7M6_0_2_cell_expansion_1_0_threshold_0_7.png,23073.29494506045,7274.769626010617,0.17932728647014362
../binary_PNG/binary_labels_mask_case_id_TCGA-G3-A7M6_0_2_cell_expansion_15_0_threshold_0_6.png,24629.001436533043,15847.86375621321,2.478001994485833
../binary_PNG/binary_labels_mask_case_id_TCGA-CC-A8HT_1_2_cell_expansion_5_0_threshold_0_7.png,23699.61271367265,10610.633450263796,0.6234238927851313
../binary_PNG/binary_labels_mask_case_id_TCGA-CC-A8HT_0_0_cell_expansion_7_0_threshold_0_4.png,24874.07186020043,18058.544034942268,5.6994034096814525
../binary_PNG/binary_labels_mask_case_id_TCGA-G3-A5SK_4_1_cell_expansion_11_0_threshold_0_7.png,24250.002635517958,13317.918683085449,1.458471413237145
../binary_PNG/binary_labels_mask_case_id_TCGA-CC-A3MA_4_1_cell_expansion_15_0_threshold_0_8.png,23939.72944865561,11215.884430376893,1.1539365620697621
../binary_PNG/binary_labels_mask_case_id_TCGA-CC-A3MA_0_0_cell_expansion_9_0_threshold_0_4.png,23908.800454997785,11798.056415477493,1.1931627475946283
../binary_PNG/binary_labels_mask_case_id_TCGA-BC-A69I_3_4_cell_expansion_13_0_threshold_0_8.png,23939.88408310433,11434.351668614754,0.9947187768570489
../binary_PNG/binary_labels_mask_case_id_TCGA-DD-AAED_0_0_cell_expansion_5_0_threshold_0_8.png,23828.866756379648,11070.610606464104,0.7703702076100672
../binary_PNG/binary_labels_mask_case_id_TCGA-CC-A8HT_4_0_cell_expansion_1_0_threshold_0_5.png,23345.93263814249,8692.243368033873,0.28404637812480615
../binary_PNG/binary_labels_mask_case_id_TCGA-BC-A69I_0_3_cell_expansion_5_0_threshold_0_4.png,24177.374492605053,12975.335541319986,1.1807400585582846
../binary_PNG/binary_labels_mask_case_id_TCGA-G3-A7M6_3_0_cell_expansion_1_0_threshold_0_4.png,23268.482791507115,8291.223030620802,0.2409105955431887
../binary_PNG/binary_labels_mask_case_id_TCGA-BC-A69I_2_4_cell_expansion_3_0_threshold_0_4.png,23692.813030312733,10468.107615402632,0.5382999353587589
../binary_PNG/binary_labels_mask_case_id_TCGA-K7-AAU7_1_4_cell_expansion_3_0_threshold_0_4.png,23415.939902297134,9271.616567675806,0.3367883502136489
../binary_PNG/binary_labels_mask_case_id_TCGA-YA-A8S7_4_1_cell_expansion_1_0_threshold_0_7.png,23316.152721646118,8436.89596438589,0.24528808781916475
../binary_PNG/binary_labels_mask_case_id_TCGA-DD-AAED_3_3_cell_expansion_3_0_threshold_0_4.png,24636.509088848707,16352.77851032042,1.6803301042247174
../binary_PNG/binary_labels_mask_case_id_TCGA-G3-A7M6_0_3_cell_expansion_15_0_threshold_0_8.png,24076.943343236075,12226.934883348877,1.1642528379703707
../binary_PNG/binary_labels_mask_case_id_TCGA-BC-A69I_2_2_cell_expansion_15_0_threshold_0_5.png,24518.875255827064,15007.254799443712,2.412184021743569
../binary_PNG/binary_labels_mask_case_id_TCGA-CC-5261_4_0_cell_expansion_13_0_threshold_0_5.png,24856.793916798968,17886.700514524044,4.87975825154021
../binary_PNG/binary_labels_mask_case_id_TCGA-CC-5261_4_1_cell_expansion_15_0_threshold_0_8.png,23641.126941011367,9810.19304282428,0.6770338840677532
../binary_PNG/binary_labels_mask_case_id_TCGA-BC-A69I_0_0_cell_expansion_13_0_threshold_0_5.png,24279.294279190763,13566.18289849712,1.6197392331929727
../binary_PNG/binary_labels_mask_case_id_TCGA-G3-A7M6_1_0_cell_expansion_7_0_threshold_0_6.png,24554.45224961328,15580.030003116806,2.1553575229964257
../binary_PNG/binary_labels_mask_case_id_TCGA-YA-A8S7_1_3_cell_expansion_7_0_threshold_0_4.png,24689.795015081283,16513.415909889707,3.3922896638232842
../binary_PNG/binary_labels_mask_case_id_TCGA-DD-AAED_0_1_cell_expansion_1_0_threshold_0_6.png,23600.70854276592,10090.626500483871,0.38692919911128487
../binary_PNG/binary_labels_mask_case_id_TCGA-CC-5261_1_1_cell_expansion_3_0_threshold_0_5.png,23530.62999392984,9857.816806294399,0.4313492668547178
../binary_PNG/binary_labels_mask_case_id_TCGA-CC-A3MA_3_1_cell_expansion_1_0_threshold_0_4.png,24047.888548259565,13088.707742905424,0.6142662263836793
../binary_PNG/binary_labels_mask_case_id_TCGA-CC-A3MA_2_3_cell_expansion_3_0_threshold_0_7.png,24152.94218251596,13074.529701361851,0.9413414710651898
../binary_PNG/binary_labels_mask_case_id_TCGA-DD-AAED_4_4_cell_expansion_11_0_threshold_0_5.png,24875.995516905707,17890.781393080233,7.668736503154707
../binary_PNG/binary_labels_mask_case_id_TCGA-CC-A3MA_4_3_cell_expansion_7_0_threshold_0_6.png,24686.719054056357,16325.745521257511,4.242836426509753
../binary_PNG/binary_labels_mask_case_id_TCGA-G3-A7M6_0_1_cell_expansion_9_0_threshold_0_4.png,24533.594571145826,15388.631266518465,2.237400654377099
../binary_PNG/binary_labels_mask_case_id_TCGA-CC-A1HT_1_2_cell_expansion_13_0_threshold_0_5.png,24497.060520064915,15097.60591723453,2.0335464612033323
../binary_PNG/binary_labels_mask_case_id_TCGA-CC-A3MA_1_0_cell_expansion_3_0_threshold_0_8.png,23469.019274717026,9009.988082837515,0.4174202984872074
../binary_PNG/binary_labels_mask_case_id_TCGA-CC-5261_1_0_cell_expansion_1_0_threshold_0_8.png,22700.762498115047,5319.217547091299,0.08918985336028624
../binary_PNG/binary_labels_mask_case_id_TCGA-CC-A3MA_0_4_cell_expansion_7_0_threshold_0_6.png,24216.31561694749,13548.59673408673,1.251551001155256
../binary_PNG/binary_labels_mask_case_id_TCGA-G3-A7M6_1_3_cell_expansion_9_0_threshold_0_6.png,24562.012067851465,15524.36357572982,2.2518520759239493
../binary_PNG/binary_labels_mask_case_id_TCGA-CC-5261_0_4_cell_expansion_7_0_threshold_0_7.png,24366.247565649537,14452.701282839742,1.5813292592905772
../binary_PNG/binary_labels_mask_case_id_TCGA-CC-A1HT_4_4_cell_expansion_3_0_threshold_0_5.png,23894.19410934883,11786.431551501602,0.6689722378397867
../binary_PNG/binary_labels_mask_case_id_TCGA-CC-A1HT_2_4_cell_expansion_7_0_threshold_0_4.png,24794.26858777105,17074.70542365966,8.173540713632205
../binary_PNG/binary_labels_mask_case_id_TCGA-CC-A8HT_4_0_cell_expansion_13_0_threshold_0_7.png,24281.927138911535,13474.280674249705,1.6529144965762648
../binary_PNG/binary_labels_mask_case_id_TCGA-CC-A8HT_2_3_cell_expansion_9_0_threshold_0_5.png,24565.541029922788,15846.790112603137,2.4020538959178444
../binary_PNG/binary_labels_mask_case_id_TCGA-CC-A3MA_4_3_cell_expansion_3_0_threshold_0_4.png,24604.78896172396,16334.072955729538,1.895950039793587
../binary_PNG/binary_labels_mask_case_id_TCGA-CC-A1HT_2_3_cell_expansion_5_0_threshold_0_7.png,23048.435887137963,6931.1687765610595,0.2468003806715249
../binary_PNG/binary_labels_mask_case_id_TCGA-BC-A69I_0_0_cell_expansion_9_0_threshold_0_5.png,24230.858737022223,13295.929598748653,1.4953842754963962
../binary_PNG/binary_labels_mask_case_id_TCGA-BC-A69I_3_2_cell_expansion_15_0_threshold_0_5.png,24328.977494743744,13790.909045124228,2.0016884475064463
../binary_PNG/binary_labels_mask_case_id_TCGA-G3-A7M6_3_4_cell_expansion_9_0_threshold_0_5.png,24710.060049182783,16674.770960923972,3.277050043765086
../binary_PNG/binary_labels_mask_case_id_TCGA-CC-A1HT_2_4_cell_expansion_1_0_threshold_0_7.png,23598.61444553369,9771.95433387146,0.4234148914489852
../binary_PNG/binary_labels_mask_case_id_TCGA-CC-A8HT_1_1_cell_expansion_9_0_threshold_0_6.png,24554.00565842499,15502.306993283017,2.4790511412868663
../binary_PNG/binary_labels_mask_case_id_TCGA-CC-5261_2_4_cell_expansion_1_0_threshold_0_5.png,23709.131398746133,10869.069493147364,0.4414538526034761
../binary_PNG/binary_labels_mask_case_id_TCGA-CC-A1HT_4_3_cell_expansion_3_0_threshold_0_7.png,23893.84870225633,11387.989538101441,0.7327887739666975
../binary_PNG/binary_labels_mask_case_id_TCGA-G3-A7M6_1_4_cell_expansion_9_0_threshold_0_4.png,24133.243027384648,13212.940848848792,1.0742444985528552
../binary_PNG/binary_labels_mask_case_id_TCGA-BC-A69I_1_1_cell_expansion_15_0_threshold_0_8.png,23567.229419012183,9388.763573338205,0.5822947595362823
../binary_PNG/binary_labels_mask_case_id_TCGA-YA-A8S7_4_0_cell_expansion_15_0_threshold_0_6.png,24773.845836683668,17098.147228421316,4.266393337663759
../binary_PNG/binary_labels_mask_case_id_TCGA-DD-AAED_2_2_cell_expansion_9_0_threshold_0_4.png,24359.40271700232,14320.416723205071,2.338326015960603
../binary_PNG/binary_labels_mask_case_id_TCGA-CC-A3MA_1_1_cell_expansion_5_0_threshold_0_7.png,23921.74629692092,11553.739614190245,0.8908318873842089
../binary_PNG/binary_labels_mask_case_id_TCGA-CC-5261_0_4_cell_expansion_3_0_threshold_0_5.png,24244.655539165247,14059.568364385674,0.9591290366222981
../binary_PNG/binary_labels_mask_case_id_TCGA-CC-5261_0_2_cell_expansion_3_0_threshold_0_7.png,23565.08789277532,9958.057376975623,0.4608756553381891
../binary_PNG/binary_labels_mask_case_id_TCGA-DD-AAED_4_4_cell_expansion_13_0_threshold_0_8.png,24429.654918454296,14255.902677037404,1.9615990506096472
../binary_PNG/binary_labels_mask_case_id_TCGA-K7-AAU7_4_2_cell_expansion_9_0_threshold_0_8.png,23159.336418677285,7705.116200357603,0.3384416357476821
../binary_PNG/binary_labels_mask_case_id_TCGA-K7-AAU7_2_4_cell_expansion_9_0_threshold_0_5.png,23724.531619365465,10475.422832685364,0.6981745502196152
../binary_PNG/binary_labels_mask_case_id_TCGA-BC-A69I_4_1_cell_expansion_9_0_threshold_0_7.png,23625.14801996707,9708.781800257557,0.6846177281884858
../binary_PNG/binary_labels_mask_case_id_TCGA-CC-A1HT_1_2_cell_expansion_11_0_threshold_0_8.png,22697.630753673555,5173.741011274255,0.13185433214662712
../binary_PNG/binary_labels_mask_case_id_TCGA-CC-A1HT_2_2_cell_expansion_13_0_threshold_0_5.png,24739.005868835717,16393.272791927837,8.479243174197668
../binary_PNG/binary_labels_mask_case_id_TCGA-BC-A69I_1_1_cell_expansion_13_0_threshold_0_7.png,24179.37742208728,12869.183075562903,1.3551215087730273
../binary_PNG/binary_labels_mask_case_id_TCGA-CC-5261_0_2_cell_expansion_1_0_threshold_0_6.png,23227.60251405154,8181.349441438034,0.23830236493431103
../binary_PNG/binary_labels_mask_case_id_TCGA-YA-A8S7_0_3_cell_expansion_9_0_threshold_0_6.png,24721.59633302295,16614.67896434903,4.078696791373012
../binary_PNG/binary_labels_mask_case_id_TCGA-G3-A7M6_0_1_cell_expansion_9_0_threshold_0_8.png,23964.906819650685,11640.278922552781,0.8867537883704668
../binary_PNG/binary_labels_mask_case_id_TCGA-YA-A8S7_4_1_cell_expansion_15_0_threshold_0_4.png,24797.227245378,17467.30968077761,4.28875411208245
../binary_PNG/binary_labels_mask_case_id_TCGA-CC-A1HT_3_0_cell_expansion_5_0_threshold_0_5.png,24737.06410965769,17100.614760633154,2.498237703075065
../binary_PNG/binary_labels_mask_case_id_TCGA-DD-AAED_4_0_cell_expansion_11_0_threshold_0_8.png,24221.09196817502,13162.424403769804,1.9619334458936069
../binary_PNG/binary_labels_mask_case_id_TCGA-G3-A7M6_2_3_cell_expansion_15_0_threshold_0_8.png,23597.180633337957,9742.477862545169,0.6091110808574213
../binary_PNG/binary_labels_mask_case_id_TCGA-CC-A1HT_4_2_cell_expansion_3_0_threshold_0_7.png,23747.230437058995,10681.4337315776,0.587239878839064
../binary_PNG/binary_labels_mask_case_id_TCGA-K7-AAU7_2_3_cell_expansion_9_0_threshold_0_7.png,23248.490021610167,7801.3026605202895,0.310377533174405
../binary_PNG/binary_labels_mask_case_id_TCGA-CC-A3MA_1_0_cell_expansion_5_0_threshold_0_7.png,24509.548473852217,14961.392751342111,2.3233010824283635
../binary_PNG/binary_labels_mask_case_id_TCGA-YA-A8S7_4_4_cell_expansion_13_0_threshold_0_8.png,22295.564725834272,3345.9127204795473,0.0
../binary_PNG/binary_labels_mask_case_id_TCGA-CC-A3MA_2_4_cell_expansion_1_0_threshold_0_8.png,22855.13281442537,6078.537381957285,0.13135199894487526
../binary_PNG/binary_labels_mask_case_id_TCGA-CC-A1HT_3_0_cell_expansion_7_0_threshold_0_4.png,24881.74810311152,18245.9609631548,4.231954303949239
../binary_PNG/binary_labels_mask_case_id_TCGA-CC-A3MA_3_0_cell_expansion_5_0_threshold_0_6.png,22785.98958196005,5747.7126087887755,0.13644986832109904
../binary_PNG/binary_labels_mask_case_id_TCGA-CC-5261_2_3_cell_expansion_7_0_threshold_0_8.png,23613.962332897157,9552.707930549008,0.602359054675763
../binary_PNG/binary_labels_mask_case_id_TCGA-YA-A8S7_0_4_cell_expansion_9_0_threshold_0_4.png,24670.146459461157,16586.858078325768,2.8447036267774406
../binary_PNG/binary_labels_mask_case_id_TCGA-G3-A7M6_3_1_cell_expansion_11_0_threshold_0_5.png,24789.85202626064,17567.898927827686,3.453662557622817
../binary_PNG/binary_labels_mask_case_id_TCGA-G3-A7M6_0_4_cell_expansion_13_0_threshold_0_7.png,24508.391099743578,15020.755073626317,2.118788682581786
../binary_PNG/binary_labels_mask_case_id_TCGA-CC-A1HT_1_1_cell_expansion_5_0_threshold_0_8.png,22382.427314475248,3784.0639945445705,0.022211317441049615
../binary_PNG/binary_labels_mask_case_id_TCGA-G3-A5SK_1_3_cell_expansion_3_0_threshold_0_5.png,23759.69889838784,11051.98354772996,0.5267956905997332
../binary_PNG/binary_labels_mask_case_id_TCGA-BC-A69I_0_4_cell_expansion_1_0_threshold_0_8.png,22699.61215865112,5322.476586007486,0.08809749391770856
../binary_PNG/binary_labels_mask_case_id_TCGA-G3-A7M6_0_3_cell_expansion_1_0_threshold_0_7.png,23003.260328656816,6897.435269332646,0.16148317665986328
../binary_PNG/binary_labels_mask_case_id_TCGA-G3-A7M6_1_1_cell_expansion_3_0_threshold_0_4.png,23995.09942315963,12287.19023803171,0.6778843325292698
../binary_PNG/binary_labels_mask_case_id_TCGA-K7-AAU7_4_4_cell_expansion_11_0_threshold_0_5.png,24249.433534997792,13730.961998602155,1.4710090674652692
../binary_PNG/binary_labels_mask_case_id_TCGA-G3-A7M6_4_4_cell_expansion_3_0_threshold_0_6.png,23634.327289412777,10054.855086723066,0.437660202326044
../binary_PNG/binary_labels_mask_case_id_TCGA-BC-A69I_3_0_cell_expansion_15_0_threshold_0_6.png,24222.99227527986,13161.556887679882,1.5971070384270025
../binary_PNG/binary_labels_mask_case_id_TCGA-G3-A7M6_0_3_cell_expansion_13_0_threshold_0_7.png,24332.84674562718,13858.695311706611,1.6529033228510053
../binary_PNG/binary_labels_mask_case_id_TCGA-BC-A69I_2_3_cell_expansion_7_0_threshold_0_8.png,23716.88086263102,10077.397394512474,0.6703004537791608
../binary_PNG/binary_labels_mask_case_id_TCGA-CC-A3MA_0_1_cell_expansion_9_0_threshold_0_4.png,23408.48091987185,9089.645441400298,0.5549043866027521
../binary_PNG/binary_labels_mask_case_id_TCGA-K7-AAU7_0_0_cell_expansion_5_0_threshold_0_7.png,22616.464665994237,4815.228847598108,0.07734798998864077
../binary_PNG/binary_labels_mask_case_id_TCGA-DD-AAED_3_2_cell_expansion_5_0_threshold_0_7.png,24607.895203919972,15743.185070852172,2.3358567971194146
../binary_PNG/binary_labels_mask_case_id_TCGA-K7-AAU7_3_2_cell_expansion_5_0_threshold_0_4.png,24260.660453036107,14117.926517273867,1.166541744842776
../binary_PNG/binary_labels_mask_case_id_TCGA-CC-5261_4_1_cell_expansion_13_0_threshold_0_7.png,24564.188480283254,15414.275165739675,2.9712419796333296
../binary_PNG/binary_labels_mask_case_id_TCGA-DD-AAED_0_0_cell_expansion_5_0_threshold_0_4.png,24673.920035531308,16392.282529075455,2.8320752281235775
../binary_PNG/binary_labels_mask_case_id_TCGA-CC-A1HT_3_2_cell_expansion_13_0_threshold_0_5.png,24737.570211642666,16380.0423825183,11.308850247977173
../binary_PNG/binary_labels_mask_case_id_TCGA-CC-5261_4_4_cell_expansion_13_0_threshold_0_8.png,24352.398706272957,13818.023705090842,2.0920296034306474
../binary_PNG/binary_labels_mask_case_id_TCGA-G3-A7M6_1_0_cell_expansion_13_0_threshold_0_6.png,24555.893883376702,15591.458580055181,2.1762381402168245
../binary_PNG/binary_labels_mask_case_id_TCGA-CC-A8HT_3_3_cell_expansion_7_0_threshold_0_7.png,23908.360647530026,11372.154438546111,0.7860228129176088
../binary_PNG/binary_labels_mask_case_id_TCGA-BC-A69I_4_2_cell_expansion_1_0_threshold_0_4.png,23229.471566688408,7975.805017184076,0.23466210747128294
../binary_PNG/binary_labels_mask_case_id_TCGA-BC-A69I_2_2_cell_expansion_5_0_threshold_0_5.png,24253.80184359793,13412.824240453458,1.2513831617520847
../binary_PNG/binary_labels_mask_case_id_TCGA-CC-A1HT_1_1_cell_expansion_13_0_threshold_0_8.png,22429.001445671245,4015.1919621207458,0.036823738820035486
../binary_PNG/binary_labels_mask_case_id_TCGA-CC-5261_2_1_cell_expansion_9_0_threshold_0_4.png,24635.003467873456,16160.931545979372,3.953588712156477
../binary_PNG/binary_labels_mask_case_id_TCGA-CC-A8HT_4_1_cell_expansion_3_0_threshold_0_4.png,23928.848035941293,12020.28745628568,0.6538038050853968
../binary_PNG/binary_labels_mask_case_id_TCGA-CC-A1HT_0_3_cell_expansion_15_0_threshold_0_4.png,24735.60972838988,16781.795061853605,4.494848144310337
../binary_PNG/binary_labels_mask_case_id_TCGA-CC-5261_4_1_cell_expansion_11_0_threshold_0_6.png,24745.394510513903,16841.94310953528,5.329921465307531
../binary_PNG/binary_labels_mask_case_id_TCGA-K7-AAU7_4_0_cell_expansion_1_0_threshold_0_7.png,22796.1363987682,5789.031134615639,0.1044913711611628
../binary_PNG/binary_labels_mask_case_id_TCGA-BC-A69I_3_0_cell_expansion_1_0_threshold_0_5.png,23101.98111743839,7397.977275044433,0.20770456673388618
../binary_PNG/binary_labels_mask_case_id_TCGA-CC-A3MA_3_4_cell_expansion_9_0_threshold_0_5.png,24695.5649853882,16673.1160982274,5.15748231363815
../binary_PNG/binary_labels_mask_case_id_TCGA-G3-A7M6_0_3_cell_expansion_5_0_threshold_0_5.png,24371.414852662892,14251.020276890064,1.3285095708536099
../binary_PNG/binary_labels_mask_case_id_TCGA-CC-5261_3_4_cell_expansion_9_0_threshold_0_4.png,24779.922350158122,17011.994044077826,5.350864911822008
../binary_PNG/binary_labels_mask_case_id_TCGA-CC-5261_4_0_cell_expansion_11_0_threshold_0_8.png,23682.15401680425,10154.204213098306,0.6337299156524299
../binary_PNG/binary_labels_mask_case_id_TCGA-DD-AAED_1_2_cell_expansion_3_0_threshold_0_5.png,24183.84525420625,13399.483754472622,1.0021885586131674
../binary_PNG/binary_labels_mask_case_id_TCGA-K7-AAU7_2_0_cell_expansion_3_0_threshold_0_5.png,22527.3661345154,4443.068105799171,0.04913409944626333
../binary_PNG/binary_labels_mask_case_id_TCGA-G3-A7M6_4_3_cell_expansion_3_0_threshold_0_4.png,23932.821074588417,11899.71292923949,0.6369096637773702
../binary_PNG/binary_labels_mask_case_id_TCGA-YA-A8S7_3_4_cell_expansion_1_0_threshold_0_8.png,22295.564725834272,3345.9127204795473,0.0
../binary_PNG/binary_labels_mask_case_id_TCGA-CC-A1HT_1_4_cell_expansion_9_0_threshold_0_7.png,23419.905749599362,8795.526046817944,0.5046530132037128
../binary_PNG/binary_labels_mask_case_id_TCGA-CC-A8HT_3_4_cell_expansion_5_0_threshold_0_4.png,24432.778466449803,15073.056115722784,1.4685052767489317
../binary_PNG/binary_labels_mask_case_id_TCGA-YA-A8S7_4_2_cell_expansion_11_0_threshold_0_7.png,22862.991069915595,5823.093571376932,0.18527150752160013
../binary_PNG/binary_labels_mask_case_id_TCGA-CC-5261_4_1_cell_expansion_9_0_threshold_0_7.png,24559.99821616536,15379.763959559956,2.934445184671031
../binary_PNG/binary_labels_mask_case_id_TCGA-CC-A8HT_0_1_cell_expansion_1_0_threshold_0_7.png,23154.122774055177,7626.118501499875,0.20109817240477865
../binary_PNG/binary_labels_mask_case_id_TCGA-G3-A7M6_2_3_cell_expansion_5_0_threshold_0_4.png,24475.09553206745,15148.508721060898,1.581039937163365
../binary_PNG/binary_labels_mask_case_id_TCGA-K7-AAU7_4_0_cell_expansion_5_0_threshold_0_5.png,24605.0600464831,16339.639867777034,1.9493272139355378
../binary_PNG/binary_labels_mask_case_id_TCGA-DD-AAED_4_3_cell_expansion_13_0_threshold_0_8.png,24028.921360300094,12139.714992474617,1.2344062293867477
../binary_PNG/binary_labels_mask_case_id_TCGA-K7-AAU7_2_1_cell_expansion_1_0_threshold_0_8.png,22326.18826238919,3486.5782964897166,0.005807586190030481
../binary_PNG/binary_labels_mask_case_id_TCGA-K7-AAU7_3_2_cell_expansion_3_0_threshold_0_7.png,22888.43878684024,6280.250510462409,0.14460245479398715
