image_name,signal_b50,signal_b800,pixel_ratio
../binary_PNG/binary_labels_mask_case_id_TCGA-YA-A8S7_3_1_cell_expansion_7_0_threshold_0_7.png,24090.04874553966,12296.88340151767,
../binary_PNG/binary_labels_mask_case_id_TCGA-CC-A8HT_3_4_cell_expansion_13_0_threshold_0_8.png,22765.582444566582,5639.708756821316,
../binary_PNG/binary_labels_mask_case_id_TCGA-CC-A1HT_4_1_cell_expansion_15_0_threshold_0_5.png,24778.209757480734,17154.599248759856,
../binary_PNG/binary_labels_mask_case_id_TCGA-K7-AAU7_2_0_cell_expansion_11_0_threshold_0_6.png,22560.85642068167,4510.1062819637455,
../binary_PNG/binary_labels_mask_case_id_TCGA-G3-A7M6_2_0_cell_expansion_5_0_threshold_0_6.png,24561.98612716961,15844.638122840857,
../binary_PNG/binary_labels_mask_case_id_TCGA-G3-A5SK_2_0_cell_expansion_11_0_threshold_0_7.png,24461.170737385888,14925.328044951191,
../binary_PNG/binary_labels_mask_case_id_TCGA-CC-5261_2_4_cell_expansion_9_0_threshold_0_8.png,24241.03807425233,13211.143185014842,
../binary_PNG/binary_labels_mask_case_id_TCGA-YA-A8S7_0_1_cell_expansion_11_0_threshold_0_8.png,23478.79550788618,9045.837692286237,
../binary_PNG/binary_labels_mask_case_id_TCGA-K7-AAU7_1_1_cell_expansion_3_0_threshold_0_4.png,24208.158044002124,13862.194638621784,
../binary_PNG/binary_labels_mask_case_id_TCGA-YA-A8S7_2_4_cell_expansion_3_0_threshold_0_5.png,22449.204203362955,4127.227824507435,
../binary_PNG/binary_labels_mask_case_id_TCGA-K7-AAU7_2_3_cell_expansion_3_0_threshold_0_7.png,22874.26950095544,6106.3688107037515,
../binary_PNG/binary_labels_mask_case_id_TCGA-BC-A69I_1_3_cell_expansion_3_0_threshold_0_7.png,23509.444177317582,9447.553927331268,
../binary_PNG/binary_labels_mask_case_id_TCGA-BC-A69I_0_1_cell_expansion_1_0_threshold_0_4.png,23297.501333060693,8461.936575073914,
../binary_PNG/binary_labels_mask_case_id_TCGA-CC-A3MA_2_1_cell_expansion_11_0_threshold_0_4.png,24917.824526329023,18508.69556226864,0.1604837710056133
../binary_PNG/binary_labels_mask_case_id_TCGA-CC-A8HT_0_4_cell_expansion_7_0_threshold_0_8.png,22864.64339710514,6065.618292175115,0.1605043207253152
../binary_PNG/binary_labels_mask_case_id_TCGA-CC-A3MA_1_4_cell_expansion_13_0_threshold_0_6.png,24829.44647457547,17358.249651347207,
../binary_PNG/binary_labels_mask_case_id_TCGA-CC-A3MA_0_4_cell_expansion_9_0_threshold_0_8.png,22769.041736826748,5525.703335830648,
../binary_PNG/binary_labels_mask_case_id_TCGA-DD-AAED_0_4_cell_expansion_15_0_threshold_0_5.png,24656.523688795838,15862.391645371456,
../binary_PNG/binary_labels_mask_case_id_TCGA-CC-A3MA_1_0_cell_expansion_9_0_threshold_0_4.png,24865.215445538648,17731.758977996644,
../binary_PNG/binary_labels_mask_case_id_TCGA-CC-A8HT_3_0_cell_expansion_11_0_threshold_0_8.png,23497.628803499112,9080.48287652119,
../binary_PNG/binary_labels_mask_case_id_TCGA-CC-A8HT_1_1_cell_expansion_7_0_threshold_0_8.png,23112.311336366227,7123.106372558967,0.3096722621902478
../binary_PNG/binary_labels_mask_case_id_TCGA-G3-A5SK_1_1_cell_expansion_11_0_threshold_0_5.png,24366.448719023156,14030.597428184072,1.102197273456295
../binary_PNG/binary_labels_mask_case_id_TCGA-CC-A8HT_3_1_cell_expansion_5_0_threshold_0_8.png,22908.921346295658,6245.540788869711,
../binary_PNG/binary_labels_mask_case_id_TCGA-DD-AAED_4_4_cell_expansion_5_0_threshold_0_6.png,24797.354695321203,17338.663013279333,
../binary_PNG/binary_labels_mask_case_id_TCGA-G3-A7M6_4_0_cell_expansion_5_0_threshold_0_5.png,24780.551021930958,17822.859792029034,
../binary_PNG/binary_labels_mask_case_id_TCGA-CC-A1HT_4_1_cell_expansion_11_0_threshold_0_7.png,24507.557821608112,15094.031700988708,
../binary_PNG/binary_labels_mask_case_id_TCGA-K7-AAU7_2_2_cell_expansion_5_0_threshold_0_8.png,22345.177496387743,3629.566922968249,
../binary_PNG/binary_labels_mask_case_id_TCGA-CC-5261_3_0_cell_expansion_9_0_threshold_0_4.png,24701.047032344017,16458.5910899375,
../binary_PNG/binary_labels_mask_case_id_TCGA-YA-A8S7_0_0_cell_expansion_13_0_threshold_0_7.png,24224.428435801343,13072.508206755932,
../binary_PNG/binary_labels_mask_case_id_TCGA-YA-A8S7_0_3_cell_expansion_1_0_threshold_0_7.png,23283.266407374125,8344.635728138772,
../binary_PNG/binary_labels_mask_case_id_TCGA-K7-AAU7_0_4_cell_expansion_1_0_threshold_0_5.png,23147.811610033797,7535.044852300493,
../binary_PNG/binary_labels_mask_case_id_TCGA-YA-A8S7_1_3_cell_expansion_13_0_threshold_0_6.png,24667.38759422276,16165.351625752275,
../binary_PNG/binary_labels_mask_case_id_TCGA-YA-A8S7_4_4_cell_expansion_3_0_threshold_0_6.png,22434.36102004295,3912.75627487793,
../binary_PNG/binary_labels_mask_case_id_TCGA-DD-AAED_3_0_cell_expansion_15_0_threshold_0_8.png,24221.68237631634,12951.02482493477,
../binary_PNG/binary_labels_mask_case_id_TCGA-BC-A69I_0_2_cell_expansion_9_0_threshold_0_7.png,23524.503403225805,9466.553813305658,0.3097507844195295
../binary_PNG/binary_labels_mask_case_id_TCGA-CC-A1HT_4_1_cell_expansion_1_0_threshold_0_4.png,23855.53412412032,11672.510922486987,
../binary_PNG/binary_labels_mask_case_id_TCGA-CC-A8HT_2_1_cell_expansion_13_0_threshold_0_7.png,24269.836174465763,13503.915910948765,
../binary_PNG/binary_labels_mask_case_id_TCGA-G3-A7M6_0_4_cell_expansion_9_0_threshold_0_4.png,24708.471866256426,16544.356553352445,
../binary_PNG/binary_labels_mask_case_id_TCGA-CC-A3MA_3_1_cell_expansion_13_0_threshold_0_5.png,24847.78572909308,17955.879848426124,
../binary_PNG/binary_labels_mask_case_id_TCGA-CC-A3MA_3_0_cell_expansion_15_0_threshold_0_8.png,22295.564725834272,3345.9127204795473,
../binary_PNG/binary_labels_mask_case_id_TCGA-CC-5261_2_2_cell_expansion_15_0_threshold_0_7.png,24685.595940050236,16228.480622665154,0.30956758052913436
../binary_PNG/binary_labels_mask_case_id_TCGA-CC-A8HT_1_2_cell_expansion_9_0_threshold_0_8.png,22849.296165196356,6021.10199626425,
../binary_PNG/binary_labels_mask_case_id_TCGA-DD-AAED_2_1_cell_expansion_15_0_threshold_0_6.png,24766.87544330736,16832.35648206821,
../binary_PNG/binary_labels_mask_case_id_TCGA-DD-AAED_3_2_cell_expansion_9_0_threshold_0_4.png,24842.94865711564,17498.690097324594,
../binary_PNG/binary_labels_mask_case_id_TCGA-CC-A8HT_3_2_cell_expansion_13_0_threshold_0_6.png,24584.78874849688,15739.948335701609,
../binary_PNG/binary_labels_mask_case_id_TCGA-CC-A3MA_0_4_cell_expansion_11_0_threshold_0_7.png,23603.518303070443,9783.609987923308,
../binary_PNG/binary_labels_mask_case_id_TCGA-YA-A8S7_2_0_cell_expansion_15_0_threshold_0_8.png,23364.8630334915,8132.009481775669,
../binary_PNG/binary_labels_mask_case_id_TCGA-G3-A7M6_4_3_cell_expansion_9_0_threshold_0_4.png,24471.397977090684,15011.6540542051,
../binary_PNG/binary_labels_mask_case_id_TCGA-CC-A1HT_4_1_cell_expansion_3_0_threshold_0_5.png,24375.492662425942,14681.752951416323,
../binary_PNG/binary_labels_mask_case_id_TCGA-CC-A8HT_1_0_cell_expansion_15_0_threshold_0_6.png,24623.70721514125,15943.765321296001,
../binary_PNG/binary_labels_mask_case_id_TCGA-G3-A7M6_4_2_cell_expansion_9_0_threshold_0_8.png,22723.319399639517,5456.755730687819,
../binary_PNG/binary_labels_mask_case_id_TCGA-CC-5261_1_2_cell_expansion_5_0_threshold_0_8.png,23452.63547486248,8900.243623109656,
../binary_PNG/binary_labels_mask_case_id_TCGA-CC-A8HT_1_4_cell_expansion_13_0_threshold_0_4.png,24767.01065578802,16915.064187322445,
../binary_PNG/binary_labels_mask_case_id_TCGA-CC-A3MA_4_1_cell_expansion_1_0_threshold_0_7.png,23540.647007742547,9742.373600047758,
../binary_PNG/binary_labels_mask_case_id_TCGA-G3-A5SK_3_4_cell_expansion_15_0_threshold_0_4.png,24947.650402051466,18803.589942830567,
../binary_PNG/binary_labels_mask_case_id_TCGA-K7-AAU7_3_4_cell_expansion_15_0_threshold_0_5.png,24225.60590402694,13372.369067370106,
../binary_PNG/binary_labels_mask_case_id_TCGA-CC-5261_2_1_cell_expansion_5_0_threshold_0_7.png,24039.034009618434,12357.95514216058,
../binary_PNG/binary_labels_mask_case_id_TCGA-BC-A69I_4_0_cell_expansion_11_0_threshold_0_6.png,24273.290564603667,13385.881863180939,
../binary_PNG/binary_labels_mask_case_id_TCGA-K7-AAU7_1_2_cell_expansion_11_0_threshold_0_5.png,24199.57771761743,13475.221725729058,
../binary_PNG/binary_labels_mask_case_id_TCGA-CC-5261_1_3_cell_expansion_3_0_threshold_0_7.png,23749.848543109023,10827.88749216975,
../binary_PNG/binary_labels_mask_case_id_TCGA-G3-A5SK_4_2_cell_expansion_3_0_threshold_0_7.png,23517.77527237264,9570.67438065531,
../binary_PNG/binary_labels_mask_case_id_TCGA-CC-5261_0_4_cell_expansion_13_0_threshold_0_6.png,24652.832994377422,16331.619969762698,
../binary_PNG/binary_labels_mask_case_id_TCGA-CC-A3MA_2_1_cell_expansion_3_0_threshold_0_5.png,24549.83819668269,16081.452406011993,
../binary_PNG/binary_labels_mask_case_id_TCGA-G3-A5SK_0_1_cell_expansion_11_0_threshold_0_5.png,24607.43271604618,15887.597571043882,
../binary_PNG/binary_labels_mask_case_id_TCGA-G3-A5SK_1_0_cell_expansion_7_0_threshold_0_5.png,24562.07730150347,15666.203278830175,0.1604837710056133
../binary_PNG/binary_labels_mask_case_id_TCGA-CC-A3MA_3_4_cell_expansion_5_0_threshold_0_6.png,24439.45569751256,14962.82213831337,
../binary_PNG/binary_labels_mask_case_id_TCGA-CC-5261_3_0_cell_expansion_15_0_threshold_0_8.png,23584.474492279256,9550.996520173398,
../binary_PNG/binary_labels_mask_case_id_TCGA-CC-A3MA_4_1_cell_expansion_5_0_threshold_0_5.png,24672.11938799496,16441.73195562674,
../binary_PNG/binary_labels_mask_case_id_TCGA-CC-A3MA_1_3_cell_expansion_11_0_threshold_0_7.png,24541.953919555668,15089.92210410623,
../binary_PNG/binary_labels_mask_case_id_TCGA-CC-A3MA_1_4_cell_expansion_5_0_threshold_0_7.png,24638.53033836972,15973.489964912524,
../binary_PNG/binary_labels_mask_case_id_TCGA-K7-AAU7_1_4_cell_expansion_9_0_threshold_0_8.png,22295.564725834272,3345.9127204795473,
../binary_PNG/binary_labels_mask_case_id_TCGA-G3-A5SK_2_2_cell_expansion_5_0_threshold_0_7.png,24187.530606434317,13235.158218533948,
../binary_PNG/binary_labels_mask_case_id_TCGA-DD-AAED_4_0_cell_expansion_9_0_threshold_0_5.png,24653.53193458539,16299.420371711303,
../binary_PNG/binary_labels_mask_case_id_TCGA-CC-5261_4_0_cell_expansion_5_0_threshold_0_8.png,23343.02419635032,8450.300067805534,
../binary_PNG/binary_labels_mask_case_id_TCGA-CC-5261_2_2_cell_expansion_13_0_threshold_0_4.png,24819.216824220664,17349.684144082574,
../binary_PNG/binary_labels_mask_case_id_TCGA-DD-AAED_2_1_cell_expansion_13_0_threshold_0_5.png,24791.84710052534,17050.20561489939,
../binary_PNG/binary_labels_mask_case_id_TCGA-G3-A7M6_4_2_cell_expansion_9_0_threshold_0_4.png,24702.894139433414,17533.03342623504,
../binary_PNG/binary_labels_mask_case_id_TCGA-BC-A69I_1_1_cell_expansion_9_0_threshold_0_5.png,24367.815341592777,14047.203786952707,
../binary_PNG/binary_labels_mask_case_id_TCGA-YA-A8S7_2_4_cell_expansion_13_0_threshold_0_6.png,22379.532623335257,3769.691765016888,
../binary_PNG/binary_labels_mask_case_id_TCGA-CC-5261_3_4_cell_expansion_3_0_threshold_0_8.png,23174.03264091668,7603.941997012469,
../binary_PNG/binary_labels_mask_case_id_TCGA-DD-AAED_3_3_cell_expansion_11_0_threshold_0_7.png,24766.364959880553,16893.22474471462,
../binary_PNG/binary_labels_mask_case_id_TCGA-CC-5261_2_3_cell_expansion_11_0_threshold_0_7.png,24619.276933847384,15652.969962951101,
../binary_PNG/binary_labels_mask_case_id_TCGA-CC-A3MA_0_0_cell_expansion_15_0_threshold_0_8.png,23276.322263223563,8008.097649392179,
../binary_PNG/binary_labels_mask_case_id_TCGA-G3-A5SK_1_1_cell_expansion_1_0_threshold_0_6.png,22992.274210572417,6838.240772974422,
../binary_PNG/binary_labels_mask_case_id_TCGA-YA-A8S7_4_1_cell_expansion_9_0_threshold_0_6.png,24725.32163765716,16744.574707681422,
../binary_PNG/binary_labels_mask_case_id_TCGA-K7-AAU7_1_3_cell_expansion_9_0_threshold_0_6.png,22910.315128526265,6179.467534802879,
../binary_PNG/binary_labels_mask_case_id_TCGA-CC-A8HT_0_2_cell_expansion_13_0_threshold_0_6.png,24437.70165134116,14467.108760593359,
../binary_PNG/binary_labels_mask_case_id_TCGA-CC-A3MA_3_2_cell_expansion_5_0_threshold_0_4.png,24785.974352091802,17463.247082658738,0.16046322201367
../binary_PNG/binary_labels_mask_case_id_TCGA-G3-A7M6_0_4_cell_expansion_9_0_threshold_0_8.png,23951.564049097004,11712.770985214629,
../binary_PNG/binary_labels_mask_case_id_TCGA-BC-A69I_0_3_cell_expansion_9_0_threshold_0_7.png,23981.28740076562,11630.31815512325,
../binary_PNG/binary_labels_mask_case_id_TCGA-CC-A1HT_4_0_cell_expansion_1_0_threshold_0_4.png,23518.220422329625,9832.330028780452,
../binary_PNG/binary_labels_mask_case_id_TCGA-CC-A3MA_4_0_cell_expansion_3_0_threshold_0_6.png,24480.653248288374,15345.994172407298,4.622994422994423
../binary_PNG/binary_labels_mask_case_id_TCGA-G3-A5SK_2_3_cell_expansion_3_0_threshold_0_4.png,23938.330392737305,12154.972792063621,
../binary_PNG/binary_labels_mask_case_id_TCGA-CC-A1HT_0_0_cell_expansion_7_0_threshold_0_5.png,24247.564617432334,13924.51947315816,
../binary_PNG/binary_labels_mask_case_id_TCGA-BC-A69I_4_1_cell_expansion_15_0_threshold_0_6.png,23812.019063112417,10645.086184217847,
../binary_PNG/binary_labels_mask_case_id_TCGA-CC-A8HT_2_1_cell_expansion_15_0_threshold_0_8.png,23114.838189537026,7006.790251225519,0.30964609020603107
../binary_PNG/binary_labels_mask_case_id_TCGA-G3-A5SK_4_3_cell_expansion_1_0_threshold_0_6.png,23143.811304194583,7687.1476116316235,
../binary_PNG/binary_labels_mask_case_id_TCGA-K7-AAU7_0_4_cell_expansion_13_0_threshold_0_6.png,23858.485039003022,11257.174150390538,
../binary_PNG/binary_labels_mask_case_id_TCGA-CC-A8HT_3_3_cell_expansion_13_0_threshold_0_4.png,24665.24637231577,16496.945293098408,4.624442155853073
../binary_PNG/binary_labels_mask_case_id_TCGA-G3-A5SK_0_1_cell_expansion_13_0_threshold_0_8.png,23699.395047974722,10108.106708540232,
../binary_PNG/binary_labels_mask_case_id_TCGA-CC-A3MA_0_0_cell_expansion_3_0_threshold_0_4.png,23505.160650360653,9774.435491388653,
../binary_PNG/binary_labels_mask_case_id_TCGA-CC-5261_3_2_cell_expansion_3_0_threshold_0_6.png,24167.420101848616,13297.660344086846,
../binary_PNG/binary_labels_mask_case_id_TCGA-YA-A8S7_2_4_cell_expansion_15_0_threshold_0_5.png,22621.28103046233,4905.256911970963,
../binary_PNG/binary_labels_mask_case_id_TCGA-G3-A7M6_3_0_cell_expansion_9_0_threshold_0_5.png,24658.883230343374,16080.31581276272,
../binary_PNG/binary_labels_mask_case_id_TCGA-CC-5261_3_1_cell_expansion_11_0_threshold_0_8.png,24031.778062895377,11824.576320142705,
../binary_PNG/binary_labels_mask_case_id_TCGA-G3-A5SK_0_4_cell_expansion_1_0_threshold_0_6.png,23013.683680482558,6941.72154827668,
../binary_PNG/binary_labels_mask_case_id_TCGA-CC-5261_3_4_cell_expansion_11_0_threshold_0_7.png,24509.279733655883,14906.382193903844,
../binary_PNG/binary_labels_mask_case_id_TCGA-CC-A3MA_2_0_cell_expansion_3_0_threshold_0_5.png,24541.078718650977,15589.806173952116,
../binary_PNG/binary_labels_mask_case_id_TCGA-CC-A8HT_0_3_cell_expansion_13_0_threshold_0_8.png,23121.43775707908,7038.400018852157,
../binary_PNG/binary_labels_mask_case_id_TCGA-K7-AAU7_0_4_cell_expansion_11_0_threshold_0_7.png,22751.753124064693,5388.370669079724,
../binary_PNG/binary_labels_mask_case_id_TCGA-G3-A7M6_0_2_cell_expansion_9_0_threshold_0_6.png,24629.001436533043,15847.86375621321,
../binary_PNG/binary_labels_mask_case_id_TCGA-CC-A3MA_3_0_cell_expansion_11_0_threshold_0_6.png,22816.69099240894,5848.9845706316355,
../binary_PNG/binary_labels_mask_case_id_TCGA-G3-A5SK_3_2_cell_expansion_15_0_threshold_0_6.png,24689.796912543607,16565.64879552973,
../binary_PNG/binary_labels_mask_case_id_TCGA-K7-AAU7_1_0_cell_expansion_11_0_threshold_0_6.png,23031.529258450377,6979.798600009714,
../binary_PNG/binary_labels_mask_case_id_TCGA-CC-A3MA_1_0_cell_expansion_15_0_threshold_0_8.png,24214.969772290708,12768.713199209651,
../binary_PNG/binary_labels_mask_case_id_TCGA-DD-AAED_0_2_cell_expansion_1_0_threshold_0_4.png,23750.52376866061,11119.0540215987,
../binary_PNG/binary_labels_mask_case_id_TCGA-CC-A8HT_4_3_cell_expansion_5_0_threshold_0_5.png,24170.709585005192,13211.20673398654,
../binary_PNG/binary_labels_mask_case_id_TCGA-G3-A5SK_2_4_cell_expansion_15_0_threshold_0_8.png,23678.948950217346,10025.160107887395,
../binary_PNG/binary_labels_mask_case_id_TCGA-CC-A3MA_0_4_cell_expansion_9_0_threshold_0_4.png,24440.039813683565,14963.194432213742,
../binary_PNG/binary_labels_mask_case_id_TCGA-CC-A3MA_2_4_cell_expansion_11_0_threshold_0_7.png,24603.992403961045,15487.535470148188,
../binary_PNG/binary_labels_mask_case_id_TCGA-YA-A8S7_2_2_cell_expansion_13_0_threshold_0_8.png,23562.970346431626,9094.547936709438,
../binary_PNG/binary_labels_mask_case_id_TCGA-DD-AAED_4_2_cell_expansion_5_0_threshold_0_4.png,24608.19259600263,16234.080889308701,0.16046322201367
../binary_PNG/binary_labels_mask_case_id_TCGA-CC-A3MA_2_4_cell_expansion_9_0_threshold_0_5.png,24855.560816634174,17723.553898253722,
../binary_PNG/binary_labels_mask_case_id_TCGA-YA-A8S7_2_2_cell_expansion_5_0_threshold_0_4.png,24393.65483048317,14358.054817463708,
../binary_PNG/binary_labels_mask_case_id_TCGA-YA-A8S7_0_4_cell_expansion_3_0_threshold_0_8.png,22504.25427363412,4295.79021098515,
../binary_PNG/binary_labels_mask_case_id_TCGA-CC-A3MA_3_3_cell_expansion_15_0_threshold_0_5.png,24807.15713967895,17124.005171282275,
../binary_PNG/binary_labels_mask_case_id_TCGA-CC-5261_3_3_cell_expansion_13_0_threshold_0_6.png,24874.42173455257,17921.580400657433,
../binary_PNG/binary_labels_mask_case_id_TCGA-K7-AAU7_3_0_cell_expansion_3_0_threshold_0_5.png,23754.51343022,11058.283363562314,
../binary_PNG/binary_labels_mask_case_id_TCGA-G3-A5SK_1_0_cell_expansion_13_0_threshold_0_6.png,24562.147058180853,15630.575226226609,
../binary_PNG/binary_labels_mask_case_id_TCGA-YA-A8S7_0_3_cell_expansion_7_0_threshold_0_8.png,23063.46406320019,7002.605209908268,
../binary_PNG/binary_labels_mask_case_id_TCGA-CC-A3MA_4_3_cell_expansion_9_0_threshold_0_4.png,24885.14365845632,18039.203929693973,4.623959495408908
../binary_PNG/binary_labels_mask_case_id_TCGA-K7-AAU7_1_0_cell_expansion_7_0_threshold_0_6.png,23027.68714067232,6960.611973091667,
../binary_PNG/binary_labels_mask_case_id_TCGA-BC-A69I_3_2_cell_expansion_5_0_threshold_0_5.png,23929.53618075349,11615.509894706967,
../binary_PNG/binary_labels_mask_case_id_TCGA-CC-A8HT_0_0_cell_expansion_11_0_threshold_0_8.png,23156.97739410377,7342.696276002374,
../binary_PNG/binary_labels_mask_case_id_TCGA-CC-A8HT_0_3_cell_expansion_7_0_threshold_0_6.png,24434.87102531896,14667.328130031095,0.30964609020603107
../binary_PNG/binary_labels_mask_case_id_TCGA-BC-A69I_4_0_cell_expansion_3_0_threshold_0_7.png,23426.991040708843,8947.455027482009,
../binary_PNG/binary_labels_mask_case_id_TCGA-K7-AAU7_1_4_cell_expansion_13_0_threshold_0_6.png,23401.29452554104,9069.045403238302,
../binary_PNG/binary_labels_mask_case_id_TCGA-YA-A8S7_1_1_cell_expansion_3_0_threshold_0_8.png,22971.57072801782,6586.464773043554,
../binary_PNG/binary_labels_mask_case_id_TCGA-YA-A8S7_0_2_cell_expansion_1_0_threshold_0_7.png,23238.99972339375,8050.804087778517,
../binary_PNG/binary_labels_mask_case_id_TCGA-K7-AAU7_2_1_cell_expansion_11_0_threshold_0_4.png,24210.63047502244,13584.053889122171,
../binary_PNG/binary_labels_mask_case_id_TCGA-DD-AAED_1_0_cell_expansion_7_0_threshold_0_5.png,24256.95825080751,13450.5017883587,
../binary_PNG/binary_labels_mask_case_id_TCGA-CC-5261_2_3_cell_expansion_9_0_threshold_0_6.png,24748.92942237369,16676.929557510968,
../binary_PNG/binary_labels_mask_case_id_TCGA-G3-A7M6_4_4_cell_expansion_15_0_threshold_0_6.png,24332.99337015496,13754.572723293177,
../binary_PNG/binary_labels_mask_case_id_TCGA-CC-A8HT_0_3_cell_expansion_5_0_threshold_0_7.png,23915.23033866125,11572.699795949471,
../binary_PNG/binary_labels_mask_case_id_TCGA-CC-A1HT_0_3_cell_expansion_9_0_threshold_0_5.png,24657.433909100186,16156.274427655013,
../binary_PNG/binary_labels_mask_case_id_TCGA-G3-A5SK_2_1_cell_expansion_13_0_threshold_0_4.png,24753.733185442252,16955.891427068444,
../binary_PNG/binary_labels_mask_case_id_TCGA-G3-A7M6_3_3_cell_expansion_3_0_threshold_0_7.png,23538.257296240587,9553.602012833815,
../binary_PNG/binary_labels_mask_case_id_TCGA-K7-AAU7_2_0_cell_expansion_15_0_threshold_0_8.png,22295.564725834272,3345.9127204795473,
../binary_PNG/binary_labels_mask_case_id_TCGA-K7-AAU7_1_1_cell_expansion_11_0_threshold_0_8.png,22295.564725834272,3345.9127204795473,
../binary_PNG/binary_labels_mask_case_id_TCGA-CC-A8HT_4_3_cell_expansion_3_0_threshold_0_6.png,23590.690553701774,9883.836976815044,
../binary_PNG/binary_labels_mask_case_id_TCGA-CC-A3MA_1_1_cell_expansion_15_0_threshold_0_6.png,24370.63546437497,14195.922903428189,
../binary_PNG/binary_labels_mask_case_id_TCGA-DD-AAED_2_4_cell_expansion_9_0_threshold_0_4.png,24762.79651212731,16814.390401182856,
../binary_PNG/binary_labels_mask_case_id_TCGA-YA-A8S7_4_0_cell_expansion_15_0_threshold_0_4.png,24825.075064417728,17657.865993717838,
../binary_PNG/binary_labels_mask_case_id_TCGA-CC-A1HT_2_2_cell_expansion_3_0_threshold_0_6.png,24213.411187575737,13189.487979884785,
../binary_PNG/binary_labels_mask_case_id_TCGA-CC-A1HT_3_0_cell_expansion_1_0_threshold_0_5.png,23588.519640994728,10182.848868896222,
../binary_PNG/binary_labels_mask_case_id_TCGA-G3-A5SK_2_1_cell_expansion_5_0_threshold_0_7.png,24391.98875261149,14438.443721260708,
../binary_PNG/binary_labels_mask_case_id_TCGA-G3-A5SK_0_1_cell_expansion_7_0_threshold_0_7.png,24247.03458711166,13529.58454476755,
../binary_PNG/binary_labels_mask_case_id_TCGA-CC-5261_2_4_cell_expansion_7_0_threshold_0_8.png,24133.898296096966,12629.169088451636,
../binary_PNG/binary_labels_mask_case_id_TCGA-CC-A8HT_4_0_cell_expansion_15_0_threshold_0_6.png,24469.101588530248,14682.851093487518,
../binary_PNG/binary_labels_mask_case_id_TCGA-CC-A3MA_4_2_cell_expansion_7_0_threshold_0_4.png,24013.241038800395,12510.455949924582,
../binary_PNG/binary_labels_mask_case_id_TCGA-CC-A1HT_2_2_cell_expansion_15_0_threshold_0_8.png,24157.554037875107,12577.178988197422,
../binary_PNG/binary_labels_mask_case_id_TCGA-DD-AAED_4_0_cell_expansion_13_0_threshold_0_7.png,24549.883548845097,15543.702440736546,4.609518103226911
../binary_PNG/binary_labels_mask_case_id_TCGA-G3-A7M6_1_2_cell_expansion_15_0_threshold_0_4.png,24934.793930328244,19110.29251871779,
../binary_PNG/binary_labels_mask_case_id_TCGA-CC-A1HT_3_4_cell_expansion_13_0_threshold_0_5.png,24895.71291639941,18173.8632138454,
../binary_PNG/binary_labels_mask_case_id_TCGA-CC-5261_4_2_cell_expansion_13_0_threshold_0_8.png,24247.31732431129,13231.837128690371,
../binary_PNG/binary_labels_mask_case_id_TCGA-BC-A69I_2_1_cell_expansion_9_0_threshold_0_6.png,24239.067756111406,13430.557150227856,
../binary_PNG/binary_labels_mask_case_id_TCGA-CC-A3MA_3_0_cell_expansion_5_0_threshold_0_4.png,23094.45859715924,7313.552987903233,0.1604837710056133
../binary_PNG/binary_labels_mask_case_id_TCGA-K7-AAU7_3_1_cell_expansion_9_0_threshold_0_7.png,22870.204362814464,6078.224501592147,
../binary_PNG/binary_labels_mask_case_id_TCGA-K7-AAU7_4_2_cell_expansion_13_0_threshold_0_4.png,24744.818353777984,17062.77343149713,
../binary_PNG/binary_labels_mask_case_id_TCGA-G3-A5SK_1_4_cell_expansion_7_0_threshold_0_7.png,24480.193419504092,14886.205138842868,
../binary_PNG/binary_labels_mask_case_id_TCGA-CC-A1HT_1_2_cell_expansion_13_0_threshold_0_7.png,24100.437200242508,12275.002142085008,
../binary_PNG/binary_labels_mask_case_id_TCGA-G3-A5SK_4_3_cell_expansion_15_0_threshold_0_8.png,23730.413873917823,10253.916369256538,
../binary_PNG/binary_labels_mask_case_id_TCGA-CC-A1HT_4_4_cell_expansion_5_0_threshold_0_8.png,22639.743747926743,5109.017786359046,
../binary_PNG/binary_labels_mask_case_id_TCGA-DD-AAED_3_1_cell_expansion_9_0_threshold_0_4.png,24692.971999433397,16517.271306403058,
../binary_PNG/binary_labels_mask_case_id_TCGA-K7-AAU7_0_3_cell_expansion_9_0_threshold_0_4.png,24378.874683869693,14860.780668060637,
../binary_PNG/binary_labels_mask_case_id_TCGA-DD-AAED_4_1_cell_expansion_11_0_threshold_0_8.png,24300.05028195416,13514.591681997483,
../binary_PNG/binary_labels_mask_case_id_TCGA-G3-A5SK_3_4_cell_expansion_5_0_threshold_0_7.png,24709.423191784,16817.582840858242,
../binary_PNG/binary_labels_mask_case_id_TCGA-YA-A8S7_1_4_cell_expansion_7_0_threshold_0_8.png,22354.12961355501,3587.4245905614534,
../binary_PNG/binary_labels_mask_case_id_TCGA-K7-AAU7_1_2_cell_expansion_7_0_threshold_0_6.png,23812.462484941534,11129.860277281234,
../binary_PNG/binary_labels_mask_case_id_TCGA-DD-AAED_2_0_cell_expansion_7_0_threshold_0_6.png,24350.39909428277,14306.640008164097,
../binary_PNG/binary_labels_mask_case_id_TCGA-CC-A1HT_0_2_cell_expansion_15_0_threshold_0_4.png,24137.93986183051,13223.794846245439,
../binary_PNG/binary_labels_mask_case_id_TCGA-CC-5261_0_1_cell_expansion_9_0_threshold_0_7.png,24536.435272737428,15191.604973384441,
../binary_PNG/binary_labels_mask_case_id_TCGA-K7-AAU7_3_2_cell_expansion_5_0_threshold_0_6.png,23847.79886708645,11391.203669234364,
../binary_PNG/binary_labels_mask_case_id_TCGA-CC-A3MA_1_2_cell_expansion_9_0_threshold_0_8.png,23889.075261144808,11047.93322971932,
../binary_PNG/binary_labels_mask_case_id_TCGA-DD-AAED_4_0_cell_expansion_1_0_threshold_0_6.png,23538.117889812303,9855.37312134301,
../binary_PNG/binary_labels_mask_case_id_TCGA-G3-A7M6_0_2_cell_expansion_3_0_threshold_0_8.png,23364.017658762,8542.676414712238,
../binary_PNG/binary_labels_mask_case_id_TCGA-K7-AAU7_3_2_cell_expansion_7_0_threshold_0_7.png,23232.198264766917,7955.680881051133,
../binary_PNG/binary_labels_mask_case_id_TCGA-CC-A8HT_1_4_cell_expansion_3_0_threshold_0_4.png,24334.556937036126,14267.74563569652,1.1044924697344336
../binary_PNG/binary_labels_mask_case_id_TCGA-G3-A7M6_1_0_cell_expansion_7_0_threshold_0_8.png,23948.498178780243,11629.390422446728,
../binary_PNG/binary_labels_mask_case_id_TCGA-DD-AAED_4_3_cell_expansion_15_0_threshold_0_5.png,24657.135301835082,16180.982707836392,4.620583190394511
../binary_PNG/binary_labels_mask_case_id_TCGA-G3-A7M6_1_0_cell_expansion_13_0_threshold_0_8.png,23956.98065538024,11678.634635069297,
../binary_PNG/binary_labels_mask_case_id_TCGA-G3-A5SK_3_1_cell_expansion_9_0_threshold_0_8.png,23768.550447843823,10352.407536886862,
../binary_PNG/binary_labels_mask_case_id_TCGA-G3-A7M6_3_1_cell_expansion_5_0_threshold_0_4.png,24742.48212362978,17360.85823325214,
../binary_PNG/binary_labels_mask_case_id_TCGA-CC-5261_1_4_cell_expansion_9_0_threshold_0_7.png,24420.7753505476,14627.519677112185,
../binary_PNG/binary_labels_mask_case_id_TCGA-G3-A7M6_0_3_cell_expansion_7_0_threshold_0_6.png,24514.34435406372,15070.632572040515,
../binary_PNG/binary_labels_mask_case_id_TCGA-CC-5261_4_1_cell_expansion_11_0_threshold_0_8.png,23641.126941011367,9810.19304282428,
../binary_PNG/binary_labels_mask_case_id_TCGA-CC-A1HT_0_2_cell_expansion_13_0_threshold_0_7.png,23278.70545213744,8105.8309831376355,
../binary_PNG/binary_labels_mask_case_id_TCGA-YA-A8S7_3_2_cell_expansion_7_0_threshold_0_7.png,24545.049298992497,15521.338841327904,
../binary_PNG/binary_labels_mask_case_id_TCGA-YA-A8S7_2_0_cell_expansion_5_0_threshold_0_4.png,24742.014051920694,17179.807394145817,
../binary_PNG/binary_labels_mask_case_id_TCGA-BC-A69I_1_3_cell_expansion_15_0_threshold_0_5.png,24552.5373594132,15204.81401808769,
../binary_PNG/binary_labels_mask_case_id_TCGA-K7-AAU7_1_2_cell_expansion_1_0_threshold_0_5.png,23119.979505972882,7507.201112876539,0.16052487117281436
../binary_PNG/binary_labels_mask_case_id_TCGA-YA-A8S7_4_3_cell_expansion_13_0_threshold_0_6.png,22415.96558820062,3834.0188640953534,4.623959495408908
../binary_PNG/binary_labels_mask_case_id_TCGA-BC-A69I_0_2_cell_expansion_3_0_threshold_0_5.png,23225.590404803774,8126.575109026283,
../binary_PNG/binary_labels_mask_case_id_TCGA-DD-AAED_0_0_cell_expansion_3_0_threshold_0_5.png,24346.99397621741,14431.07978098375,
../binary_PNG/binary_labels_mask_case_id_TCGA-YA-A8S7_0_1_cell_expansion_7_0_threshold_0_8.png,23272.47024454523,7978.392459517765,
../binary_PNG/binary_labels_mask_case_id_TCGA-G3-A5SK_2_2_cell_expansion_9_0_threshold_0_6.png,24546.279945439517,15472.684330361997,1.106792683318867
../binary_PNG/binary_labels_mask_case_id_TCGA-CC-A8HT_3_3_cell_expansion_1_0_threshold_0_6.png,23199.94984881956,8001.677129735808,0.16046322201367
../binary_PNG/binary_labels_mask_case_id_TCGA-G3-A7M6_2_4_cell_expansion_5_0_threshold_0_8.png,23630.65975867541,9793.28406252854,
../binary_PNG/binary_labels_mask_case_id_TCGA-CC-A8HT_3_4_cell_expansion_1_0_threshold_0_8.png,22445.79783331512,4108.220168093192,
../binary_PNG/binary_labels_mask_case_id_TCGA-G3-A7M6_2_1_cell_expansion_11_0_threshold_0_7.png,24584.086364747567,15581.466008224204,
../binary_PNG/binary_labels_mask_case_id_TCGA-BC-A69I_0_4_cell_expansion_3_0_threshold_0_7.png,23547.671976491278,9665.526073854586,
../binary_PNG/binary_labels_mask_case_id_TCGA-G3-A7M6_1_0_cell_expansion_1_0_threshold_0_7.png,23086.985081269067,7350.151301931462,
../binary_PNG/binary_labels_mask_case_id_TCGA-CC-A8HT_2_0_cell_expansion_7_0_threshold_0_7.png,24141.718991903814,12807.78524291729,
../binary_PNG/binary_labels_mask_case_id_TCGA-G3-A7M6_3_0_cell_expansion_3_0_threshold_0_7.png,23712.804885359372,10553.160217546909,
../binary_PNG/binary_labels_mask_case_id_TCGA-CC-A1HT_3_2_cell_expansion_9_0_threshold_0_6.png,24654.12676820025,15804.832589889309,
../binary_PNG/binary_labels_mask_case_id_TCGA-CC-A3MA_0_0_cell_expansion_9_0_threshold_0_6.png,23797.340738709096,11049.607528120045,
../binary_PNG/binary_labels_mask_case_id_TCGA-BC-A69I_2_3_cell_expansion_7_0_threshold_0_6.png,24307.295114747798,13517.490851186514,1.101051551679918
../binary_PNG/binary_labels_mask_case_id_TCGA-BC-A69I_3_1_cell_expansion_5_0_threshold_0_5.png,23969.340535453688,11900.294448247076,
../binary_PNG/binary_labels_mask_case_id_TCGA-DD-AAED_1_4_cell_expansion_3_0_threshold_0_5.png,24359.83113265585,14605.379409588697,
../binary_PNG/binary_labels_mask_case_id_TCGA-YA-A8S7_2_1_cell_expansion_3_0_threshold_0_7.png,23539.083324545623,9588.991264194188,
../binary_PNG/binary_labels_mask_case_id_TCGA-G3-A5SK_4_4_cell_expansion_15_0_threshold_0_4.png,24362.010808343988,14236.333269167202,
../binary_PNG/binary_labels_mask_case_id_TCGA-YA-A8S7_0_1_cell_expansion_1_0_threshold_0_7.png,23217.56357207524,8103.782584513088,
../binary_PNG/binary_labels_mask_case_id_TCGA-K7-AAU7_4_1_cell_expansion_3_0_threshold_0_4.png,24400.9518379137,14952.383595127983,
../binary_PNG/binary_labels_mask_case_id_TCGA-CC-A1HT_2_1_cell_expansion_9_0_threshold_0_8.png,23122.158077885484,7052.2599168378565,
../binary_PNG/binary_labels_mask_case_id_TCGA-CC-5261_4_1_cell_expansion_11_0_threshold_0_4.png,24862.969684533844,17949.82014183116,
../binary_PNG/binary_labels_mask_case_id_TCGA-CC-A1HT_0_3_cell_expansion_15_0_threshold_0_6.png,24544.01760989499,15243.968177487084,
../binary_PNG/binary_labels_mask_case_id_TCGA-G3-A5SK_4_4_cell_expansion_9_0_threshold_0_7.png,24126.241040826317,12681.842161468332,
../binary_PNG/binary_labels_mask_case_id_TCGA-BC-A69I_2_3_cell_expansion_1_0_threshold_0_5.png,23226.61420301,7930.698290056121,
../binary_PNG/binary_labels_mask_case_id_TCGA-G3-A7M6_0_3_cell_expansion_11_0_threshold_0_4.png,24609.496001845768,15673.259464954412,
../binary_PNG/binary_labels_mask_case_id_TCGA-G3-A7M6_3_2_cell_expansion_15_0_threshold_0_4.png,24616.189440903945,15889.174660313553,
../binary_PNG/binary_labels_mask_case_id_TCGA-CC-A1HT_1_4_cell_expansion_13_0_threshold_0_5.png,24264.227932427755,13826.941021099663,1.1026694045174539
../binary_PNG/binary_labels_mask_case_id_TCGA-BC-A69I_0_3_cell_expansion_3_0_threshold_0_5.png,23737.39389107731,10546.14633291838,
../binary_PNG/binary_labels_mask_case_id_TCGA-G3-A7M6_2_2_cell_expansion_5_0_threshold_0_6.png,24213.542147652643,13557.25088557949,
../binary_PNG/binary_labels_mask_case_id_TCGA-K7-AAU7_1_4_cell_expansion_5_0_threshold_0_5.png,23539.159475695466,9928.354344116644,
../binary_PNG/binary_labels_mask_case_id_TCGA-K7-AAU7_4_1_cell_expansion_5_0_threshold_0_7.png,23807.877375787542,10883.200572246573,
../binary_PNG/binary_labels_mask_case_id_TCGA-G3-A7M6_0_2_cell_expansion_5_0_threshold_0_7.png,24239.704744511502,13375.762642439347,
../binary_PNG/binary_labels_mask_case_id_TCGA-YA-A8S7_4_1_cell_expansion_3_0_threshold_0_4.png,24498.486921175565,15605.13822358139,
../binary_PNG/binary_labels_mask_case_id_TCGA-DD-AAED_3_3_cell_expansion_1_0_threshold_0_7.png,23649.70415251539,10431.90158025942,
../binary_PNG/binary_labels_mask_case_id_TCGA-G3-A7M6_0_2_cell_expansion_15_0_threshold_0_8.png,24111.749538313925,12262.12026345434,
../binary_PNG/binary_labels_mask_case_id_TCGA-DD-AAED_0_0_cell_expansion_1_0_threshold_0_8.png,23066.701748399155,7240.634581666202,
../binary_PNG/binary_labels_mask_case_id_TCGA-G3-A7M6_3_0_cell_expansion_5_0_threshold_0_4.png,24506.816264583398,15172.785695233006,
../binary_PNG/binary_labels_mask_case_id_TCGA-BC-A69I_3_3_cell_expansion_13_0_threshold_0_6.png,24545.5020876817,15124.536605971844,1.1015905592611597
../binary_PNG/binary_labels_mask_case_id_TCGA-CC-5261_4_4_cell_expansion_3_0_threshold_0_5.png,24557.79190770199,15918.043657280168,
../binary_PNG/binary_labels_mask_case_id_TCGA-CC-A3MA_3_1_cell_expansion_1_0_threshold_0_6.png,23672.00711421265,10634.913540977024,
../binary_PNG/binary_labels_mask_case_id_TCGA-CC-5261_0_4_cell_expansion_5_0_threshold_0_4.png,24655.23938544271,16552.499697239036,
../binary_PNG/binary_labels_mask_case_id_TCGA-YA-A8S7_4_4_cell_expansion_9_0_threshold_0_8.png,22295.564725834272,3345.9127204795473,
../binary_PNG/binary_labels_mask_case_id_TCGA-CC-5261_2_4_cell_expansion_5_0_threshold_0_5.png,24631.403218404947,16209.599239171455,
../binary_PNG/binary_labels_mask_case_id_TCGA-K7-AAU7_4_3_cell_expansion_13_0_threshold_0_6.png,24425.45515296174,14872.109407304808,
../binary_PNG/binary_labels_mask_case_id_TCGA-CC-A1HT_2_3_cell_expansion_11_0_threshold_0_8.png,22600.65046029957,4628.499365705879,
../binary_PNG/binary_labels_mask_case_id_TCGA-G3-A5SK_4_0_cell_expansion_1_0_threshold_0_6.png,23013.338735689438,6925.373236033853,
../binary_PNG/binary_labels_mask_case_id_TCGA-CC-A3MA_2_2_cell_expansion_1_0_threshold_0_8.png,23026.319580729327,6867.683332010495,
../binary_PNG/binary_labels_mask_case_id_TCGA-CC-5261_1_1_cell_expansion_1_0_threshold_0_6.png,23081.768513554347,7336.624244789502,
../binary_PNG/binary_labels_mask_case_id_TCGA-CC-A1HT_0_4_cell_expansion_5_0_threshold_0_6.png,24412.324061932948,14782.128166834585,4.617692439567976
../binary_PNG/binary_labels_mask_case_id_TCGA-CC-A3MA_4_4_cell_expansion_1_0_threshold_0_5.png,23721.329739225566,11064.006792784254,
../binary_PNG/binary_labels_mask_case_id_TCGA-G3-A5SK_3_4_cell_expansion_3_0_threshold_0_8.png,23287.75907135332,8298.69269682163,
../binary_PNG/binary_labels_mask_case_id_TCGA-CC-5261_2_3_cell_expansion_1_0_threshold_0_5.png,23639.53226996612,10384.935757024616,
../binary_PNG/binary_labels_mask_case_id_TCGA-BC-A69I_2_0_cell_expansion_11_0_threshold_0_6.png,24297.536914240718,13407.238342487286,
../binary_PNG/binary_labels_mask_case_id_TCGA-BC-A69I_4_0_cell_expansion_9_0_threshold_0_5.png,24407.25743049309,14253.419405260564,
../binary_PNG/binary_labels_mask_case_id_TCGA-G3-A5SK_2_1_cell_expansion_3_0_threshold_0_8.png,23219.73763698358,7925.808476640812,
../binary_PNG/binary_labels_mask_case_id_TCGA-CC-A3MA_4_4_cell_expansion_7_0_threshold_0_6.png,24406.84908111392,14952.327510861409,
../binary_PNG/binary_labels_mask_case_id_TCGA-CC-A1HT_2_2_cell_expansion_13_0_threshold_0_7.png,24643.987837985438,15559.077105452741,
../binary_PNG/binary_labels_mask_case_id_TCGA-G3-A5SK_3_2_cell_expansion_3_0_threshold_0_6.png,24197.030738983398,13646.616566429759,
../binary_PNG/binary_labels_mask_case_id_TCGA-G3-A7M6_2_3_cell_expansion_11_0_threshold_0_8.png,23597.180633337957,9742.477862545169,
../binary_PNG/binary_labels_mask_case_id_TCGA-DD-AAED_4_1_cell_expansion_13_0_threshold_0_5.png,24737.312321206227,16513.654943262918,
../binary_PNG/binary_labels_mask_case_id_TCGA-K7-AAU7_4_4_cell_expansion_9_0_threshold_0_8.png,22958.994843041728,6405.231002141905,
../binary_PNG/binary_labels_mask_case_id_TCGA-K7-AAU7_4_3_cell_expansion_7_0_threshold_0_4.png,24765.071985686478,17410.1342787961,
../binary_PNG/binary_labels_mask_case_id_TCGA-CC-A8HT_1_2_cell_expansion_13_0_threshold_0_8.png,22853.733781374824,6039.395567516214,
../binary_PNG/binary_labels_mask_case_id_TCGA-CC-A1HT_4_2_cell_expansion_9_0_threshold_0_5.png,24736.196873395165,16812.45092639605,
../binary_PNG/binary_labels_mask_case_id_TCGA-BC-A69I_1_3_cell_expansion_3_0_threshold_0_5.png,23891.558872180936,11576.711920840651,
../binary_PNG/binary_labels_mask_case_id_TCGA-YA-A8S7_3_4_cell_expansion_13_0_threshold_0_8.png,22295.564725834272,3345.9127204795473,0.1604837710056133
../binary_PNG/binary_labels_mask_case_id_TCGA-K7-AAU7_0_3_cell_expansion_1_0_threshold_0_5.png,23176.799027210523,7856.612994328726,
../binary_PNG/binary_labels_mask_case_id_TCGA-G3-A7M6_1_2_cell_expansion_7_0_threshold_0_6.png,24779.576635304456,17709.87253556712,
../binary_PNG/binary_labels_mask_case_id_TCGA-CC-A8HT_0_2_cell_expansion_3_0_threshold_0_6.png,23741.63579679036,10818.248721943966,
../binary_PNG/binary_labels_mask_case_id_TCGA-YA-A8S7_2_3_cell_expansion_7_0_threshold_0_7.png,23386.930818244648,8439.557425197367,
../binary_PNG/binary_labels_mask_case_id_TCGA-YA-A8S7_1_3_cell_expansion_15_0_threshold_0_7.png,24422.83661057455,14330.588091608734,
../binary_PNG/binary_labels_mask_case_id_TCGA-G3-A5SK_1_0_cell_expansion_13_0_threshold_0_8.png,23603.067916360742,9821.673836290462,
../binary_PNG/binary_labels_mask_case_id_TCGA-G3-A5SK_2_1_cell_expansion_9_0_threshold_0_4.png,24751.64149314249,16944.89070953554,0.1604837710056133
../binary_PNG/binary_labels_mask_case_id_TCGA-DD-AAED_4_4_cell_expansion_1_0_threshold_0_6.png,23800.627558810484,11287.161507548944,
../binary_PNG/binary_labels_mask_case_id_TCGA-DD-AAED_0_0_cell_expansion_11_0_threshold_0_4.png,24775.26586708921,17006.846633047742,
../binary_PNG/binary_labels_mask_case_id_TCGA-YA-A8S7_2_4_cell_expansion_1_0_threshold_0_6.png,22320.495227734504,3481.2662670725013,
../binary_PNG/binary_labels_mask_case_id_TCGA-BC-A69I_1_2_cell_expansion_1_0_threshold_0_8.png,22739.382261627103,5478.132533046039,
../binary_PNG/binary_labels_mask_case_id_TCGA-DD-AAED_3_1_cell_expansion_3_0_threshold_0_4.png,24316.37378024528,14357.453273279763,
../binary_PNG/binary_labels_mask_case_id_TCGA-BC-A69I_3_2_cell_expansion_3_0_threshold_0_8.png,22867.17194093584,6091.378719481664,
../binary_PNG/binary_labels_mask_case_id_TCGA-G3-A5SK_1_3_cell_expansion_9_0_threshold_0_7.png,24178.50514478581,13124.219297292722,
../binary_PNG/binary_labels_mask_case_id_TCGA-DD-AAED_4_3_cell_expansion_3_0_threshold_0_5.png,24105.3448682148,13004.976259474171,
../binary_PNG/binary_labels_mask_case_id_TCGA-YA-A8S7_2_3_cell_expansion_3_0_threshold_0_5.png,23161.7684199096,7587.7429661404,
../binary_PNG/binary_labels_mask_case_id_TCGA-CC-A8HT_0_2_cell_expansion_7_0_threshold_0_4.png,24512.33725378604,15264.541934062332,
../binary_PNG/binary_labels_mask_case_id_TCGA-BC-A69I_4_1_cell_expansion_3_0_threshold_0_5.png,23365.918025880303,8581.831194954104,
../binary_PNG/binary_labels_mask_case_id_TCGA-CC-A3MA_0_3_cell_expansion_11_0_threshold_0_5.png,24851.72416615559,17580.704690842118,4.628789830799622
../binary_PNG/binary_labels_mask_case_id_TCGA-CC-A3MA_3_2_cell_expansion_15_0_threshold_0_5.png,24819.24432815152,17540.240975209363,
../binary_PNG/binary_labels_mask_case_id_TCGA-DD-AAED_2_2_cell_expansion_7_0_threshold_0_8.png,23690.502668495483,10325.152681939559,
../binary_PNG/binary_labels_mask_case_id_TCGA-CC-A8HT_4_3_cell_expansion_3_0_threshold_0_8.png,22648.754883000638,4924.7788947065665,
../binary_PNG/binary_labels_mask_case_id_TCGA-K7-AAU7_1_1_cell_expansion_11_0_threshold_0_6.png,23915.2037272021,11770.114349207888,
../binary_PNG/binary_labels_mask_case_id_TCGA-G3-A5SK_1_4_cell_expansion_11_0_threshold_0_8.png,23980.70013339273,11884.254267142634,
../binary_PNG/binary_labels_mask_case_id_TCGA-G3-A7M6_4_0_cell_expansion_5_0_threshold_0_7.png,23987.75377111708,12405.675827503024,
../binary_PNG/binary_labels_mask_case_id_TCGA-BC-A69I_0_1_cell_expansion_7_0_threshold_0_5.png,24308.479510125675,13750.985427923628,0.3097769605883764
../binary_PNG/binary_labels_mask_case_id_TCGA-DD-AAED_0_4_cell_expansion_13_0_threshold_0_4.png,24686.97283109696,16186.240030519544,
../binary_PNG/binary_labels_mask_case_id_TCGA-K7-AAU7_4_3_cell_expansion_1_0_threshold_0_7.png,22824.73227809284,6049.917290288794,
../binary_PNG/binary_labels_mask_case_id_TCGA-CC-A8HT_2_2_cell_expansion_7_0_threshold_0_5.png,24812.409608023925,17589.487851393318,
../binary_PNG/binary_labels_mask_case_id_TCGA-YA-A8S7_0_3_cell_expansion_3_0_threshold_0_4.png,24416.096200491356,14968.02592176587,
../binary_PNG/binary_labels_mask_case_id_TCGA-G3-A5SK_0_2_cell_expansion_11_0_threshold_0_6.png,24454.233213252348,14741.839554147522,
../binary_PNG/binary_labels_mask_case_id_TCGA-K7-AAU7_0_2_cell_expansion_11_0_threshold_0_7.png,22566.967262007067,4598.780745761891,
../binary_PNG/binary_labels_mask_case_id_TCGA-DD-AAED_1_2_cell_expansion_9_0_threshold_0_7.png,24547.60369345164,15190.064034072624,
../binary_PNG/binary_labels_mask_case_id_TCGA-CC-5261_0_4_cell_expansion_15_0_threshold_0_7.png,24381.27268518304,14545.274810044546,
../binary_PNG/binary_labels_mask_case_id_TCGA-YA-A8S7_3_2_cell_expansion_11_0_threshold_0_7.png,24549.88406530335,15558.80230731644,
../binary_PNG/binary_labels_mask_case_id_TCGA-CC-A3MA_3_4_cell_expansion_1_0_threshold_0_6.png,23704.522721503563,10788.680189593775,
../binary_PNG/binary_labels_mask_case_id_TCGA-CC-A8HT_1_3_cell_expansion_9_0_threshold_0_6.png,24505.53528305824,15210.341080338396,
../binary_PNG/binary_labels_mask_case_id_TCGA-CC-A1HT_3_2_cell_expansion_7_0_threshold_0_8.png,24095.91514006789,12306.114367269363,
../binary_PNG/binary_labels_mask_case_id_TCGA-YA-A8S7_1_0_cell_expansion_15_0_threshold_0_6.png,24367.98999164466,14028.563734959942,
../binary_PNG/binary_labels_mask_case_id_TCGA-G3-A5SK_0_2_cell_expansion_7_0_threshold_0_5.png,24492.98458110429,15079.408173322343,
../binary_PNG/binary_labels_mask_case_id_TCGA-G3-A7M6_1_1_cell_expansion_9_0_threshold_0_6.png,24450.06764386626,14918.375994266165,
../binary_PNG/binary_labels_mask_case_id_TCGA-G3-A5SK_3_4_cell_expansion_11_0_threshold_0_4.png,24947.650402051466,18803.589942830567,
../binary_PNG/binary_labels_mask_case_id_TCGA-CC-5261_2_1_cell_expansion_1_0_threshold_0_7.png,23279.200788323007,8398.341873277717,
../binary_PNG/binary_labels_mask_case_id_TCGA-G3-A5SK_0_1_cell_expansion_13_0_threshold_0_6.png,24453.634492519257,14899.743893382178,
../binary_PNG/binary_labels_mask_case_id_TCGA-G3-A5SK_4_3_cell_expansion_1_0_threshold_0_8.png,22717.65524940674,5455.376513042666,
../binary_PNG/binary_labels_mask_case_id_TCGA-YA-A8S7_1_4_cell_expansion_15_0_threshold_0_7.png,22414.13489599876,3841.711919593967,0.1605043207253152
../binary_PNG/binary_labels_mask_case_id_TCGA-K7-AAU7_3_0_cell_expansion_15_0_threshold_0_6.png,23965.9496926212,11951.814623334221,
../binary_PNG/binary_labels_mask_case_id_TCGA-DD-AAED_1_0_cell_expansion_15_0_threshold_0_6.png,24261.104993020104,13420.035756912786,
../binary_PNG/binary_labels_mask_case_id_TCGA-BC-A69I_4_4_cell_expansion_11_0_threshold_0_5.png,24607.235643226635,15721.998491801674,
../binary_PNG/binary_labels_mask_case_id_TCGA-G3-A7M6_4_2_cell_expansion_15_0_threshold_0_6.png,24570.368803443213,16298.32298888488,
../binary_PNG/binary_labels_mask_case_id_TCGA-G3-A5SK_0_4_cell_expansion_1_0_threshold_0_8.png,22681.045021207672,5182.367676447453,
../binary_PNG/binary_labels_mask_case_id_TCGA-CC-5261_1_3_cell_expansion_3_0_threshold_0_5.png,24129.746057387616,13193.76477614895,
../binary_PNG/binary_labels_mask_case_id_TCGA-CC-A1HT_4_1_cell_expansion_5_0_threshold_0_4.png,24697.85961742436,16743.47968676668,
../binary_PNG/binary_labels_mask_case_id_TCGA-CC-A8HT_1_4_cell_expansion_15_0_threshold_0_5.png,24731.078493976827,16594.323056599278,
../binary_PNG/binary_labels_mask_case_id_TCGA-CC-A3MA_1_3_cell_expansion_13_0_threshold_0_4.png,24915.867562891908,18352.545646938048,
../binary_PNG/binary_labels_mask_case_id_TCGA-G3-A5SK_3_0_cell_expansion_5_0_threshold_0_7.png,24296.259428873633,13828.575366345096,
../binary_PNG/binary_labels_mask_case_id_TCGA-DD-AAED_3_2_cell_expansion_11_0_threshold_0_7.png,24715.03674865424,16314.371245486594,
../binary_PNG/binary_labels_mask_case_id_TCGA-CC-A3MA_0_0_cell_expansion_5_0_threshold_0_5.png,23660.429249282915,10425.431925546087,
../binary_PNG/binary_labels_mask_case_id_TCGA-CC-5261_4_0_cell_expansion_3_0_threshold_0_5.png,24426.924897754692,15060.365505715488,
../binary_PNG/binary_labels_mask_case_id_TCGA-G3-A5SK_4_4_cell_expansion_3_0_threshold_0_7.png,23439.66096615938,9132.892716272823,
../binary_PNG/binary_labels_mask_case_id_TCGA-CC-5261_3_1_cell_expansion_15_0_threshold_0_8.png,24032.133748269003,11826.2617178949,1.10145578144039
../binary_PNG/binary_labels_mask_case_id_TCGA-CC-A1HT_2_0_cell_expansion_5_0_threshold_0_7.png,22940.485134715644,6552.445499038388,
../binary_PNG/binary_labels_mask_case_id_TCGA-YA-A8S7_2_4_cell_expansion_11_0_threshold_0_5.png,22574.809439700133,4695.817113642464,
../binary_PNG/binary_labels_mask_case_id_TCGA-DD-AAED_3_3_cell_expansion_13_0_threshold_0_4.png,24870.846810432064,17894.203090919447,
../binary_PNG/binary_labels_mask_case_id_TCGA-CC-A3MA_3_2_cell_expansion_5_0_threshold_0_6.png,24668.897534559,16458.31153540405,
../binary_PNG/binary_labels_mask_case_id_TCGA-G3-A5SK_1_3_cell_expansion_13_0_threshold_0_5.png,24343.244253152403,14306.732391221069,
../binary_PNG/binary_labels_mask_case_id_TCGA-CC-A3MA_0_0_cell_expansion_7_0_threshold_0_4.png,23840.1573858168,11459.633624131104,
../binary_PNG/binary_labels_mask_case_id_TCGA-CC-A8HT_0_2_cell_expansion_13_0_threshold_0_4.png,24552.40078124712,15463.78234100636,0.309619919267815
../binary_PNG/binary_labels_mask_case_id_TCGA-CC-A3MA_0_4_cell_expansion_13_0_threshold_0_8.png,22769.041736826748,5525.703335830648,
../binary_PNG/binary_labels_mask_case_id_TCGA-CC-5261_3_2_cell_expansion_7_0_threshold_0_6.png,24616.35113157925,15818.150982776191,
../binary_PNG/binary_labels_mask_case_id_TCGA-DD-AAED_0_2_cell_expansion_15_0_threshold_0_5.png,24643.5368972529,16249.737982690913,
../binary_PNG/binary_labels_mask_case_id_TCGA-DD-AAED_3_3_cell_expansion_11_0_threshold_0_5.png,24838.265537579664,17577.58813128298,
../binary_PNG/binary_labels_mask_case_id_TCGA-G3-A5SK_0_3_cell_expansion_5_0_threshold_0_4.png,24713.44358452216,17078.274013407037,
../binary_PNG/binary_labels_mask_case_id_TCGA-CC-A8HT_3_3_cell_expansion_11_0_threshold_0_7.png,23946.626514802323,11558.76390921837,1.1001762538054798
../binary_PNG/binary_labels_mask_case_id_TCGA-YA-A8S7_3_3_cell_expansion_13_0_threshold_0_4.png,22767.252165428017,5574.291434660806,
../binary_PNG/binary_labels_mask_case_id_TCGA-K7-AAU7_0_4_cell_expansion_11_0_threshold_0_5.png,24179.291955849483,13293.79016150342,
../binary_PNG/binary_labels_mask_case_id_TCGA-G3-A5SK_2_4_cell_expansion_3_0_threshold_0_4.png,24154.60044648043,13162.322763635084,
../binary_PNG/binary_labels_mask_case_id_TCGA-YA-A8S7_1_0_cell_expansion_11_0_threshold_0_8.png,23054.661039335617,6995.853309547396,
../binary_PNG/binary_labels_mask_case_id_TCGA-CC-A8HT_4_0_cell_expansion_9_0_threshold_0_6.png,24451.291175237642,14564.049083184082,
../binary_PNG/binary_labels_mask_case_id_TCGA-CC-A8HT_1_1_cell_expansion_15_0_threshold_0_6.png,24557.293418101544,15515.322145417827,
../binary_PNG/binary_labels_mask_case_id_TCGA-CC-A3MA_2_0_cell_expansion_3_0_threshold_0_7.png,23859.628551882808,11391.174601287368,
../binary_PNG/binary_labels_mask_case_id_TCGA-G3-A5SK_4_3_cell_expansion_3_0_threshold_0_5.png,23752.469116739438,10887.686312758791,
../binary_PNG/binary_labels_mask_case_id_TCGA-G3-A7M6_3_0_cell_expansion_9_0_threshold_0_7.png,24468.83722672926,14653.20796726596,
../binary_PNG/binary_labels_mask_case_id_TCGA-CC-A1HT_3_2_cell_expansion_3_0_threshold_0_6.png,24266.06771366465,13602.876668046338,
../binary_PNG/binary_labels_mask_case_id_TCGA-CC-A3MA_2_0_cell_expansion_1_0_threshold_0_6.png,23675.430800894293,10522.32337756463,
../binary_PNG/binary_labels_mask_case_id_TCGA-CC-5261_1_3_cell_expansion_1_0_threshold_0_8.png,22888.002744800684,6283.209922597821,
../binary_PNG/binary_labels_mask_case_id_TCGA-G3-A5SK_1_3_cell_expansion_15_0_threshold_0_6.png,24332.142334670465,14184.514541993909,
../binary_PNG/binary_labels_mask_case_id_TCGA-K7-AAU7_4_1_cell_expansion_9_0_threshold_0_4.png,24771.597403707,17267.273478004525,
../binary_PNG/binary_labels_mask_case_id_TCGA-CC-A3MA_4_3_cell_expansion_9_0_threshold_0_6.png,24756.170519189072,16750.634955302972,
../binary_PNG/binary_labels_mask_case_id_TCGA-G3-A7M6_2_0_cell_expansion_5_0_threshold_0_8.png,23693.05604765508,10424.476061463503,
../binary_PNG/binary_labels_mask_case_id_TCGA-CC-5261_2_4_cell_expansion_9_0_threshold_0_6.png,24716.82898793354,16589.347069900163,
../binary_PNG/binary_labels_mask_case_id_TCGA-CC-A3MA_2_4_cell_expansion_13_0_threshold_0_4.png,24879.980754940094,17965.856483178417,
../binary_PNG/binary_labels_mask_case_id_TCGA-BC-A69I_0_0_cell_expansion_3_0_threshold_0_7.png,23288.22279596101,8359.612215996856,
../binary_PNG/binary_labels_mask_case_id_TCGA-CC-A3MA_2_0_cell_expansion_15_0_threshold_0_6.png,24726.176031149826,16461.440450595142,
../binary_PNG/binary_labels_mask_case_id_TCGA-G3-A5SK_1_4_cell_expansion_15_0_threshold_0_6.png,24587.7520679382,15676.494899086587,
../binary_PNG/binary_labels_mask_case_id_TCGA-K7-AAU7_1_0_cell_expansion_13_0_threshold_0_5.png,23439.857421731536,9155.279246870872,
../binary_PNG/binary_labels_mask_case_id_TCGA-G3-A7M6_4_1_cell_expansion_1_0_threshold_0_5.png,23098.47307400831,7394.4775271476965,
../binary_PNG/binary_labels_mask_case_id_TCGA-CC-A1HT_0_4_cell_expansion_9_0_threshold_0_5.png,24701.467725333892,16795.006584415307,
../binary_PNG/binary_labels_mask_case_id_TCGA-CC-5261_1_0_cell_expansion_11_0_threshold_0_8.png,23538.7451718454,9282.232059598697,
../binary_PNG/binary_labels_mask_case_id_TCGA-K7-AAU7_0_2_cell_expansion_3_0_threshold_0_4.png,22951.26886441921,6657.047509984526,
../binary_PNG/binary_labels_mask_case_id_TCGA-BC-A69I_3_3_cell_expansion_3_0_threshold_0_8.png,23177.578245064644,7622.761176536671,
../binary_PNG/binary_labels_mask_case_id_TCGA-BC-A69I_4_2_cell_expansion_15_0_threshold_0_5.png,24360.919735738287,13910.780931669087,
../binary_PNG/binary_labels_mask_case_id_TCGA-G3-A5SK_1_0_cell_expansion_11_0_threshold_0_5.png,24582.293524991666,15764.38627277597,
../binary_PNG/binary_labels_mask_case_id_TCGA-K7-AAU7_2_2_cell_expansion_3_0_threshold_0_5.png,23563.958201241847,10050.992437059853,
../binary_PNG/binary_labels_mask_case_id_TCGA-G3-A7M6_4_4_cell_expansion_13_0_threshold_0_7.png,24136.516709543233,12583.5530621909,
../binary_PNG/binary_labels_mask_case_id_TCGA-BC-A69I_2_0_cell_expansion_3_0_threshold_0_6.png,23552.88759254737,9497.635282645906,
../binary_PNG/binary_labels_mask_case_id_TCGA-K7-AAU7_0_2_cell_expansion_1_0_threshold_0_5.png,22610.506268268444,4906.624565218321,
../binary_PNG/binary_labels_mask_case_id_TCGA-CC-A8HT_0_1_cell_expansion_13_0_threshold_0_5.png,24762.631342929668,16898.349042558002,
../binary_PNG/binary_labels_mask_case_id_TCGA-YA-A8S7_2_2_cell_expansion_7_0_threshold_0_7.png,24004.74291576659,11670.359599406365,1.1009168429826248
../binary_PNG/binary_labels_mask_case_id_TCGA-YA-A8S7_3_0_cell_expansion_5_0_threshold_0_4.png,24700.08225701802,16839.174964240072,0.1604221262129046
../binary_PNG/binary_labels_mask_case_id_TCGA-G3-A7M6_4_1_cell_expansion_13_0_threshold_0_8.png,23843.96105091101,10693.847076623033,
../binary_PNG/binary_labels_mask_case_id_TCGA-CC-A8HT_4_2_cell_expansion_3_0_threshold_0_8.png,22770.450316884715,5609.041621793344,
../binary_PNG/binary_labels_mask_case_id_TCGA-CC-A3MA_2_0_cell_expansion_11_0_threshold_0_4.png,24872.591987839627,17879.339756666337,
../binary_PNG/binary_labels_mask_case_id_TCGA-CC-A8HT_4_3_cell_expansion_3_0_threshold_0_4.png,23998.162452832745,12389.340653645813,
../binary_PNG/binary_labels_mask_case_id_TCGA-CC-A1HT_3_1_cell_expansion_9_0_threshold_0_4.png,24443.086107817806,15034.598037020292,
../binary_PNG/binary_labels_mask_case_id_TCGA-K7-AAU7_4_2_cell_expansion_1_0_threshold_0_7.png,23053.56858749916,7330.261141238243,4.62830642390931
../binary_PNG/binary_labels_mask_case_id_TCGA-YA-A8S7_0_2_cell_expansion_3_0_threshold_0_4.png,24344.709086261766,14211.74653560208,
../binary_PNG/binary_labels_mask_case_id_TCGA-CC-A8HT_3_1_cell_expansion_5_0_threshold_0_6.png,23931.84496279841,11762.60007244954,0.30964609020603107
../binary_PNG/binary_labels_mask_case_id_TCGA-YA-A8S7_3_1_cell_expansion_15_0_threshold_0_8.png,22955.804555571664,6306.817629857938,
../binary_PNG/binary_labels_mask_case_id_TCGA-CC-A8HT_0_1_cell_expansion_15_0_threshold_0_6.png,24675.163336075162,16097.66353131036,
../binary_PNG/binary_labels_mask_case_id_TCGA-CC-A8HT_4_4_cell_expansion_7_0_threshold_0_4.png,24511.866145463846,15390.86545477546,
../binary_PNG/binary_labels_mask_case_id_TCGA-CC-5261_1_1_cell_expansion_13_0_threshold_0_7.png,23757.3172525408,10857.683916423752,1.0999070780864495
../binary_PNG/binary_labels_mask_case_id_TCGA-CC-A3MA_3_3_cell_expansion_11_0_threshold_0_5.png,24806.96792215126,17122.025467131178,0.16046322201367
../binary_PNG/binary_labels_mask_case_id_TCGA-K7-AAU7_0_2_cell_expansion_7_0_threshold_0_6.png,23021.868970886608,6829.71467915696,
../binary_PNG/binary_labels_mask_case_id_TCGA-DD-AAED_0_2_cell_expansion_5_0_threshold_0_4.png,24595.104387383057,16045.230102408032,
../binary_PNG/binary_labels_mask_case_id_TCGA-CC-5261_0_2_cell_expansion_11_0_threshold_0_7.png,24161.57502363393,13142.127983876362,
../binary_PNG/binary_labels_mask_case_id_TCGA-CC-A1HT_4_1_cell_expansion_13_0_threshold_0_8.png,24024.854760259503,11714.993879527954,
../binary_PNG/binary_labels_mask_case_id_TCGA-CC-A8HT_2_3_cell_expansion_13_0_threshold_0_6.png,24470.544266057666,15031.09063576336,1.104154626597316
../binary_PNG/binary_labels_mask_case_id_TCGA-G3-A5SK_1_0_cell_expansion_15_0_threshold_0_7.png,24342.332757249576,14162.511983965,
../binary_PNG/binary_labels_mask_case_id_TCGA-YA-A8S7_2_3_cell_expansion_11_0_threshold_0_5.png,23544.459944071703,9394.829745485053,
../binary_PNG/binary_labels_mask_case_id_TCGA-CC-A8HT_4_4_cell_expansion_5_0_threshold_0_5.png,24330.6147667037,14221.274096728557,
../binary_PNG/binary_labels_mask_case_id_TCGA-CC-A8HT_2_4_cell_expansion_1_0_threshold_0_4.png,23375.102941086294,9054.126206754294,4.625407725321889
../binary_PNG/binary_labels_mask_case_id_TCGA-DD-AAED_1_2_cell_expansion_11_0_threshold_0_7.png,24560.90547657464,15269.900054545833,
../binary_PNG/binary_labels_mask_case_id_TCGA-DD-AAED_0_4_cell_expansion_9_0_threshold_0_7.png,24577.75611050921,15244.87211178463,
../binary_PNG/binary_labels_mask_case_id_TCGA-CC-A3MA_0_2_cell_expansion_1_0_threshold_0_7.png,23695.169347983156,10723.700951231187,
../binary_PNG/binary_labels_mask_case_id_TCGA-CC-5261_4_3_cell_expansion_13_0_threshold_0_4.png,24895.58033380061,18289.38092395631,
../binary_PNG/binary_labels_mask_case_id_TCGA-CC-A3MA_2_2_cell_expansion_3_0_threshold_0_7.png,24156.188788634245,12957.735282751712,1.1009168429826248
../binary_PNG/binary_labels_mask_case_id_TCGA-CC-A3MA_3_1_cell_expansion_1_0_threshold_0_8.png,22417.615570799906,3926.727836222629,
../binary_PNG/binary_labels_mask_case_id_TCGA-CC-A1HT_4_2_cell_expansion_5_0_threshold_0_4.png,24678.530248670548,16476.065400756954,
../binary_PNG/binary_labels_mask_case_id_TCGA-G3-A7M6_2_3_cell_expansion_15_0_threshold_0_4.png,24599.863793008506,15902.586135381267,
../binary_PNG/binary_labels_mask_case_id_TCGA-G3-A5SK_1_3_cell_expansion_5_0_threshold_0_6.png,24154.818070931924,13205.6209588787,
../binary_PNG/binary_labels_mask_case_id_TCGA-BC-A69I_1_0_cell_expansion_13_0_threshold_0_5.png,24444.228369022272,14546.29838303847,
../binary_PNG/binary_labels_mask_case_id_TCGA-CC-A1HT_0_4_cell_expansion_15_0_threshold_0_8.png,22620.418167845968,4887.251844784216,
../binary_PNG/binary_labels_mask_case_id_TCGA-CC-5261_4_3_cell_expansion_11_0_threshold_0_5.png,24806.048728619826,17500.608035931396,
../binary_PNG/binary_labels_mask_case_id_TCGA-G3-A5SK_3_4_cell_expansion_3_0_threshold_0_6.png,24718.588488967554,17136.49297490871,
../binary_PNG/binary_labels_mask_case_id_TCGA-K7-AAU7_4_3_cell_expansion_13_0_threshold_0_8.png,22816.892777374283,5751.935633207748,
../binary_PNG/binary_labels_mask_case_id_TCGA-G3-A7M6_2_0_cell_expansion_9_0_threshold_0_5.png,24744.527062915866,16980.032947571282,
../binary_PNG/binary_labels_mask_case_id_TCGA-CC-A1HT_2_2_cell_expansion_3_0_threshold_0_4.png,24411.272009273667,14388.387466561682,
../binary_PNG/binary_labels_mask_case_id_TCGA-BC-A69I_0_3_cell_expansion_13_0_threshold_0_4.png,24449.983599054507,14471.368482861912,1.0999070780864495
../binary_PNG/binary_labels_mask_case_id_TCGA-CC-A1HT_2_3_cell_expansion_3_0_threshold_0_8.png,22437.73519438921,3966.1391500879163,
../binary_PNG/binary_labels_mask_case_id_TCGA-DD-AAED_3_1_cell_expansion_9_0_threshold_0_6.png,24631.786588302843,16020.979152275215,
../binary_PNG/binary_labels_mask_case_id_TCGA-CC-A3MA_0_2_cell_expansion_5_0_threshold_0_5.png,24908.61057905583,18354.42586243876,
../binary_PNG/binary_labels_mask_case_id_TCGA-G3-A7M6_2_3_cell_expansion_13_0_threshold_0_7.png,24184.22973661125,12980.839348631102,
../binary_PNG/binary_labels_mask_case_id_TCGA-G3-A5SK_1_4_cell_expansion_7_0_threshold_0_5.png,24603.06630383792,15834.085241352299,
../binary_PNG/binary_labels_mask_case_id_TCGA-CC-5261_0_3_cell_expansion_5_0_threshold_0_8.png,23413.2374600746,8965.61323157985,
../binary_PNG/binary_labels_mask_case_id_TCGA-DD-AAED_0_3_cell_expansion_9_0_threshold_0_5.png,24700.26751047576,16431.306269162244,
../binary_PNG/binary_labels_mask_case_id_TCGA-G3-A7M6_3_4_cell_expansion_15_0_threshold_0_4.png,24710.292907043488,16733.269158622308,
../binary_PNG/binary_labels_mask_case_id_TCGA-YA-A8S7_4_3_cell_expansion_9_0_threshold_0_4.png,22613.665988490025,4738.759761058528,
../binary_PNG/binary_labels_mask_case_id_TCGA-CC-5261_3_0_cell_expansion_7_0_threshold_0_6.png,24519.149459873028,15222.934709586254,
../binary_PNG/binary_labels_mask_case_id_TCGA-CC-5261_4_3_cell_expansion_15_0_threshold_0_7.png,24586.075704849623,15686.58525436051,
../binary_PNG/binary_labels_mask_case_id_TCGA-CC-5261_4_3_cell_expansion_1_0_threshold_0_8.png,22690.68359172197,5320.180276738613,
../binary_PNG/binary_labels_mask_case_id_TCGA-CC-5261_4_2_cell_expansion_1_0_threshold_0_4.png,23862.236045733003,11801.319493773777,
../binary_PNG/binary_labels_mask_case_id_TCGA-G3-A5SK_1_3_cell_expansion_1_0_threshold_0_4.png,23181.00698349411,7855.724391669341,
../binary_PNG/binary_labels_mask_case_id_TCGA-CC-A8HT_3_0_cell_expansion_9_0_threshold_0_7.png,24231.38027188638,13445.246127318524,
../binary_PNG/binary_labels_mask_case_id_TCGA-CC-5261_4_4_cell_expansion_5_0_threshold_0_8.png,23951.300835753427,11641.338719706831,
../binary_PNG/binary_labels_mask_case_id_TCGA-CC-A1HT_2_3_cell_expansion_15_0_threshold_0_4.png,24440.65853850692,14968.68094949711,
../binary_PNG/binary_labels_mask_case_id_TCGA-CC-A3MA_2_3_cell_expansion_5_0_threshold_0_8.png,23146.553742371998,7396.845311221251,
../binary_PNG/binary_labels_mask_case_id_TCGA-YA-A8S7_0_1_cell_expansion_3_0_threshold_0_8.png,22881.09311696397,6153.120130737727,
../binary_PNG/binary_labels_mask_case_id_TCGA-CC-A8HT_3_3_cell_expansion_5_0_threshold_0_6.png,24220.232679971632,13541.619069040811,
../binary_PNG/binary_labels_mask_case_id_TCGA-YA-A8S7_0_0_cell_expansion_3_0_threshold_0_4.png,24187.462662357142,13479.059750409966,
../binary_PNG/binary_labels_mask_case_id_TCGA-CC-5261_4_4_cell_expansion_15_0_threshold_0_7.png,24793.845978637823,17143.286342102052,
../binary_PNG/binary_labels_mask_case_id_TCGA-BC-A69I_2_3_cell_expansion_13_0_threshold_0_8.png,23831.610126446816,10664.394841352314,
../binary_PNG/binary_labels_mask_case_id_TCGA-CC-A8HT_3_4_cell_expansion_1_0_threshold_0_6.png,23174.26217763198,7865.330658233862,
../binary_PNG/binary_labels_mask_case_id_TCGA-BC-A69I_0_2_cell_expansion_5_0_threshold_0_4.png,23629.362999223067,10188.565527560899,
../binary_PNG/binary_labels_mask_case_id_TCGA-BC-A69I_3_0_cell_expansion_11_0_threshold_0_8.png,23752.61877438549,10321.150835834796,
../binary_PNG/binary_labels_mask_case_id_TCGA-CC-A3MA_4_4_cell_expansion_11_0_threshold_0_5.png,24580.55644788341,16014.987970159204,
../binary_PNG/binary_labels_mask_case_id_TCGA-G3-A7M6_4_3_cell_expansion_7_0_threshold_0_6.png,24367.88871806735,14301.687042644558,
../binary_PNG/binary_labels_mask_case_id_TCGA-YA-A8S7_0_0_cell_expansion_1_0_threshold_0_5.png,23455.69622717428,9275.492903905388,
../binary_PNG/binary_labels_mask_case_id_TCGA-CC-A8HT_2_0_cell_expansion_5_0_threshold_0_8.png,22818.73994314047,5829.691592367089,
../binary_PNG/binary_labels_mask_case_id_TCGA-K7-AAU7_1_4_cell_expansion_3_0_threshold_0_8.png,22295.564725834272,3345.9127204795473,
../binary_PNG/binary_labels_mask_case_id_TCGA-CC-A1HT_0_2_cell_expansion_15_0_threshold_0_6.png,23787.536843351212,10896.349618163853,
../binary_PNG/binary_labels_mask_case_id_TCGA-DD-AAED_2_0_cell_expansion_7_0_threshold_0_4.png,24433.193774970092,14821.62428616199,
../binary_PNG/binary_labels_mask_case_id_TCGA-G3-A7M6_2_0_cell_expansion_15_0_threshold_0_5.png,24742.7681523527,16979.463586558817,
../binary_PNG/binary_labels_mask_case_id_TCGA-G3-A7M6_2_4_cell_expansion_7_0_threshold_0_7.png,24489.488066356153,14742.988329086993,
../binary_PNG/binary_labels_mask_case_id_TCGA-K7-AAU7_4_1_cell_expansion_13_0_threshold_0_7.png,24082.65120514275,12333.060958761054,
../binary_PNG/binary_labels_mask_case_id_TCGA-G3-A5SK_4_1_cell_expansion_13_0_threshold_0_6.png,24453.322371705293,14628.508964331435,1.0995707054526815
../binary_PNG/binary_labels_mask_case_id_TCGA-YA-A8S7_4_3_cell_expansion_13_0_threshold_0_4.png,22699.23942233805,5108.039353364078,
../binary_PNG/binary_labels_mask_case_id_TCGA-CC-A8HT_4_3_cell_expansion_11_0_threshold_0_7.png,23937.28569724264,11285.369444925636,
../binary_PNG/binary_labels_mask_case_id_TCGA-YA-A8S7_4_0_cell_expansion_1_0_threshold_0_7.png,23320.63207998473,8488.049823678872,
../binary_PNG/binary_labels_mask_case_id_TCGA-CC-A1HT_3_4_cell_expansion_9_0_threshold_0_6.png,24799.875768028836,17282.92999043861,4.624442155853073
../binary_PNG/binary_labels_mask_case_id_TCGA-G3-A7M6_2_4_cell_expansion_1_0_threshold_0_4.png,23338.036282642406,8784.850510586848,
../binary_PNG/binary_labels_mask_case_id_TCGA-CC-5261_4_4_cell_expansion_11_0_threshold_0_5.png,24870.125651115162,17884.874149238203,
../binary_PNG/binary_labels_mask_case_id_TCGA-YA-A8S7_3_2_cell_expansion_7_0_threshold_0_5.png,24809.798472191742,17945.451068502756,
../binary_PNG/binary_labels_mask_case_id_TCGA-CC-5261_1_4_cell_expansion_9_0_threshold_0_5.png,24691.50029507564,16382.67279620849,
../binary_PNG/binary_labels_mask_case_id_TCGA-G3-A7M6_0_3_cell_expansion_7_0_threshold_0_4.png,24597.9957728674,15591.638382432182,
../binary_PNG/binary_labels_mask_case_id_TCGA-K7-AAU7_4_1_cell_expansion_7_0_threshold_0_8.png,23135.28666985067,7186.9618890701295,
../binary_PNG/binary_labels_mask_case_id_TCGA-CC-A3MA_4_0_cell_expansion_13_0_threshold_0_5.png,24895.25382142791,18203.32966846096,0.16046322201367
../binary_PNG/binary_labels_mask_case_id_TCGA-YA-A8S7_1_2_cell_expansion_7_0_threshold_0_4.png,24829.69037282892,17552.75613838452,
../binary_PNG/binary_labels_mask_case_id_TCGA-CC-A1HT_4_1_cell_expansion_9_0_threshold_0_5.png,24758.31450128357,17029.901346496477,
../binary_PNG/binary_labels_mask_case_id_TCGA-DD-AAED_3_2_cell_expansion_1_0_threshold_0_5.png,23773.54639046002,11148.790045599932,
../binary_PNG/binary_labels_mask_case_id_TCGA-YA-A8S7_0_1_cell_expansion_1_0_threshold_0_5.png,23620.513815693892,10273.319317664804,
../binary_PNG/binary_labels_mask_case_id_TCGA-G3-A7M6_2_2_cell_expansion_3_0_threshold_0_7.png,23509.105276507184,9672.276306327707,
../binary_PNG/binary_labels_mask_case_id_TCGA-BC-A69I_2_3_cell_expansion_7_0_threshold_0_4.png,24427.1879014998,14359.441027084375,
../binary_PNG/binary_labels_mask_case_id_TCGA-G3-A7M6_2_1_cell_expansion_13_0_threshold_0_4.png,24776.827264511852,17186.14284798625,
../binary_PNG/binary_labels_mask_case_id_TCGA-CC-5261_3_2_cell_expansion_9_0_threshold_0_6.png,24653.211175833683,16044.170573995516,1.1004454985417134
../binary_PNG/binary_labels_mask_case_id_TCGA-K7-AAU7_1_2_cell_expansion_7_0_threshold_0_8.png,22336.30732815795,3529.953402420136,
../binary_PNG/binary_labels_mask_case_id_TCGA-CC-5261_1_2_cell_expansion_9_0_threshold_0_7.png,24386.887241376968,14241.233009920186,
../binary_PNG/binary_labels_mask_case_id_TCGA-CC-A8HT_4_1_cell_expansion_3_0_threshold_0_8.png,22520.044819987867,4456.069514918547,
../binary_PNG/binary_labels_mask_case_id_TCGA-BC-A69I_3_1_cell_expansion_15_0_threshold_0_8.png,23609.60394911579,9758.389982560064,
../binary_PNG/binary_labels_mask_case_id_TCGA-G3-A7M6_0_3_cell_expansion_15_0_threshold_0_4.png,24609.496001845768,15673.259464954412,
../binary_PNG/binary_labels_mask_case_id_TCGA-BC-A69I_0_3_cell_expansion_7_0_threshold_0_5.png,24340.220249547998,13801.050190859864,
../binary_PNG/binary_labels_mask_case_id_TCGA-K7-AAU7_4_0_cell_expansion_11_0_threshold_0_4.png,24868.05975672368,18230.40276888369,
../binary_PNG/binary_labels_mask_case_id_TCGA-CC-A1HT_0_3_cell_expansion_11_0_threshold_0_6.png,24537.38627021772,15212.562687998601,
../binary_PNG/binary_labels_mask_case_id_TCGA-G3-A7M6_1_1_cell_expansion_13_0_threshold_0_8.png,23625.04037879782,9755.44180930374,
../binary_PNG/binary_labels_mask_case_id_TCGA-YA-A8S7_4_1_cell_expansion_5_0_threshold_0_5.png,24650.146993165326,16475.225996356738,4.63120811135934
../binary_PNG/binary_labels_mask_case_id_TCGA-DD-AAED_2_1_cell_expansion_5_0_threshold_0_5.png,24660.686349989297,16235.589860187849,
../binary_PNG/binary_labels_mask_case_id_TCGA-CC-A8HT_4_2_cell_expansion_15_0_threshold_0_7.png,24237.63999912242,13165.703755925095,
../binary_PNG/binary_labels_mask_case_id_TCGA-G3-A7M6_4_3_cell_expansion_3_0_threshold_0_8.png,23247.421175288207,8057.909841389459,
../binary_PNG/binary_labels_mask_case_id_TCGA-DD-AAED_3_3_cell_expansion_1_0_threshold_0_5.png,23854.147344234083,11574.02763873757,
../binary_PNG/binary_labels_mask_case_id_TCGA-K7-AAU7_0_1_cell_expansion_1_0_threshold_0_5.png,22647.86525569419,5118.794684024875,
../binary_PNG/binary_labels_mask_case_id_TCGA-YA-A8S7_1_4_cell_expansion_3_0_threshold_0_4.png,22432.862968434147,3994.036168206285,
../binary_PNG/binary_labels_mask_case_id_TCGA-YA-A8S7_3_2_cell_expansion_5_0_threshold_0_8.png,22962.832878813817,6540.908514415957,
../binary_PNG/binary_labels_mask_case_id_TCGA-G3-A5SK_4_4_cell_expansion_13_0_threshold_0_5.png,24322.543430818598,13924.34013635512,1.0980247783077761
../binary_PNG/binary_labels_mask_case_id_TCGA-BC-A69I_1_1_cell_expansion_1_0_threshold_0_4.png,23280.171587281293,8334.253905828718,
../binary_PNG/binary_labels_mask_case_id_TCGA-K7-AAU7_3_3_cell_expansion_3_0_threshold_0_7.png,22777.68149335941,5694.315379348108,
../binary_PNG/binary_labels_mask_case_id_TCGA-DD-AAED_0_1_cell_expansion_3_0_threshold_0_7.png,24120.31013839626,12958.138362532269,
../binary_PNG/binary_labels_mask_case_id_TCGA-YA-A8S7_3_3_cell_expansion_7_0_threshold_0_5.png,22764.13498914597,5556.755587773378,
../binary_PNG/binary_labels_mask_case_id_TCGA-G3-A7M6_0_2_cell_expansion_7_0_threshold_0_4.png,24651.28416384221,16055.971342729265,
../binary_PNG/binary_labels_mask_case_id_TCGA-G3-A7M6_0_4_cell_expansion_11_0_threshold_0_6.png,24612.8520024692,15740.59412268434,
../binary_PNG/binary_labels_mask_case_id_TCGA-G3-A7M6_1_3_cell_expansion_15_0_threshold_0_4.png,24659.776552595453,16163.427917226285,
../binary_PNG/binary_labels_mask_case_id_TCGA-G3-A5SK_1_2_cell_expansion_7_0_threshold_0_7.png,24206.200061367443,13008.29439163208,
../binary_PNG/binary_labels_mask_case_id_TCGA-G3-A5SK_4_0_cell_expansion_3_0_threshold_0_5.png,23596.05124188686,9935.420656891569,
../binary_PNG/binary_labels_mask_case_id_TCGA-CC-A3MA_0_4_cell_expansion_5_0_threshold_0_7.png,23418.817960142103,8825.876054070999,1.101388399012409
../binary_PNG/binary_labels_mask_case_id_TCGA-G3-A5SK_3_2_cell_expansion_5_0_threshold_0_7.png,24398.429169672287,14595.26648063276,
../binary_PNG/binary_labels_mask_case_id_TCGA-CC-A8HT_4_1_cell_expansion_13_0_threshold_0_5.png,24403.081494741793,14692.119952979141,
../binary_PNG/binary_labels_mask_case_id_TCGA-CC-A8HT_0_2_cell_expansion_9_0_threshold_0_8.png,22881.882436383232,6125.367519809034,
../binary_PNG/binary_labels_mask_case_id_TCGA-G3-A5SK_1_2_cell_expansion_1_0_threshold_0_4.png,23207.05338331769,8064.275931189663,
../binary_PNG/binary_labels_mask_case_id_TCGA-G3-A5SK_3_3_cell_expansion_3_0_threshold_0_8.png,23048.210976524308,7063.097488491598,
../binary_PNG/binary_labels_mask_case_id_TCGA-CC-A8HT_4_1_cell_expansion_15_0_threshold_0_6.png,24299.857009663418,14082.481077733113,0.3096722621902478
../binary_PNG/binary_labels_mask_case_id_TCGA-CC-A1HT_2_3_cell_expansion_15_0_threshold_0_8.png,22602.755210479307,4638.374292691711,
../binary_PNG/binary_labels_mask_case_id_TCGA-CC-5261_1_1_cell_expansion_5_0_threshold_0_6.png,23699.75088897243,10720.778572403437,0.1604837710056133
../binary_PNG/binary_labels_mask_case_id_TCGA-CC-A3MA_2_2_cell_expansion_5_0_threshold_0_8.png,23713.022417371634,10244.044097720742,
../binary_PNG/binary_labels_mask_case_id_TCGA-DD-AAED_4_1_cell_expansion_11_0_threshold_0_6.png,24711.9096024016,16286.466718432537,
../binary_PNG/binary_labels_mask_case_id_TCGA-YA-A8S7_0_4_cell_expansion_9_0_threshold_0_8.png,22708.368105039986,5176.9726186328335,
../binary_PNG/binary_labels_mask_case_id_TCGA-CC-5261_2_2_cell_expansion_7_0_threshold_0_8.png,24155.807638061116,12679.356590199053,
../binary_PNG/binary_labels_mask_case_id_TCGA-CC-A1HT_4_3_cell_expansion_1_0_threshold_0_6.png,23753.48114953764,10921.971471099112,
../binary_PNG/binary_labels_mask_case_id_TCGA-CC-A1HT_2_0_cell_expansion_13_0_threshold_0_7.png,23036.900388209284,7008.550542830365,
../binary_PNG/binary_labels_mask_case_id_TCGA-CC-A3MA_4_4_cell_expansion_13_0_threshold_0_5.png,24582.627124174483,16021.277340279641,
../binary_PNG/binary_labels_mask_case_id_TCGA-CC-A8HT_1_4_cell_expansion_3_0_threshold_0_7.png,23856.78409193997,11150.59750623626,
../binary_PNG/binary_labels_mask_case_id_TCGA-CC-A8HT_4_1_cell_expansion_3_0_threshold_0_5.png,23842.84115506337,11524.246349158568,
../binary_PNG/binary_labels_mask_case_id_TCGA-BC-A69I_3_1_cell_expansion_15_0_threshold_0_5.png,24385.99484227044,14088.803857856969,1.098629435122326
../binary_PNG/binary_labels_mask_case_id_TCGA-DD-AAED_3_2_cell_expansion_7_0_threshold_0_7.png,24716.438210591696,16349.621957851234,
../binary_PNG/binary_labels_mask_case_id_TCGA-BC-A69I_1_3_cell_expansion_11_0_threshold_0_4.png,24595.08169655994,15498.575809472743,
../binary_PNG/binary_labels_mask_case_id_TCGA-CC-A1HT_3_3_cell_expansion_13_0_threshold_0_6.png,24728.53332223208,16457.731170447572,
../binary_PNG/binary_labels_mask_case_id_TCGA-G3-A7M6_0_2_cell_expansion_11_0_threshold_0_5.png,24652.19154924589,16052.275674527598,
../binary_PNG/binary_labels_mask_case_id_TCGA-CC-A8HT_1_4_cell_expansion_1_0_threshold_0_6.png,23429.682911086802,9046.546325800658,
../binary_PNG/binary_labels_mask_case_id_TCGA-CC-A3MA_4_4_cell_expansion_11_0_threshold_0_4.png,24649.651596212403,16475.636841627034,
../binary_PNG/binary_labels_mask_case_id_TCGA-YA-A8S7_4_3_cell_expansion_15_0_threshold_0_6.png,22415.96558820062,3834.0188640953534,
../binary_PNG/binary_labels_mask_case_id_TCGA-CC-5261_0_1_cell_expansion_9_0_threshold_0_4.png,24697.933116043252,16559.285875610127,
../binary_PNG/binary_labels_mask_case_id_TCGA-DD-AAED_2_0_cell_expansion_7_0_threshold_0_5.png,24424.009218463492,14723.910300546391,
../binary_PNG/binary_labels_mask_case_id_TCGA-YA-A8S7_2_1_cell_expansion_3_0_threshold_0_8.png,22937.37290995096,6399.858681415145,
../binary_PNG/binary_labels_mask_case_id_TCGA-DD-AAED_4_3_cell_expansion_11_0_threshold_0_4.png,24662.5619697404,16244.6346992893,
../binary_PNG/binary_labels_mask_case_id_TCGA-BC-A69I_0_2_cell_expansion_3_0_threshold_0_6.png,23160.55543484047,7760.95197347087,
../binary_PNG/binary_labels_mask_case_id_TCGA-YA-A8S7_4_2_cell_expansion_15_0_threshold_0_8.png,22561.30478028485,4478.554297414729,
../binary_PNG/binary_labels_mask_case_id_TCGA-G3-A7M6_0_4_cell_expansion_3_0_threshold_0_5.png,24140.72806031954,13162.513691306129,
../binary_PNG/binary_labels_mask_case_id_TCGA-CC-A8HT_4_3_cell_expansion_11_0_threshold_0_6.png,24235.947195584333,13192.501426849185,
../binary_PNG/binary_labels_mask_case_id_TCGA-CC-A1HT_2_1_cell_expansion_11_0_threshold_0_8.png,23197.22931167325,7380.528810623177,
../binary_PNG/binary_labels_mask_case_id_TCGA-G3-A7M6_3_1_cell_expansion_7_0_threshold_0_6.png,24732.48419818208,16982.65574608517,
../binary_PNG/binary_labels_mask_case_id_TCGA-K7-AAU7_1_2_cell_expansion_1_0_threshold_0_6.png,22874.062848890124,6229.404648758534,
../binary_PNG/binary_labels_mask_case_id_TCGA-BC-A69I_2_2_cell_expansion_11_0_threshold_0_6.png,24369.473599979887,13966.38373433262,
../binary_PNG/binary_labels_mask_case_id_TCGA-YA-A8S7_1_4_cell_expansion_1_0_threshold_0_8.png,22309.44409177986,3411.382180714216,
../binary_PNG/binary_labels_mask_case_id_TCGA-CC-A1HT_4_0_cell_expansion_9_0_threshold_0_8.png,23117.523285869243,7256.327421553037,
../binary_PNG/binary_labels_mask_case_id_TCGA-CC-A1HT_1_1_cell_expansion_11_0_threshold_0_4.png,24547.93571953713,15607.051664427196,
../binary_PNG/binary_labels_mask_case_id_TCGA-CC-A8HT_2_1_cell_expansion_1_0_threshold_0_7.png,23078.27853803908,7267.265915027659,
../binary_PNG/binary_labels_mask_case_id_TCGA-YA-A8S7_2_0_cell_expansion_7_0_threshold_0_6.png,24733.47297557268,16913.63842701885,
../binary_PNG/binary_labels_mask_case_id_TCGA-CC-5261_4_0_cell_expansion_15_0_threshold_0_7.png,24575.92375519147,15534.449462678313,
../binary_PNG/binary_labels_mask_case_id_TCGA-BC-A69I_2_2_cell_expansion_3_0_threshold_0_7.png,23375.793684843244,8593.45858402963,
../binary_PNG/binary_labels_mask_case_id_TCGA-CC-A1HT_3_0_cell_expansion_13_0_threshold_0_7.png,23920.647714386567,11495.541283318413,
../binary_PNG/binary_labels_mask_case_id_TCGA-CC-A1HT_3_4_cell_expansion_15_0_threshold_0_5.png,24895.71291639941,18173.8632138454,
../binary_PNG/binary_labels_mask_case_id_TCGA-CC-A1HT_1_0_cell_expansion_1_0_threshold_0_7.png,22782.54128376656,5798.853177785025,
../binary_PNG/binary_labels_mask_case_id_TCGA-G3-A7M6_1_2_cell_expansion_13_0_threshold_0_4.png,24934.793930328244,19110.29251871779,
../binary_PNG/binary_labels_mask_case_id_TCGA-G3-A5SK_1_3_cell_expansion_7_0_threshold_0_6.png,24310.86043233667,14079.593411845877,
../binary_PNG/binary_labels_mask_case_id_TCGA-YA-A8S7_0_3_cell_expansion_9_0_threshold_0_7.png,24463.19841491005,14774.091166463213,
../binary_PNG/binary_labels_mask_case_id_TCGA-G3-A7M6_0_0_cell_expansion_15_0_threshold_0_8.png,23715.558130372578,10304.434560399273,
../binary_PNG/binary_labels_mask_case_id_TCGA-CC-A3MA_2_2_cell_expansion_3_0_threshold_0_6.png,24370.825906457783,14319.428146304712,
../binary_PNG/binary_labels_mask_case_id_TCGA-CC-A8HT_4_4_cell_expansion_13_0_threshold_0_7.png,24167.149097344296,12904.990025462475,
../binary_PNG/binary_labels_mask_case_id_TCGA-CC-A3MA_0_2_cell_expansion_3_0_threshold_0_7.png,24250.999195188106,13826.998665529023,
../binary_PNG/binary_labels_mask_case_id_TCGA-G3-A5SK_4_2_cell_expansion_15_0_threshold_0_5.png,24396.630665088287,14271.241441380525,
../binary_PNG/binary_labels_mask_case_id_TCGA-K7-AAU7_4_3_cell_expansion_9_0_threshold_0_5.png,24688.914292689227,16715.911470181523,
../binary_PNG/binary_labels_mask_case_id_TCGA-G3-A7M6_2_3_cell_expansion_13_0_threshold_0_6.png,24473.14652904251,14936.8658534905,
../binary_PNG/binary_labels_mask_case_id_TCGA-G3-A5SK_0_1_cell_expansion_1_0_threshold_0_7.png,23057.532480852118,7299.580971878368,
../binary_PNG/binary_labels_mask_case_id_TCGA-BC-A69I_2_1_cell_expansion_11_0_threshold_0_7.png,24048.171337054635,12380.271534210491,
../binary_PNG/binary_labels_mask_case_id_TCGA-G3-A5SK_3_4_cell_expansion_5_0_threshold_0_4.png,24930.945538383112,18723.897369803148,0.16052487117281436
../binary_PNG/binary_labels_mask_case_id_TCGA-DD-AAED_0_2_cell_expansion_9_0_threshold_0_8.png,24131.113136426182,12737.786831434305,1.1005801467995768
../binary_PNG/binary_labels_mask_case_id_TCGA-CC-5261_0_2_cell_expansion_5_0_threshold_0_5.png,24317.39734550828,14221.102661028855,0.16052487117281436
../binary_PNG/binary_labels_mask_case_id_TCGA-BC-A69I_0_1_cell_expansion_9_0_threshold_0_4.png,24437.238922477638,14543.605998304485,1.1023321464087512
../binary_PNG/binary_labels_mask_case_id_TCGA-CC-A1HT_1_0_cell_expansion_7_0_threshold_0_4.png,24580.575551740465,15998.020935034005,
../binary_PNG/binary_labels_mask_case_id_TCGA-BC-A69I_2_1_cell_expansion_9_0_threshold_0_5.png,24276.58038082653,13636.267760666611,
../binary_PNG/binary_labels_mask_case_id_TCGA-DD-AAED_4_0_cell_expansion_15_0_threshold_0_7.png,24549.665485821824,15542.016698783013,
../binary_PNG/binary_labels_mask_case_id_TCGA-K7-AAU7_1_1_cell_expansion_9_0_threshold_0_5.png,24404.05494343049,14826.341792303418,
../binary_PNG/binary_labels_mask_case_id_TCGA-DD-AAED_4_4_cell_expansion_9_0_threshold_0_4.png,24891.696460431533,18051.488239342787,
../binary_PNG/binary_labels_mask_case_id_TCGA-CC-A3MA_4_3_cell_expansion_13_0_threshold_0_5.png,24837.671235527952,17483.826109760157,
../binary_PNG/binary_labels_mask_case_id_TCGA-CC-5261_0_2_cell_expansion_7_0_threshold_0_4.png,24563.037713665024,15656.14420619943,
../binary_PNG/binary_labels_mask_case_id_TCGA-G3-A5SK_4_1_cell_expansion_5_0_threshold_0_7.png,23997.004097093886,11987.569650246709,
../binary_PNG/binary_labels_mask_case_id_TCGA-CC-A1HT_4_2_cell_expansion_3_0_threshold_0_6.png,24118.55538021378,12936.045653178498,
../binary_PNG/binary_labels_mask_case_id_TCGA-G3-A5SK_1_2_cell_expansion_5_0_threshold_0_7.png,23968.991397180533,11772.950162807636,
../binary_PNG/binary_labels_mask_case_id_TCGA-CC-5261_4_3_cell_expansion_5_0_threshold_0_7.png,24343.69813758512,14232.13387353164,
../binary_PNG/binary_labels_mask_case_id_TCGA-CC-5261_0_4_cell_expansion_7_0_threshold_0_6.png,24642.000508711888,16275.562770672088,
../binary_PNG/binary_labels_mask_case_id_TCGA-BC-A69I_3_3_cell_expansion_11_0_threshold_0_4.png,24666.077774084806,15905.857823492646,
../binary_PNG/binary_labels_mask_case_id_TCGA-CC-A1HT_0_2_cell_expansion_3_0_threshold_0_8.png,22337.70283214138,3557.2770215143505,
../binary_PNG/binary_labels_mask_case_id_TCGA-CC-5261_4_3_cell_expansion_7_0_threshold_0_6.png,24724.488081761156,16778.247824666247,
../binary_PNG/binary_labels_mask_case_id_TCGA-G3-A5SK_1_2_cell_expansion_7_0_threshold_0_6.png,24364.667446420706,14139.46402328361,
../binary_PNG/binary_labels_mask_case_id_TCGA-K7-AAU7_4_3_cell_expansion_11_0_threshold_0_4.png,24793.193285697955,17625.743062091973,
../binary_PNG/binary_labels_mask_case_id_TCGA-DD-AAED_4_1_cell_expansion_13_0_threshold_0_6.png,24712.673716948844,16284.116798132864,
../binary_PNG/binary_labels_mask_case_id_TCGA-CC-A3MA_3_1_cell_expansion_7_0_threshold_0_6.png,24736.095982792798,16956.32823922644,
../binary_PNG/binary_labels_mask_case_id_TCGA-G3-A7M6_4_1_cell_expansion_9_0_threshold_0_7.png,24228.231853806923,13137.749676278894,
../binary_PNG/binary_labels_mask_case_id_TCGA-CC-A1HT_1_1_cell_expansion_5_0_threshold_0_5.png,24277.260915653893,13770.81746073426,
../binary_PNG/binary_labels_mask_case_id_TCGA-BC-A69I_2_4_cell_expansion_11_0_threshold_0_4.png,24470.147557570708,14654.552969376591,
../binary_PNG/binary_labels_mask_case_id_TCGA-DD-AAED_3_0_cell_expansion_9_0_threshold_0_7.png,24609.010175604744,15652.452156861611,
../binary_PNG/binary_labels_mask_case_id_TCGA-CC-A1HT_2_3_cell_expansion_5_0_threshold_0_6.png,23702.766645068823,10557.030635413741,
../binary_PNG/binary_labels_mask_case_id_TCGA-CC-A8HT_2_2_cell_expansion_9_0_threshold_0_8.png,22682.902588018984,5096.94375476536,
../binary_PNG/binary_labels_mask_case_id_TCGA-BC-A69I_4_4_cell_expansion_7_0_threshold_0_4.png,24604.88477028306,15822.614563249048,
../binary_PNG/binary_labels_mask_case_id_TCGA-G3-A5SK_4_0_cell_expansion_13_0_threshold_0_5.png,24312.501274546466,13631.20830682918,0.3097507844195295
../binary_PNG/binary_labels_mask_case_id_TCGA-YA-A8S7_4_1_cell_expansion_7_0_threshold_0_5.png,24733.108416209692,16987.172656553124,
../binary_PNG/binary_labels_mask_case_id_TCGA-CC-5261_3_2_cell_expansion_9_0_threshold_0_7.png,24516.07184489521,14921.221614756592,
../binary_PNG/binary_labels_mask_case_id_TCGA-YA-A8S7_2_0_cell_expansion_3_0_threshold_0_8.png,22847.96459818624,5844.709561630343,
../binary_PNG/binary_labels_mask_case_id_TCGA-CC-A1HT_3_2_cell_expansion_9_0_threshold_0_5.png,24704.722099063307,16185.2424483196,
../binary_PNG/binary_labels_mask_case_id_TCGA-G3-A7M6_3_1_cell_expansion_3_0_threshold_0_8.png,22801.82272168968,5817.394968546696,
../binary_PNG/binary_labels_mask_case_id_TCGA-BC-A69I_0_2_cell_expansion_7_0_threshold_0_8.png,22970.14693366656,6533.029311857972,
../binary_PNG/binary_labels_mask_case_id_TCGA-DD-AAED_1_3_cell_expansion_5_0_threshold_0_7.png,24412.547977941133,14471.544798762909,
../binary_PNG/binary_labels_mask_case_id_TCGA-K7-AAU7_3_3_cell_expansion_7_0_threshold_0_4.png,24344.00111501692,14225.351310878445,1.1021298434693354
../binary_PNG/binary_labels_mask_case_id_TCGA-BC-A69I_0_3_cell_expansion_7_0_threshold_0_4.png,24372.22502183292,14095.371090652505,
../binary_PNG/binary_labels_mask_case_id_TCGA-BC-A69I_1_0_cell_expansion_3_0_threshold_0_8.png,22941.970210439627,6488.389768543926,
../binary_PNG/binary_labels_mask_case_id_TCGA-CC-A8HT_3_2_cell_expansion_3_0_threshold_0_4.png,24304.965718921107,14315.14025510144,
../binary_PNG/binary_labels_mask_case_id_TCGA-CC-A8HT_0_0_cell_expansion_3_0_threshold_0_7.png,23849.010974511508,11575.457208938245,
../binary_PNG/binary_labels_mask_case_id_TCGA-DD-AAED_3_2_cell_expansion_1_0_threshold_0_8.png,23041.967602264413,7093.790097912303,
../binary_PNG/binary_labels_mask_case_id_TCGA-DD-AAED_2_1_cell_expansion_3_0_threshold_0_7.png,24146.473980661518,13107.701556697386,
../binary_PNG/binary_labels_mask_case_id_TCGA-CC-A1HT_1_4_cell_expansion_13_0_threshold_0_6.png,23957.689934653863,11785.2276522426,
../binary_PNG/binary_labels_mask_case_id_TCGA-CC-A8HT_3_2_cell_expansion_1_0_threshold_0_5.png,23485.87416522605,9617.51074257917,
../binary_PNG/binary_labels_mask_case_id_TCGA-YA-A8S7_1_2_cell_expansion_5_0_threshold_0_8.png,23216.629753875506,7685.540196906419,
../binary_PNG/binary_labels_mask_case_id_TCGA-BC-A69I_4_3_cell_expansion_5_0_threshold_0_7.png,23407.692895699125,8766.691030438633,
../binary_PNG/binary_labels_mask_case_id_TCGA-CC-5261_1_3_cell_expansion_13_0_threshold_0_5.png,24670.9183809206,16302.736205116451,
../binary_PNG/binary_labels_mask_case_id_TCGA-CC-A3MA_3_4_cell_expansion_3_0_threshold_0_6.png,24196.85447606944,13642.221401776773,0.16046322201367
../binary_PNG/binary_labels_mask_case_id_TCGA-CC-5261_1_4_cell_expansion_1_0_threshold_0_7.png,23238.06403905998,8201.987584665045,
../binary_PNG/binary_labels_mask_case_id_TCGA-DD-AAED_2_0_cell_expansion_9_0_threshold_0_5.png,24468.223909616703,14960.812258980228,
../binary_PNG/binary_labels_mask_case_id_TCGA-K7-AAU7_3_4_cell_expansion_15_0_threshold_0_6.png,24039.368488160282,12073.979760152226,
../binary_PNG/binary_labels_mask_case_id_TCGA-CC-A1HT_3_4_cell_expansion_1_0_threshold_0_4.png,23938.25724053651,12222.540388737614,
../binary_PNG/binary_labels_mask_case_id_TCGA-CC-5261_0_0_cell_expansion_7_0_threshold_0_8.png,23911.71593147497,11627.468900784763,
../binary_PNG/binary_labels_mask_case_id_TCGA-CC-A3MA_3_3_cell_expansion_7_0_threshold_0_6.png,24675.561756090778,16192.905731711056,
../binary_PNG/binary_labels_mask_case_id_TCGA-CC-A8HT_2_1_cell_expansion_11_0_threshold_0_5.png,24851.851904998788,17930.61882917881,
../binary_PNG/binary_labels_mask_case_id_TCGA-CC-5261_0_4_cell_expansion_15_0_threshold_0_6.png,24652.832994377422,16331.619969762698,
../binary_PNG/binary_labels_mask_case_id_TCGA-CC-5261_0_0_cell_expansion_13_0_threshold_0_4.png,24771.5279977702,17160.48991927675,
../binary_PNG/binary_labels_mask_case_id_TCGA-CC-A1HT_3_2_cell_expansion_5_0_threshold_0_8.png,23917.539912219658,11368.74032506205,
../binary_PNG/binary_labels_mask_case_id_TCGA-DD-AAED_3_2_cell_expansion_9_0_threshold_0_7.png,24716.185076517755,16324.048220481003,
../binary_PNG/binary_labels_mask_case_id_TCGA-DD-AAED_0_1_cell_expansion_9_0_threshold_0_8.png,24219.881363275985,13180.296622534974,
../binary_PNG/binary_labels_mask_case_id_TCGA-G3-A5SK_2_3_cell_expansion_11_0_threshold_0_5.png,24487.556984437142,15233.811826104817,
../binary_PNG/binary_labels_mask_case_id_TCGA-CC-A3MA_2_1_cell_expansion_7_0_threshold_0_4.png,24898.47054375187,18392.15352754156,
../binary_PNG/binary_labels_mask_case_id_TCGA-CC-A3MA_3_3_cell_expansion_5_0_threshold_0_7.png,24340.814895102594,13961.503689402107,
../binary_PNG/binary_labels_mask_case_id_TCGA-CC-A3MA_2_2_cell_expansion_13_0_threshold_0_7.png,24686.205012359547,16088.954748607966,
../binary_PNG/binary_labels_mask_case_id_TCGA-CC-A1HT_4_2_cell_expansion_15_0_threshold_0_7.png,24424.4288762842,14262.19993293554,
../binary_PNG/binary_labels_mask_case_id_TCGA-G3-A7M6_4_4_cell_expansion_9_0_threshold_0_5.png,24385.741436683238,14137.91828419907,
../binary_PNG/binary_labels_mask_case_id_TCGA-CC-A1HT_2_1_cell_expansion_3_0_threshold_0_5.png,24174.374031261515,13327.955908109312,
../binary_PNG/binary_labels_mask_case_id_TCGA-G3-A7M6_2_3_cell_expansion_9_0_threshold_0_4.png,24599.863793008506,15902.586135381267,
../binary_PNG/binary_labels_mask_case_id_TCGA-G3-A7M6_2_2_cell_expansion_9_0_threshold_0_8.png,23584.36250308933,9756.880580292956,
../binary_PNG/binary_labels_mask_case_id_TCGA-CC-A3MA_1_4_cell_expansion_5_0_threshold_0_4.png,24846.614734091418,17711.812594796822,
../binary_PNG/binary_labels_mask_case_id_TCGA-YA-A8S7_1_0_cell_expansion_13_0_threshold_0_4.png,24485.26271364942,14895.58435551581,
../binary_PNG/binary_labels_mask_case_id_TCGA-YA-A8S7_3_2_cell_expansion_15_0_threshold_0_4.png,24886.11404261269,18600.28676448064,
../binary_PNG/binary_labels_mask_case_id_TCGA-CC-A8HT_0_3_cell_expansion_13_0_threshold_0_7.png,24256.826846766216,13252.289728095371,
../binary_PNG/binary_labels_mask_case_id_TCGA-G3-A5SK_1_0_cell_expansion_7_0_threshold_0_6.png,24540.689726107194,15524.956324436076,
../binary_PNG/binary_labels_mask_case_id_TCGA-G3-A5SK_0_2_cell_expansion_5_0_threshold_0_5.png,24232.250083626688,13566.4743386828,
../binary_PNG/binary_labels_mask_case_id_TCGA-CC-A8HT_1_4_cell_expansion_15_0_threshold_0_4.png,24767.01065578802,16915.064187322445,
../binary_PNG/binary_labels_mask_case_id_TCGA-DD-AAED_0_3_cell_expansion_15_0_threshold_0_6.png,24644.255137557106,15944.050278388147,
../binary_PNG/binary_labels_mask_case_id_TCGA-CC-A3MA_3_3_cell_expansion_1_0_threshold_0_5.png,23898.48202612705,11853.702148908003,4.615285751006769
../binary_PNG/binary_labels_mask_case_id_TCGA-DD-AAED_0_0_cell_expansion_13_0_threshold_0_4.png,24775.877797701134,17009.139582342792,
../binary_PNG/binary_labels_mask_case_id_TCGA-BC-A69I_3_4_cell_expansion_5_0_threshold_0_4.png,24459.42514593604,15243.049955952876,
../binary_PNG/binary_labels_mask_case_id_TCGA-G3-A5SK_2_1_cell_expansion_15_0_threshold_0_8.png,23909.029265929985,11471.907600038003,
../binary_PNG/binary_labels_mask_case_id_TCGA-CC-A8HT_0_2_cell_expansion_3_0_threshold_0_7.png,23280.5358355968,8139.4052384990055,1.1015231681898348
../binary_PNG/binary_labels_mask_case_id_TCGA-CC-5261_1_4_cell_expansion_15_0_threshold_0_6.png,24594.889200681515,15738.836274918782,0.3096722621902478
../binary_PNG/binary_labels_mask_case_id_TCGA-DD-AAED_3_0_cell_expansion_1_0_threshold_0_8.png,22974.777927104293,6703.5288770649195,
../binary_PNG/binary_labels_mask_case_id_TCGA-YA-A8S7_0_4_cell_expansion_11_0_threshold_0_4.png,24682.36298316183,16655.981661741964,
../binary_PNG/binary_labels_mask_case_id_TCGA-DD-AAED_4_4_cell_expansion_1_0_threshold_0_7.png,23650.556908061582,10412.853375833018,
../binary_PNG/binary_labels_mask_case_id_TCGA-DD-AAED_0_3_cell_expansion_3_0_threshold_0_6.png,24026.382421606177,12527.383761394294,
../binary_PNG/binary_labels_mask_case_id_TCGA-DD-AAED_3_1_cell_expansion_15_0_threshold_0_5.png,24654.713243168808,16245.191291728032,
../binary_PNG/binary_labels_mask_case_id_TCGA-K7-AAU7_2_0_cell_expansion_11_0_threshold_0_5.png,22730.071716145245,5332.0115133095505,
../binary_PNG/binary_labels_mask_case_id_TCGA-YA-A8S7_2_2_cell_expansion_11_0_threshold_0_6.png,24535.793639949894,14961.355929431962,
../binary_PNG/binary_labels_mask_case_id_TCGA-CC-A8HT_0_2_cell_expansion_1_0_threshold_0_6.png,23144.92171850724,7650.7338199439855,
../binary_PNG/binary_labels_mask_case_id_TCGA-G3-A5SK_1_3_cell_expansion_9_0_threshold_0_6.png,24329.131923879235,14170.267356364726,
../binary_PNG/binary_labels_mask_case_id_TCGA-CC-5261_2_0_cell_expansion_13_0_threshold_0_8.png,23986.629151065703,11735.055379419971,
../binary_PNG/binary_labels_mask_case_id_TCGA-K7-AAU7_3_3_cell_expansion_11_0_threshold_0_4.png,24362.174191176935,14335.810129252126,
../binary_PNG/binary_labels_mask_case_id_TCGA-K7-AAU7_0_4_cell_expansion_1_0_threshold_0_6.png,22907.09359737061,6281.7407965415005,
../binary_PNG/binary_labels_mask_case_id_TCGA-CC-A8HT_4_2_cell_expansion_1_0_threshold_0_4.png,23334.013514403065,8690.132819979226,
../binary_PNG/binary_labels_mask_case_id_TCGA-CC-5261_0_3_cell_expansion_9_0_threshold_0_8.png,23811.54602215232,10924.048873373109,
../binary_PNG/binary_labels_mask_case_id_TCGA-DD-AAED_0_3_cell_expansion_5_0_threshold_0_5.png,24503.543316154315,15304.622639392199,
../binary_PNG/binary_labels_mask_case_id_TCGA-G3-A5SK_1_4_cell_expansion_13_0_threshold_0_8.png,23980.70013339273,11884.254267142634,
../binary_PNG/binary_labels_mask_case_id_TCGA-CC-A8HT_4_3_cell_expansion_1_0_threshold_0_8.png,22511.183911219894,4324.552034004282,
../binary_PNG/binary_labels_mask_case_id_TCGA-DD-AAED_3_1_cell_expansion_5_0_threshold_0_6.png,24505.57857162848,15346.435786456961,
../binary_PNG/binary_labels_mask_case_id_TCGA-CC-A8HT_3_1_cell_expansion_15_0_threshold_0_7.png,23871.262924305593,11148.78924618914,
../binary_PNG/binary_labels_mask_case_id_TCGA-CC-A8HT_0_2_cell_expansion_7_0_threshold_0_5.png,24447.05733497564,14708.054138834841,
../binary_PNG/binary_labels_mask_case_id_TCGA-G3-A7M6_1_2_cell_expansion_3_0_threshold_0_5.png,24716.435305257128,17603.518863753183,
../binary_PNG/binary_labels_mask_case_id_TCGA-DD-AAED_2_4_cell_expansion_1_0_threshold_0_4.png,23682.120922362086,10587.040086415598,
../binary_PNG/binary_labels_mask_case_id_TCGA-BC-A69I_0_0_cell_expansion_7_0_threshold_0_8.png,23241.481372286675,7894.107975792122,
../binary_PNG/binary_labels_mask_case_id_TCGA-CC-A8HT_0_4_cell_expansion_1_0_threshold_0_8.png,22509.540353586624,4393.234019041045,
../binary_PNG/binary_labels_mask_case_id_TCGA-G3-A7M6_4_0_cell_expansion_5_0_threshold_0_6.png,24630.110987035743,16709.068769584374,
../binary_PNG/binary_labels_mask_case_id_TCGA-K7-AAU7_3_3_cell_expansion_15_0_threshold_0_6.png,23980.007030980767,11933.157841977727,
../binary_PNG/binary_labels_mask_case_id_TCGA-YA-A8S7_0_4_cell_expansion_7_0_threshold_0_5.png,24602.06138489435,16024.211855556608,
../binary_PNG/binary_labels_mask_case_id_TCGA-BC-A69I_4_1_cell_expansion_1_0_threshold_0_5.png,23042.639164499706,6988.914637062793,
../binary_PNG/binary_labels_mask_case_id_TCGA-CC-A3MA_1_1_cell_expansion_11_0_threshold_0_7.png,24211.401349690448,13047.940794206705,
../binary_PNG/binary_labels_mask_case_id_TCGA-CC-A8HT_4_3_cell_expansion_7_0_threshold_0_7.png,23811.84358243696,10675.900888254424,
../binary_PNG/binary_labels_mask_case_id_TCGA-YA-A8S7_1_1_cell_expansion_5_0_threshold_0_8.png,23209.868637835072,7671.554806204187,
../binary_PNG/binary_labels_mask_case_id_TCGA-CC-5261_4_3_cell_expansion_9_0_threshold_0_6.png,24750.66254250996,16968.87261197169,
../binary_PNG/binary_labels_mask_case_id_TCGA-YA-A8S7_4_2_cell_expansion_1_0_threshold_0_6.png,22536.242227544237,4487.59440542738,
../binary_PNG/binary_labels_mask_case_id_TCGA-K7-AAU7_4_4_cell_expansion_1_0_threshold_0_8.png,22503.755429611127,4376.118890884663,
../binary_PNG/binary_labels_mask_case_id_TCGA-CC-A8HT_0_4_cell_expansion_7_0_threshold_0_7.png,24058.54407733773,12385.543263602827,
../binary_PNG/binary_labels_mask_case_id_TCGA-K7-AAU7_2_0_cell_expansion_13_0_threshold_0_8.png,22295.564725834272,3345.9127204795473,0.16046322201367
../binary_PNG/binary_labels_mask_case_id_TCGA-CC-A3MA_2_4_cell_expansion_11_0_threshold_0_4.png,24879.980754940094,17965.856483178417,
../binary_PNG/binary_labels_mask_case_id_TCGA-CC-A8HT_2_2_cell_expansion_11_0_threshold_0_8.png,22683.83889239138,5098.923839746738,
../binary_PNG/binary_labels_mask_case_id_TCGA-G3-A5SK_1_0_cell_expansion_11_0_threshold_0_4.png,24591.796584290732,15851.43593135094,4.623476917796465
../binary_PNG/binary_labels_mask_case_id_TCGA-YA-A8S7_1_0_cell_expansion_7_0_threshold_0_5.png,24297.287241901176,13762.04541705234,
../binary_PNG/binary_labels_mask_case_id_TCGA-G3-A5SK_0_0_cell_expansion_9_0_threshold_0_4.png,24626.13017651376,16367.73330166959,
../binary_PNG/binary_labels_mask_case_id_TCGA-CC-A8HT_0_3_cell_expansion_3_0_threshold_0_7.png,23550.46614670564,9708.057447835301,
../binary_PNG/binary_labels_mask_case_id_TCGA-K7-AAU7_3_2_cell_expansion_15_0_threshold_0_4.png,24366.170865450567,14683.233881228476,
../binary_PNG/binary_labels_mask_case_id_TCGA-YA-A8S7_4_2_cell_expansion_3_0_threshold_0_7.png,22582.430198539703,4657.813007970555,
../binary_PNG/binary_labels_mask_case_id_TCGA-CC-5261_2_0_cell_expansion_11_0_threshold_0_5.png,24745.648788716626,16878.167791090218,
../binary_PNG/binary_labels_mask_case_id_TCGA-CC-A8HT_2_4_cell_expansion_5_0_threshold_0_7.png,23808.389690331103,10705.780184976218,
../binary_PNG/binary_labels_mask_case_id_TCGA-CC-A3MA_0_2_cell_expansion_13_0_threshold_0_7.png,24727.86712506459,16478.03838529614,
../binary_PNG/binary_labels_mask_case_id_TCGA-DD-AAED_2_2_cell_expansion_3_0_threshold_0_7.png,23608.280152217667,10163.562334145385,
../binary_PNG/binary_labels_mask_case_id_TCGA-YA-A8S7_1_3_cell_expansion_11_0_threshold_0_8.png,22981.537352312967,6408.701018663221,
../binary_PNG/binary_labels_mask_case_id_TCGA-CC-A3MA_2_3_cell_expansion_9_0_threshold_0_4.png,24932.125817909546,18551.183438997086,
../binary_PNG/binary_labels_mask_case_id_TCGA-BC-A69I_0_0_cell_expansion_7_0_threshold_0_4.png,24166.908826471088,12990.406560863918,
../binary_PNG/binary_labels_mask_case_id_TCGA-CC-5261_1_1_cell_expansion_13_0_threshold_0_6.png,23836.47607159491,11449.236031751692,1.1073346409852407
../binary_PNG/binary_labels_mask_case_id_TCGA-YA-A8S7_4_2_cell_expansion_5_0_threshold_0_4.png,23058.281255683065,7054.551176688077,
../binary_PNG/binary_labels_mask_case_id_TCGA-CC-A3MA_4_4_cell_expansion_9_0_threshold_0_5.png,24578.74274885545,16002.969387692832,
../binary_PNG/binary_labels_mask_case_id_TCGA-CC-A8HT_0_2_cell_expansion_5_0_threshold_0_8.png,22677.4305271171,5172.193835767247,0.16044267374944665
../binary_PNG/binary_labels_mask_case_id_TCGA-BC-A69I_4_2_cell_expansion_11_0_threshold_0_6.png,24218.946014646557,13012.113152045891,
../binary_PNG/binary_labels_mask_case_id_TCGA-CC-A8HT_1_1_cell_expansion_7_0_threshold_0_7.png,24191.41764178067,13174.071337666182,
../binary_PNG/binary_labels_mask_case_id_TCGA-K7-AAU7_4_2_cell_expansion_3_0_threshold_0_7.png,23475.527254803084,9574.805457613958,
../binary_PNG/binary_labels_mask_case_id_TCGA-G3-A5SK_1_4_cell_expansion_13_0_threshold_0_4.png,24663.603224288287,16273.756051846429,
../binary_PNG/binary_labels_mask_case_id_TCGA-DD-AAED_2_2_cell_expansion_7_0_threshold_0_5.png,24262.71429362252,13693.465328048887,
../binary_PNG/binary_labels_mask_case_id_TCGA-CC-5261_2_0_cell_expansion_15_0_threshold_0_7.png,24630.971834614862,15775.566516661233,
../binary_PNG/binary_labels_mask_case_id_TCGA-CC-A3MA_3_2_cell_expansion_15_0_threshold_0_8.png,23203.83265567772,7500.907720785908,
../binary_PNG/binary_labels_mask_case_id_TCGA-DD-AAED_2_3_cell_expansion_15_0_threshold_0_6.png,24528.773656110567,15050.543205678623,
../binary_PNG/binary_labels_mask_case_id_TCGA-G3-A7M6_4_0_cell_expansion_11_0_threshold_0_6.png,24647.27487389352,16805.06453684235,
../binary_PNG/binary_labels_mask_case_id_TCGA-YA-A8S7_3_0_cell_expansion_11_0_threshold_0_5.png,24773.058526174398,17255.551224781062,
../binary_PNG/binary_labels_mask_case_id_TCGA-G3-A5SK_3_2_cell_expansion_11_0_threshold_0_7.png,24570.52019074542,15561.416870955532,
../binary_PNG/binary_labels_mask_case_id_TCGA-YA-A8S7_0_0_cell_expansion_13_0_threshold_0_8.png,22944.418446976524,6370.579128073945,
../binary_PNG/binary_labels_mask_case_id_TCGA-G3-A5SK_0_3_cell_expansion_1_0_threshold_0_7.png,23319.554149480304,8606.795116722411,
../binary_PNG/binary_labels_mask_case_id_TCGA-CC-5261_2_3_cell_expansion_13_0_threshold_0_5.png,24789.83091685751,17060.734996348318,
../binary_PNG/binary_labels_mask_case_id_TCGA-G3-A5SK_2_4_cell_expansion_7_0_threshold_0_7.png,24524.113330840697,15076.823202273303,
../binary_PNG/binary_labels_mask_case_id_TCGA-CC-A8HT_3_3_cell_expansion_15_0_threshold_0_4.png,24665.24637231577,16496.945293098408,
../binary_PNG/binary_labels_mask_case_id_TCGA-G3-A5SK_4_3_cell_expansion_7_0_threshold_0_6.png,24400.626286670587,14286.512460439184,1.10145578144039
../binary_PNG/binary_labels_mask_case_id_TCGA-G3-A5SK_3_1_cell_expansion_1_0_threshold_0_4.png,23132.229440640294,7573.418224563565,
../binary_PNG/binary_labels_mask_case_id_TCGA-G3-A5SK_2_3_cell_expansion_3_0_threshold_0_7.png,23578.228571198168,9961.450066227488,
../binary_PNG/binary_labels_mask_case_id_TCGA-G3-A5SK_3_0_cell_expansion_1_0_threshold_0_8.png,22733.136638475185,5508.3469331130345,
../binary_PNG/binary_labels_mask_case_id_TCGA-CC-A8HT_0_0_cell_expansion_9_0_threshold_0_5.png,24853.025505283065,17797.494459094054,
../binary_PNG/binary_labels_mask_case_id_TCGA-CC-A1HT_0_0_cell_expansion_5_0_threshold_0_7.png,22956.47585993477,6483.3273587427575,
../binary_PNG/binary_labels_mask_case_id_TCGA-G3-A5SK_4_4_cell_expansion_1_0_threshold_0_7.png,22921.039564381244,6495.581245628221,4.627823100042937
../binary_PNG/binary_labels_mask_case_id_TCGA-G3-A5SK_0_0_cell_expansion_11_0_threshold_0_4.png,24626.13017651376,16367.73330166959,
../binary_PNG/binary_labels_mask_case_id_TCGA-CC-A8HT_0_2_cell_expansion_13_0_threshold_0_5.png,24491.108707188745,14933.374326498733,
../binary_PNG/binary_labels_mask_case_id_TCGA-YA-A8S7_2_0_cell_expansion_15_0_threshold_0_7.png,24470.54761020215,14839.516686062258,
../binary_PNG/binary_labels_mask_case_id_TCGA-CC-A3MA_4_1_cell_expansion_1_0_threshold_0_8.png,22888.85652452842,6285.425129823425,0.1604837710056133
../binary_PNG/binary_labels_mask_case_id_TCGA-DD-AAED_2_4_cell_expansion_11_0_threshold_0_4.png,24763.168466092342,16818.43707253258,
../binary_PNG/binary_labels_mask_case_id_TCGA-K7-AAU7_3_4_cell_expansion_9_0_threshold_0_6.png,24031.727838795792,12041.626869152251,
../binary_PNG/binary_labels_mask_case_id_TCGA-CC-A3MA_0_1_cell_expansion_15_0_threshold_0_5.png,23390.14883882249,8899.407956365263,
../binary_PNG/binary_labels_mask_case_id_TCGA-CC-5261_3_4_cell_expansion_5_0_threshold_0_8.png,23473.273195108573,9009.287621943868,
../binary_PNG/binary_labels_mask_case_id_TCGA-CC-A1HT_2_1_cell_expansion_1_0_threshold_0_8.png,22588.54126886707,4696.093142893671,
../binary_PNG/binary_labels_mask_case_id_TCGA-YA-A8S7_0_1_cell_expansion_9_0_threshold_0_7.png,24350.803136359948,14110.380564264637,
../binary_PNG/binary_labels_mask_case_id_TCGA-YA-A8S7_2_4_cell_expansion_15_0_threshold_0_6.png,22379.532623335257,3769.691765016888,
../binary_PNG/binary_labels_mask_case_id_TCGA-CC-5261_1_3_cell_expansion_3_0_threshold_0_8.png,23228.68880527493,7914.148160802461,
../binary_PNG/binary_labels_mask_case_id_TCGA-CC-5261_1_2_cell_expansion_3_0_threshold_0_4.png,24175.52837017072,13579.570544435,
../binary_PNG/binary_labels_mask_case_id_TCGA-K7-AAU7_3_4_cell_expansion_11_0_threshold_0_8.png,22958.947316867452,6333.1892713683765,
../binary_PNG/binary_labels_mask_case_id_TCGA-G3-A7M6_1_0_cell_expansion_9_0_threshold_0_7.png,24324.75933147717,13894.638535110462,
../binary_PNG/binary_labels_mask_case_id_TCGA-CC-A3MA_2_3_cell_expansion_13_0_threshold_0_5.png,24878.65671264601,17988.79042847766,
../binary_PNG/binary_labels_mask_case_id_TCGA-CC-5261_0_0_cell_expansion_3_0_threshold_0_6.png,24212.920481831297,13824.978622456456,0.16046322201367
../binary_PNG/binary_labels_mask_case_id_TCGA-G3-A5SK_4_3_cell_expansion_1_0_threshold_0_5.png,23153.546649894044,7748.531165739236,
../binary_PNG/binary_labels_mask_case_id_TCGA-CC-A8HT_1_2_cell_expansion_5_0_threshold_0_8.png,22717.05425643912,5409.896853086971,
../binary_PNG/binary_labels_mask_case_id_TCGA-G3-A7M6_1_1_cell_expansion_3_0_threshold_0_7.png,23543.329344915084,9750.469350045045,
../binary_PNG/binary_labels_mask_case_id_TCGA-CC-A1HT_1_3_cell_expansion_9_0_threshold_0_6.png,24757.954960714647,16695.828418231322,
../binary_PNG/binary_labels_mask_case_id_TCGA-CC-A1HT_0_3_cell_expansion_13_0_threshold_0_8.png,23382.01848256785,8537.961332660905,0.30972460929693435
../binary_PNG/binary_labels_mask_case_id_TCGA-K7-AAU7_1_2_cell_expansion_7_0_threshold_0_7.png,23174.6775509367,7562.4175954567545,0.3096722621902478
../binary_PNG/binary_labels_mask_case_id_TCGA-YA-A8S7_4_0_cell_expansion_7_0_threshold_0_7.png,24354.0764049008,14074.5923521411,
../binary_PNG/binary_labels_mask_case_id_TCGA-G3-A5SK_0_4_cell_expansion_9_0_threshold_0_8.png,23598.190460005484,9419.29898750997,
../binary_PNG/binary_labels_mask_case_id_TCGA-CC-A8HT_3_3_cell_expansion_7_0_threshold_0_4.png,24649.852805638715,16398.573086877008,
../binary_PNG/binary_labels_mask_case_id_TCGA-YA-A8S7_3_3_cell_expansion_3_0_threshold_0_8.png,22337.757634403624,3557.343287327361,
../binary_PNG/binary_labels_mask_case_id_TCGA-YA-A8S7_4_0_cell_expansion_5_0_threshold_0_6.png,24571.427790752103,15746.481992782901,
../binary_PNG/binary_labels_mask_case_id_TCGA-BC-A69I_1_0_cell_expansion_5_0_threshold_0_5.png,24104.932629641044,12612.243188135459,
../binary_PNG/binary_labels_mask_case_id_TCGA-G3-A5SK_4_3_cell_expansion_9_0_threshold_0_8.png,23730.413873917823,10253.916369256538,
../binary_PNG/binary_labels_mask_case_id_TCGA-G3-A7M6_0_4_cell_expansion_7_0_threshold_0_5.png,24675.237527448837,16288.523115375463,
../binary_PNG/binary_labels_mask_case_id_TCGA-CC-A8HT_3_3_cell_expansion_5_0_threshold_0_5.png,24519.10633493075,15573.959652587966,
../binary_PNG/binary_labels_mask_case_id_TCGA-BC-A69I_1_2_cell_expansion_11_0_threshold_0_8.png,23742.877539369318,10289.431897440554,
../binary_PNG/binary_labels_mask_case_id_TCGA-G3-A7M6_1_1_cell_expansion_15_0_threshold_0_4.png,24635.867933109286,16058.3643337148,
../binary_PNG/binary_labels_mask_case_id_TCGA-CC-A8HT_1_3_cell_expansion_1_0_threshold_0_6.png,23267.794553313382,8388.713180907891,
../binary_PNG/binary_labels_mask_case_id_TCGA-CC-A1HT_3_3_cell_expansion_15_0_threshold_0_7.png,24692.083059382272,16127.278146678225,
../binary_PNG/binary_labels_mask_case_id_TCGA-BC-A69I_4_2_cell_expansion_7_0_threshold_0_4.png,24341.02431298271,13910.249892065678,
../binary_PNG/binary_labels_mask_case_id_TCGA-CC-A1HT_0_2_cell_expansion_11_0_threshold_0_7.png,23277.331097084272,8102.375040799807,0.309698435220528
../binary_PNG/binary_labels_mask_case_id_TCGA-DD-AAED_4_0_cell_expansion_7_0_threshold_0_4.png,24703.625932943414,16656.875214873082,
../binary_PNG/binary_labels_mask_case_id_TCGA-G3-A5SK_0_2_cell_expansion_9_0_threshold_0_6.png,24452.920873943185,14740.757518637241,
../binary_PNG/binary_labels_mask_case_id_TCGA-CC-A1HT_1_1_cell_expansion_11_0_threshold_0_6.png,24137.488960854032,12827.456638172373,0.30964609020603107
../binary_PNG/binary_labels_mask_case_id_TCGA-G3-A7M6_3_1_cell_expansion_5_0_threshold_0_5.png,24729.68486014566,17201.25262289394,
../binary_PNG/binary_labels_mask_case_id_TCGA-K7-AAU7_3_2_cell_expansion_1_0_threshold_0_5.png,23174.548503181235,7871.766829657636,
../binary_PNG/binary_labels_mask_case_id_TCGA-CC-A8HT_1_4_cell_expansion_5_0_threshold_0_6.png,24495.98043470089,14973.605671132736,1.1003108675447875
../binary_PNG/binary_labels_mask_case_id_TCGA-BC-A69I_3_1_cell_expansion_13_0_threshold_0_4.png,24421.240710204518,14436.180407025684,
../binary_PNG/binary_labels_mask_case_id_TCGA-G3-A5SK_4_1_cell_expansion_11_0_threshold_0_4.png,24477.435910160595,14781.67833392965,
../binary_PNG/binary_labels_mask_case_id_TCGA-G3-A7M6_4_3_cell_expansion_3_0_threshold_0_7.png,23561.908127723847,9777.007702951385,
../binary_PNG/binary_labels_mask_case_id_TCGA-CC-A3MA_4_4_cell_expansion_15_0_threshold_0_4.png,24650.08957932857,16476.07159568751,
../binary_PNG/binary_labels_mask_case_id_TCGA-CC-A1HT_3_4_cell_expansion_9_0_threshold_0_5.png,24895.015604123848,18178.02169518196,
../binary_PNG/binary_labels_mask_case_id_TCGA-YA-A8S7_4_0_cell_expansion_1_0_threshold_0_4.png,23858.9883889199,11574.687175187542,0.309593749375537
../binary_PNG/binary_labels_mask_case_id_TCGA-CC-5261_4_1_cell_expansion_9_0_threshold_0_4.png,24863.34024122841,17947.367075343245,0.16046322201367
../binary_PNG/binary_labels_mask_case_id_TCGA-G3-A7M6_1_1_cell_expansion_5_0_threshold_0_4.png,24472.92600264156,15048.185397902595,
../binary_PNG/binary_labels_mask_case_id_TCGA-YA-A8S7_2_0_cell_expansion_5_0_threshold_0_5.png,24717.379681357907,16957.043270885326,
../binary_PNG/binary_labels_mask_case_id_TCGA-G3-A7M6_3_0_cell_expansion_7_0_threshold_0_8.png,23875.871157074704,11006.106671560117,1.0993689335938752
../binary_PNG/binary_labels_mask_case_id_TCGA-CC-A1HT_2_4_cell_expansion_11_0_threshold_0_5.png,24795.46379984564,16989.647456544517,
../binary_PNG/binary_labels_mask_case_id_TCGA-CC-A1HT_1_4_cell_expansion_13_0_threshold_0_8.png,22715.996758830483,5213.740899334857,
../binary_PNG/binary_labels_mask_case_id_TCGA-DD-AAED_0_0_cell_expansion_3_0_threshold_0_4.png,24366.885793772984,14590.044142889992,
../binary_PNG/binary_labels_mask_case_id_TCGA-CC-A8HT_4_4_cell_expansion_11_0_threshold_0_4.png,24529.67940828752,15491.6688784445,
../binary_PNG/binary_labels_mask_case_id_TCGA-G3-A5SK_1_4_cell_expansion_1_0_threshold_0_5.png,23296.478447846483,8552.25642377678,
../binary_PNG/binary_labels_mask_case_id_TCGA-CC-5261_0_4_cell_expansion_7_0_threshold_0_8.png,23183.45874254409,7782.49114006751,
../binary_PNG/binary_labels_mask_case_id_TCGA-BC-A69I_1_0_cell_expansion_13_0_threshold_0_6.png,24381.369328868797,14056.480410417202,
../binary_PNG/binary_labels_mask_case_id_TCGA-CC-5261_1_0_cell_expansion_3_0_threshold_0_6.png,23924.045563519292,11945.93393354602,
../binary_PNG/binary_labels_mask_case_id_TCGA-YA-A8S7_4_4_cell_expansion_11_0_threshold_0_6.png,22628.95508702635,4678.824705726611,
../binary_PNG/binary_labels_mask_case_id_TCGA-G3-A5SK_2_1_cell_expansion_7_0_threshold_0_7.png,24559.638631647304,15450.848697547548,
../binary_PNG/binary_labels_mask_case_id_TCGA-BC-A69I_3_2_cell_expansion_15_0_threshold_0_6.png,24053.05632473977,12069.083794906215,
../binary_PNG/binary_labels_mask_case_id_TCGA-CC-A1HT_3_0_cell_expansion_3_0_threshold_0_5.png,24380.20490307853,14923.3842876571,0.16046322201367
../binary_PNG/binary_labels_mask_case_id_TCGA-BC-A69I_3_4_cell_expansion_9_0_threshold_0_7.png,24304.98612989368,13773.341322037886,
../binary_PNG/binary_labels_mask_case_id_TCGA-G3-A5SK_3_2_cell_expansion_5_0_threshold_0_8.png,23433.81511029983,9071.024742423277,
../binary_PNG/binary_labels_mask_case_id_TCGA-CC-A3MA_0_2_cell_expansion_1_0_threshold_0_4.png,24493.872192017687,15711.209085272507,4.624442155853073
../binary_PNG/binary_labels_mask_case_id_TCGA-G3-A5SK_3_3_cell_expansion_3_0_threshold_0_7.png,23652.3936086795,10220.534542697014,
../binary_PNG/binary_labels_mask_case_id_TCGA-G3-A7M6_3_0_cell_expansion_11_0_threshold_0_4.png,24672.060026517374,16215.805382502887,
../binary_PNG/binary_labels_mask_case_id_TCGA-CC-A3MA_3_1_cell_expansion_7_0_threshold_0_8.png,22672.204165948282,5094.734241217998,
../binary_PNG/binary_labels_mask_case_id_TCGA-DD-AAED_2_3_cell_expansion_9_0_threshold_0_7.png,24423.471563659463,14262.42212416277,
../binary_PNG/binary_labels_mask_case_id_TCGA-CC-A1HT_4_2_cell_expansion_1_0_threshold_0_5.png,23699.238894953985,10552.79278323428,
../binary_PNG/binary_labels_mask_case_id_TCGA-CC-A3MA_4_3_cell_expansion_11_0_threshold_0_6.png,24767.77495413749,16843.70841400019,
../binary_PNG/binary_labels_mask_case_id_TCGA-CC-5261_3_1_cell_expansion_5_0_threshold_0_8.png,23657.98064188315,9946.872087630658,
../binary_PNG/binary_labels_mask_case_id_TCGA-BC-A69I_1_4_cell_expansion_13_0_threshold_0_7.png,24084.92606857013,12512.291681265971,
../binary_PNG/binary_labels_mask_case_id_TCGA-CC-5261_4_4_cell_expansion_3_0_threshold_0_4.png,24615.383514698427,16337.966613422317,
../binary_PNG/binary_labels_mask_case_id_TCGA-K7-AAU7_4_3_cell_expansion_11_0_threshold_0_6.png,24424.532167985133,14868.697028710114,4.620583190394511
../binary_PNG/binary_labels_mask_case_id_TCGA-CC-A8HT_4_3_cell_expansion_9_0_threshold_0_5.png,24407.074749073472,14453.71087070232,0.309593749375537
../binary_PNG/binary_labels_mask_case_id_TCGA-CC-A3MA_4_3_cell_expansion_7_0_threshold_0_5.png,24795.51618052441,17188.838563062218,
../binary_PNG/binary_labels_mask_case_id_TCGA-CC-A8HT_2_4_cell_expansion_9_0_threshold_0_4.png,24661.164188309533,16432.700552692244,
../binary_PNG/binary_labels_mask_case_id_TCGA-CC-5261_4_2_cell_expansion_15_0_threshold_0_6.png,24812.277407457423,17491.264591222323,
../binary_PNG/binary_labels_mask_case_id_TCGA-CC-A8HT_0_4_cell_expansion_9_0_threshold_0_5.png,24696.23108041354,16596.109916470064,
../binary_PNG/binary_labels_mask_case_id_TCGA-G3-A7M6_2_1_cell_expansion_9_0_threshold_0_6.png,24697.103688984025,16500.75234750253,
../binary_PNG/binary_labels_mask_case_id_TCGA-G3-A5SK_3_2_cell_expansion_7_0_threshold_0_5.png,24750.152493839018,17024.356991638288,
../binary_PNG/binary_labels_mask_case_id_TCGA-CC-A1HT_1_0_cell_expansion_3_0_threshold_0_8.png,22451.19161497605,4074.112460084195,
../binary_PNG/binary_labels_mask_case_id_TCGA-BC-A69I_1_1_cell_expansion_15_0_threshold_0_7.png,24179.37742208728,12869.183075562903,
../binary_PNG/binary_labels_mask_case_id_TCGA-CC-5261_0_4_cell_expansion_7_0_threshold_0_4.png,24759.720158521908,17216.057490643107,
../binary_PNG/binary_labels_mask_case_id_TCGA-G3-A5SK_4_3_cell_expansion_15_0_threshold_0_5.png,24426.65797107874,14456.333208879694,1.1030067708500466
../binary_PNG/binary_labels_mask_case_id_TCGA-CC-5261_1_0_cell_expansion_7_0_threshold_0_8.png,23401.206952202443,8633.845136773796,
../binary_PNG/binary_labels_mask_case_id_TCGA-K7-AAU7_0_2_cell_expansion_9_0_threshold_0_5.png,23171.861738036,7668.5969886047915,
../binary_PNG/binary_labels_mask_case_id_TCGA-CC-A1HT_3_1_cell_expansion_11_0_threshold_0_6.png,23709.672419487342,10605.171256650752,
../binary_PNG/binary_labels_mask_case_id_TCGA-BC-A69I_3_2_cell_expansion_9_0_threshold_0_5.png,24258.811617448708,13389.482512622959,
../binary_PNG/binary_labels_mask_case_id_TCGA-CC-A1HT_0_2_cell_expansion_7_0_threshold_0_8.png,22365.847497409042,3698.573501780272,
../binary_PNG/binary_labels_mask_case_id_TCGA-G3-A5SK_3_2_cell_expansion_3_0_threshold_0_7.png,23948.590671421138,12070.289817283183,
../binary_PNG/binary_labels_mask_case_id_TCGA-CC-A8HT_4_0_cell_expansion_13_0_threshold_0_8.png,23138.091311521166,7291.794210679978,
../binary_PNG/binary_labels_mask_case_id_TCGA-BC-A69I_3_3_cell_expansion_15_0_threshold_0_4.png,24666.604976155053,15906.235940115992,
../binary_PNG/binary_labels_mask_case_id_TCGA-CC-A3MA_3_0_cell_expansion_7_0_threshold_0_8.png,22295.564725834272,3345.9127204795473,
../binary_PNG/binary_labels_mask_case_id_TCGA-CC-A1HT_3_1_cell_expansion_13_0_threshold_0_7.png,23175.190001531904,7648.115286202982,
../binary_PNG/binary_labels_mask_case_id_TCGA-DD-AAED_2_2_cell_expansion_9_0_threshold_0_7.png,24159.1481437676,13064.584374730026,
../binary_PNG/binary_labels_mask_case_id_TCGA-CC-A3MA_4_4_cell_expansion_5_0_threshold_0_6.png,24261.219511477862,14140.266373168919,
../binary_PNG/binary_labels_mask_case_id_TCGA-K7-AAU7_0_1_cell_expansion_7_0_threshold_0_5.png,23315.787078943013,8446.16901240438,
../binary_PNG/binary_labels_mask_case_id_TCGA-CC-5261_4_4_cell_expansion_15_0_threshold_0_8.png,24352.398706272957,13818.023705090842,
../binary_PNG/binary_labels_mask_case_id_TCGA-YA-A8S7_3_4_cell_expansion_7_0_threshold_0_4.png,22357.082887892797,3600.656571802468,
../binary_PNG/binary_labels_mask_case_id_TCGA-YA-A8S7_1_3_cell_expansion_1_0_threshold_0_4.png,23585.952110269824,10032.47397758728,0.30951524597370417
../binary_PNG/binary_labels_mask_case_id_TCGA-K7-AAU7_4_0_cell_expansion_11_0_threshold_0_7.png,23546.556804391963,9529.737694635602,
../binary_PNG/binary_labels_mask_case_id_TCGA-CC-A1HT_0_3_cell_expansion_13_0_threshold_0_4.png,24735.706050444627,16783.329400936298,
../binary_PNG/binary_labels_mask_case_id_TCGA-G3-A7M6_1_4_cell_expansion_11_0_threshold_0_5.png,24085.33475543893,12908.631770098282,
../binary_PNG/binary_labels_mask_case_id_TCGA-K7-AAU7_3_4_cell_expansion_1_0_threshold_0_7.png,22801.740895660787,5843.905059393935,
../binary_PNG/binary_labels_mask_case_id_TCGA-BC-A69I_4_3_cell_expansion_3_0_threshold_0_6.png,23395.54223676745,8820.836558079545,
../binary_PNG/binary_labels_mask_case_id_TCGA-CC-A8HT_0_0_cell_expansion_7_0_threshold_0_7.png,24459.41111629276,14962.268345284014,
../binary_PNG/binary_labels_mask_case_id_TCGA-YA-A8S7_4_1_cell_expansion_7_0_threshold_0_7.png,24412.72959462907,14369.063703591924,
../binary_PNG/binary_labels_mask_case_id_TCGA-K7-AAU7_2_0_cell_expansion_7_0_threshold_0_8.png,22295.564725834272,3345.9127204795473,
../binary_PNG/binary_labels_mask_case_id_TCGA-G3-A7M6_3_2_cell_expansion_13_0_threshold_0_6.png,24539.567178441317,15357.409339500016,0.3098554953730538
../binary_PNG/binary_labels_mask_case_id_TCGA-G3-A5SK_4_0_cell_expansion_13_0_threshold_0_7.png,24133.160472677213,12402.718225917844,
../binary_PNG/binary_labels_mask_case_id_TCGA-BC-A69I_4_4_cell_expansion_7_0_threshold_0_6.png,24488.960142741584,14932.290547357263,
../binary_PNG/binary_labels_mask_case_id_TCGA-YA-A8S7_4_2_cell_expansion_13_0_threshold_0_5.png,23139.667481317207,7336.884953771532,
../binary_PNG/binary_labels_mask_case_id_TCGA-YA-A8S7_1_3_cell_expansion_3_0_threshold_0_5.png,24200.14078527252,13507.74681652268,
../binary_PNG/binary_labels_mask_case_id_TCGA-G3-A5SK_1_0_cell_expansion_9_0_threshold_0_8.png,23601.436664647492,9811.239991885843,
../binary_PNG/binary_labels_mask_case_id_TCGA-DD-AAED_0_0_cell_expansion_3_0_threshold_0_8.png,23504.91412923354,9441.937391146115,
../binary_PNG/binary_labels_mask_case_id_TCGA-DD-AAED_3_3_cell_expansion_1_0_threshold_0_6.png,23771.68720309784,11096.998137256223,
../binary_PNG/binary_labels_mask_case_id_TCGA-G3-A7M6_1_0_cell_expansion_13_0_threshold_0_5.png,24627.887014154527,16143.117067352425,
../binary_PNG/binary_labels_mask_case_id_TCGA-K7-AAU7_3_4_cell_expansion_5_0_threshold_0_5.png,24059.069105676303,12497.237616135022,
../binary_PNG/binary_labels_mask_case_id_TCGA-K7-AAU7_4_1_cell_expansion_7_0_threshold_0_7.png,24001.918308000248,11879.545914014487,
../binary_PNG/binary_labels_mask_case_id_TCGA-YA-A8S7_0_1_cell_expansion_5_0_threshold_0_4.png,24624.451799651993,16269.727042870953,
../binary_PNG/binary_labels_mask_case_id_TCGA-YA-A8S7_0_0_cell_expansion_5_0_threshold_0_8.png,22721.820428066803,5321.225803917479,
../binary_PNG/binary_labels_mask_case_id_TCGA-G3-A5SK_4_1_cell_expansion_11_0_threshold_0_8.png,23636.715595668145,9772.765668760974,
../binary_PNG/binary_labels_mask_case_id_TCGA-G3-A7M6_0_3_cell_expansion_13_0_threshold_0_4.png,24609.496001845768,15673.259464954412,
../binary_PNG/binary_labels_mask_case_id_TCGA-K7-AAU7_2_3_cell_expansion_11_0_threshold_0_6.png,23871.37599339301,11577.707498131873,
../binary_PNG/binary_labels_mask_case_id_TCGA-CC-5261_3_1_cell_expansion_15_0_threshold_0_7.png,24561.673056901356,15433.523171629917,1.1015905592611597
../binary_PNG/binary_labels_mask_case_id_TCGA-DD-AAED_3_2_cell_expansion_15_0_threshold_0_6.png,24793.263447483856,17004.747765015785,
../binary_PNG/binary_labels_mask_case_id_TCGA-DD-AAED_0_3_cell_expansion_11_0_threshold_0_6.png,24642.589468718783,15939.968098156904,
../binary_PNG/binary_labels_mask_case_id_TCGA-G3-A5SK_2_2_cell_expansion_3_0_threshold_0_5.png,24115.56428000498,13075.655437450869,
../binary_PNG/binary_labels_mask_case_id_TCGA-YA-A8S7_3_4_cell_expansion_9_0_threshold_0_8.png,22295.564725834272,3345.9127204795473,4.630724289028267
../binary_PNG/binary_labels_mask_case_id_TCGA-K7-AAU7_0_0_cell_expansion_9_0_threshold_0_5.png,23322.273320879198,8303.559474790614,
../binary_PNG/binary_labels_mask_case_id_TCGA-G3-A5SK_4_4_cell_expansion_3_0_threshold_0_8.png,22890.482447738603,6355.5390906775065,
../binary_PNG/binary_labels_mask_case_id_TCGA-G3-A5SK_0_2_cell_expansion_1_0_threshold_0_5.png,23105.758525779933,7470.955544172715,4.623476917796465
../binary_PNG/binary_labels_mask_case_id_TCGA-CC-A1HT_0_1_cell_expansion_7_0_threshold_0_4.png,24914.758819980918,18565.45343637432,
../binary_PNG/binary_labels_mask_case_id_TCGA-CC-A1HT_2_1_cell_expansion_7_0_threshold_0_5.png,24568.620415444708,15495.125507906192,
../binary_PNG/binary_labels_mask_case_id_TCGA-K7-AAU7_2_3_cell_expansion_13_0_threshold_0_7.png,23249.94647229905,7811.885155085059,
../binary_PNG/binary_labels_mask_case_id_TCGA-YA-A8S7_1_4_cell_expansion_11_0_threshold_0_6.png,22430.501223560517,3938.0238721903747,
../binary_PNG/binary_labels_mask_case_id_TCGA-YA-A8S7_3_3_cell_expansion_15_0_threshold_0_8.png,22385.587138663257,3758.6231431919173,
../binary_PNG/binary_labels_mask_case_id_TCGA-CC-A1HT_0_1_cell_expansion_5_0_threshold_0_5.png,24838.7935615368,17906.544982328363,
../binary_PNG/binary_labels_mask_case_id_TCGA-DD-AAED_1_0_cell_expansion_13_0_threshold_0_6.png,24261.104993020104,13420.035756912786,1.09950344385712
../binary_PNG/binary_labels_mask_case_id_TCGA-CC-A8HT_0_1_cell_expansion_9_0_threshold_0_7.png,24284.659697405517,13568.141491413426,0.309619919267815
../binary_PNG/binary_labels_mask_case_id_TCGA-G3-A5SK_0_3_cell_expansion_3_0_threshold_0_8.png,23025.95776508004,6998.420407589704,
../binary_PNG/binary_labels_mask_case_id_TCGA-G3-A5SK_4_2_cell_expansion_3_0_threshold_0_6.png,23629.10925229582,10230.465116035431,
../binary_PNG/binary_labels_mask_case_id_TCGA-YA-A8S7_1_0_cell_expansion_11_0_threshold_0_7.png,23958.112467061896,11587.262966751843,
../binary_PNG/binary_labels_mask_case_id_TCGA-CC-A1HT_2_1_cell_expansion_1_0_threshold_0_6.png,23497.046246855643,9504.054587543244,
../binary_PNG/binary_labels_mask_case_id_TCGA-G3-A7M6_3_1_cell_expansion_9_0_threshold_0_4.png,24801.691932897207,17712.702123817024,
../binary_PNG/binary_labels_mask_case_id_TCGA-BC-A69I_0_4_cell_expansion_9_0_threshold_0_8.png,23613.005535661567,9628.72561312019,
../binary_PNG/binary_labels_mask_case_id_TCGA-BC-A69I_4_4_cell_expansion_11_0_threshold_0_6.png,24561.427641247843,15342.250689801487,0.309593749375537
../binary_PNG/binary_labels_mask_case_id_TCGA-K7-AAU7_3_4_cell_expansion_9_0_threshold_0_8.png,22944.510984427958,6259.906583746755,
../binary_PNG/binary_labels_mask_case_id_TCGA-CC-A3MA_0_0_cell_expansion_13_0_threshold_0_6.png,23841.913084917596,11246.097307443777,
../binary_PNG/binary_labels_mask_case_id_TCGA-G3-A5SK_0_1_cell_expansion_11_0_threshold_0_4.png,24651.393447760507,16244.665179906542,
../binary_PNG/binary_labels_mask_case_id_TCGA-CC-A8HT_0_3_cell_expansion_13_0_threshold_0_5.png,24559.458276524045,15471.6990464951,
../binary_PNG/binary_labels_mask_case_id_TCGA-CC-A1HT_1_4_cell_expansion_7_0_threshold_0_4.png,24316.957350306002,14298.792435661817,
../binary_PNG/binary_labels_mask_case_id_TCGA-G3-A5SK_1_0_cell_expansion_5_0_threshold_0_5.png,24445.626911697782,14973.406213593376,
../binary_PNG/binary_labels_mask_case_id_TCGA-CC-A3MA_3_4_cell_expansion_15_0_threshold_0_8.png,24015.905059193454,11932.788178468758,
../binary_PNG/binary_labels_mask_case_id_TCGA-CC-A3MA_3_3_cell_expansion_15_0_threshold_0_8.png,24083.17800638543,12062.982543208125,
../binary_PNG/binary_labels_mask_case_id_TCGA-CC-A8HT_0_4_cell_expansion_11_0_threshold_0_4.png,24746.23238326576,17008.46543933021,
../binary_PNG/binary_labels_mask_case_id_TCGA-CC-A3MA_0_2_cell_expansion_11_0_threshold_0_8.png,23873.21161873561,11254.599097380851,
../binary_PNG/binary_labels_mask_case_id_TCGA-DD-AAED_2_2_cell_expansion_15_0_threshold_0_6.png,24280.53722762324,13768.66278923292,
../binary_PNG/binary_labels_mask_case_id_TCGA-G3-A7M6_1_2_cell_expansion_5_0_threshold_0_4.png,24901.4491843867,18877.7927103901,
../binary_PNG/binary_labels_mask_case_id_TCGA-YA-A8S7_0_1_cell_expansion_13_0_threshold_0_8.png,23515.218522413907,9247.282949972778,1.1017927584105704
../binary_PNG/binary_labels_mask_case_id_TCGA-G3-A7M6_3_2_cell_expansion_7_0_threshold_0_4.png,24610.06082994628,15839.966195017805,
../binary_PNG/binary_labels_mask_case_id_TCGA-YA-A8S7_2_2_cell_expansion_11_0_threshold_0_4.png,24664.9294179118,16015.500163339668,
../binary_PNG/binary_labels_mask_case_id_TCGA-G3-A7M6_4_0_cell_expansion_1_0_threshold_0_6.png,23584.08110284356,10241.555308310231,
../binary_PNG/binary_labels_mask_case_id_TCGA-CC-5261_3_2_cell_expansion_15_0_threshold_0_6.png,24656.964304761368,16074.20040546088,
../binary_PNG/binary_labels_mask_case_id_TCGA-BC-A69I_0_1_cell_expansion_3_0_threshold_0_4.png,23814.71994290232,11224.044883960678,
../binary_PNG/binary_labels_mask_case_id_TCGA-DD-AAED_3_1_cell_expansion_15_0_threshold_0_7.png,24550.798120138174,15386.7463897115,1.1012536471191767
../binary_PNG/binary_labels_mask_case_id_TCGA-K7-AAU7_4_4_cell_expansion_3_0_threshold_0_7.png,23029.829400121933,6916.3843287969485,
../binary_PNG/binary_labels_mask_case_id_TCGA-DD-AAED_1_3_cell_expansion_13_0_threshold_0_7.png,24621.774792283388,15705.584906298891,
../binary_PNG/binary_labels_mask_case_id_TCGA-CC-A8HT_3_4_cell_expansion_11_0_threshold_0_8.png,22764.19970410811,5639.317731522137,
../binary_PNG/binary_labels_mask_case_id_TCGA-CC-A8HT_0_2_cell_expansion_3_0_threshold_0_5.png,23817.88075261192,11293.95565976367,
../binary_PNG/binary_labels_mask_case_id_TCGA-YA-A8S7_3_1_cell_expansion_5_0_threshold_0_7.png,23931.461777764325,11474.61619452827,
../binary_PNG/binary_labels_mask_case_id_TCGA-BC-A69I_4_1_cell_expansion_7_0_threshold_0_4.png,23981.054403890645,11640.201117047918,
../binary_PNG/binary_labels_mask_case_id_TCGA-CC-A8HT_0_0_cell_expansion_15_0_threshold_0_7.png,24510.18649494397,15225.128149752441,
../binary_PNG/binary_labels_mask_case_id_TCGA-DD-AAED_4_3_cell_expansion_7_0_threshold_0_4.png,24630.24054998125,16045.866443333138,
../binary_PNG/binary_labels_mask_case_id_TCGA-CC-A8HT_3_1_cell_expansion_11_0_threshold_0_7.png,23872.799169638965,11150.874247384876,
../binary_PNG/binary_labels_mask_case_id_TCGA-G3-A5SK_0_1_cell_expansion_9_0_threshold_0_6.png,24453.634492519257,14899.743893382178,
../binary_PNG/binary_labels_mask_case_id_TCGA-DD-AAED_2_4_cell_expansion_7_0_threshold_0_5.png,24710.21116139441,16447.81068676656,
../binary_PNG/binary_labels_mask_case_id_TCGA-CC-A8HT_2_2_cell_expansion_1_0_threshold_0_5.png,23701.90516050008,10825.809584270391,
../binary_PNG/binary_labels_mask_case_id_TCGA-YA-A8S7_0_2_cell_expansion_5_0_threshold_0_8.png,23039.215848076987,6904.945781549661,
../binary_PNG/binary_labels_mask_case_id_TCGA-K7-AAU7_2_3_cell_expansion_3_0_threshold_0_6.png,23416.58128557547,9178.410179702556,
../binary_PNG/binary_labels_mask_case_id_TCGA-BC-A69I_4_1_cell_expansion_1_0_threshold_0_7.png,22786.14872829313,5773.825391859082,
../binary_PNG/binary_labels_mask_case_id_TCGA-CC-A8HT_0_2_cell_expansion_5_0_threshold_0_6.png,24197.62345946191,13194.672876545945,
../binary_PNG/binary_labels_mask_case_id_TCGA-BC-A69I_1_4_cell_expansion_1_0_threshold_0_5.png,23175.93746075934,7832.705560890239,
../binary_PNG/binary_labels_mask_case_id_TCGA-G3-A5SK_0_2_cell_expansion_11_0_threshold_0_5.png,24521.01557049893,15261.069569997046,
../binary_PNG/binary_labels_mask_case_id_TCGA-YA-A8S7_3_0_cell_expansion_3_0_threshold_0_8.png,22658.80958407291,5184.655042458653,
../binary_PNG/binary_labels_mask_case_id_TCGA-BC-A69I_4_2_cell_expansion_11_0_threshold_0_8.png,23352.037356582416,8420.378245366903,
../binary_PNG/binary_labels_mask_case_id_TCGA-DD-AAED_1_3_cell_expansion_15_0_threshold_0_4.png,24738.652701502633,16691.687147375895,
../binary_PNG/binary_labels_mask_case_id_TCGA-K7-AAU7_2_3_cell_expansion_5_0_threshold_0_5.png,24063.04366666545,12887.059515759322,
../binary_PNG/binary_labels_mask_case_id_TCGA-DD-AAED_0_3_cell_expansion_7_0_threshold_0_6.png,24583.079613567308,15599.966963165964,
../binary_PNG/binary_labels_mask_case_id_TCGA-G3-A7M6_4_0_cell_expansion_5_0_threshold_0_4.png,24833.406544570487,18256.611245422628,
../binary_PNG/binary_labels_mask_case_id_TCGA-CC-A8HT_2_3_cell_expansion_11_0_threshold_0_8.png,22906.085662844303,6096.727463677335,
../binary_PNG/binary_labels_mask_case_id_TCGA-CC-A8HT_3_0_cell_expansion_5_0_threshold_0_5.png,24510.71868621313,15368.801885091863,
../binary_PNG/binary_labels_mask_case_id_TCGA-K7-AAU7_4_2_cell_expansion_1_0_threshold_0_8.png,22578.919943020832,4813.986868987712,
../binary_PNG/binary_labels_mask_case_id_TCGA-CC-5261_3_2_cell_expansion_13_0_threshold_0_5.png,24682.221365936337,16341.129099870865,
../binary_PNG/binary_labels_mask_case_id_TCGA-K7-AAU7_1_1_cell_expansion_13_0_threshold_0_4.png,24516.1685714087,15727.375296447812,
../binary_PNG/binary_labels_mask_case_id_TCGA-K7-AAU7_3_1_cell_expansion_5_0_threshold_0_7.png,22797.675625333643,5740.41233413651,
../binary_PNG/binary_labels_mask_case_id_TCGA-YA-A8S7_2_4_cell_expansion_7_0_threshold_0_6.png,22379.532623335257,3769.691765016888,
../binary_PNG/binary_labels_mask_case_id_TCGA-G3-A7M6_2_0_cell_expansion_3_0_threshold_0_4.png,24348.237794351284,14687.274679021597,0.16044267374944665
../binary_PNG/binary_labels_mask_case_id_TCGA-CC-A8HT_3_0_cell_expansion_7_0_threshold_0_4.png,24653.159945255586,16284.51207982512,
../binary_PNG/binary_labels_mask_case_id_TCGA-G3-A5SK_2_1_cell_expansion_11_0_threshold_0_8.png,23909.029265929985,11471.907600038003,
../binary_PNG/binary_labels_mask_case_id_TCGA-G3-A5SK_1_0_cell_expansion_15_0_threshold_0_8.png,23603.067916360742,9821.673836290462,
../binary_PNG/binary_labels_mask_case_id_TCGA-YA-A8S7_2_2_cell_expansion_7_0_threshold_0_4.png,24571.953007471933,15437.352736123203,
../binary_PNG/binary_labels_mask_case_id_TCGA-G3-A7M6_0_1_cell_expansion_5_0_threshold_0_6.png,24188.593123621635,13252.49532140431,
../binary_PNG/binary_labels_mask_case_id_TCGA-G3-A5SK_3_2_cell_expansion_15_0_threshold_0_7.png,24570.52019074542,15561.416870955532,
../binary_PNG/binary_labels_mask_case_id_TCGA-K7-AAU7_2_1_cell_expansion_15_0_threshold_0_7.png,22878.563247504502,6051.927431013503,
../binary_PNG/binary_labels_mask_case_id_TCGA-DD-AAED_2_3_cell_expansion_1_0_threshold_0_8.png,22973.695384859577,6698.9643720172535,
../binary_PNG/binary_labels_mask_case_id_TCGA-K7-AAU7_1_0_cell_expansion_1_0_threshold_0_4.png,22845.704970291103,6078.12576346839,
../binary_PNG/binary_labels_mask_case_id_TCGA-CC-A8HT_0_3_cell_expansion_1_0_threshold_0_4.png,23504.199820017435,9575.090774971835,
../binary_PNG/binary_labels_mask_case_id_TCGA-CC-5261_4_2_cell_expansion_9_0_threshold_0_8.png,24233.1309163431,13152.013615494006,
../binary_PNG/binary_labels_mask_case_id_TCGA-K7-AAU7_3_1_cell_expansion_3_0_threshold_0_8.png,22295.564725834272,3345.9127204795473,
../binary_PNG/binary_labels_mask_case_id_TCGA-CC-A8HT_4_3_cell_expansion_7_0_threshold_0_5.png,24355.14577474064,14185.579384244153,
../binary_PNG/binary_labels_mask_case_id_TCGA-G3-A5SK_1_4_cell_expansion_15_0_threshold_0_5.png,24616.90395929292,15924.852279980882,
../binary_PNG/binary_labels_mask_case_id_TCGA-CC-A8HT_0_4_cell_expansion_5_0_threshold_0_4.png,24666.354659254146,16572.312232372267,
../binary_PNG/binary_labels_mask_case_id_TCGA-YA-A8S7_3_0_cell_expansion_11_0_threshold_0_7.png,24361.934481871012,14312.102298050184,
../binary_PNG/binary_labels_mask_case_id_TCGA-BC-A69I_4_3_cell_expansion_15_0_threshold_0_8.png,23011.156280406834,6775.6425686359535,
../binary_PNG/binary_labels_mask_case_id_TCGA-K7-AAU7_1_0_cell_expansion_7_0_threshold_0_7.png,22435.760816802333,3969.989899625631,
../binary_PNG/binary_labels_mask_case_id_TCGA-G3-A7M6_4_1_cell_expansion_7_0_threshold_0_5.png,24375.838342980333,14267.182237592397,
../binary_PNG/binary_labels_mask_case_id_TCGA-CC-5261_0_3_cell_expansion_9_0_threshold_0_6.png,24636.51277493276,16000.356537900363,
../binary_PNG/binary_labels_mask_case_id_TCGA-DD-AAED_0_1_cell_expansion_11_0_threshold_0_5.png,24666.812779497828,16177.800357904998,
../binary_PNG/binary_labels_mask_case_id_TCGA-G3-A7M6_1_4_cell_expansion_7_0_threshold_0_7.png,23613.001859006767,10057.632741227728,
../binary_PNG/binary_labels_mask_case_id_TCGA-CC-A3MA_2_0_cell_expansion_13_0_threshold_0_6.png,24724.44574918462,16460.84284627936,
../binary_PNG/binary_labels_mask_case_id_TCGA-CC-A8HT_0_4_cell_expansion_3_0_threshold_0_7.png,23483.586371214755,9419.515756769386,
../binary_PNG/binary_labels_mask_case_id_TCGA-BC-A69I_3_4_cell_expansion_1_0_threshold_0_8.png,22874.85608509757,6282.8946831192825,
../binary_PNG/binary_labels_mask_case_id_TCGA-K7-AAU7_4_2_cell_expansion_3_0_threshold_0_5.png,24225.031663166406,13901.28711789396,4.624924899150288
../binary_PNG/binary_labels_mask_case_id_TCGA-BC-A69I_4_2_cell_expansion_11_0_threshold_0_4.png,24455.154556319067,14584.815471400709,
../binary_PNG/binary_labels_mask_case_id_TCGA-DD-AAED_1_0_cell_expansion_5_0_threshold_0_5.png,24096.88849116828,12663.994278749973,1.1003108675447875
../binary_PNG/binary_labels_mask_case_id_TCGA-G3-A5SK_4_1_cell_expansion_9_0_threshold_0_8.png,23633.29468436744,9760.511494608774,
../binary_PNG/binary_labels_mask_case_id_TCGA-CC-A8HT_4_3_cell_expansion_3_0_threshold_0_7.png,23265.67566020417,8071.04058281528,
../binary_PNG/binary_labels_mask_case_id_TCGA-CC-A3MA_1_1_cell_expansion_15_0_threshold_0_7.png,24213.541493452656,13061.209573195809,1.0984278441292306
../binary_PNG/binary_labels_mask_case_id_TCGA-BC-A69I_0_0_cell_expansion_7_0_threshold_0_6.png,24032.069383854927,12141.229179235921,
../binary_PNG/binary_labels_mask_case_id_TCGA-K7-AAU7_4_2_cell_expansion_1_0_threshold_0_4.png,23676.74261746084,10736.058316087776,
../binary_PNG/binary_labels_mask_case_id_TCGA-CC-A8HT_1_2_cell_expansion_15_0_threshold_0_4.png,24672.390852146757,16553.838365074218,
../binary_PNG/binary_labels_mask_case_id_TCGA-K7-AAU7_4_3_cell_expansion_1_0_threshold_0_8.png,22436.1173352404,4057.627547169337,
../binary_PNG/binary_labels_mask_case_id_TCGA-G3-A7M6_2_1_cell_expansion_1_0_threshold_0_5.png,23315.960764175077,8692.167575112442,
../binary_PNG/binary_labels_mask_case_id_TCGA-G3-A5SK_2_2_cell_expansion_1_0_threshold_0_8.png,22775.662058729198,5719.45642768614,
../binary_PNG/binary_labels_mask_case_id_TCGA-G3-A5SK_4_3_cell_expansion_5_0_threshold_0_5.png,24217.165939386963,13307.91765308806,
../binary_PNG/binary_labels_mask_case_id_TCGA-DD-AAED_1_3_cell_expansion_9_0_threshold_0_4.png,24733.986646371846,16667.8918154149,
../binary_PNG/binary_labels_mask_case_id_TCGA-CC-A1HT_4_1_cell_expansion_3_0_threshold_0_8.png,23236.742242474662,7770.254120061092,
../binary_PNG/binary_labels_mask_case_id_TCGA-BC-A69I_4_4_cell_expansion_9_0_threshold_0_6.png,24554.135758329525,15294.501712814275,
../binary_PNG/binary_labels_mask_case_id_TCGA-DD-AAED_1_4_cell_expansion_15_0_threshold_0_8.png,24178.68344765117,12808.633685521285,
../binary_PNG/binary_labels_mask_case_id_TCGA-CC-A1HT_1_2_cell_expansion_7_0_threshold_0_6.png,24329.49913775986,13889.394269077971,
../binary_PNG/binary_labels_mask_case_id_TCGA-CC-A3MA_1_2_cell_expansion_11_0_threshold_0_4.png,24906.131374698263,18225.76964810345,
../binary_PNG/binary_labels_mask_case_id_TCGA-CC-A1HT_4_3_cell_expansion_13_0_threshold_0_4.png,24866.525971299434,17924.47826654445,
../binary_PNG/binary_labels_mask_case_id_TCGA-YA-A8S7_2_4_cell_expansion_11_0_threshold_0_6.png,22379.532623335257,3769.691765016888,4.626373626373627
../binary_PNG/binary_labels_mask_case_id_TCGA-CC-5261_3_4_cell_expansion_15_0_threshold_0_4.png,24782.472072584813,17019.094620237367,
../binary_PNG/binary_labels_mask_case_id_TCGA-BC-A69I_0_3_cell_expansion_9_0_threshold_0_6.png,24181.98421127853,12835.84700540344,
../binary_PNG/binary_labels_mask_case_id_TCGA-CC-5261_1_4_cell_expansion_3_0_threshold_0_8.png,23083.789798250098,7186.859946502607,
../binary_PNG/binary_labels_mask_case_id_TCGA-BC-A69I_4_4_cell_expansion_15_0_threshold_0_8.png,23840.7337154079,10977.403296054543,
../binary_PNG/binary_labels_mask_case_id_TCGA-CC-A3MA_2_0_cell_expansion_1_0_threshold_0_5.png,23970.14798596026,12175.227097491925,
../binary_PNG/binary_labels_mask_case_id_TCGA-CC-A3MA_3_2_cell_expansion_3_0_threshold_0_6.png,24364.51992066461,14675.232222894158,
../binary_PNG/binary_labels_mask_case_id_TCGA-CC-A1HT_1_4_cell_expansion_7_0_threshold_0_8.png,22586.962631847506,4684.4500751154965,
../binary_PNG/binary_labels_mask_case_id_TCGA-K7-AAU7_2_2_cell_expansion_11_0_threshold_0_4.png,24239.067399004492,13865.098426354709,
../binary_PNG/binary_labels_mask_case_id_TCGA-G3-A5SK_3_1_cell_expansion_7_0_threshold_0_5.png,24335.518926963,13831.569938138611,
../binary_PNG/binary_labels_mask_case_id_TCGA-DD-AAED_2_1_cell_expansion_13_0_threshold_0_8.png,24596.57002154448,15537.097414366604,
../binary_PNG/binary_labels_mask_case_id_TCGA-CC-A3MA_3_0_cell_expansion_13_0_threshold_0_6.png,22816.69099240894,5848.9845706316355,
../binary_PNG/binary_labels_mask_case_id_TCGA-YA-A8S7_2_0_cell_expansion_9_0_threshold_0_8.png,23318.52202250269,7925.664826432865,
../binary_PNG/binary_labels_mask_case_id_TCGA-CC-5261_2_3_cell_expansion_15_0_threshold_0_4.png,24829.054540052828,17471.26489595804,
../binary_PNG/binary_labels_mask_case_id_TCGA-BC-A69I_4_1_cell_expansion_13_0_threshold_0_4.png,24185.088907042216,12681.65050382758,
../binary_PNG/binary_labels_mask_case_id_TCGA-CC-A3MA_2_1_cell_expansion_3_0_threshold_0_8.png,22890.828465709208,6111.168439452697,
../binary_PNG/binary_labels_mask_case_id_TCGA-CC-5261_0_1_cell_expansion_13_0_threshold_0_4.png,24707.35135130408,16612.173613325853,
../binary_PNG/binary_labels_mask_case_id_TCGA-CC-A3MA_1_2_cell_expansion_15_0_threshold_0_6.png,24813.361496952148,17225.174291973948,
../binary_PNG/binary_labels_mask_case_id_TCGA-CC-A1HT_3_2_cell_expansion_3_0_threshold_0_5.png,24370.409268796357,14286.282998588988,
../binary_PNG/binary_labels_mask_case_id_TCGA-YA-A8S7_0_1_cell_expansion_9_0_threshold_0_5.png,24710.817213533282,16688.57444788891,
../binary_PNG/binary_labels_mask_case_id_TCGA-DD-AAED_0_3_cell_expansion_15_0_threshold_0_8.png,24255.44775076356,13281.993690317713,0.3097507844195295
../binary_PNG/binary_labels_mask_case_id_TCGA-CC-A1HT_0_0_cell_expansion_3_0_threshold_0_6.png,23422.6157312063,9173.841680086169,
../binary_PNG/binary_labels_mask_case_id_TCGA-CC-5261_4_0_cell_expansion_7_0_threshold_0_4.png,24848.03864178669,17898.879138036868,
../binary_PNG/binary_labels_mask_case_id_TCGA-CC-5261_2_2_cell_expansion_11_0_threshold_0_8.png,24290.91298975527,13394.46154085112,
../binary_PNG/binary_labels_mask_case_id_TCGA-G3-A5SK_2_4_cell_expansion_3_0_threshold_0_7.png,23898.245459458092,11577.135849462356,
../binary_PNG/binary_labels_mask_case_id_TCGA-CC-A1HT_2_2_cell_expansion_1_0_threshold_0_8.png,22981.19957856992,6689.664080691067,
../binary_PNG/binary_labels_mask_case_id_TCGA-CC-5261_0_3_cell_expansion_1_0_threshold_0_7.png,23232.365217809194,8236.931576354025,
../binary_PNG/binary_labels_mask_case_id_TCGA-CC-A3MA_2_3_cell_expansion_3_0_threshold_0_6.png,24609.73558777264,16150.171897315484,
../binary_PNG/binary_labels_mask_case_id_TCGA-CC-A1HT_2_4_cell_expansion_5_0_threshold_0_4.png,24753.137695709043,16794.83590361663,
../binary_PNG/binary_labels_mask_case_id_TCGA-CC-A8HT_4_0_cell_expansion_11_0_threshold_0_7.png,24275.680752344146,13424.094296893069,
../binary_PNG/binary_labels_mask_case_id_TCGA-CC-5261_2_3_cell_expansion_3_0_threshold_0_7.png,23951.203860424303,11940.984848722537,
../binary_PNG/binary_labels_mask_case_id_TCGA-G3-A7M6_3_0_cell_expansion_13_0_threshold_0_7.png,24473.710971394463,14680.36570396583,
../binary_PNG/binary_labels_mask_case_id_TCGA-K7-AAU7_4_2_cell_expansion_9_0_threshold_0_5.png,24670.63706550669,16487.054147836458,
../binary_PNG/binary_labels_mask_case_id_TCGA-BC-A69I_1_4_cell_expansion_11_0_threshold_0_4.png,24348.031813972357,14234.303831789297,
../binary_PNG/binary_labels_mask_case_id_TCGA-CC-A8HT_0_4_cell_expansion_9_0_threshold_0_7.png,24105.5554923192,12631.94249255811,
../binary_PNG/binary_labels_mask_case_id_TCGA-CC-A1HT_3_4_cell_expansion_13_0_threshold_0_6.png,24803.07662401472,17309.07688090962,
../binary_PNG/binary_labels_mask_case_id_TCGA-CC-A3MA_1_0_cell_expansion_1_0_threshold_0_8.png,23113.17102358517,7343.3371172413945,
../binary_PNG/binary_labels_mask_case_id_TCGA-K7-AAU7_4_2_cell_expansion_11_0_threshold_0_6.png,24576.17217826184,15770.015018456408,
../binary_PNG/binary_labels_mask_case_id_TCGA-CC-A3MA_2_2_cell_expansion_7_0_threshold_0_8.png,23959.928669511068,11492.135898458622,
../binary_PNG/binary_labels_mask_case_id_TCGA-CC-5261_4_3_cell_expansion_13_0_threshold_0_5.png,24806.048728619826,17500.608035931396,
../binary_PNG/binary_labels_mask_case_id_TCGA-DD-AAED_4_0_cell_expansion_13_0_threshold_0_4.png,24727.291012756024,16753.413344694698,
../binary_PNG/binary_labels_mask_case_id_TCGA-CC-A1HT_0_3_cell_expansion_7_0_threshold_0_6.png,24452.830783347214,14742.02383367065,1.1001762538054798
../binary_PNG/binary_labels_mask_case_id_TCGA-CC-5261_0_4_cell_expansion_1_0_threshold_0_5.png,23505.210311729188,9771.679462157692,4.626856701296471
../binary_PNG/binary_labels_mask_case_id_TCGA-CC-A1HT_4_4_cell_expansion_5_0_threshold_0_7.png,23482.57999969164,9267.296591521575,
../binary_PNG/binary_labels_mask_case_id_TCGA-CC-A3MA_1_1_cell_expansion_7_0_threshold_0_7.png,24107.73371229957,12494.633619096689,
../binary_PNG/binary_labels_mask_case_id_TCGA-CC-5261_3_1_cell_expansion_5_0_threshold_0_6.png,24652.50126158541,16260.718345890718,0.1604837710056133
../binary_PNG/binary_labels_mask_case_id_TCGA-CC-A1HT_0_4_cell_expansion_1_0_threshold_0_7.png,22924.21820099811,6434.098787795879,4.623959495408908
../binary_PNG/binary_labels_mask_case_id_TCGA-G3-A7M6_1_4_cell_expansion_9_0_threshold_0_5.png,24086.727182019884,12918.418073385836,
../binary_PNG/binary_labels_mask_case_id_TCGA-CC-5261_0_2_cell_expansion_7_0_threshold_0_8.png,23743.060273322266,10413.744618557968,
../binary_PNG/binary_labels_mask_case_id_TCGA-CC-A3MA_2_3_cell_expansion_5_0_threshold_0_5.png,24852.95850995252,17851.428664215142,
../binary_PNG/binary_labels_mask_case_id_TCGA-K7-AAU7_2_2_cell_expansion_9_0_threshold_0_6.png,23615.02262552987,9962.010504699174,0.30972460929693435
../binary_PNG/binary_labels_mask_case_id_TCGA-G3-A7M6_1_2_cell_expansion_11_0_threshold_0_5.png,24924.151255015604,18989.5447315317,
../binary_PNG/binary_labels_mask_case_id_TCGA-CC-A8HT_4_4_cell_expansion_11_0_threshold_0_6.png,24454.065462774885,14854.818393514744,
../binary_PNG/binary_labels_mask_case_id_TCGA-CC-A8HT_0_3_cell_expansion_9_0_threshold_0_5.png,24550.07747540136,15406.152748501665,0.3096722621902478
../binary_PNG/binary_labels_mask_case_id_TCGA-BC-A69I_3_3_cell_expansion_11_0_threshold_0_8.png,24014.884325024068,11644.737662263171,
../binary_PNG/binary_labels_mask_case_id_TCGA-CC-A3MA_1_2_cell_expansion_9_0_threshold_0_7.png,24552.640172654043,15178.763158920137,
../binary_PNG/binary_labels_mask_case_id_TCGA-CC-A1HT_1_1_cell_expansion_13_0_threshold_0_5.png,24470.748570157164,14887.529508744441,
../binary_PNG/binary_labels_mask_case_id_TCGA-K7-AAU7_1_2_cell_expansion_5_0_threshold_0_8.png,22328.40075182473,3492.131827343893,
../binary_PNG/binary_labels_mask_case_id_TCGA-CC-A1HT_1_0_cell_expansion_15_0_threshold_0_8.png,22618.83938577423,4787.421614314007,
../binary_PNG/binary_labels_mask_case_id_TCGA-DD-AAED_2_0_cell_expansion_5_0_threshold_0_8.png,23835.170241044463,11133.933672107458,
../binary_PNG/binary_labels_mask_case_id_TCGA-BC-A69I_4_3_cell_expansion_1_0_threshold_0_5.png,23034.7683446959,6997.976754828892,
../binary_PNG/binary_labels_mask_case_id_TCGA-CC-A1HT_0_0_cell_expansion_9_0_threshold_0_6.png,23869.370472859893,11549.826265518032,
../binary_PNG/binary_labels_mask_case_id_TCGA-BC-A69I_3_1_cell_expansion_11_0_threshold_0_7.png,24130.39237166001,12463.353173257583,
../binary_PNG/binary_labels_mask_case_id_TCGA-DD-AAED_3_4_cell_expansion_3_0_threshold_0_7.png,24015.93717188826,12502.66277687196,0.16052487117281436
../binary_PNG/binary_labels_mask_case_id_TCGA-G3-A7M6_3_0_cell_expansion_3_0_threshold_0_4.png,24022.794630972672,12373.722468730777,
../binary_PNG/binary_labels_mask_case_id_TCGA-CC-A8HT_2_1_cell_expansion_7_0_threshold_0_8.png,22983.301797459906,6447.575458535586,
../binary_PNG/binary_labels_mask_case_id_TCGA-G3-A7M6_2_0_cell_expansion_13_0_threshold_0_7.png,24506.11008129189,15159.061148863482,
../binary_PNG/binary_labels_mask_case_id_TCGA-DD-AAED_0_0_cell_expansion_7_0_threshold_0_8.png,24047.579026636948,12261.865288455316,
../binary_PNG/binary_labels_mask_case_id_TCGA-CC-A3MA_4_0_cell_expansion_13_0_threshold_0_4.png,24912.61329398205,18358.64173184052,
../binary_PNG/binary_labels_mask_case_id_TCGA-G3-A7M6_0_2_cell_expansion_15_0_threshold_0_7.png,24475.703940756142,14734.153223850652,0.30951524597370417
../binary_PNG/binary_labels_mask_case_id_TCGA-G3-A7M6_2_0_cell_expansion_11_0_threshold_0_6.png,24674.1707849739,16481.675369124372,
../binary_PNG/binary_labels_mask_case_id_TCGA-K7-AAU7_4_1_cell_expansion_3_0_threshold_0_7.png,23485.65044592691,9269.519952311924,
../binary_PNG/binary_labels_mask_case_id_TCGA-CC-A8HT_2_0_cell_expansion_5_0_threshold_0_5.png,24659.1693429057,16411.204501366974,
../binary_PNG/binary_labels_mask_case_id_TCGA-CC-5261_0_0_cell_expansion_9_0_threshold_0_4.png,24765.266418678817,17125.182213981796,
../binary_PNG/binary_labels_mask_case_id_TCGA-G3-A7M6_4_2_cell_expansion_7_0_threshold_0_7.png,23934.544054082147,12015.581362457237,
../binary_PNG/binary_labels_mask_case_id_TCGA-K7-AAU7_2_1_cell_expansion_7_0_threshold_0_6.png,23451.265809959248,9330.236202719509,
../binary_PNG/binary_labels_mask_case_id_TCGA-G3-A5SK_4_0_cell_expansion_11_0_threshold_0_8.png,23522.77137011972,9033.859902668086,1.1002435585181387
../binary_PNG/binary_labels_mask_case_id_TCGA-CC-A8HT_0_0_cell_expansion_1_0_threshold_0_6.png,23631.720606326617,10364.217283587945,
../binary_PNG/binary_labels_mask_case_id_TCGA-K7-AAU7_3_4_cell_expansion_7_0_threshold_0_6.png,23965.53609464708,11733.817444598712,
../binary_PNG/binary_labels_mask_case_id_TCGA-DD-AAED_3_3_cell_expansion_3_0_threshold_0_5.png,24572.143599803843,15823.999745286206,
../binary_PNG/binary_labels_mask_case_id_TCGA-CC-5261_4_0_cell_expansion_13_0_threshold_0_4.png,24873.12406596168,18078.726195561347,
../binary_PNG/binary_labels_mask_case_id_TCGA-K7-AAU7_3_3_cell_expansion_3_0_threshold_0_6.png,23467.96085519794,9312.075774402574,1.1017927584105704
../binary_PNG/binary_labels_mask_case_id_TCGA-DD-AAED_0_1_cell_expansion_3_0_threshold_0_6.png,24218.38680224416,13589.736744458669,
../binary_PNG/binary_labels_mask_case_id_TCGA-CC-A8HT_4_0_cell_expansion_7_0_threshold_0_7.png,24176.357879415318,12893.328329678721,
../binary_PNG/binary_labels_mask_case_id_TCGA-G3-A7M6_1_1_cell_expansion_13_0_threshold_0_5.png,24532.80343371248,15478.374093170236,
../binary_PNG/binary_labels_mask_case_id_TCGA-K7-AAU7_4_0_cell_expansion_5_0_threshold_0_8.png,22496.60062798138,4259.711728935471,
../binary_PNG/binary_labels_mask_case_id_TCGA-YA-A8S7_3_3_cell_expansion_5_0_threshold_0_5.png,22684.096380904248,5203.372330863373,
../binary_PNG/binary_labels_mask_case_id_TCGA-CC-A1HT_4_0_cell_expansion_9_0_threshold_0_4.png,24711.722472418372,16785.572331368174,
../binary_PNG/binary_labels_mask_case_id_TCGA-BC-A69I_2_4_cell_expansion_7_0_threshold_0_7.png,23891.737121545,11363.51966583145,
../binary_PNG/binary_labels_mask_case_id_TCGA-BC-A69I_2_3_cell_expansion_11_0_threshold_0_8.png,23832.400334936945,10658.716680185551,1.1017927584105704
../binary_PNG/binary_labels_mask_case_id_TCGA-G3-A7M6_3_0_cell_expansion_5_0_threshold_0_7.png,24217.71044011284,13219.9090349039,
../binary_PNG/binary_labels_mask_case_id_TCGA-CC-A8HT_3_3_cell_expansion_3_0_threshold_0_8.png,22432.92494203356,3985.0428504781817,
../binary_PNG/binary_labels_mask_case_id_TCGA-DD-AAED_4_1_cell_expansion_3_0_threshold_0_8.png,23681.76945030532,10324.816747599029,
../binary_PNG/binary_labels_mask_case_id_TCGA-G3-A7M6_0_3_cell_expansion_13_0_threshold_0_6.png,24529.038781980067,15161.26736554839,
../binary_PNG/binary_labels_mask_case_id_TCGA-K7-AAU7_4_0_cell_expansion_3_0_threshold_0_7.png,23120.0137068942,7424.612854108263,
../binary_PNG/binary_labels_mask_case_id_TCGA-G3-A7M6_1_0_cell_expansion_13_0_threshold_0_7.png,24324.75933147717,13894.638535110462,
../binary_PNG/binary_labels_mask_case_id_TCGA-YA-A8S7_1_2_cell_expansion_3_0_threshold_0_7.png,24055.530758534853,12496.04419555863,1.1003781808858406
../binary_PNG/binary_labels_mask_case_id_TCGA-CC-A8HT_2_1_cell_expansion_5_0_threshold_0_5.png,24775.520909596507,17405.500895181092,
../binary_PNG/binary_labels_mask_case_id_TCGA-G3-A7M6_4_3_cell_expansion_7_0_threshold_0_7.png,24139.29711821868,12904.700296671606,
../binary_PNG/binary_labels_mask_case_id_TCGA-CC-5261_4_1_cell_expansion_13_0_threshold_0_6.png,24745.241074247704,16841.064958407245,
../binary_PNG/binary_labels_mask_case_id_TCGA-CC-A1HT_3_2_cell_expansion_13_0_threshold_0_4.png,24744.00527766054,16452.45663975588,
../binary_PNG/binary_labels_mask_case_id_TCGA-BC-A69I_1_0_cell_expansion_7_0_threshold_0_6.png,24267.212333098963,13391.570775872187,1.0993016849253636
../binary_PNG/binary_labels_mask_case_id_TCGA-K7-AAU7_1_2_cell_expansion_5_0_threshold_0_4.png,24251.418440523263,13966.942711010452,
../binary_PNG/binary_labels_mask_case_id_TCGA-BC-A69I_2_2_cell_expansion_5_0_threshold_0_4.png,24275.650594322433,13550.248089715236,
../binary_PNG/binary_labels_mask_case_id_TCGA-YA-A8S7_3_2_cell_expansion_3_0_threshold_0_6.png,24431.48367877326,15462.604645388425,
../binary_PNG/binary_labels_mask_case_id_TCGA-YA-A8S7_4_2_cell_expansion_15_0_threshold_0_4.png,23172.96683030024,7555.1655550506775,
../binary_PNG/binary_labels_mask_case_id_TCGA-CC-A1HT_3_3_cell_expansion_9_0_threshold_0_5.png,24712.925918571305,16452.04065740629,
../binary_PNG/binary_labels_mask_case_id_TCGA-K7-AAU7_3_3_cell_expansion_7_0_threshold_0_8.png,22295.564725834272,3345.9127204795473,4.62830642390931
../binary_PNG/binary_labels_mask_case_id_TCGA-DD-AAED_0_1_cell_expansion_7_0_threshold_0_8.png,24127.840012300883,12698.578756976673,
../binary_PNG/binary_labels_mask_case_id_TCGA-G3-A5SK_4_2_cell_expansion_9_0_threshold_0_6.png,24340.8993758796,13899.051689067237,
../binary_PNG/binary_labels_mask_case_id_TCGA-CC-A3MA_3_4_cell_expansion_9_0_threshold_0_4.png,24753.65759766909,17092.708711493844,
../binary_PNG/binary_labels_mask_case_id_TCGA-DD-AAED_4_0_cell_expansion_7_0_threshold_0_6.png,24583.360720493252,15899.635426070969,4.624442155853073
../binary_PNG/binary_labels_mask_case_id_TCGA-BC-A69I_0_1_cell_expansion_15_0_threshold_0_5.png,24419.53780172704,14435.444781102131,
../binary_PNG/binary_labels_mask_case_id_TCGA-G3-A5SK_0_3_cell_expansion_9_0_threshold_0_8.png,23474.913427700958,9197.952571872926,
../binary_PNG/binary_labels_mask_case_id_TCGA-G3-A5SK_0_2_cell_expansion_9_0_threshold_0_4.png,24536.230753028267,15361.67780153135,
../binary_PNG/binary_labels_mask_case_id_TCGA-YA-A8S7_4_2_cell_expansion_13_0_threshold_0_7.png,22863.985375180342,5826.344884781721,
../binary_PNG/binary_labels_mask_case_id_TCGA-DD-AAED_2_0_cell_expansion_3_0_threshold_0_7.png,23834.15540774829,11229.081543200697,
../binary_PNG/binary_labels_mask_case_id_TCGA-CC-A8HT_3_4_cell_expansion_7_0_threshold_0_4.png,24515.46713913065,15559.123248601076,
../binary_PNG/binary_labels_mask_case_id_TCGA-K7-AAU7_0_0_cell_expansion_1_0_threshold_0_4.png,22705.91974069917,5398.900846762341,
../binary_PNG/binary_labels_mask_case_id_TCGA-BC-A69I_3_0_cell_expansion_1_0_threshold_0_4.png,23128.5467898224,7553.07458086963,
../binary_PNG/binary_labels_mask_case_id_TCGA-YA-A8S7_4_0_cell_expansion_3_0_threshold_0_7.png,23796.1712908848,10991.534302194059,0.3096722621902478
../binary_PNG/binary_labels_mask_case_id_TCGA-G3-A5SK_4_4_cell_expansion_15_0_threshold_0_7.png,24130.94324127937,12703.885621634954,
../binary_PNG/binary_labels_mask_case_id_TCGA-G3-A7M6_2_4_cell_expansion_3_0_threshold_0_4.png,24070.09877974245,12825.09698193136,
../binary_PNG/binary_labels_mask_case_id_TCGA-BC-A69I_0_2_cell_expansion_1_0_threshold_0_7.png,22735.924107135306,5517.29952154326,
../binary_PNG/binary_labels_mask_case_id_TCGA-YA-A8S7_1_2_cell_expansion_7_0_threshold_0_5.png,24778.75097058119,17091.408105324423,
../binary_PNG/binary_labels_mask_case_id_TCGA-CC-5261_1_4_cell_expansion_9_0_threshold_0_4.png,24714.127077849684,16623.617971293766,
../binary_PNG/binary_labels_mask_case_id_TCGA-CC-A8HT_4_3_cell_expansion_15_0_threshold_0_8.png,23029.179114276085,6563.325212313525,
../binary_PNG/binary_labels_mask_case_id_TCGA-CC-A8HT_1_3_cell_expansion_3_0_threshold_0_5.png,24047.226535934333,12697.11007378708,
../binary_PNG/binary_labels_mask_case_id_TCGA-BC-A69I_3_0_cell_expansion_3_0_threshold_0_5.png,23599.708279525068,9899.460855329158,
../binary_PNG/binary_labels_mask_case_id_TCGA-DD-AAED_2_0_cell_expansion_1_0_threshold_0_6.png,23428.827804201224,9208.464450438189,4.620583190394511
../binary_PNG/binary_labels_mask_case_id_TCGA-CC-A8HT_1_4_cell_expansion_7_0_threshold_0_5.png,24708.84599990433,16442.579624800856,
../binary_PNG/binary_labels_mask_case_id_TCGA-K7-AAU7_2_0_cell_expansion_1_0_threshold_0_5.png,22422.204284670337,3934.056111690499,
../binary_PNG/binary_labels_mask_case_id_TCGA-CC-5261_4_2_cell_expansion_13_0_threshold_0_7.png,24723.651751493908,16630.7974618959,
../binary_PNG/binary_labels_mask_case_id_TCGA-G3-A7M6_2_0_cell_expansion_9_0_threshold_0_4.png,24794.214118346288,17414.484697371838,
../binary_PNG/binary_labels_mask_case_id_TCGA-G3-A7M6_1_3_cell_expansion_13_0_threshold_0_6.png,24562.012067851465,15524.36357572982,
../binary_PNG/binary_labels_mask_case_id_TCGA-CC-5261_2_2_cell_expansion_1_0_threshold_0_6.png,23774.956400391166,11138.747769366491,
../binary_PNG/binary_labels_mask_case_id_TCGA-CC-A8HT_4_4_cell_expansion_15_0_threshold_0_8.png,22857.97599829837,5868.171378034764,
../binary_PNG/binary_labels_mask_case_id_TCGA-CC-A1HT_0_0_cell_expansion_15_0_threshold_0_4.png,24412.992997167807,15053.75716171616,
../binary_PNG/binary_labels_mask_case_id_TCGA-G3-A5SK_2_1_cell_expansion_7_0_threshold_0_5.png,24739.287866054183,16821.446392082104,
../binary_PNG/binary_labels_mask_case_id_TCGA-DD-AAED_4_1_cell_expansion_11_0_threshold_0_7.png,24604.791341608263,15523.169195826953,
../binary_PNG/binary_labels_mask_case_id_TCGA-G3-A5SK_1_4_cell_expansion_3_0_threshold_0_6.png,23965.0311657146,12155.992048189846,
../binary_PNG/binary_labels_mask_case_id_TCGA-G3-A7M6_2_2_cell_expansion_15_0_threshold_0_7.png,24260.309130151327,13632.400465448984,
../binary_PNG/binary_labels_mask_case_id_TCGA-CC-5261_3_0_cell_expansion_1_0_threshold_0_4.png,23569.72920915195,9993.36472194647,
../binary_PNG/binary_labels_mask_case_id_TCGA-CC-A1HT_2_4_cell_expansion_5_0_threshold_0_8.png,23670.9069637331,9897.330805344154,
../binary_PNG/binary_labels_mask_case_id_TCGA-BC-A69I_1_0_cell_expansion_13_0_threshold_0_8.png,23566.002034549165,9403.290030244136,
../binary_PNG/binary_labels_mask_case_id_TCGA-CC-A1HT_0_4_cell_expansion_15_0_threshold_0_5.png,24704.12169952814,16813.663079847513,
../binary_PNG/binary_labels_mask_case_id_TCGA-CC-5261_4_3_cell_expansion_11_0_threshold_0_8.png,23615.341715714385,9743.950892370074,
../binary_PNG/binary_labels_mask_case_id_TCGA-G3-A5SK_3_4_cell_expansion_7_0_threshold_0_5.png,24932.758057245097,18647.993545757923,
../binary_PNG/binary_labels_mask_case_id_TCGA-DD-AAED_0_3_cell_expansion_9_0_threshold_0_4.png,24735.89837701437,16722.97614016055,0.1605043207253152
../binary_PNG/binary_labels_mask_case_id_TCGA-BC-A69I_0_0_cell_expansion_9_0_threshold_0_8.png,23354.88457094665,8441.611138118806,
../binary_PNG/binary_labels_mask_case_id_TCGA-CC-A1HT_0_2_cell_expansion_7_0_threshold_0_6.png,23744.221040243134,10682.690758520144,
../binary_PNG/binary_labels_mask_case_id_TCGA-YA-A8S7_4_4_cell_expansion_11_0_threshold_0_8.png,22295.564725834272,3345.9127204795473,4.624442155853073
../binary_PNG/binary_labels_mask_case_id_TCGA-G3-A7M6_3_4_cell_expansion_9_0_threshold_0_8.png,23922.671372752622,11532.539742812798,
../binary_PNG/binary_labels_mask_case_id_TCGA-G3-A7M6_0_0_cell_expansion_15_0_threshold_0_4.png,24724.08436315232,16706.439587405748,
../binary_PNG/binary_labels_mask_case_id_TCGA-BC-A69I_3_3_cell_expansion_13_0_threshold_0_5.png,24641.229877613998,15721.502822831624,1.1011862776530938
../binary_PNG/binary_labels_mask_case_id_TCGA-G3-A7M6_0_0_cell_expansion_5_0_threshold_0_8.png,23463.186763718968,9051.064023261531,1.1011189125068128
../binary_PNG/binary_labels_mask_case_id_TCGA-K7-AAU7_1_1_cell_expansion_13_0_threshold_0_6.png,23915.2037272021,11770.114349207888,
../binary_PNG/binary_labels_mask_case_id_TCGA-YA-A8S7_2_2_cell_expansion_7_0_threshold_0_6.png,24416.56024639713,14245.531539668456,
../binary_PNG/binary_labels_mask_case_id_TCGA-K7-AAU7_2_4_cell_expansion_7_0_threshold_0_8.png,22789.484441115404,5506.806537978858,
../binary_PNG/binary_labels_mask_case_id_TCGA-DD-AAED_0_4_cell_expansion_11_0_threshold_0_4.png,24685.752665298216,16178.77268226443,
../binary_PNG/binary_labels_mask_case_id_TCGA-BC-A69I_2_0_cell_expansion_3_0_threshold_0_7.png,23445.510071760003,8875.135493281223,
../binary_PNG/binary_labels_mask_case_id_TCGA-CC-A1HT_2_4_cell_expansion_9_0_threshold_0_5.png,24793.12514945353,16979.48094456007,
../binary_PNG/binary_labels_mask_case_id_TCGA-BC-A69I_4_3_cell_expansion_15_0_threshold_0_6.png,24148.903576175566,12682.846715823227,
../binary_PNG/binary_labels_mask_case_id_TCGA-DD-AAED_1_0_cell_expansion_3_0_threshold_0_4.png,23833.269750906602,11336.173043994284,
../binary_PNG/binary_labels_mask_case_id_TCGA-DD-AAED_0_2_cell_expansion_1_0_threshold_0_7.png,23475.880997660257,9545.672794159937,
../binary_PNG/binary_labels_mask_case_id_TCGA-BC-A69I_1_3_cell_expansion_3_0_threshold_0_8.png,22899.959740516068,6247.21602621925,
../binary_PNG/binary_labels_mask_case_id_TCGA-K7-AAU7_0_2_cell_expansion_13_0_threshold_0_7.png,22566.967262007067,4598.780745761891,
../binary_PNG/binary_labels_mask_case_id_TCGA-CC-A3MA_0_4_cell_expansion_9_0_threshold_0_7.png,23603.518303070443,9783.609987923308,
../binary_PNG/binary_labels_mask_case_id_TCGA-K7-AAU7_0_4_cell_expansion_5_0_threshold_0_8.png,22295.564725834272,3345.9127204795473,
../binary_PNG/binary_labels_mask_case_id_TCGA-CC-A8HT_3_0_cell_expansion_3_0_threshold_0_8.png,22912.35510091501,6407.603743500469,
../binary_PNG/binary_labels_mask_case_id_TCGA-BC-A69I_4_0_cell_expansion_5_0_threshold_0_7.png,23729.349034923267,10406.199220278892,
../binary_PNG/binary_labels_mask_case_id_TCGA-K7-AAU7_1_1_cell_expansion_11_0_threshold_0_7.png,22849.956657911243,5877.4010749719155,
../binary_PNG/binary_labels_mask_case_id_TCGA-G3-A5SK_2_0_cell_expansion_15_0_threshold_0_6.png,24568.559386925303,15797.259414207341,
../binary_PNG/binary_labels_mask_case_id_TCGA-K7-AAU7_2_4_cell_expansion_13_0_threshold_0_5.png,23776.884985554247,10693.86757337016,
../binary_PNG/binary_labels_mask_case_id_TCGA-CC-A8HT_2_4_cell_expansion_7_0_threshold_0_6.png,24427.791818262598,14710.787988537631,
../binary_PNG/binary_labels_mask_case_id_TCGA-G3-A7M6_4_0_cell_expansion_1_0_threshold_0_8.png,22382.305789405724,3782.937297311864,
../binary_PNG/binary_labels_mask_case_id_TCGA-G3-A7M6_4_1_cell_expansion_15_0_threshold_0_6.png,24335.7965535988,13968.885448642126,
../binary_PNG/binary_labels_mask_case_id_TCGA-CC-A1HT_4_4_cell_expansion_9_0_threshold_0_6.png,24169.70472951502,13117.060594362698,0.3097507844195295
../binary_PNG/binary_labels_mask_case_id_TCGA-CC-5261_3_3_cell_expansion_11_0_threshold_0_8.png,24128.593812368734,12442.05095452775,
../binary_PNG/binary_labels_mask_case_id_TCGA-K7-AAU7_2_0_cell_expansion_13_0_threshold_0_4.png,22845.652113663822,5960.075724386224,4.630724289028267
../binary_PNG/binary_labels_mask_case_id_TCGA-CC-A8HT_0_4_cell_expansion_13_0_threshold_0_7.png,24115.944768442285,12692.232184420507,
../binary_PNG/binary_labels_mask_case_id_TCGA-G3-A7M6_4_1_cell_expansion_7_0_threshold_0_7.png,24224.570262154437,13108.159424530402,
../binary_PNG/binary_labels_mask_case_id_TCGA-DD-AAED_0_2_cell_expansion_5_0_threshold_0_5.png,24533.499925928158,15637.928833672957,
../binary_PNG/binary_labels_mask_case_id_TCGA-CC-A8HT_4_3_cell_expansion_1_0_threshold_0_4.png,23366.995744700267,8902.718299167493,
../binary_PNG/binary_labels_mask_case_id_TCGA-CC-5261_2_3_cell_expansion_9_0_threshold_0_5.png,24789.014544355992,17053.511799438842,
../binary_PNG/binary_labels_mask_case_id_TCGA-G3-A5SK_2_0_cell_expansion_11_0_threshold_0_4.png,24612.425248386367,16180.4412800955,
../binary_PNG/binary_labels_mask_case_id_TCGA-BC-A69I_4_0_cell_expansion_1_0_threshold_0_5.png,23381.32931580741,8844.076018786567,
../binary_PNG/binary_labels_mask_case_id_TCGA-DD-AAED_0_0_cell_expansion_11_0_threshold_0_5.png,24767.25246387325,16910.358533393635,0.16044267374944665
../binary_PNG/binary_labels_mask_case_id_TCGA-CC-A8HT_2_3_cell_expansion_7_0_threshold_0_4.png,24587.6339400996,16048.565283148404,
../binary_PNG/binary_labels_mask_case_id_TCGA-CC-A3MA_3_2_cell_expansion_13_0_threshold_0_7.png,24392.753240074468,14196.272914409115,
../binary_PNG/binary_labels_mask_case_id_TCGA-YA-A8S7_3_4_cell_expansion_11_0_threshold_0_8.png,22295.564725834272,3345.9127204795473,
../binary_PNG/binary_labels_mask_case_id_TCGA-CC-A8HT_3_1_cell_expansion_13_0_threshold_0_4.png,24422.62478789078,14558.779355731724,
../binary_PNG/binary_labels_mask_case_id_TCGA-CC-A3MA_3_1_cell_expansion_15_0_threshold_0_5.png,24847.78572909308,17955.879848426124,
../binary_PNG/binary_labels_mask_case_id_TCGA-BC-A69I_4_0_cell_expansion_15_0_threshold_0_7.png,24169.0179839001,12629.564379060552,
../binary_PNG/binary_labels_mask_case_id_TCGA-CC-A3MA_4_0_cell_expansion_1_0_threshold_0_4.png,24070.098843446583,12878.594322994852,
../binary_PNG/binary_labels_mask_case_id_TCGA-CC-A8HT_0_3_cell_expansion_11_0_threshold_0_6.png,24500.473263362182,15036.083672613398,
../binary_PNG/binary_labels_mask_case_id_TCGA-CC-A1HT_3_3_cell_expansion_5_0_threshold_0_8.png,24024.82111650516,11880.65679766282,
../binary_PNG/binary_labels_mask_case_id_TCGA-CC-5261_0_4_cell_expansion_11_0_threshold_0_4.png,24766.42155807184,17245.752896036207,
../binary_PNG/binary_labels_mask_case_id_TCGA-K7-AAU7_1_2_cell_expansion_13_0_threshold_0_7.png,23183.17348317257,7596.470467135528,
../binary_PNG/binary_labels_mask_case_id_TCGA-CC-5261_3_1_cell_expansion_13_0_threshold_0_6.png,24796.24022300614,17203.945254336333,
../binary_PNG/binary_labels_mask_case_id_TCGA-DD-AAED_3_2_cell_expansion_13_0_threshold_0_7.png,24714.89168497039,16309.542509851535,
../binary_PNG/binary_labels_mask_case_id_TCGA-CC-5261_1_2_cell_expansion_7_0_threshold_0_6.png,24474.597814798482,14952.034746443718,
../binary_PNG/binary_labels_mask_case_id_TCGA-CC-A3MA_0_4_cell_expansion_15_0_threshold_0_6.png,24222.83034319063,13579.610254211024,
../binary_PNG/binary_labels_mask_case_id_TCGA-CC-A8HT_1_2_cell_expansion_9_0_threshold_0_7.png,23934.027711868115,11793.65953023249,
../binary_PNG/binary_labels_mask_case_id_TCGA-K7-AAU7_0_1_cell_expansion_9_0_threshold_0_7.png,22677.92919578608,5190.89114957699,
../binary_PNG/binary_labels_mask_case_id_TCGA-CC-A3MA_2_3_cell_expansion_11_0_threshold_0_8.png,23515.396051978627,9106.284567010107,0.309619919267815
../binary_PNG/binary_labels_mask_case_id_TCGA-G3-A7M6_4_2_cell_expansion_13_0_threshold_0_4.png,24704.04969968081,17535.514959440643,
../binary_PNG/binary_labels_mask_case_id_TCGA-K7-AAU7_3_0_cell_expansion_13_0_threshold_0_4.png,24463.11673719496,15092.100966951719,
../binary_PNG/binary_labels_mask_case_id_TCGA-CC-A8HT_1_0_cell_expansion_15_0_threshold_0_5.png,24710.09217509096,16655.903535315272,
../binary_PNG/binary_labels_mask_case_id_TCGA-CC-A3MA_3_4_cell_expansion_7_0_threshold_0_8.png,23783.918492497596,10755.137310744894,1.1022647077692949
../binary_PNG/binary_labels_mask_case_id_TCGA-K7-AAU7_0_1_cell_expansion_15_0_threshold_0_5.png,23362.11887321573,8643.239249377464,
../binary_PNG/binary_labels_mask_case_id_TCGA-G3-A5SK_0_4_cell_expansion_1_0_threshold_0_5.png,23037.01985378209,7089.671517615489,
../binary_PNG/binary_labels_mask_case_id_TCGA-CC-5261_0_0_cell_expansion_1_0_threshold_0_7.png,23425.742663950707,9323.95997679339,
../binary_PNG/binary_labels_mask_case_id_TCGA-CC-A8HT_4_0_cell_expansion_9_0_threshold_0_7.png,24254.11226755239,13311.893672071423,
../binary_PNG/binary_labels_mask_case_id_TCGA-K7-AAU7_1_2_cell_expansion_15_0_threshold_0_4.png,24331.907025742406,14405.337214629708,
../binary_PNG/binary_labels_mask_case_id_TCGA-G3-A5SK_1_1_cell_expansion_7_0_threshold_0_6.png,24275.55084668731,13461.582651796347,
../binary_PNG/binary_labels_mask_case_id_TCGA-G3-A7M6_4_3_cell_expansion_13_0_threshold_0_6.png,24371.334366821,14325.653349576794,
../binary_PNG/binary_labels_mask_case_id_TCGA-K7-AAU7_0_4_cell_expansion_11_0_threshold_0_4.png,24375.559221272182,14644.5830276938,
../binary_PNG/binary_labels_mask_case_id_TCGA-G3-A5SK_1_1_cell_expansion_3_0_threshold_0_8.png,23039.935090311967,6950.1427804045115,
../binary_PNG/binary_labels_mask_case_id_TCGA-CC-A8HT_1_3_cell_expansion_9_0_threshold_0_7.png,24210.05649778843,13375.5269436651,
../binary_PNG/binary_labels_mask_case_id_TCGA-CC-5261_1_4_cell_expansion_3_0_threshold_0_6.png,24038.95590561691,12622.494239461963,
../binary_PNG/binary_labels_mask_case_id_TCGA-CC-5261_3_4_cell_expansion_11_0_threshold_0_4.png,24783.10731693876,17017.651518741404,
../binary_PNG/binary_labels_mask_case_id_TCGA-K7-AAU7_2_2_cell_expansion_13_0_threshold_0_7.png,23013.300664918424,6833.033808996981,
../binary_PNG/binary_labels_mask_case_id_TCGA-K7-AAU7_0_0_cell_expansion_15_0_threshold_0_7.png,22674.80997031999,5050.0321988251535,
../binary_PNG/binary_labels_mask_case_id_TCGA-G3-A5SK_0_4_cell_expansion_13_0_threshold_0_4.png,24307.19367557769,13822.254008648191,
../binary_PNG/binary_labels_mask_case_id_TCGA-DD-AAED_1_2_cell_expansion_9_0_threshold_0_6.png,24660.123978818046,16114.423292117246,
../binary_PNG/binary_labels_mask_case_id_TCGA-YA-A8S7_3_3_cell_expansion_11_0_threshold_0_4.png,22767.252165428017,5574.291434660806,
../binary_PNG/binary_labels_mask_case_id_TCGA-CC-A3MA_4_1_cell_expansion_1_0_threshold_0_4.png,24082.946679028457,12960.43580470359,
../binary_PNG/binary_labels_mask_case_id_TCGA-CC-A3MA_1_4_cell_expansion_1_0_threshold_0_6.png,23954.13816648771,12219.895417215528,
../binary_PNG/binary_labels_mask_case_id_TCGA-CC-5261_4_1_cell_expansion_1_0_threshold_0_5.png,24004.540667416983,12616.735259537612,
../binary_PNG/binary_labels_mask_case_id_TCGA-YA-A8S7_1_0_cell_expansion_13_0_threshold_0_8.png,23099.653166752734,7219.458079531579,
../binary_PNG/binary_labels_mask_case_id_TCGA-CC-5261_0_4_cell_expansion_11_0_threshold_0_8.png,23242.958990237043,8074.30016117477,
../binary_PNG/binary_labels_mask_case_id_TCGA-DD-AAED_0_2_cell_expansion_11_0_threshold_0_6.png,24611.675572262466,15971.920499156287,
../binary_PNG/binary_labels_mask_case_id_TCGA-CC-A3MA_2_2_cell_expansion_15_0_threshold_0_8.png,24171.507343156612,12580.215507905898,
../binary_PNG/binary_labels_mask_case_id_TCGA-BC-A69I_4_1_cell_expansion_15_0_threshold_0_5.png,24058.411615373418,11911.543018569231,
../binary_PNG/binary_labels_mask_case_id_TCGA-G3-A7M6_0_3_cell_expansion_9_0_threshold_0_5.png,24560.829270751183,15387.137750770058,
../binary_PNG/binary_labels_mask_case_id_TCGA-CC-A8HT_1_1_cell_expansion_11_0_threshold_0_5.png,24763.542772700293,17026.546665195558,
../binary_PNG/binary_labels_mask_case_id_TCGA-G3-A7M6_4_3_cell_expansion_15_0_threshold_0_5.png,24418.09309649175,14635.346658183496,
../binary_PNG/binary_labels_mask_case_id_TCGA-CC-A1HT_4_0_cell_expansion_7_0_threshold_0_8.png,23061.868427934478,6989.023765560793,
../binary_PNG/binary_labels_mask_case_id_TCGA-G3-A5SK_0_4_cell_expansion_3_0_threshold_0_8.png,22977.52957510369,6561.713258559056,
../binary_PNG/binary_labels_mask_case_id_TCGA-CC-5261_2_3_cell_expansion_11_0_threshold_0_4.png,24829.212605321,17470.687764602648,4.623476917796465
../binary_PNG/binary_labels_mask_case_id_TCGA-CC-A3MA_1_3_cell_expansion_1_0_threshold_0_4.png,24360.559596477604,14826.072137480696,
../binary_PNG/binary_labels_mask_case_id_TCGA-CC-5261_3_0_cell_expansion_11_0_threshold_0_5.png,24624.255850007507,15960.961220233115,
../binary_PNG/binary_labels_mask_case_id_TCGA-CC-5261_0_1_cell_expansion_15_0_threshold_0_5.png,24682.075319188563,16354.333189646664,
../binary_PNG/binary_labels_mask_case_id_TCGA-CC-A3MA_3_4_cell_expansion_7_0_threshold_0_4.png,24735.246360868296,16998.819403691497,
../binary_PNG/binary_labels_mask_case_id_TCGA-DD-AAED_4_0_cell_expansion_9_0_threshold_0_6.png,24619.921507160518,16064.30920790479,
../binary_PNG/binary_labels_mask_case_id_TCGA-CC-5261_4_1_cell_expansion_5_0_threshold_0_7.png,24304.71401465777,13930.614973611291,
../binary_PNG/binary_labels_mask_case_id_TCGA-CC-A1HT_4_1_cell_expansion_11_0_threshold_0_8.png,23998.75667581582,11563.051965218436,
../binary_PNG/binary_labels_mask_case_id_TCGA-BC-A69I_3_3_cell_expansion_3_0_threshold_0_5.png,23965.243309942853,11926.783852727442,
../binary_PNG/binary_labels_mask_case_id_TCGA-G3-A7M6_4_0_cell_expansion_13_0_threshold_0_7.png,24043.08669821766,12692.756694344054,
../binary_PNG/binary_labels_mask_case_id_TCGA-CC-A8HT_0_1_cell_expansion_15_0_threshold_0_7.png,24290.850631210124,13593.486537092569,
../binary_PNG/binary_labels_mask_case_id_TCGA-DD-AAED_1_1_cell_expansion_1_0_threshold_0_5.png,23555.977347437518,9885.901449013343,
../binary_PNG/binary_labels_mask_case_id_TCGA-YA-A8S7_3_0_cell_expansion_13_0_threshold_0_4.png,24809.452821499282,17639.526520332864,
../binary_PNG/binary_labels_mask_case_id_TCGA-K7-AAU7_3_1_cell_expansion_3_0_threshold_0_6.png,23277.468405703272,8331.561885779267,
../binary_PNG/binary_labels_mask_case_id_TCGA-CC-A1HT_0_4_cell_expansion_9_0_threshold_0_8.png,22592.376895685957,4765.090005344515,
../binary_PNG/binary_labels_mask_case_id_TCGA-CC-A3MA_0_2_cell_expansion_15_0_threshold_0_4.png,24960.801986911312,18865.33226844196,
../binary_PNG/binary_labels_mask_case_id_TCGA-G3-A7M6_3_2_cell_expansion_7_0_threshold_0_6.png,24532.0497628646,15298.682155658982,
../binary_PNG/binary_labels_mask_case_id_TCGA-K7-AAU7_4_3_cell_expansion_5_0_threshold_0_4.png,24660.450081093946,16748.013547754283,
../binary_PNG/binary_labels_mask_case_id_TCGA-BC-A69I_1_4_cell_expansion_7_0_threshold_0_4.png,24252.705322688522,13705.852405213327,
../binary_PNG/binary_labels_mask_case_id_TCGA-G3-A5SK_0_0_cell_expansion_9_0_threshold_0_8.png,23523.07684697232,9441.606929552489,
../binary_PNG/binary_labels_mask_case_id_TCGA-CC-A8HT_1_0_cell_expansion_1_0_threshold_0_4.png,23779.705458438228,11183.646096111033,
../binary_PNG/binary_labels_mask_case_id_TCGA-CC-A1HT_4_0_cell_expansion_15_0_threshold_0_4.png,24712.450593724894,16788.476323981115,
../binary_PNG/binary_labels_mask_case_id_TCGA-DD-AAED_3_1_cell_expansion_1_0_threshold_0_4.png,23678.878097457662,10684.299330041436,
../binary_PNG/binary_labels_mask_case_id_TCGA-DD-AAED_3_4_cell_expansion_13_0_threshold_0_5.png,24672.687021075697,16568.403532819142,0.16046322201367
../binary_PNG/binary_labels_mask_case_id_TCGA-CC-A8HT_4_2_cell_expansion_5_0_threshold_0_6.png,24189.83118855565,13059.47392019285,
../binary_PNG/binary_labels_mask_case_id_TCGA-DD-AAED_0_3_cell_expansion_1_0_threshold_0_7.png,23393.957831674987,9051.38047720119,
../binary_PNG/binary_labels_mask_case_id_TCGA-K7-AAU7_0_3_cell_expansion_15_0_threshold_0_6.png,24026.66611737692,12380.705570072938,0.30972460929693435
../binary_PNG/binary_labels_mask_case_id_TCGA-CC-A8HT_3_1_cell_expansion_3_0_threshold_0_8.png,22708.31538210961,5332.578560700008,
../binary_PNG/binary_labels_mask_case_id_TCGA-K7-AAU7_1_1_cell_expansion_5_0_threshold_0_4.png,24497.61888719417,15622.666479149426,
../binary_PNG/binary_labels_mask_case_id_TCGA-CC-A3MA_2_4_cell_expansion_13_0_threshold_0_5.png,24856.105984281567,17714.8289883551,
../binary_PNG/binary_labels_mask_case_id_TCGA-K7-AAU7_4_4_cell_expansion_5_0_threshold_0_6.png,23802.3725349463,11064.964404859757,
../binary_PNG/binary_labels_mask_case_id_TCGA-DD-AAED_2_2_cell_expansion_5_0_threshold_0_8.png,23510.91687954876,9465.89123375637,
../binary_PNG/binary_labels_mask_case_id_TCGA-CC-A8HT_2_4_cell_expansion_3_0_threshold_0_8.png,22475.310293434828,4165.711480380316,
../binary_PNG/binary_labels_mask_case_id_TCGA-CC-5261_2_0_cell_expansion_13_0_threshold_0_4.png,24768.33186489018,17068.846195261725,
../binary_PNG/binary_labels_mask_case_id_TCGA-K7-AAU7_0_3_cell_expansion_13_0_threshold_0_5.png,24244.4980822407,13854.263325953838,
../binary_PNG/binary_labels_mask_case_id_TCGA-BC-A69I_1_3_cell_expansion_5_0_threshold_0_7.png,23862.350358217842,11184.24106778434,
../binary_PNG/binary_labels_mask_case_id_TCGA-K7-AAU7_3_1_cell_expansion_7_0_threshold_0_4.png,24243.76117663354,14025.495008178565,
../binary_PNG/binary_labels_mask_case_id_TCGA-K7-AAU7_1_1_cell_expansion_7_0_threshold_0_5.png,24402.107367787692,14819.966541870683,
../binary_PNG/binary_labels_mask_case_id_TCGA-BC-A69I_1_4_cell_expansion_3_0_threshold_0_6.png,23546.20498162626,9797.00259763986,
../binary_PNG/binary_labels_mask_case_id_TCGA-K7-AAU7_4_3_cell_expansion_3_0_threshold_0_7.png,23211.758295920077,8056.298616928341,
../binary_PNG/binary_labels_mask_case_id_TCGA-DD-AAED_4_4_cell_expansion_7_0_threshold_0_4.png,24888.766756600453,18047.825729845263,
../binary_PNG/binary_labels_mask_case_id_TCGA-CC-A1HT_1_1_cell_expansion_3_0_threshold_0_4.png,24003.839949471738,12510.52724969752,
../binary_PNG/binary_labels_mask_case_id_TCGA-YA-A8S7_2_3_cell_expansion_9_0_threshold_0_8.png,22749.127192643722,5358.1680796038,
../binary_PNG/binary_labels_mask_case_id_TCGA-CC-5261_1_1_cell_expansion_1_0_threshold_0_7.png,22937.971582354457,6581.856701160421,
../binary_PNG/binary_labels_mask_case_id_TCGA-G3-A7M6_1_2_cell_expansion_15_0_threshold_0_5.png,24924.151255015604,18989.5447315317,
../binary_PNG/binary_labels_mask_case_id_TCGA-BC-A69I_1_4_cell_expansion_11_0_threshold_0_6.png,24268.39846739524,13695.350404222976,
../binary_PNG/binary_labels_mask_case_id_TCGA-CC-A3MA_4_3_cell_expansion_5_0_threshold_0_4.png,24796.67524834661,17477.640761262726,
../binary_PNG/binary_labels_mask_case_id_TCGA-G3-A5SK_1_2_cell_expansion_7_0_threshold_0_4.png,24510.943561375498,15267.046705080633,
../binary_PNG/binary_labels_mask_case_id_TCGA-CC-5261_4_3_cell_expansion_7_0_threshold_0_4.png,24876.948462395518,18163.017476984664,
../binary_PNG/binary_labels_mask_case_id_TCGA-G3-A7M6_0_0_cell_expansion_11_0_threshold_0_8.png,23715.558130372578,10304.434560399273,0.30956758052913436
../binary_PNG/binary_labels_mask_case_id_TCGA-CC-A3MA_0_3_cell_expansion_1_0_threshold_0_4.png,24244.717227563244,13902.174509970944,
../binary_PNG/binary_labels_mask_case_id_TCGA-CC-5261_1_1_cell_expansion_3_0_threshold_0_6.png,23484.856259174747,9530.81938756165,
../binary_PNG/binary_labels_mask_case_id_TCGA-CC-5261_4_2_cell_expansion_11_0_threshold_0_8.png,24247.189311527007,13229.753940991863,1.101388399012409
../binary_PNG/binary_labels_mask_case_id_TCGA-CC-A1HT_1_3_cell_expansion_13_0_threshold_0_8.png,24321.402892453807,13169.975611475691,
../binary_PNG/binary_labels_mask_case_id_TCGA-CC-A1HT_0_3_cell_expansion_5_0_threshold_0_5.png,24514.033906515724,15376.579810446296,
../binary_PNG/binary_labels_mask_case_id_TCGA-CC-A3MA_2_3_cell_expansion_5_0_threshold_0_7.png,24411.965106511925,14550.371001080432,
../binary_PNG/binary_labels_mask_case_id_TCGA-CC-5261_3_1_cell_expansion_5_0_threshold_0_4.png,24781.365990025304,17287.81901792346,
../binary_PNG/binary_labels_mask_case_id_TCGA-G3-A5SK_0_0_cell_expansion_1_0_threshold_0_5.png,23300.49308836528,8640.00116528137,
../binary_PNG/binary_labels_mask_case_id_TCGA-G3-A5SK_1_2_cell_expansion_3_0_threshold_0_6.png,23711.158691890934,10718.19152212085,
../binary_PNG/binary_labels_mask_case_id_TCGA-CC-A1HT_2_3_cell_expansion_13_0_threshold_0_4.png,24422.141018909067,14871.462162895126,
../binary_PNG/binary_labels_mask_case_id_TCGA-CC-A1HT_3_1_cell_expansion_7_0_threshold_0_7.png,23172.95273909039,7627.9209710495825,0.30956758052913436
../binary_PNG/binary_labels_mask_case_id_TCGA-CC-A8HT_2_3_cell_expansion_9_0_threshold_0_6.png,24466.98380809484,15003.631372997048,
../binary_PNG/binary_labels_mask_case_id_TCGA-CC-A3MA_4_3_cell_expansion_3_0_threshold_0_7.png,23851.535784805048,11341.355325950986,
../binary_PNG/binary_labels_mask_case_id_TCGA-BC-A69I_0_0_cell_expansion_9_0_threshold_0_6.png,24156.62308552882,12836.753222609785,
../binary_PNG/binary_labels_mask_case_id_TCGA-CC-A3MA_3_1_cell_expansion_5_0_threshold_0_5.png,24774.764052906932,17518.93550311106,
../binary_PNG/binary_labels_mask_case_id_TCGA-BC-A69I_1_0_cell_expansion_7_0_threshold_0_8.png,23439.783412903253,8772.144091552087,
../binary_PNG/binary_labels_mask_case_id_TCGA-CC-5261_0_0_cell_expansion_9_0_threshold_0_6.png,24707.24462398012,16577.952372425232,
../binary_PNG/binary_labels_mask_case_id_TCGA-CC-A1HT_2_4_cell_expansion_13_0_threshold_0_4.png,24812.126584938414,17187.394176744303,
../binary_PNG/binary_labels_mask_case_id_TCGA-CC-A8HT_4_3_cell_expansion_13_0_threshold_0_5.png,24423.503536055992,14536.330961023074,
../binary_PNG/binary_labels_mask_case_id_TCGA-DD-AAED_4_1_cell_expansion_3_0_threshold_0_6.png,24229.82447164255,13523.329513087949,
../binary_PNG/binary_labels_mask_case_id_TCGA-K7-AAU7_0_1_cell_expansion_5_0_threshold_0_4.png,23257.013404527184,8240.886908401262,
../binary_PNG/binary_labels_mask_case_id_TCGA-DD-AAED_3_3_cell_expansion_5_0_threshold_0_4.png,24819.214871122746,17497.669715214462,
../binary_PNG/binary_labels_mask_case_id_TCGA-CC-5261_3_2_cell_expansion_9_0_threshold_0_5.png,24680.53668831628,16318.869968427029,
../binary_PNG/binary_labels_mask_case_id_TCGA-CC-A1HT_0_0_cell_expansion_9_0_threshold_0_4.png,24411.273162233407,15051.643941531023,
../binary_PNG/binary_labels_mask_case_id_TCGA-G3-A7M6_0_2_cell_expansion_3_0_threshold_0_5.png,23950.743115360536,12003.91221300692,
../binary_PNG/binary_labels_mask_case_id_TCGA-BC-A69I_0_0_cell_expansion_15_0_threshold_0_5.png,24278.84459570742,13569.313224045149,
../binary_PNG/binary_labels_mask_case_id_TCGA-DD-AAED_4_1_cell_expansion_1_0_threshold_0_7.png,23456.322888869203,9327.819759685934,
../binary_PNG/binary_labels_mask_case_id_TCGA-BC-A69I_0_4_cell_expansion_3_0_threshold_0_6.png,23841.24128625072,11303.452765661785,
../binary_PNG/binary_labels_mask_case_id_TCGA-CC-A1HT_0_1_cell_expansion_9_0_threshold_0_8.png,22932.39053314606,6115.450099491459,
../binary_PNG/binary_labels_mask_case_id_TCGA-K7-AAU7_3_4_cell_expansion_3_0_threshold_0_6.png,23446.93108956462,9168.103491112115,1.1004454985417134
../binary_PNG/binary_labels_mask_case_id_TCGA-G3-A7M6_4_4_cell_expansion_1_0_threshold_0_8.png,22684.073484821674,5270.4095604432505,
../binary_PNG/binary_labels_mask_case_id_TCGA-K7-AAU7_4_1_cell_expansion_13_0_threshold_0_4.png,24772.50584752915,17284.841046048776,
../binary_PNG/binary_labels_mask_case_id_TCGA-DD-AAED_3_4_cell_expansion_5_0_threshold_0_6.png,24517.579742767233,15533.776246693446,0.16040157940400518
../binary_PNG/binary_labels_mask_case_id_TCGA-G3-A7M6_4_2_cell_expansion_3_0_threshold_0_7.png,23500.425014498105,9753.305218587067,
../binary_PNG/binary_labels_mask_case_id_TCGA-CC-A1HT_4_0_cell_expansion_9_0_threshold_0_6.png,24457.981612972984,14790.159959971692,
../binary_PNG/binary_labels_mask_case_id_TCGA-CC-5261_4_0_cell_expansion_11_0_threshold_0_7.png,24575.92375519147,15534.449462678313,
../binary_PNG/binary_labels_mask_case_id_TCGA-CC-A8HT_4_1_cell_expansion_5_0_threshold_0_8.png,22623.966130420802,4918.837688319319,
../binary_PNG/binary_labels_mask_case_id_TCGA-BC-A69I_1_1_cell_expansion_3_0_threshold_0_6.png,23588.48442804501,9823.450540331472,
../binary_PNG/binary_labels_mask_case_id_TCGA-DD-AAED_1_3_cell_expansion_3_0_threshold_0_6.png,24246.860085778262,13738.77711452548,
../binary_PNG/binary_labels_mask_case_id_TCGA-K7-AAU7_3_3_cell_expansion_1_0_threshold_0_5.png,23141.786388543595,7549.3611314134305,
../binary_PNG/binary_labels_mask_case_id_TCGA-BC-A69I_4_4_cell_expansion_3_0_threshold_0_4.png,24113.596126682896,13025.960812212075,
../binary_PNG/binary_labels_mask_case_id_TCGA-YA-A8S7_1_4_cell_expansion_3_0_threshold_0_7.png,22351.93265770984,3590.765828228221,
../binary_PNG/binary_labels_mask_case_id_TCGA-DD-AAED_4_0_cell_expansion_7_0_threshold_0_8.png,24110.78659199295,12705.535716058024,
../binary_PNG/binary_labels_mask_case_id_TCGA-CC-A3MA_4_4_cell_expansion_11_0_threshold_0_6.png,24453.47428916565,15211.62073863463,
../binary_PNG/binary_labels_mask_case_id_TCGA-DD-AAED_1_4_cell_expansion_7_0_threshold_0_6.png,24736.12680472311,16803.50506071498,
../binary_PNG/binary_labels_mask_case_id_TCGA-YA-A8S7_1_3_cell_expansion_5_0_threshold_0_6.png,24505.731730898824,15250.278336633628,
../binary_PNG/binary_labels_mask_case_id_TCGA-G3-A7M6_3_0_cell_expansion_7_0_threshold_0_4.png,24651.948327241556,16082.646502679658,
../binary_PNG/binary_labels_mask_case_id_TCGA-YA-A8S7_3_4_cell_expansion_3_0_threshold_0_6.png,22331.4896778524,3497.546839119883,
../binary_PNG/binary_labels_mask_case_id_TCGA-DD-AAED_1_3_cell_expansion_1_0_threshold_0_7.png,23457.50578263352,9282.722194791357,
../binary_PNG/binary_labels_mask_case_id_TCGA-CC-A1HT_3_3_cell_expansion_13_0_threshold_0_4.png,24773.1002632881,16814.820993929832,
../binary_PNG/binary_labels_mask_case_id_TCGA-DD-AAED_2_0_cell_expansion_1_0_threshold_0_8.png,23095.08413240906,7380.590422873046,
../binary_PNG/binary_labels_mask_case_id_TCGA-K7-AAU7_1_2_cell_expansion_1_0_threshold_0_8.png,22310.146095899552,3412.020650216359,
../binary_PNG/binary_labels_mask_case_id_TCGA-CC-A8HT_4_3_cell_expansion_15_0_threshold_0_6.png,24238.21269549855,13199.161526315112,
../binary_PNG/binary_labels_mask_case_id_TCGA-CC-A1HT_0_3_cell_expansion_15_0_threshold_0_7.png,24313.175139200957,13701.047047651491,
../binary_PNG/binary_labels_mask_case_id_TCGA-CC-A1HT_3_3_cell_expansion_9_0_threshold_0_7.png,24655.137564014032,15906.981013964056,
../binary_PNG/binary_labels_mask_case_id_TCGA-BC-A69I_2_2_cell_expansion_11_0_threshold_0_8.png,23608.75326427165,9498.783168181682,
../binary_PNG/binary_labels_mask_case_id_TCGA-G3-A7M6_1_0_cell_expansion_11_0_threshold_0_4.png,24677.80874866083,16522.21482243154,
../binary_PNG/binary_labels_mask_case_id_TCGA-G3-A7M6_1_1_cell_expansion_1_0_threshold_0_6.png,23126.882437988912,7540.3387643932865,
../binary_PNG/binary_labels_mask_case_id_TCGA-G3-A7M6_0_3_cell_expansion_11_0_threshold_0_5.png,24560.829270751183,15387.137750770058,
../binary_PNG/binary_labels_mask_case_id_TCGA-CC-A1HT_1_0_cell_expansion_15_0_threshold_0_6.png,24327.876765299872,14105.765286889518,
../binary_PNG/binary_labels_mask_case_id_TCGA-K7-AAU7_0_0_cell_expansion_7_0_threshold_0_5.png,23310.114262221847,8247.25209393252,
../binary_PNG/binary_labels_mask_case_id_TCGA-K7-AAU7_3_2_cell_expansion_5_0_threshold_0_7.png,23122.21271336312,7428.17347153383,
../binary_PNG/binary_labels_mask_case_id_TCGA-CC-A1HT_3_2_cell_expansion_13_0_threshold_0_6.png,24702.143680374204,16067.062372945618,
../binary_PNG/binary_labels_mask_case_id_TCGA-CC-5261_0_1_cell_expansion_9_0_threshold_0_6.png,24627.90199255953,15858.261774179493,
../binary_PNG/binary_labels_mask_case_id_TCGA-BC-A69I_4_2_cell_expansion_3_0_threshold_0_6.png,23465.924522740897,9110.919764606586,
../binary_PNG/binary_labels_mask_case_id_TCGA-YA-A8S7_3_2_cell_expansion_1_0_threshold_0_5.png,23826.63087411009,11670.38160606267,
../binary_PNG/binary_labels_mask_case_id_TCGA-CC-A1HT_2_1_cell_expansion_13_0_threshold_0_7.png,24392.838198497884,13881.603412683482,
../binary_PNG/binary_labels_mask_case_id_TCGA-BC-A69I_3_1_cell_expansion_5_0_threshold_0_8.png,23165.289924592882,7629.7054139984375,1.1052361066495342
../binary_PNG/binary_labels_mask_case_id_TCGA-CC-5261_3_3_cell_expansion_9_0_threshold_0_5.png,24909.05108562052,18294.22304931848,
../binary_PNG/binary_labels_mask_case_id_TCGA-CC-A8HT_3_3_cell_expansion_1_0_threshold_0_7.png,22858.16949173496,6191.646082034466,
../binary_PNG/binary_labels_mask_case_id_TCGA-G3-A7M6_4_3_cell_expansion_1_0_threshold_0_6.png,23156.877483475317,7688.714869386272,
../binary_PNG/binary_labels_mask_case_id_TCGA-K7-AAU7_0_0_cell_expansion_3_0_threshold_0_7.png,22494.590985110968,4277.224208477357,
../binary_PNG/binary_labels_mask_case_id_TCGA-K7-AAU7_1_2_cell_expansion_1_0_threshold_0_4.png,23268.778189134235,8279.959752296329,0.16052487117281436
../binary_PNG/binary_labels_mask_case_id_TCGA-K7-AAU7_1_3_cell_expansion_1_0_threshold_0_8.png,22308.64975574472,3407.211592483316,
../binary_PNG/binary_labels_mask_case_id_TCGA-G3-A7M6_3_2_cell_expansion_11_0_threshold_0_7.png,24392.119828368926,14276.913608590512,
../binary_PNG/binary_labels_mask_case_id_TCGA-CC-A8HT_1_3_cell_expansion_3_0_threshold_0_7.png,23570.13401770356,9950.227089239828,
../binary_PNG/binary_labels_mask_case_id_TCGA-DD-AAED_4_0_cell_expansion_5_0_threshold_0_5.png,24500.810391115683,15477.530302007417,
../binary_PNG/binary_labels_mask_case_id_TCGA-G3-A7M6_0_3_cell_expansion_7_0_threshold_0_7.png,24319.241535715737,13768.470977655437,
../binary_PNG/binary_labels_mask_case_id_TCGA-BC-A69I_0_4_cell_expansion_7_0_threshold_0_8.png,23549.446963622173,9311.909588623395,
../binary_PNG/binary_labels_mask_case_id_TCGA-G3-A7M6_2_3_cell_expansion_7_0_threshold_0_6.png,24469.555389441157,14908.830286626546,
../binary_PNG/binary_labels_mask_case_id_TCGA-CC-5261_3_4_cell_expansion_9_0_threshold_0_7.png,24501.679708776268,14864.019748993263,
../binary_PNG/binary_labels_mask_case_id_TCGA-DD-AAED_0_0_cell_expansion_1_0_threshold_0_5.png,23617.341180321408,10261.91398505317,
../binary_PNG/binary_labels_mask_case_id_TCGA-K7-AAU7_4_4_cell_expansion_15_0_threshold_0_4.png,24392.341101443653,14561.627680171378,
../binary_PNG/binary_labels_mask_case_id_TCGA-G3-A7M6_0_3_cell_expansion_5_0_threshold_0_6.png,24321.38096390455,13961.532987544018,
../binary_PNG/binary_labels_mask_case_id_TCGA-DD-AAED_4_1_cell_expansion_7_0_threshold_0_8.png,24182.298283526085,12906.836229922745,
../binary_PNG/binary_labels_mask_case_id_TCGA-BC-A69I_0_1_cell_expansion_15_0_threshold_0_7.png,24210.515159220395,13140.352322844676,
../binary_PNG/binary_labels_mask_case_id_TCGA-G3-A5SK_1_3_cell_expansion_7_0_threshold_0_4.png,24406.938621620844,14648.245701308972,
../binary_PNG/binary_labels_mask_case_id_TCGA-BC-A69I_0_3_cell_expansion_15_0_threshold_0_8.png,23465.131085927704,8624.389849157615,
../binary_PNG/binary_labels_mask_case_id_TCGA-G3-A7M6_2_2_cell_expansion_15_0_threshold_0_5.png,24477.81800571817,15042.1485809901,
../binary_PNG/binary_labels_mask_case_id_TCGA-YA-A8S7_0_3_cell_expansion_9_0_threshold_0_5.png,24757.53549785079,16931.842638605438,
../binary_PNG/binary_labels_mask_case_id_TCGA-DD-AAED_4_1_cell_expansion_11_0_threshold_0_5.png,24738.11571558054,16516.35471638765,
../binary_PNG/binary_labels_mask_case_id_TCGA-CC-A3MA_0_4_cell_expansion_5_0_threshold_0_8.png,22662.78483923394,5048.439451866751,
../binary_PNG/binary_labels_mask_case_id_TCGA-CC-A1HT_1_1_cell_expansion_3_0_threshold_0_8.png,22351.602616247368,3627.4437052128364,
../binary_PNG/binary_labels_mask_case_id_TCGA-CC-5261_3_0_cell_expansion_3_0_threshold_0_7.png,23646.605835885624,10222.536911558951,
../binary_PNG/binary_labels_mask_case_id_TCGA-CC-A8HT_4_1_cell_expansion_15_0_threshold_0_5.png,24403.081494741793,14692.119952979141,
../binary_PNG/binary_labels_mask_case_id_TCGA-BC-A69I_1_1_cell_expansion_11_0_threshold_0_5.png,24376.962192536303,14105.204230711184,
../binary_PNG/binary_labels_mask_case_id_TCGA-CC-5261_2_4_cell_expansion_5_0_threshold_0_8.png,23879.524480489043,11283.518653750847,
../binary_PNG/binary_labels_mask_case_id_TCGA-YA-A8S7_4_4_cell_expansion_9_0_threshold_0_5.png,22576.098034293882,4471.8608546060295,
../binary_PNG/binary_labels_mask_case_id_TCGA-YA-A8S7_1_1_cell_expansion_9_0_threshold_0_7.png,24445.40842121747,14590.534474860977,1.102197273456295
../binary_PNG/binary_labels_mask_case_id_TCGA-DD-AAED_2_4_cell_expansion_9_0_threshold_0_5.png,24726.959211996167,16550.530861396244,
../binary_PNG/binary_labels_mask_case_id_TCGA-CC-A3MA_0_2_cell_expansion_5_0_threshold_0_6.png,24817.311783120924,17525.178926060813,
../binary_PNG/binary_labels_mask_case_id_TCGA-CC-A1HT_1_3_cell_expansion_11_0_threshold_0_5.png,24806.293481115776,17172.899379108057,
../binary_PNG/binary_labels_mask_case_id_TCGA-CC-A1HT_0_4_cell_expansion_3_0_threshold_0_8.png,22439.814275706678,4045.373864568321,0.1605043207253152
../binary_PNG/binary_labels_mask_case_id_TCGA-CC-A3MA_3_0_cell_expansion_5_0_threshold_0_5.png,22957.468259798006,6584.3926124114405,
../binary_PNG/binary_labels_mask_case_id_TCGA-YA-A8S7_4_3_cell_expansion_9_0_threshold_0_7.png,22295.564725834272,3345.9127204795473,0.16046322201367
../binary_PNG/binary_labels_mask_case_id_TCGA-CC-5261_2_2_cell_expansion_5_0_threshold_0_6.png,24621.17029930765,16052.473311901522,
../binary_PNG/binary_labels_mask_case_id_TCGA-K7-AAU7_4_3_cell_expansion_13_0_threshold_0_7.png,23867.423525379745,11312.395257767812,
../binary_PNG/binary_labels_mask_case_id_TCGA-CC-A1HT_3_0_cell_expansion_5_0_threshold_0_6.png,24456.49281833013,15074.62638073911,
../binary_PNG/binary_labels_mask_case_id_TCGA-K7-AAU7_2_3_cell_expansion_9_0_threshold_0_4.png,24336.18506132224,14515.297251026072,
../binary_PNG/binary_labels_mask_case_id_TCGA-CC-5261_1_0_cell_expansion_5_0_threshold_0_5.png,24391.35968306359,14747.33760827532,
../binary_PNG/binary_labels_mask_case_id_TCGA-CC-5261_1_4_cell_expansion_13_0_threshold_0_7.png,24426.925811499692,14657.136966274085,
../binary_PNG/binary_labels_mask_case_id_TCGA-YA-A8S7_0_0_cell_expansion_11_0_threshold_0_7.png,24220.256147356136,13047.469261501066,
../binary_PNG/binary_labels_mask_case_id_TCGA-BC-A69I_2_1_cell_expansion_1_0_threshold_0_8.png,22794.13064897676,5892.892650283116,
../binary_PNG/binary_labels_mask_case_id_TCGA-K7-AAU7_0_2_cell_expansion_13_0_threshold_0_5.png,23181.31180863353,7729.493151822176,
../binary_PNG/binary_labels_mask_case_id_TCGA-G3-A5SK_0_2_cell_expansion_13_0_threshold_0_4.png,24535.204873363786,15356.829538523993,
../binary_PNG/binary_labels_mask_case_id_TCGA-CC-A8HT_0_0_cell_expansion_11_0_threshold_0_5.png,24853.278754700306,17806.278136869478,
../binary_PNG/binary_labels_mask_case_id_TCGA-BC-A69I_4_3_cell_expansion_15_0_threshold_0_4.png,24277.979473316813,13594.548455794436,
../binary_PNG/binary_labels_mask_case_id_TCGA-CC-A8HT_4_3_cell_expansion_5_0_threshold_0_4.png,24355.934648814222,14419.811316115802,
../binary_PNG/binary_labels_mask_case_id_TCGA-DD-AAED_1_0_cell_expansion_3_0_threshold_0_6.png,23719.208535456582,10718.098003704636,
../binary_PNG/binary_labels_mask_case_id_TCGA-G3-A7M6_3_4_cell_expansion_1_0_threshold_0_5.png,23390.02051164636,9064.732254979705,
../binary_PNG/binary_labels_mask_case_id_TCGA-BC-A69I_2_0_cell_expansion_3_0_threshold_0_5.png,23770.47828852413,10631.089664463421,
../binary_PNG/binary_labels_mask_case_id_TCGA-CC-A1HT_4_1_cell_expansion_13_0_threshold_0_7.png,24510.910538919423,15086.093805349568,
../binary_PNG/binary_labels_mask_case_id_TCGA-CC-5261_0_2_cell_expansion_11_0_threshold_0_8.png,23795.247357289547,10675.567224957678,
../binary_PNG/binary_labels_mask_case_id_TCGA-G3-A7M6_4_1_cell_expansion_11_0_threshold_0_6.png,24335.7965535988,13968.885448642126,
../binary_PNG/binary_labels_mask_case_id_TCGA-DD-AAED_0_0_cell_expansion_11_0_threshold_0_7.png,24607.932031908847,15630.412038639714,
../binary_PNG/binary_labels_mask_case_id_TCGA-K7-AAU7_1_1_cell_expansion_15_0_threshold_0_7.png,22849.956657911243,5877.4010749719155,0.16056597425135916
../binary_PNG/binary_labels_mask_case_id_TCGA-DD-AAED_1_1_cell_expansion_7_0_threshold_0_8.png,24292.260067758463,13273.08785812228,
../binary_PNG/binary_labels_mask_case_id_TCGA-DD-AAED_4_2_cell_expansion_3_0_threshold_0_6.png,24206.033844754205,13762.701919622292,
../binary_PNG/binary_labels_mask_case_id_TCGA-G3-A7M6_0_0_cell_expansion_1_0_threshold_0_8.png,22738.753193334083,5552.562806954383,
../binary_PNG/binary_labels_mask_case_id_TCGA-CC-A1HT_1_1_cell_expansion_9_0_threshold_0_6.png,24126.717896356182,12774.091679798139,
../binary_PNG/binary_labels_mask_case_id_TCGA-CC-5261_3_1_cell_expansion_11_0_threshold_0_5.png,24846.668263349697,17619.46997627543,
../binary_PNG/binary_labels_mask_case_id_TCGA-G3-A5SK_1_1_cell_expansion_3_0_threshold_0_6.png,23508.561604117134,9484.667894214555,1.09950344385712
../binary_PNG/binary_labels_mask_case_id_TCGA-G3-A5SK_4_3_cell_expansion_7_0_threshold_0_4.png,24424.805901568023,14501.709770660978,
../binary_PNG/binary_labels_mask_case_id_TCGA-K7-AAU7_3_1_cell_expansion_13_0_threshold_0_8.png,22295.564725834272,3345.9127204795473,
../binary_PNG/binary_labels_mask_case_id_TCGA-CC-5261_2_2_cell_expansion_11_0_threshold_0_4.png,24815.66675063419,17336.464125224353,
../binary_PNG/binary_labels_mask_case_id_TCGA-DD-AAED_1_1_cell_expansion_13_0_threshold_0_8.png,24450.98416546408,14197.402136571103,
../binary_PNG/binary_labels_mask_case_id_TCGA-YA-A8S7_1_4_cell_expansion_15_0_threshold_0_4.png,22541.057097545337,4444.869682409087,
../binary_PNG/binary_labels_mask_case_id_TCGA-CC-5261_0_4_cell_expansion_11_0_threshold_0_6.png,24652.832994377422,16331.619969762698,
../binary_PNG/binary_labels_mask_case_id_TCGA-G3-A5SK_0_3_cell_expansion_3_0_threshold_0_4.png,24363.2755206363,14974.559783335691,
../binary_PNG/binary_labels_mask_case_id_TCGA-CC-A3MA_3_4_cell_expansion_3_0_threshold_0_8.png,23309.95687958243,8400.619196411255,
../binary_PNG/binary_labels_mask_case_id_TCGA-G3-A5SK_0_0_cell_expansion_15_0_threshold_0_8.png,23523.07684697232,9441.606929552489,
../binary_PNG/binary_labels_mask_case_id_TCGA-YA-A8S7_0_3_cell_expansion_13_0_threshold_0_7.png,24487.95875991717,14905.825082666504,
../binary_PNG/binary_labels_mask_case_id_TCGA-BC-A69I_4_0_cell_expansion_15_0_threshold_0_5.png,24503.04452644147,14807.499544909266,
../binary_PNG/binary_labels_mask_case_id_TCGA-G3-A5SK_2_3_cell_expansion_1_0_threshold_0_4.png,23279.954820432555,8471.031314123902,
../binary_PNG/binary_labels_mask_case_id_TCGA-DD-AAED_2_1_cell_expansion_13_0_threshold_0_4.png,24802.695388448188,17165.393796030414,
../binary_PNG/binary_labels_mask_case_id_TCGA-G3-A5SK_1_0_cell_expansion_7_0_threshold_0_8.png,23574.040034637757,9660.096231079258,
../binary_PNG/binary_labels_mask_case_id_TCGA-G3-A5SK_4_3_cell_expansion_3_0_threshold_0_6.png,23741.42827422784,10801.607945579692,1.1018601667735728
../binary_PNG/binary_labels_mask_case_id_TCGA-G3-A7M6_1_0_cell_expansion_9_0_threshold_0_5.png,24627.887014154527,16143.117067352425,
../binary_PNG/binary_labels_mask_case_id_TCGA-CC-5261_3_2_cell_expansion_3_0_threshold_0_7.png,23916.93797794838,11709.609307426,1.1004454985417134
../binary_PNG/binary_labels_mask_case_id_TCGA-CC-5261_0_0_cell_expansion_13_0_threshold_0_6.png,24714.663017214145,16620.13595910209,
../binary_PNG/binary_labels_mask_case_id_TCGA-CC-5261_2_1_cell_expansion_1_0_threshold_0_8.png,22774.586978651783,5696.388396468814,
../binary_PNG/binary_labels_mask_case_id_TCGA-CC-A1HT_3_4_cell_expansion_5_0_threshold_0_8.png,22885.570322035586,6235.213274178282,
../binary_PNG/binary_labels_mask_case_id_TCGA-BC-A69I_4_0_cell_expansion_11_0_threshold_0_7.png,24102.309082301523,12301.852569739951,
../binary_PNG/binary_labels_mask_case_id_TCGA-CC-A3MA_0_4_cell_expansion_13_0_threshold_0_7.png,23603.518303070443,9783.609987923308,
../binary_PNG/binary_labels_mask_case_id_TCGA-DD-AAED_2_0_cell_expansion_9_0_threshold_0_7.png,24323.5169125948,13955.124242352436,
../binary_PNG/binary_labels_mask_case_id_TCGA-CC-A3MA_1_3_cell_expansion_5_0_threshold_0_4.png,24913.4526968254,18351.5938056843,
../binary_PNG/binary_labels_mask_case_id_TCGA-G3-A7M6_2_4_cell_expansion_9_0_threshold_0_4.png,24713.60432846648,16544.5317334188,
../binary_PNG/binary_labels_mask_case_id_TCGA-CC-A1HT_3_4_cell_expansion_1_0_threshold_0_6.png,23679.76995665773,10604.378958429936,
../binary_PNG/binary_labels_mask_case_id_TCGA-G3-A5SK_2_2_cell_expansion_1_0_threshold_0_4.png,23408.011719268397,9112.9871985016,
../binary_PNG/binary_labels_mask_case_id_TCGA-K7-AAU7_0_0_cell_expansion_15_0_threshold_0_5.png,23323.7593054304,8307.530770448186,
../binary_PNG/binary_labels_mask_case_id_TCGA-CC-5261_1_2_cell_expansion_11_0_threshold_0_4.png,24642.938274373453,16181.036878225117,
../binary_PNG/binary_labels_mask_case_id_TCGA-K7-AAU7_0_1_cell_expansion_13_0_threshold_0_8.png,22295.564725834272,3345.9127204795473,
../binary_PNG/binary_labels_mask_case_id_TCGA-CC-5261_1_3_cell_expansion_5_0_threshold_0_5.png,24441.11817919444,15005.238221733554,
../binary_PNG/binary_labels_mask_case_id_TCGA-CC-5261_3_4_cell_expansion_11_0_threshold_0_6.png,24679.509712179726,16050.184288924807,
../binary_PNG/binary_labels_mask_case_id_TCGA-CC-A1HT_0_0_cell_expansion_7_0_threshold_0_8.png,22295.564725834272,3345.9127204795473,
../binary_PNG/binary_labels_mask_case_id_TCGA-G3-A5SK_0_1_cell_expansion_11_0_threshold_0_8.png,23699.395047974722,10108.106708540232,0.309698435220528
../binary_PNG/binary_labels_mask_case_id_TCGA-CC-A1HT_4_1_cell_expansion_1_0_threshold_0_5.png,23800.78698467812,11299.442889309843,
../binary_PNG/binary_labels_mask_case_id_TCGA-CC-A3MA_3_0_cell_expansion_11_0_threshold_0_7.png,22400.07975385225,3879.2276965089477,
../binary_PNG/binary_labels_mask_case_id_TCGA-DD-AAED_4_1_cell_expansion_9_0_threshold_0_8.png,24277.42712823773,13402.960498230283,
../binary_PNG/binary_labels_mask_case_id_TCGA-CC-A8HT_1_1_cell_expansion_13_0_threshold_0_6.png,24557.293418101544,15515.322145417827,
../binary_PNG/binary_labels_mask_case_id_TCGA-CC-A3MA_1_2_cell_expansion_13_0_threshold_0_5.png,24860.98739294956,17722.226729083734,
../binary_PNG/binary_labels_mask_case_id_TCGA-CC-A3MA_0_1_cell_expansion_3_0_threshold_0_5.png,23027.146298738608,7177.086926117287,
../binary_PNG/binary_labels_mask_case_id_TCGA-CC-A1HT_4_1_cell_expansion_7_0_threshold_0_6.png,24622.33216500775,16042.261726412351,4.624442155853073
../binary_PNG/binary_labels_mask_case_id_TCGA-CC-A8HT_0_2_cell_expansion_13_0_threshold_0_7.png,24020.06384619687,11775.800665543296,
../binary_PNG/binary_labels_mask_case_id_TCGA-CC-5261_4_0_cell_expansion_7_0_threshold_0_8.png,23611.118260869924,9749.896825040987,
../binary_PNG/binary_labels_mask_case_id_TCGA-CC-A1HT_0_1_cell_expansion_3_0_threshold_0_6.png,24269.2873971983,14068.806990760851,
../binary_PNG/binary_labels_mask_case_id_TCGA-CC-A8HT_2_0_cell_expansion_15_0_threshold_0_7.png,24184.81601861929,13010.956284724492,
../binary_PNG/binary_labels_mask_case_id_TCGA-CC-5261_2_3_cell_expansion_13_0_threshold_0_7.png,24621.82145680913,15666.979524030738,
../binary_PNG/binary_labels_mask_case_id_TCGA-CC-A3MA_2_1_cell_expansion_3_0_threshold_0_4.png,24665.46012520777,17033.375358297148,
../binary_PNG/binary_labels_mask_case_id_TCGA-YA-A8S7_0_3_cell_expansion_15_0_threshold_0_8.png,23145.948638576883,7406.0500705682925,
../binary_PNG/binary_labels_mask_case_id_TCGA-CC-5261_2_1_cell_expansion_13_0_threshold_0_8.png,23805.68233791659,10733.608460128931,
../binary_PNG/binary_labels_mask_case_id_TCGA-BC-A69I_4_2_cell_expansion_13_0_threshold_0_5.png,24353.641316314828,13869.705400392442,
../binary_PNG/binary_labels_mask_case_id_TCGA-CC-A1HT_4_2_cell_expansion_9_0_threshold_0_6.png,24689.97327209256,16357.758637822924,
../binary_PNG/binary_labels_mask_case_id_TCGA-K7-AAU7_3_1_cell_expansion_1_0_threshold_0_5.png,23163.549417029848,7772.932078518478,
../binary_PNG/binary_labels_mask_case_id_TCGA-YA-A8S7_1_2_cell_expansion_15_0_threshold_0_6.png,24745.612275321,16712.62014619272,
../binary_PNG/binary_labels_mask_case_id_TCGA-CC-5261_3_3_cell_expansion_15_0_threshold_0_4.png,24923.294668154707,18495.50599355885,
../binary_PNG/binary_labels_mask_case_id_TCGA-G3-A5SK_1_4_cell_expansion_13_0_threshold_0_6.png,24587.7520679382,15676.494899086587,0.30964609020603107
../binary_PNG/binary_labels_mask_case_id_TCGA-G3-A7M6_0_0_cell_expansion_5_0_threshold_0_6.png,24526.478802403682,15349.1099730007,
../binary_PNG/binary_labels_mask_case_id_TCGA-DD-AAED_3_0_cell_expansion_15_0_threshold_0_5.png,24755.64355478308,16796.279184715095,
../binary_PNG/binary_labels_mask_case_id_TCGA-K7-AAU7_2_4_cell_expansion_7_0_threshold_0_6.png,23377.872371262787,8650.892496930477,
../binary_PNG/binary_labels_mask_case_id_TCGA-YA-A8S7_1_1_cell_expansion_5_0_threshold_0_6.png,24434.533687145024,14790.710169427675,
../binary_PNG/binary_labels_mask_case_id_TCGA-K7-AAU7_0_2_cell_expansion_11_0_threshold_0_8.png,22358.476509610708,3617.332895445333,
../binary_PNG/binary_labels_mask_case_id_TCGA-DD-AAED_0_3_cell_expansion_3_0_threshold_0_4.png,24238.826774914367,13780.974184398236,
../binary_PNG/binary_labels_mask_case_id_TCGA-CC-A8HT_0_1_cell_expansion_15_0_threshold_0_5.png,24762.631342929668,16898.349042558002,
../binary_PNG/binary_labels_mask_case_id_TCGA-G3-A7M6_1_4_cell_expansion_1_0_threshold_0_8.png,22497.023089978502,4392.403587356584,4.626373626373627
../binary_PNG/binary_labels_mask_case_id_TCGA-BC-A69I_3_3_cell_expansion_3_0_threshold_0_7.png,23617.71379017361,10047.089317857128,
../binary_PNG/binary_labels_mask_case_id_TCGA-YA-A8S7_2_3_cell_expansion_13_0_threshold_0_7.png,23443.350701712272,8686.46483039226,
../binary_PNG/binary_labels_mask_case_id_TCGA-G3-A5SK_1_1_cell_expansion_11_0_threshold_0_8.png,23753.042800414718,10305.254307897005,
../binary_PNG/binary_labels_mask_case_id_TCGA-DD-AAED_0_4_cell_expansion_7_0_threshold_0_4.png,24634.433699673173,15853.059850493384,
../binary_PNG/binary_labels_mask_case_id_TCGA-CC-5261_0_3_cell_expansion_15_0_threshold_0_8.png,23816.17204141132,10942.899531730232,
../binary_PNG/binary_labels_mask_case_id_TCGA-G3-A5SK_1_3_cell_expansion_9_0_threshold_0_4.png,24429.181328927247,14761.184878436885,
../binary_PNG/binary_labels_mask_case_id_TCGA-CC-5261_0_2_cell_expansion_13_0_threshold_0_5.png,24481.79384570959,15144.819044462563,
../binary_PNG/binary_labels_mask_case_id_TCGA-CC-A8HT_0_3_cell_expansion_1_0_threshold_0_8.png,22538.99910150533,4478.264175265954,
../binary_PNG/binary_labels_mask_case_id_TCGA-K7-AAU7_2_3_cell_expansion_7_0_threshold_0_4.png,24313.729218716224,14381.222799963009,
../binary_PNG/binary_labels_mask_case_id_TCGA-YA-A8S7_3_1_cell_expansion_13_0_threshold_0_8.png,22955.77740318148,6305.940084416581,
../binary_PNG/binary_labels_mask_case_id_TCGA-CC-A3MA_0_2_cell_expansion_13_0_threshold_0_5.png,24914.846885548483,18319.022808207275,
../binary_PNG/binary_labels_mask_case_id_TCGA-CC-A3MA_0_3_cell_expansion_15_0_threshold_0_8.png,24198.28426213217,12744.45215994893,
../binary_PNG/binary_labels_mask_case_id_TCGA-YA-A8S7_2_3_cell_expansion_3_0_threshold_0_6.png,23076.536779868493,7139.249971486534,
../binary_PNG/binary_labels_mask_case_id_TCGA-BC-A69I_1_4_cell_expansion_3_0_threshold_0_4.png,23667.08832425025,10546.337197563083,
../binary_PNG/binary_labels_mask_case_id_TCGA-G3-A7M6_0_0_cell_expansion_1_0_threshold_0_4.png,23322.06523497472,8630.768758747974,
../binary_PNG/binary_labels_mask_case_id_TCGA-BC-A69I_3_3_cell_expansion_5_0_threshold_0_4.png,24397.747129452706,14238.199527888533,
../binary_PNG/binary_labels_mask_case_id_TCGA-DD-AAED_3_1_cell_expansion_5_0_threshold_0_4.png,24590.24549543102,15959.399516727652,
../binary_PNG/binary_labels_mask_case_id_TCGA-K7-AAU7_1_1_cell_expansion_7_0_threshold_0_7.png,22850.03405995146,5878.163752988316,
../binary_PNG/binary_labels_mask_case_id_TCGA-K7-AAU7_3_1_cell_expansion_7_0_threshold_0_6.png,23653.031792314552,10242.636634354289,0.3098031378035375
../binary_PNG/binary_labels_mask_case_id_TCGA-YA-A8S7_2_4_cell_expansion_5_0_threshold_0_7.png,22349.477050407342,3604.461480838486,
../binary_PNG/binary_labels_mask_case_id_TCGA-CC-A3MA_0_2_cell_expansion_11_0_threshold_0_4.png,24961.397887856547,18860.984605040827,
../binary_PNG/binary_labels_mask_case_id_TCGA-K7-AAU7_4_3_cell_expansion_1_0_threshold_0_4.png,23614.4242046423,10323.939795125021,
../binary_PNG/binary_labels_mask_case_id_TCGA-K7-AAU7_1_0_cell_expansion_13_0_threshold_0_6.png,23031.529258450377,6979.798600009714,0.1604837710056133
../binary_PNG/binary_labels_mask_case_id_TCGA-CC-A8HT_1_0_cell_expansion_7_0_threshold_0_5.png,24698.76805852437,16578.131341382035,
../binary_PNG/binary_labels_mask_case_id_TCGA-DD-AAED_3_1_cell_expansion_7_0_threshold_0_5.png,24615.05704212269,15998.827882850754,0.16052487117281436
../binary_PNG/binary_labels_mask_case_id_TCGA-YA-A8S7_2_1_cell_expansion_15_0_threshold_0_6.png,24457.745463009,14541.20433556979,1.101051551679918
../binary_PNG/binary_labels_mask_case_id_TCGA-CC-A8HT_1_1_cell_expansion_15_0_threshold_0_8.png,23223.163158634838,7609.310906995895,
../binary_PNG/binary_labels_mask_case_id_TCGA-CC-5261_3_2_cell_expansion_5_0_threshold_0_5.png,24535.967116798016,15538.40071687505,
../binary_PNG/binary_labels_mask_case_id_TCGA-CC-A8HT_1_4_cell_expansion_15_0_threshold_0_7.png,24521.365638201358,14816.346829568445,
../binary_PNG/binary_labels_mask_case_id_TCGA-CC-A3MA_0_0_cell_expansion_13_0_threshold_0_7.png,23801.54178753553,10971.633471299509,
../binary_PNG/binary_labels_mask_case_id_TCGA-G3-A5SK_0_4_cell_expansion_5_0_threshold_0_4.png,24056.46608289748,12483.785493720132,
../binary_PNG/binary_labels_mask_case_id_TCGA-K7-AAU7_3_0_cell_expansion_15_0_threshold_0_4.png,24463.11673719496,15092.100966951719,
../binary_PNG/binary_labels_mask_case_id_TCGA-BC-A69I_4_4_cell_expansion_11_0_threshold_0_7.png,24337.045578283647,13995.051383352757,
../binary_PNG/binary_labels_mask_case_id_TCGA-DD-AAED_2_1_cell_expansion_11_0_threshold_0_4.png,24799.265255488845,17153.232848277137,
../binary_PNG/binary_labels_mask_case_id_TCGA-G3-A5SK_1_3_cell_expansion_15_0_threshold_0_8.png,23533.50031795329,9393.790989262658,
../binary_PNG/binary_labels_mask_case_id_TCGA-G3-A5SK_4_4_cell_expansion_1_0_threshold_0_4.png,23108.843404560932,7471.571712375743,4.624442155853073
../binary_PNG/binary_labels_mask_case_id_TCGA-CC-A1HT_4_2_cell_expansion_13_0_threshold_0_7.png,24423.706045908188,14258.29902547511,
../binary_PNG/binary_labels_mask_case_id_TCGA-CC-5261_0_1_cell_expansion_11_0_threshold_0_8.png,24090.98135456808,12214.876409969373,
../binary_PNG/binary_labels_mask_case_id_TCGA-CC-5261_0_0_cell_expansion_7_0_threshold_0_7.png,24534.059547437428,15522.714707609988,
../binary_PNG/binary_labels_mask_case_id_TCGA-CC-A3MA_0_0_cell_expansion_11_0_threshold_0_6.png,23826.835661202025,11181.179101540225,0.3098031378035375
../binary_PNG/binary_labels_mask_case_id_TCGA-CC-A1HT_2_1_cell_expansion_7_0_threshold_0_8.png,23023.58882307733,6631.906771993563,1.1009841951719936
../binary_PNG/binary_labels_mask_case_id_TCGA-BC-A69I_4_0_cell_expansion_15_0_threshold_0_4.png,24533.08692743744,15076.448983657428,
../binary_PNG/binary_labels_mask_case_id_TCGA-G3-A5SK_2_3_cell_expansion_1_0_threshold_0_5.png,23248.67471429298,8318.81880601422,
../binary_PNG/binary_labels_mask_case_id_TCGA-DD-AAED_1_4_cell_expansion_11_0_threshold_0_7.png,24688.16348372592,16324.776947101554,
../binary_PNG/binary_labels_mask_case_id_TCGA-DD-AAED_3_2_cell_expansion_15_0_threshold_0_7.png,24714.89168497039,16309.542509851535,
../binary_PNG/binary_labels_mask_case_id_TCGA-DD-AAED_0_3_cell_expansion_11_0_threshold_0_7.png,24579.36613449621,15436.054938107394,
../binary_PNG/binary_labels_mask_case_id_TCGA-CC-5261_2_1_cell_expansion_3_0_threshold_0_8.png,23083.4591943954,7162.9721835820765,
../binary_PNG/binary_labels_mask_case_id_TCGA-G3-A5SK_2_4_cell_expansion_3_0_threshold_0_6.png,24089.546119371556,12723.902873783538,
../binary_PNG/binary_labels_mask_case_id_TCGA-CC-A1HT_4_2_cell_expansion_15_0_threshold_0_4.png,24792.82463329158,17241.180074329466,4.623476917796465
../binary_PNG/binary_labels_mask_case_id_TCGA-YA-A8S7_0_1_cell_expansion_9_0_threshold_0_4.png,24723.765517882017,16869.957564654287,
../binary_PNG/binary_labels_mask_case_id_TCGA-YA-A8S7_0_2_cell_expansion_13_0_threshold_0_8.png,23385.8328635909,8513.860249039055,
../binary_PNG/binary_labels_mask_case_id_TCGA-BC-A69I_4_0_cell_expansion_13_0_threshold_0_7.png,24142.822497244,12495.288203277854,
../binary_PNG/binary_labels_mask_case_id_TCGA-G3-A5SK_4_3_cell_expansion_3_0_threshold_0_7.png,23563.096021364247,9756.484381086375,
../binary_PNG/binary_labels_mask_case_id_TCGA-CC-5261_0_0_cell_expansion_1_0_threshold_0_4.png,23752.483891724503,11211.279574003082,0.1605043207253152
../binary_PNG/binary_labels_mask_case_id_TCGA-CC-5261_1_2_cell_expansion_3_0_threshold_0_7.png,23865.758839373048,11470.898368084905,
../binary_PNG/binary_labels_mask_case_id_TCGA-CC-A3MA_1_3_cell_expansion_15_0_threshold_0_5.png,24872.05727711457,17929.5480091823,0.1605043207253152
../binary_PNG/binary_labels_mask_case_id_TCGA-CC-A1HT_0_0_cell_expansion_1_0_threshold_0_6.png,22891.509623351583,6359.2121012209245,
../binary_PNG/binary_labels_mask_case_id_TCGA-CC-A8HT_2_1_cell_expansion_11_0_threshold_0_6.png,24727.976987036167,16763.56698894611,
../binary_PNG/binary_labels_mask_case_id_TCGA-CC-5261_4_1_cell_expansion_5_0_threshold_0_8.png,23324.490302691756,8286.388293553711,
../binary_PNG/binary_labels_mask_case_id_TCGA-BC-A69I_1_2_cell_expansion_1_0_threshold_0_6.png,23310.027911366287,8303.830098248578,
../binary_PNG/binary_labels_mask_case_id_TCGA-CC-5261_1_4_cell_expansion_13_0_threshold_0_6.png,24594.889200681515,15738.836274918782,
../binary_PNG/binary_labels_mask_case_id_TCGA-G3-A7M6_4_1_cell_expansion_1_0_threshold_0_7.png,22934.82895400036,6506.254774778727,
../binary_PNG/binary_labels_mask_case_id_TCGA-CC-A8HT_0_4_cell_expansion_15_0_threshold_0_7.png,24117.199580685672,12699.815545634294,0.309698435220528
../binary_PNG/binary_labels_mask_case_id_TCGA-G3-A5SK_2_0_cell_expansion_9_0_threshold_0_6.png,24567.222520633066,15794.406099049216,
../binary_PNG/binary_labels_mask_case_id_TCGA-CC-A3MA_1_0_cell_expansion_13_0_threshold_0_7.png,24663.089426261344,15821.124916465025,
../binary_PNG/binary_labels_mask_case_id_TCGA-CC-5261_0_2_cell_expansion_13_0_threshold_0_8.png,23795.247357289547,10675.567224957678,
../binary_PNG/binary_labels_mask_case_id_TCGA-DD-AAED_0_3_cell_expansion_1_0_threshold_0_8.png,23042.93746480888,7111.876611049721,
../binary_PNG/binary_labels_mask_case_id_TCGA-BC-A69I_0_1_cell_expansion_1_0_threshold_0_8.png,22757.04671723977,5610.36877798589,
../binary_PNG/binary_labels_mask_case_id_TCGA-DD-AAED_1_0_cell_expansion_3_0_threshold_0_7.png,23520.39920488859,9615.675341720116,1.09983979493752
../binary_PNG/binary_labels_mask_case_id_TCGA-CC-5261_1_1_cell_expansion_11_0_threshold_0_8.png,23213.128578507167,7832.851504798738,
../binary_PNG/binary_labels_mask_case_id_TCGA-DD-AAED_0_4_cell_expansion_5_0_threshold_0_8.png,24010.24666329897,11972.918022226588,
../binary_PNG/binary_labels_mask_case_id_TCGA-YA-A8S7_2_2_cell_expansion_7_0_threshold_0_5.png,24513.013380171866,14950.605579426938,
../binary_PNG/binary_labels_mask_case_id_TCGA-CC-A8HT_1_1_cell_expansion_1_0_threshold_0_7.png,23054.603822785688,7197.610423575621,
../binary_PNG/binary_labels_mask_case_id_TCGA-CC-A1HT_2_4_cell_expansion_9_0_threshold_0_6.png,24772.01567183129,16739.65367892705,
../binary_PNG/binary_labels_mask_case_id_TCGA-DD-AAED_0_4_cell_expansion_11_0_threshold_0_7.png,24590.94616950645,15343.204407261594,
../binary_PNG/binary_labels_mask_case_id_TCGA-DD-AAED_1_3_cell_expansion_11_0_threshold_0_7.png,24621.29302657407,15702.744142929065,
../binary_PNG/binary_labels_mask_case_id_TCGA-BC-A69I_3_4_cell_expansion_3_0_threshold_0_8.png,23282.26914128912,8264.757827249914,
../binary_PNG/binary_labels_mask_case_id_TCGA-CC-A1HT_3_1_cell_expansion_9_0_threshold_0_6.png,23709.02390805618,10596.473460831003,
../binary_PNG/binary_labels_mask_case_id_TCGA-G3-A7M6_4_4_cell_expansion_11_0_threshold_0_8.png,23648.081558205293,9814.12257217182,
../binary_PNG/binary_labels_mask_case_id_TCGA-G3-A7M6_2_0_cell_expansion_1_0_threshold_0_8.png,22849.514186832403,6154.341575905062,
../binary_PNG/binary_labels_mask_case_id_TCGA-G3-A7M6_4_1_cell_expansion_5_0_threshold_0_5.png,24215.04152286612,13292.416991838621,
../binary_PNG/binary_labels_mask_case_id_TCGA-G3-A5SK_4_0_cell_expansion_9_0_threshold_0_5.png,24309.288835688614,13611.877405915027,
../binary_PNG/binary_labels_mask_case_id_TCGA-DD-AAED_3_1_cell_expansion_7_0_threshold_0_8.png,24024.165461489352,12197.17027676602,
../binary_PNG/binary_labels_mask_case_id_TCGA-K7-AAU7_1_0_cell_expansion_5_0_threshold_0_7.png,22421.297831503325,3914.2001350470837,
../binary_PNG/binary_labels_mask_case_id_TCGA-K7-AAU7_0_2_cell_expansion_7_0_threshold_0_4.png,23228.85975409381,7968.246189886582,
../binary_PNG/binary_labels_mask_case_id_TCGA-K7-AAU7_2_4_cell_expansion_1_0_threshold_0_8.png,22468.279056087584,4131.622612187617,
../binary_PNG/binary_labels_mask_case_id_TCGA-DD-AAED_3_1_cell_expansion_15_0_threshold_0_6.png,24638.580487599284,16061.567430482983,
../binary_PNG/binary_labels_mask_case_id_TCGA-CC-A3MA_3_1_cell_expansion_9_0_threshold_0_5.png,24846.897766414048,17947.159478709433,
../binary_PNG/binary_labels_mask_case_id_TCGA-YA-A8S7_3_0_cell_expansion_15_0_threshold_0_8.png,23079.90213496471,7133.838336904101,
../binary_PNG/binary_labels_mask_case_id_TCGA-CC-A8HT_2_4_cell_expansion_1_0_threshold_0_6.png,23184.89673468291,7928.594710788128,
../binary_PNG/binary_labels_mask_case_id_TCGA-G3-A5SK_2_4_cell_expansion_15_0_threshold_0_4.png,24698.53161593026,16443.62463358818,
../binary_PNG/binary_labels_mask_case_id_TCGA-CC-A1HT_1_1_cell_expansion_9_0_threshold_0_7.png,23522.227960436332,9395.847518770215,
../binary_PNG/binary_labels_mask_case_id_TCGA-K7-AAU7_0_3_cell_expansion_15_0_threshold_0_5.png,24244.4980822407,13854.263325953838,
../binary_PNG/binary_labels_mask_case_id_TCGA-DD-AAED_2_3_cell_expansion_15_0_threshold_0_5.png,24558.85250592036,15342.601575555791,
../binary_PNG/binary_labels_mask_case_id_TCGA-G3-A7M6_1_3_cell_expansion_7_0_threshold_0_8.png,24049.902193871883,12015.197793114787,
../binary_PNG/binary_labels_mask_case_id_TCGA-DD-AAED_3_0_cell_expansion_15_0_threshold_0_4.png,24766.25023140884,16886.645700374203,
../binary_PNG/binary_labels_mask_case_id_TCGA-BC-A69I_2_0_cell_expansion_3_0_threshold_0_8.png,23132.23082065771,7291.032221967629,
../binary_PNG/binary_labels_mask_case_id_TCGA-K7-AAU7_0_3_cell_expansion_1_0_threshold_0_7.png,22610.268384215284,4853.660012828465,
../binary_PNG/binary_labels_mask_case_id_TCGA-BC-A69I_1_3_cell_expansion_1_0_threshold_0_6.png,23177.955376169637,7785.002455366109,
../binary_PNG/binary_labels_mask_case_id_TCGA-G3-A5SK_0_2_cell_expansion_11_0_threshold_0_8.png,23923.50870533143,11541.104940873583,
../binary_PNG/binary_labels_mask_case_id_TCGA-CC-A8HT_2_2_cell_expansion_3_0_threshold_0_5.png,24454.70823825001,15414.602133358918,
../binary_PNG/binary_labels_mask_case_id_TCGA-YA-A8S7_1_1_cell_expansion_5_0_threshold_0_7.png,24187.938443192706,13140.186961790847,
../binary_PNG/binary_labels_mask_case_id_TCGA-K7-AAU7_3_2_cell_expansion_13_0_threshold_0_4.png,24366.170865450567,14683.233881228476,
../binary_PNG/binary_labels_mask_case_id_TCGA-YA-A8S7_3_4_cell_expansion_15_0_threshold_0_5.png,22366.370087630068,3634.2592333246916,
../binary_PNG/binary_labels_mask_case_id_TCGA-DD-AAED_0_4_cell_expansion_7_0_threshold_0_5.png,24590.98114224021,15463.090688339731,
../binary_PNG/binary_labels_mask_case_id_TCGA-G3-A7M6_1_2_cell_expansion_5_0_threshold_0_5.png,24890.60819273,18755.56190013072,
../binary_PNG/binary_labels_mask_case_id_TCGA-BC-A69I_4_0_cell_expansion_5_0_threshold_0_8.png,22874.338784277774,6260.3729336846045,
../binary_PNG/binary_labels_mask_case_id_TCGA-BC-A69I_2_1_cell_expansion_1_0_threshold_0_5.png,23096.80426119544,7531.030735401867,
../binary_PNG/binary_labels_mask_case_id_TCGA-K7-AAU7_1_1_cell_expansion_1_0_threshold_0_5.png,23324.08410652271,8572.517015042125,
../binary_PNG/binary_labels_mask_case_id_TCGA-CC-5261_1_1_cell_expansion_15_0_threshold_0_6.png,23836.47607159491,11449.236031751692,
../binary_PNG/binary_labels_mask_case_id_TCGA-DD-AAED_1_1_cell_expansion_7_0_threshold_0_5.png,24681.692712114826,16127.021244878226,0.3098554953730538
../binary_PNG/binary_labels_mask_case_id_TCGA-BC-A69I_0_1_cell_expansion_5_0_threshold_0_6.png,23973.48350268164,11959.259441084112,
../binary_PNG/binary_labels_mask_case_id_TCGA-YA-A8S7_0_4_cell_expansion_5_0_threshold_0_7.png,23977.57022098794,12034.031648019514,
../binary_PNG/binary_labels_mask_case_id_TCGA-CC-A3MA_1_1_cell_expansion_9_0_threshold_0_8.png,23784.65713911146,10640.35415008555,
../binary_PNG/binary_labels_mask_case_id_TCGA-K7-AAU7_1_1_cell_expansion_5_0_threshold_0_7.png,22812.031483251976,5712.163507353977,
../binary_PNG/binary_labels_mask_case_id_TCGA-DD-AAED_0_4_cell_expansion_3_0_threshold_0_7.png,24044.52769305348,12324.050126992615,
../binary_PNG/binary_labels_mask_case_id_TCGA-BC-A69I_4_1_cell_expansion_1_0_threshold_0_6.png,22848.97450075181,6074.546809792504,
../binary_PNG/binary_labels_mask_case_id_TCGA-CC-A1HT_0_0_cell_expansion_5_0_threshold_0_8.png,22295.564725834272,3345.9127204795473,4.628789830799622
../binary_PNG/binary_labels_mask_case_id_TCGA-CC-5261_4_1_cell_expansion_1_0_threshold_0_6.png,23848.68130500317,11630.700155522689,
../binary_PNG/binary_labels_mask_case_id_TCGA-DD-AAED_2_0_cell_expansion_9_0_threshold_0_6.png,24397.500539379194,14544.540337269695,1.1005801467995768
../binary_PNG/binary_labels_mask_case_id_TCGA-CC-5261_3_0_cell_expansion_15_0_threshold_0_4.png,24705.468522212534,16484.776885771847,
../binary_PNG/binary_labels_mask_case_id_TCGA-CC-5261_3_2_cell_expansion_7_0_threshold_0_8.png,24002.64612844338,11793.495334344549,
../binary_PNG/binary_labels_mask_case_id_TCGA-YA-A8S7_1_4_cell_expansion_9_0_threshold_0_8.png,22355.17664978893,3590.901340595223,
../binary_PNG/binary_labels_mask_case_id_TCGA-CC-5261_2_3_cell_expansion_15_0_threshold_0_5.png,24789.83091685751,17060.734996348318,
../binary_PNG/binary_labels_mask_case_id_TCGA-CC-A3MA_2_1_cell_expansion_5_0_threshold_0_6.png,24594.42230073756,15945.950325300908,0.1604837710056133
../binary_PNG/binary_labels_mask_case_id_TCGA-CC-5261_1_3_cell_expansion_5_0_threshold_0_4.png,24618.62409437933,16188.75274476651,4.625890634389218
../binary_PNG/binary_labels_mask_case_id_TCGA-G3-A7M6_4_3_cell_expansion_11_0_threshold_0_4.png,24471.397977090684,15011.6540542051,
../binary_PNG/binary_labels_mask_case_id_TCGA-CC-A1HT_3_3_cell_expansion_5_0_threshold_0_7.png,24523.509202701392,15119.087503659795,
../binary_PNG/binary_labels_mask_case_id_TCGA-G3-A5SK_2_2_cell_expansion_1_0_threshold_0_5.png,23359.189131673244,8847.026802185519,
../binary_PNG/binary_labels_mask_case_id_TCGA-G3-A5SK_0_2_cell_expansion_1_0_threshold_0_4.png,23126.320327842357,7568.1719827036695,
../binary_PNG/binary_labels_mask_case_id_TCGA-DD-AAED_0_2_cell_expansion_13_0_threshold_0_4.png,24706.192837165912,16701.78516331612,4.626856701296471
../binary_PNG/binary_labels_mask_case_id_TCGA-CC-A3MA_0_1_cell_expansion_15_0_threshold_0_6.png,23313.812258004917,8452.470929807401,
../binary_PNG/binary_labels_mask_case_id_TCGA-CC-A1HT_4_0_cell_expansion_1_0_threshold_0_8.png,22535.32831552812,4558.158023812022,
../binary_PNG/binary_labels_mask_case_id_TCGA-CC-A8HT_3_4_cell_expansion_9_0_threshold_0_7.png,23682.03343288463,10278.83137925535,
../binary_PNG/binary_labels_mask_case_id_TCGA-K7-AAU7_1_3_cell_expansion_11_0_threshold_0_7.png,22506.475532548262,4273.8928298218325,
../binary_PNG/binary_labels_mask_case_id_TCGA-G3-A5SK_1_3_cell_expansion_11_0_threshold_0_6.png,24332.142334670465,14184.514541993909,
../binary_PNG/binary_labels_mask_case_id_TCGA-G3-A5SK_3_0_cell_expansion_7_0_threshold_0_4.png,24638.86008731926,16256.747648454275,
../binary_PNG/binary_labels_mask_case_id_TCGA-YA-A8S7_0_2_cell_expansion_11_0_threshold_0_5.png,24705.61053735368,16370.078144192988,1.1059125964010283
../binary_PNG/binary_labels_mask_case_id_TCGA-G3-A7M6_2_3_cell_expansion_9_0_threshold_0_7.png,24184.22973661125,12980.839348631102,0.3097769605883764
../binary_PNG/binary_labels_mask_case_id_TCGA-DD-AAED_2_0_cell_expansion_11_0_threshold_0_6.png,24420.32153760208,14669.998094196711,
../binary_PNG/binary_labels_mask_case_id_TCGA-K7-AAU7_1_3_cell_expansion_13_0_threshold_0_6.png,22912.616589521465,6187.228367421732,
../binary_PNG/binary_labels_mask_case_id_TCGA-DD-AAED_3_3_cell_expansion_13_0_threshold_0_6.png,24796.706232814427,17199.62908691906,
../binary_PNG/binary_labels_mask_case_id_TCGA-CC-5261_4_1_cell_expansion_7_0_threshold_0_5.png,24779.660061854825,17262.856097039148,
../binary_PNG/binary_labels_mask_case_id_TCGA-YA-A8S7_1_1_cell_expansion_13_0_threshold_0_5.png,24739.30047719536,16682.422684001802,
../binary_PNG/binary_labels_mask_case_id_TCGA-CC-5261_1_4_cell_expansion_7_0_threshold_0_7.png,24340.1114941781,14173.452524224775,
../binary_PNG/binary_labels_mask_case_id_TCGA-CC-A3MA_4_0_cell_expansion_7_0_threshold_0_8.png,23431.613096904654,8736.79879522524,
../binary_PNG/binary_labels_mask_case_id_TCGA-G3-A5SK_3_0_cell_expansion_5_0_threshold_0_5.png,24512.623115354385,15512.232379275283,
../binary_PNG/binary_labels_mask_case_id_TCGA-CC-A8HT_0_2_cell_expansion_11_0_threshold_0_7.png,24019.362316163155,11770.071035540808,
../binary_PNG/binary_labels_mask_case_id_TCGA-CC-A8HT_4_1_cell_expansion_9_0_threshold_0_4.png,24451.740424438016,15015.33053206241,
../binary_PNG/binary_labels_mask_case_id_TCGA-G3-A5SK_0_4_cell_expansion_15_0_threshold_0_4.png,24307.19367557769,13822.254008648191,
../binary_PNG/binary_labels_mask_case_id_TCGA-CC-A3MA_0_1_cell_expansion_11_0_threshold_0_4.png,23434.199576267973,9214.00753596919,
../binary_PNG/binary_labels_mask_case_id_TCGA-CC-5261_0_0_cell_expansion_9_0_threshold_0_7.png,24572.07069341811,15702.625314461806,
../binary_PNG/binary_labels_mask_case_id_TCGA-G3-A5SK_0_4_cell_expansion_9_0_threshold_0_5.png,24287.9147307874,13629.720262845545,
../binary_PNG/binary_labels_mask_case_id_TCGA-YA-A8S7_4_1_cell_expansion_7_0_threshold_0_6.png,24701.461520494267,16640.925873261913,
../binary_PNG/binary_labels_mask_case_id_TCGA-K7-AAU7_1_3_cell_expansion_7_0_threshold_0_6.png,22895.491271811465,6120.5978861814965,
../binary_PNG/binary_labels_mask_case_id_TCGA-DD-AAED_3_3_cell_expansion_5_0_threshold_0_5.png,24783.4238856295,17169.90106673647,
../binary_PNG/binary_labels_mask_case_id_TCGA-YA-A8S7_3_3_cell_expansion_1_0_threshold_0_4.png,22420.862210136787,3960.058638566922,
../binary_PNG/binary_labels_mask_case_id_TCGA-YA-A8S7_4_3_cell_expansion_11_0_threshold_0_7.png,22295.564725834272,3345.9127204795473,
../binary_PNG/binary_labels_mask_case_id_TCGA-CC-A8HT_4_3_cell_expansion_13_0_threshold_0_4.png,24533.94715762016,15395.171323738257,
../binary_PNG/binary_labels_mask_case_id_TCGA-BC-A69I_3_0_cell_expansion_15_0_threshold_0_8.png,23752.61877438549,10321.150835834796,
../binary_PNG/binary_labels_mask_case_id_TCGA-YA-A8S7_1_3_cell_expansion_1_0_threshold_0_5.png,23531.365783664754,9733.151851542492,
../binary_PNG/binary_labels_mask_case_id_TCGA-DD-AAED_1_2_cell_expansion_5_0_threshold_0_8.png,23885.18479289215,11183.865302840384,
../binary_PNG/binary_labels_mask_case_id_TCGA-BC-A69I_1_0_cell_expansion_5_0_threshold_0_8.png,23193.03772266944,7626.755767814502,
../binary_PNG/binary_labels_mask_case_id_TCGA-CC-A3MA_2_0_cell_expansion_9_0_threshold_0_7.png,24427.84112820123,14405.123722902445,
../binary_PNG/binary_labels_mask_case_id_TCGA-K7-AAU7_0_0_cell_expansion_7_0_threshold_0_8.png,22295.564725834272,3345.9127204795473,
../binary_PNG/binary_labels_mask_case_id_TCGA-BC-A69I_0_4_cell_expansion_13_0_threshold_0_6.png,24547.28017674192,15073.219657001891,
../binary_PNG/binary_labels_mask_case_id_TCGA-YA-A8S7_1_4_cell_expansion_5_0_threshold_0_5.png,22476.10958397805,4179.473500607105,
../binary_PNG/binary_labels_mask_case_id_TCGA-K7-AAU7_0_1_cell_expansion_7_0_threshold_0_4.png,23354.578969136943,8705.448866794588,
../binary_PNG/binary_labels_mask_case_id_TCGA-CC-A8HT_4_3_cell_expansion_11_0_threshold_0_5.png,24424.294202876383,14542.910571309514,
../binary_PNG/binary_labels_mask_case_id_TCGA-CC-A8HT_0_0_cell_expansion_5_0_threshold_0_7.png,24280.310939130755,13928.1080179566,
../binary_PNG/binary_labels_mask_case_id_TCGA-CC-A8HT_4_0_cell_expansion_5_0_threshold_0_5.png,24334.87372416459,14122.569098259788,
../binary_PNG/binary_labels_mask_case_id_TCGA-DD-AAED_0_1_cell_expansion_1_0_threshold_0_4.png,23721.14066899941,10779.09866929605,
../binary_PNG/binary_labels_mask_case_id_TCGA-DD-AAED_1_3_cell_expansion_3_0_threshold_0_7.png,24081.2236542753,12607.826144306662,
../binary_PNG/binary_labels_mask_case_id_TCGA-K7-AAU7_2_1_cell_expansion_3_0_threshold_0_7.png,22598.96986934333,4812.597461167143,
../binary_PNG/binary_labels_mask_case_id_TCGA-YA-A8S7_0_1_cell_expansion_5_0_threshold_0_5.png,24586.22188374364,15925.089206564044,
../binary_PNG/binary_labels_mask_case_id_TCGA-G3-A7M6_3_3_cell_expansion_15_0_threshold_0_6.png,24425.53056128268,14373.791820084014,
../binary_PNG/binary_labels_mask_case_id_TCGA-G3-A5SK_4_1_cell_expansion_15_0_threshold_0_7.png,24250.002635517958,13317.918683085449,
../binary_PNG/binary_labels_mask_case_id_TCGA-CC-A8HT_1_2_cell_expansion_1_0_threshold_0_7.png,22891.131120139733,6434.6249991693885,
../binary_PNG/binary_labels_mask_case_id_TCGA-K7-AAU7_0_1_cell_expansion_1_0_threshold_0_7.png,22405.876821797232,3912.32491533974,0.1605043207253152
../binary_PNG/binary_labels_mask_case_id_TCGA-CC-A8HT_4_1_cell_expansion_7_0_threshold_0_8.png,22736.344150933262,5413.956054277325,
../binary_PNG/binary_labels_mask_case_id_TCGA-CC-A8HT_2_0_cell_expansion_3_0_threshold_0_5.png,24327.324667787583,14408.317555408083,
../binary_PNG/binary_labels_mask_case_id_TCGA-G3-A7M6_1_1_cell_expansion_13_0_threshold_0_6.png,24450.06764386626,14918.375994266165,
../binary_PNG/binary_labels_mask_case_id_TCGA-CC-A1HT_2_4_cell_expansion_15_0_threshold_0_6.png,24768.4204069068,16706.095329494237,
../binary_PNG/binary_labels_mask_case_id_TCGA-YA-A8S7_3_3_cell_expansion_7_0_threshold_0_7.png,22645.717528993657,5024.853358457916,
../binary_PNG/binary_labels_mask_case_id_TCGA-CC-A8HT_1_2_cell_expansion_3_0_threshold_0_6.png,23781.123103645245,11218.66083168115,
../binary_PNG/binary_labels_mask_case_id_TCGA-CC-A8HT_0_0_cell_expansion_1_0_threshold_0_5.png,23793.145273106908,11295.566461208271,
../binary_PNG/binary_labels_mask_case_id_TCGA-YA-A8S7_2_1_cell_expansion_5_0_threshold_0_4.png,24453.003010197,14772.002275369348,
../binary_PNG/binary_labels_mask_case_id_TCGA-YA-A8S7_1_4_cell_expansion_1_0_threshold_0_7.png,22324.399188636828,3474.6966524015465,
../binary_PNG/binary_labels_mask_case_id_TCGA-CC-A3MA_4_0_cell_expansion_15_0_threshold_0_4.png,24911.566762127924,18363.436687810325,
../binary_PNG/binary_labels_mask_case_id_TCGA-BC-A69I_3_2_cell_expansion_13_0_threshold_0_4.png,24357.873786646327,13975.423056134387,
../binary_PNG/binary_labels_mask_case_id_TCGA-G3-A7M6_1_3_cell_expansion_9_0_threshold_0_4.png,24659.776552595453,16163.427917226285,
../binary_PNG/binary_labels_mask_case_id_TCGA-CC-A1HT_1_1_cell_expansion_3_0_threshold_0_5.png,23855.996330829214,11516.237059072442,
../binary_PNG/binary_labels_mask_case_id_TCGA-CC-A1HT_4_4_cell_expansion_3_0_threshold_0_7.png,23202.550574919533,7876.187676037421,
../binary_PNG/binary_labels_mask_case_id_TCGA-CC-5261_4_2_cell_expansion_5_0_threshold_0_8.png,23895.059142158087,11304.80620065916,
../binary_PNG/binary_labels_mask_case_id_TCGA-CC-A1HT_3_1_cell_expansion_1_0_threshold_0_5.png,23116.987890023105,7520.7447239744,
../binary_PNG/binary_labels_mask_case_id_TCGA-CC-A3MA_4_3_cell_expansion_5_0_threshold_0_5.png,24718.23200494986,16719.51992145845,
../binary_PNG/binary_labels_mask_case_id_TCGA-G3-A7M6_3_0_cell_expansion_13_0_threshold_0_4.png,24672.060026517374,16215.805382502887,
../binary_PNG/binary_labels_mask_case_id_TCGA-YA-A8S7_4_0_cell_expansion_13_0_threshold_0_7.png,24519.473847630732,15166.37476305444,
../binary_PNG/binary_labels_mask_case_id_TCGA-CC-A1HT_4_4_cell_expansion_1_0_threshold_0_6.png,23100.21216734857,7438.929937908998,
../binary_PNG/binary_labels_mask_case_id_TCGA-G3-A7M6_2_3_cell_expansion_13_0_threshold_0_5.png,24540.329275528544,15454.238697862198,
../binary_PNG/binary_labels_mask_case_id_TCGA-BC-A69I_2_1_cell_expansion_11_0_threshold_0_4.png,24357.301528482796,14141.247706371734,
../binary_PNG/binary_labels_mask_case_id_TCGA-CC-A1HT_0_2_cell_expansion_5_0_threshold_0_8.png,22354.41768650095,3640.5283532026924,
../binary_PNG/binary_labels_mask_case_id_TCGA-CC-A3MA_3_1_cell_expansion_7_0_threshold_0_5.png,24840.01790784859,17892.83065650392,
../binary_PNG/binary_labels_mask_case_id_TCGA-CC-A1HT_3_0_cell_expansion_11_0_threshold_0_5.png,24801.540305581766,17506.253824506704,
../binary_PNG/binary_labels_mask_case_id_TCGA-CC-A8HT_3_1_cell_expansion_9_0_threshold_0_5.png,24334.73540770185,13945.217575232342,
../binary_PNG/binary_labels_mask_case_id_TCGA-CC-A1HT_0_0_cell_expansion_13_0_threshold_0_8.png,22295.564725834272,3345.9127204795473,
../binary_PNG/binary_labels_mask_case_id_TCGA-CC-A8HT_1_0_cell_expansion_9_0_threshold_0_8.png,22739.162706481056,5333.85918761413,
../binary_PNG/binary_labels_mask_case_id_TCGA-CC-A3MA_2_4_cell_expansion_3_0_threshold_0_7.png,23990.438000944927,12059.170688443322,
../binary_PNG/binary_labels_mask_case_id_TCGA-YA-A8S7_4_1_cell_expansion_11_0_threshold_0_8.png,23199.674417676193,7517.449026547865,
../binary_PNG/binary_labels_mask_case_id_TCGA-BC-A69I_3_3_cell_expansion_9_0_threshold_0_8.png,23989.417278701967,11529.175630515563,
../binary_PNG/binary_labels_mask_case_id_TCGA-K7-AAU7_3_0_cell_expansion_9_0_threshold_0_7.png,23223.16563290989,7897.580909177913,
../binary_PNG/binary_labels_mask_case_id_TCGA-G3-A5SK_2_0_cell_expansion_3_0_threshold_0_4.png,24049.129618525683,12866.174285114936,
../binary_PNG/binary_labels_mask_case_id_TCGA-CC-A3MA_0_4_cell_expansion_1_0_threshold_0_7.png,22714.47873178828,5384.995279721774,
../binary_PNG/binary_labels_mask_case_id_TCGA-G3-A5SK_0_1_cell_expansion_5_0_threshold_0_6.png,24310.69941986551,14078.936850698265,
../binary_PNG/binary_labels_mask_case_id_TCGA-K7-AAU7_4_3_cell_expansion_15_0_threshold_0_5.png,24699.52658904248,16803.235430703517,
../binary_PNG/binary_labels_mask_case_id_TCGA-CC-A1HT_0_0_cell_expansion_15_0_threshold_0_7.png,23064.328041273788,6987.448047944502,
../binary_PNG/binary_labels_mask_case_id_TCGA-CC-5261_4_2_cell_expansion_11_0_threshold_0_5.png,24834.73697346155,17732.66823800973,
../binary_PNG/binary_labels_mask_case_id_TCGA-CC-A1HT_3_4_cell_expansion_11_0_threshold_0_8.png,23122.08984501041,7344.803327167212,
../binary_PNG/binary_labels_mask_case_id_TCGA-G3-A5SK_1_3_cell_expansion_5_0_threshold_0_4.png,24257.323259586174,13790.83078704498,0.3097507844195295
../binary_PNG/binary_labels_mask_case_id_TCGA-CC-A1HT_4_2_cell_expansion_7_0_threshold_0_7.png,24301.730266546845,13649.911447833312,
../binary_PNG/binary_labels_mask_case_id_TCGA-CC-A8HT_0_4_cell_expansion_9_0_threshold_0_8.png,22921.33579308934,6326.264286944362,
../binary_PNG/binary_labels_mask_case_id_TCGA-CC-5261_4_4_cell_expansion_1_0_threshold_0_8.png,23108.989182436602,7414.512101678065,
../binary_PNG/binary_labels_mask_case_id_TCGA-G3-A5SK_0_1_cell_expansion_1_0_threshold_0_4.png,23370.49596751915,8922.017222248143,
../binary_PNG/binary_labels_mask_case_id_TCGA-CC-A3MA_4_2_cell_expansion_13_0_threshold_0_4.png,24054.540092541563,12716.037154888294,
../binary_PNG/binary_labels_mask_case_id_TCGA-CC-A8HT_4_4_cell_expansion_13_0_threshold_0_8.png,22857.97599829837,5868.171378034764,
../binary_PNG/binary_labels_mask_case_id_TCGA-CC-A3MA_0_2_cell_expansion_5_0_threshold_0_7.png,24551.5851287738,15523.972372081782,0.3089659855793237
../binary_PNG/binary_labels_mask_case_id_TCGA-G3-A7M6_1_3_cell_expansion_15_0_threshold_0_6.png,24562.012067851465,15524.36357572982,
../binary_PNG/binary_labels_mask_case_id_TCGA-CC-5261_4_2_cell_expansion_15_0_threshold_0_7.png,24723.651751493908,16630.7974618959,0.1604837710056133
../binary_PNG/binary_labels_mask_case_id_TCGA-CC-A1HT_3_0_cell_expansion_7_0_threshold_0_6.png,24557.3442695337,15680.83478695271,
../binary_PNG/binary_labels_mask_case_id_TCGA-YA-A8S7_4_1_cell_expansion_13_0_threshold_0_5.png,24759.167143872808,17104.647945583718,
../binary_PNG/binary_labels_mask_case_id_TCGA-CC-A3MA_1_0_cell_expansion_5_0_threshold_0_5.png,24786.094914806126,17107.332752020673,
../binary_PNG/binary_labels_mask_case_id_TCGA-CC-A1HT_0_4_cell_expansion_1_0_threshold_0_8.png,22374.668111933188,3738.1499092245226,
../binary_PNG/binary_labels_mask_case_id_TCGA-BC-A69I_1_3_cell_expansion_9_0_threshold_0_5.png,24541.17786079616,15122.422545921956,
../binary_PNG/binary_labels_mask_case_id_TCGA-DD-AAED_1_1_cell_expansion_9_0_threshold_0_5.png,24709.924593618343,16274.03582394236,
../binary_PNG/binary_labels_mask_case_id_TCGA-CC-A1HT_4_2_cell_expansion_3_0_threshold_0_5.png,24273.90110837288,13899.530376883633,
../binary_PNG/binary_labels_mask_case_id_TCGA-BC-A69I_1_1_cell_expansion_15_0_threshold_0_6.png,24244.174176492194,13257.176632915149,
../binary_PNG/binary_labels_mask_case_id_TCGA-CC-A1HT_3_3_cell_expansion_9_0_threshold_0_6.png,24692.68743451672,16246.686736328014,
../binary_PNG/binary_labels_mask_case_id_TCGA-G3-A7M6_2_2_cell_expansion_1_0_threshold_0_8.png,22675.947294111407,5271.85066202434,
../binary_PNG/binary_labels_mask_case_id_TCGA-G3-A5SK_4_2_cell_expansion_9_0_threshold_0_5.png,24395.288307127,14265.951968680934,1.0997725161000929
../binary_PNG/binary_labels_mask_case_id_TCGA-CC-A1HT_3_2_cell_expansion_11_0_threshold_0_6.png,24682.526835886463,15971.922165064369,
../binary_PNG/binary_labels_mask_case_id_TCGA-BC-A69I_3_4_cell_expansion_11_0_threshold_0_7.png,24311.557877676663,13806.095209235411,
../binary_PNG/binary_labels_mask_case_id_TCGA-G3-A5SK_4_0_cell_expansion_15_0_threshold_0_5.png,24312.501274546466,13631.20830682918,
../binary_PNG/binary_labels_mask_case_id_TCGA-CC-A1HT_0_1_cell_expansion_9_0_threshold_0_5.png,24875.29617574625,18136.001331551022,
../binary_PNG/binary_labels_mask_case_id_TCGA-G3-A5SK_4_1_cell_expansion_13_0_threshold_0_8.png,23636.715595668145,9772.765668760974,
../binary_PNG/binary_labels_mask_case_id_TCGA-CC-A8HT_1_3_cell_expansion_7_0_threshold_0_4.png,24666.75196797711,16428.951532500112,
../binary_PNG/binary_labels_mask_case_id_TCGA-CC-A1HT_2_0_cell_expansion_9_0_threshold_0_8.png,22339.230536879662,3582.8544309236167,0.16052487117281436
../binary_PNG/binary_labels_mask_case_id_TCGA-BC-A69I_2_2_cell_expansion_13_0_threshold_0_8.png,23608.759812925968,9501.697451671851,
../binary_PNG/binary_labels_mask_case_id_TCGA-CC-A8HT_2_1_cell_expansion_5_0_threshold_0_6.png,24611.478131795368,16006.034170715424,
../binary_PNG/binary_labels_mask_case_id_TCGA-G3-A7M6_2_3_cell_expansion_3_0_threshold_0_5.png,23944.41023067592,12057.321252571928,
../binary_PNG/binary_labels_mask_case_id_TCGA-K7-AAU7_2_0_cell_expansion_7_0_threshold_0_5.png,22688.89351330369,5154.680103519679,
../binary_PNG/binary_labels_mask_case_id_TCGA-CC-A8HT_1_4_cell_expansion_1_0_threshold_0_5.png,23521.67961446277,9555.946158764136,
../binary_PNG/binary_labels_mask_case_id_TCGA-DD-AAED_1_2_cell_expansion_7_0_threshold_0_5.png,24646.684711237882,16080.67435839633,
../binary_PNG/binary_labels_mask_case_id_TCGA-BC-A69I_0_2_cell_expansion_5_0_threshold_0_6.png,23463.41524688599,9270.49580356066,
../binary_PNG/binary_labels_mask_case_id_TCGA-G3-A7M6_0_3_cell_expansion_13_0_threshold_0_5.png,24560.829270751183,15387.137750770058,
../binary_PNG/binary_labels_mask_case_id_TCGA-BC-A69I_4_2_cell_expansion_3_0_threshold_0_7.png,23282.221749159948,8200.037952847239,0.309619919267815
../binary_PNG/binary_labels_mask_case_id_TCGA-G3-A7M6_0_3_cell_expansion_1_0_threshold_0_5.png,23140.50444583557,7612.922062759571,
../binary_PNG/binary_labels_mask_case_id_TCGA-CC-A8HT_4_1_cell_expansion_7_0_threshold_0_4.png,24429.934601020384,14864.600000401562,
../binary_PNG/binary_labels_mask_case_id_TCGA-BC-A69I_4_3_cell_expansion_5_0_threshold_0_8.png,22798.31906875164,5759.2290740396265,
../binary_PNG/binary_labels_mask_case_id_TCGA-CC-A1HT_2_0_cell_expansion_13_0_threshold_0_8.png,22339.230536879662,3582.8544309236167,
../binary_PNG/binary_labels_mask_case_id_TCGA-CC-A1HT_1_0_cell_expansion_11_0_threshold_0_5.png,24512.20499727021,15510.830962795231,
../binary_PNG/binary_labels_mask_case_id_TCGA-CC-A8HT_3_3_cell_expansion_3_0_threshold_0_7.png,23326.21941864063,8545.913386863838,
../binary_PNG/binary_labels_mask_case_id_TCGA-CC-A8HT_2_1_cell_expansion_1_0_threshold_0_4.png,23783.750087546192,11273.924749457889,
../binary_PNG/binary_labels_mask_case_id_TCGA-YA-A8S7_0_0_cell_expansion_5_0_threshold_0_5.png,24406.389929233042,14677.487150576282,
../binary_PNG/binary_labels_mask_case_id_TCGA-G3-A5SK_4_0_cell_expansion_13_0_threshold_0_6.png,24276.836295177367,13449.255932774162,
../binary_PNG/binary_labels_mask_case_id_TCGA-CC-A8HT_0_0_cell_expansion_3_0_threshold_0_8.png,22724.094252919647,5382.7681960102445,0.16046322201367
../binary_PNG/binary_labels_mask_case_id_TCGA-G3-A7M6_4_4_cell_expansion_7_0_threshold_0_6.png,24321.779480699926,13693.453097061014,1.1017253543711116
../binary_PNG/binary_labels_mask_case_id_TCGA-BC-A69I_0_4_cell_expansion_5_0_threshold_0_8.png,23311.85034171524,8161.156214754566,
../binary_PNG/binary_labels_mask_case_id_TCGA-YA-A8S7_2_0_cell_expansion_7_0_threshold_0_5.png,24797.17471476868,17473.994454963096,
../binary_PNG/binary_labels_mask_case_id_TCGA-CC-A8HT_0_1_cell_expansion_3_0_threshold_0_4.png,24432.04947478688,14951.172837104485,
../binary_PNG/binary_labels_mask_case_id_TCGA-BC-A69I_2_3_cell_expansion_3_0_threshold_0_8.png,23153.505303562783,7386.448157472698,
../binary_PNG/binary_labels_mask_case_id_TCGA-BC-A69I_2_2_cell_expansion_3_0_threshold_0_4.png,23860.598277294746,11256.504771053224,
../binary_PNG/binary_labels_mask_case_id_TCGA-DD-AAED_2_4_cell_expansion_13_0_threshold_0_8.png,24199.58257855325,12803.358693270036,
../binary_PNG/binary_labels_mask_case_id_TCGA-YA-A8S7_0_3_cell_expansion_13_0_threshold_0_4.png,24800.22606521008,17322.698219475213,
../binary_PNG/binary_labels_mask_case_id_TCGA-BC-A69I_4_4_cell_expansion_9_0_threshold_0_5.png,24601.061411413568,15684.897207432727,
../binary_PNG/binary_labels_mask_case_id_TCGA-CC-A3MA_0_1_cell_expansion_7_0_threshold_0_8.png,22651.162834634237,4948.054865836151,
../binary_PNG/binary_labels_mask_case_id_TCGA-YA-A8S7_4_0_cell_expansion_9_0_threshold_0_8.png,23102.51862631665,7157.419823412239,
../binary_PNG/binary_labels_mask_case_id_TCGA-YA-A8S7_1_4_cell_expansion_9_0_threshold_0_6.png,22430.501223560517,3938.0238721903747,
../binary_PNG/binary_labels_mask_case_id_TCGA-CC-5261_4_0_cell_expansion_1_0_threshold_0_4.png,23813.01570817136,11434.506219637406,
../binary_PNG/binary_labels_mask_case_id_TCGA-CC-A1HT_1_2_cell_expansion_7_0_threshold_0_5.png,24454.00323257879,14828.266368789682,
../binary_PNG/binary_labels_mask_case_id_TCGA-CC-A3MA_3_0_cell_expansion_11_0_threshold_0_8.png,22295.564725834272,3345.9127204795473,
../binary_PNG/binary_labels_mask_case_id_TCGA-CC-5261_2_1_cell_expansion_7_0_threshold_0_8.png,23630.44008331214,9849.084604398393,
../binary_PNG/binary_labels_mask_case_id_TCGA-G3-A5SK_2_4_cell_expansion_7_0_threshold_0_6.png,24634.129449020733,15976.863436447842,
../binary_PNG/binary_labels_mask_case_id_TCGA-CC-5261_0_0_cell_expansion_15_0_threshold_0_6.png,24714.663017214145,16620.13595910209,
../binary_PNG/binary_labels_mask_case_id_TCGA-K7-AAU7_3_1_cell_expansion_15_0_threshold_0_8.png,22295.564725834272,3345.9127204795473,
../binary_PNG/binary_labels_mask_case_id_TCGA-CC-A3MA_3_1_cell_expansion_11_0_threshold_0_6.png,24756.44637554125,17081.427010837506,
../binary_PNG/binary_labels_mask_case_id_TCGA-CC-5261_3_4_cell_expansion_7_0_threshold_0_8.png,23717.99703651165,10203.165844961552,
../binary_PNG/binary_labels_mask_case_id_TCGA-CC-A8HT_0_2_cell_expansion_13_0_threshold_0_8.png,22893.75995381425,6181.872383045098,
../binary_PNG/binary_labels_mask_case_id_TCGA-CC-A8HT_1_0_cell_expansion_15_0_threshold_0_4.png,24795.02679459213,17441.700514878736,
../binary_PNG/binary_labels_mask_case_id_TCGA-G3-A5SK_2_3_cell_expansion_13_0_threshold_0_5.png,24487.556984437142,15233.811826104817,4.6196192762819415
../binary_PNG/binary_labels_mask_case_id_TCGA-DD-AAED_4_1_cell_expansion_9_0_threshold_0_7.png,24589.010219225267,15446.597569531434,
../binary_PNG/binary_labels_mask_case_id_TCGA-CC-A1HT_1_2_cell_expansion_3_0_threshold_0_7.png,23368.34876401935,8624.88057956122,1.1005801467995768
../binary_PNG/binary_labels_mask_case_id_TCGA-CC-A1HT_0_0_cell_expansion_1_0_threshold_0_4.png,23296.988356891154,8519.633467646996,0.1604837710056133
../binary_PNG/binary_labels_mask_case_id_TCGA-DD-AAED_0_3_cell_expansion_13_0_threshold_0_4.png,24735.85242051275,16715.7791702678,
../binary_PNG/binary_labels_mask_case_id_TCGA-CC-5261_3_2_cell_expansion_3_0_threshold_0_4.png,24343.96901985546,14468.125447960902,
../binary_PNG/binary_labels_mask_case_id_TCGA-CC-A1HT_2_0_cell_expansion_1_0_threshold_0_5.png,23008.612133742045,7043.0155548935945,
../binary_PNG/binary_labels_mask_case_id_TCGA-BC-A69I_4_1_cell_expansion_15_0_threshold_0_8.png,23160.241958695373,7259.661484306198,
../binary_PNG/binary_labels_mask_case_id_TCGA-YA-A8S7_0_1_cell_expansion_9_0_threshold_0_6.png,24590.491442320366,15705.018789669399,
../binary_PNG/binary_labels_mask_case_id_TCGA-G3-A5SK_2_2_cell_expansion_7_0_threshold_0_8.png,23827.927533283204,10858.834375308748,1.1003108675447875
../binary_PNG/binary_labels_mask_case_id_TCGA-YA-A8S7_0_3_cell_expansion_15_0_threshold_0_7.png,24492.478723720928,14944.730731162035,
../binary_PNG/binary_labels_mask_case_id_TCGA-BC-A69I_0_4_cell_expansion_9_0_threshold_0_7.png,24314.522905214042,13604.653054427175,
../binary_PNG/binary_labels_mask_case_id_TCGA-K7-AAU7_1_2_cell_expansion_15_0_threshold_0_5.png,24199.57771761743,13475.221725729058,
../binary_PNG/binary_labels_mask_case_id_TCGA-DD-AAED_3_4_cell_expansion_13_0_threshold_0_8.png,23819.85195861892,10976.696349995871,
../binary_PNG/binary_labels_mask_case_id_TCGA-CC-5261_0_4_cell_expansion_9_0_threshold_0_7.png,24381.012130542596,14532.20977658949,0.30964609020603107
../binary_PNG/binary_labels_mask_case_id_TCGA-G3-A7M6_0_1_cell_expansion_5_0_threshold_0_5.png,24272.413076506265,13812.195261523297,
../binary_PNG/binary_labels_mask_case_id_TCGA-CC-5261_2_1_cell_expansion_13_0_threshold_0_7.png,24343.764974152327,13987.266068094796,
../binary_PNG/binary_labels_mask_case_id_TCGA-K7-AAU7_4_3_cell_expansion_7_0_threshold_0_8.png,22718.530342957794,5333.159009020529,
../binary_PNG/binary_labels_mask_case_id_TCGA-CC-A8HT_0_4_cell_expansion_7_0_threshold_0_6.png,24486.2247436158,15028.30550364994,
../binary_PNG/binary_labels_mask_case_id_TCGA-CC-5261_1_4_cell_expansion_11_0_threshold_0_5.png,24692.9350177726,16385.747928999568,
../binary_PNG/binary_labels_mask_case_id_TCGA-CC-A8HT_1_3_cell_expansion_13_0_threshold_0_6.png,24509.25186767717,15226.122580644838,
../binary_PNG/binary_labels_mask_case_id_TCGA-K7-AAU7_0_3_cell_expansion_3_0_threshold_0_8.png,22295.564725834272,3345.9127204795473,
../binary_PNG/binary_labels_mask_case_id_TCGA-CC-A8HT_2_4_cell_expansion_7_0_threshold_0_7.png,23999.094046129347,11673.423892748579,
../binary_PNG/binary_labels_mask_case_id_TCGA-BC-A69I_1_4_cell_expansion_5_0_threshold_0_8.png,22998.821855673526,6710.124414622818,
../binary_PNG/binary_labels_mask_case_id_TCGA-G3-A7M6_0_1_cell_expansion_7_0_threshold_0_4.png,24530.18051867812,15366.234393066277,0.309698435220528
../binary_PNG/binary_labels_mask_case_id_TCGA-K7-AAU7_2_4_cell_expansion_5_0_threshold_0_8.png,22674.04715773252,5015.641774072059,
../binary_PNG/binary_labels_mask_case_id_TCGA-CC-A3MA_1_1_cell_expansion_15_0_threshold_0_8.png,23836.450260409747,10892.022045717973,
../binary_PNG/binary_labels_mask_case_id_TCGA-CC-5261_3_2_cell_expansion_11_0_threshold_0_7.png,24518.07507760639,14943.800179931917,
../binary_PNG/binary_labels_mask_case_id_TCGA-CC-A8HT_0_0_cell_expansion_13_0_threshold_0_7.png,24510.18649494397,15225.128149752441,
../binary_PNG/binary_labels_mask_case_id_TCGA-BC-A69I_1_3_cell_expansion_1_0_threshold_0_8.png,22652.82507410712,5083.9807054550565,
../binary_PNG/binary_labels_mask_case_id_TCGA-CC-A3MA_0_3_cell_expansion_9_0_threshold_0_4.png,24872.547822421093,17830.792715132367,
../binary_PNG/binary_labels_mask_case_id_TCGA-CC-A8HT_0_0_cell_expansion_15_0_threshold_0_4.png,24873.705021639904,18044.61055141837,
../binary_PNG/binary_labels_mask_case_id_TCGA-CC-A8HT_3_1_cell_expansion_11_0_threshold_0_4.png,24421.55176738375,14553.416908698391,
../binary_PNG/binary_labels_mask_case_id_TCGA-G3-A7M6_4_1_cell_expansion_7_0_threshold_0_6.png,24335.287768395287,13959.790519736403,
../binary_PNG/binary_labels_mask_case_id_TCGA-G3-A5SK_0_3_cell_expansion_11_0_threshold_0_8.png,23476.828355504684,9198.981646087574,
../binary_PNG/binary_labels_mask_case_id_TCGA-K7-AAU7_4_2_cell_expansion_3_0_threshold_0_6.png,24005.31280438085,12540.299409812105,
../binary_PNG/binary_labels_mask_case_id_TCGA-YA-A8S7_0_4_cell_expansion_11_0_threshold_0_5.png,24639.92660558532,16239.659722008711,
../binary_PNG/binary_labels_mask_case_id_TCGA-YA-A8S7_1_0_cell_expansion_3_0_threshold_0_6.png,23715.097927659866,10524.749430442951,
../binary_PNG/binary_labels_mask_case_id_TCGA-DD-AAED_4_2_cell_expansion_1_0_threshold_0_4.png,23664.785330466148,10658.004282441509,
../binary_PNG/binary_labels_mask_case_id_TCGA-CC-5261_3_3_cell_expansion_13_0_threshold_0_8.png,24128.593812368734,12442.05095452775,
../binary_PNG/binary_labels_mask_case_id_TCGA-BC-A69I_4_1_cell_expansion_1_0_threshold_0_8.png,22517.65411365252,4406.147177436299,
../binary_PNG/binary_labels_mask_case_id_TCGA-DD-AAED_3_0_cell_expansion_7_0_threshold_0_6.png,24671.493631284407,16166.814455498748,
../binary_PNG/binary_labels_mask_case_id_TCGA-YA-A8S7_4_2_cell_expansion_5_0_threshold_0_5.png,23007.47413074123,6776.134241021322,
../binary_PNG/binary_labels_mask_case_id_TCGA-BC-A69I_3_2_cell_expansion_7_0_threshold_0_6.png,23876.621973939215,11178.59576224261,
../binary_PNG/binary_labels_mask_case_id_TCGA-G3-A7M6_3_4_cell_expansion_7_0_threshold_0_5.png,24703.091627300142,16641.043357423554,0.1604837710056133
../binary_PNG/binary_labels_mask_case_id_TCGA-CC-A3MA_2_4_cell_expansion_13_0_threshold_0_8.png,23842.521534242213,10839.412467015414,
../binary_PNG/binary_labels_mask_case_id_TCGA-YA-A8S7_2_2_cell_expansion_11_0_threshold_0_7.png,24188.55211918829,12622.404843597642,
../binary_PNG/binary_labels_mask_case_id_TCGA-G3-A5SK_2_0_cell_expansion_11_0_threshold_0_5.png,24584.064115156518,15931.549907384957,4.625407725321889
../binary_PNG/binary_labels_mask_case_id_TCGA-G3-A5SK_0_2_cell_expansion_15_0_threshold_0_4.png,24535.204873363786,15356.829538523993,1.1009841951719936
../binary_PNG/binary_labels_mask_case_id_TCGA-YA-A8S7_0_4_cell_expansion_13_0_threshold_0_4.png,24683.908084052047,16664.35847927641,
../binary_PNG/binary_labels_mask_case_id_TCGA-CC-A1HT_3_0_cell_expansion_9_0_threshold_0_8.png,22780.391916293644,5516.29535202946,
../binary_PNG/binary_labels_mask_case_id_TCGA-K7-AAU7_1_4_cell_expansion_11_0_threshold_0_5.png,23589.84339987647,10200.419290816171,
../binary_PNG/binary_labels_mask_case_id_TCGA-CC-A8HT_1_2_cell_expansion_15_0_threshold_0_7.png,23935.53328130858,11806.070945495494,
../binary_PNG/binary_labels_mask_case_id_TCGA-G3-A7M6_1_2_cell_expansion_5_0_threshold_0_7.png,24377.547310485013,14591.451243482848,
../binary_PNG/binary_labels_mask_case_id_TCGA-G3-A7M6_4_4_cell_expansion_15_0_threshold_0_4.png,24422.24903561498,14446.456161355078,
../binary_PNG/binary_labels_mask_case_id_TCGA-CC-A8HT_3_0_cell_expansion_11_0_threshold_0_6.png,24535.30612310984,15363.556882706602,
../binary_PNG/binary_labels_mask_case_id_TCGA-CC-A1HT_4_4_cell_expansion_13_0_threshold_0_7.png,23846.35193581501,11095.117539007186,
../binary_PNG/binary_labels_mask_case_id_TCGA-K7-AAU7_1_4_cell_expansion_13_0_threshold_0_4.png,23793.198234640717,11238.09318826073,
../binary_PNG/binary_labels_mask_case_id_TCGA-BC-A69I_1_4_cell_expansion_7_0_threshold_0_5.png,24237.12144722687,13604.158353206914,0.3094890802645513
../binary_PNG/binary_labels_mask_case_id_TCGA-DD-AAED_4_3_cell_expansion_7_0_threshold_0_7.png,24428.821353639083,14483.445147165774,
../binary_PNG/binary_labels_mask_case_id_TCGA-DD-AAED_2_4_cell_expansion_7_0_threshold_0_6.png,24674.36675795302,16113.605498180012,
../binary_PNG/binary_labels_mask_case_id_TCGA-YA-A8S7_1_1_cell_expansion_7_0_threshold_0_4.png,24703.185958701368,16450.0956145995,
../binary_PNG/binary_labels_mask_case_id_TCGA-CC-5261_1_1_cell_expansion_11_0_threshold_0_6.png,23836.47607159491,11449.236031751692,
../binary_PNG/binary_labels_mask_case_id_TCGA-BC-A69I_4_0_cell_expansion_1_0_threshold_0_8.png,22557.248785717933,4718.834666311661,
../binary_PNG/binary_labels_mask_case_id_TCGA-BC-A69I_1_3_cell_expansion_5_0_threshold_0_6.png,24186.152533507622,12973.034295753552,
../binary_PNG/binary_labels_mask_case_id_TCGA-G3-A5SK_0_2_cell_expansion_15_0_threshold_0_8.png,23923.50870533143,11541.104940873583,
../binary_PNG/binary_labels_mask_case_id_TCGA-DD-AAED_2_3_cell_expansion_13_0_threshold_0_4.png,24602.27100751696,15619.148515386667,
../binary_PNG/binary_labels_mask_case_id_TCGA-CC-A8HT_3_0_cell_expansion_5_0_threshold_0_6.png,24327.46139709177,14121.915255107275,
../binary_PNG/binary_labels_mask_case_id_TCGA-YA-A8S7_3_4_cell_expansion_11_0_threshold_0_5.png,22366.370087630068,3634.2592333246916,
../binary_PNG/binary_labels_mask_case_id_TCGA-CC-5261_2_0_cell_expansion_13_0_threshold_0_5.png,24749.469364294084,16899.361828088764,
../binary_PNG/binary_labels_mask_case_id_TCGA-CC-A1HT_3_0_cell_expansion_9_0_threshold_0_4.png,24887.124655170497,18277.884892965918,
../binary_PNG/binary_labels_mask_case_id_TCGA-YA-A8S7_0_2_cell_expansion_3_0_threshold_0_8.png,22847.309044166534,6011.155639032062,
../binary_PNG/binary_labels_mask_case_id_TCGA-K7-AAU7_1_0_cell_expansion_11_0_threshold_0_4.png,23673.91326635981,10522.34047744054,
../binary_PNG/binary_labels_mask_case_id_TCGA-CC-5261_3_0_cell_expansion_9_0_threshold_0_6.png,24585.091609426032,15620.629000577808,
../binary_PNG/binary_labels_mask_case_id_TCGA-G3-A7M6_3_4_cell_expansion_5_0_threshold_0_8.png,23660.50170275203,10242.623128858551,
../binary_PNG/binary_labels_mask_case_id_TCGA-YA-A8S7_2_3_cell_expansion_15_0_threshold_0_7.png,23443.350701712272,8686.46483039226,
../binary_PNG/binary_labels_mask_case_id_TCGA-G3-A7M6_4_0_cell_expansion_7_0_threshold_0_6.png,24648.396087449964,16804.893506656903,
../binary_PNG/binary_labels_mask_case_id_TCGA-DD-AAED_0_3_cell_expansion_5_0_threshold_0_4.png,24569.035451758453,15730.304443865049,
../binary_PNG/binary_labels_mask_case_id_TCGA-K7-AAU7_2_3_cell_expansion_7_0_threshold_0_7.png,23226.99535521367,7691.9050110732605,
../binary_PNG/binary_labels_mask_case_id_TCGA-BC-A69I_1_3_cell_expansion_7_0_threshold_0_7.png,24119.256316961826,12519.244240491875,
../binary_PNG/binary_labels_mask_case_id_TCGA-K7-AAU7_3_3_cell_expansion_13_0_threshold_0_8.png,22295.564725834272,3345.9127204795473,
../binary_PNG/binary_labels_mask_case_id_TCGA-YA-A8S7_3_4_cell_expansion_13_0_threshold_0_4.png,22366.370087630068,3634.2592333246916,
../binary_PNG/binary_labels_mask_case_id_TCGA-YA-A8S7_4_4_cell_expansion_3_0_threshold_0_4.png,22526.006570431226,4336.811201117274,
../binary_PNG/binary_labels_mask_case_id_TCGA-YA-A8S7_1_1_cell_expansion_3_0_threshold_0_6.png,24107.581855431978,12976.031696086953,
../binary_PNG/binary_labels_mask_case_id_TCGA-CC-A3MA_4_0_cell_expansion_3_0_threshold_0_8.png,22935.8708140496,6423.444362928551,
../binary_PNG/binary_labels_mask_case_id_TCGA-G3-A5SK_3_0_cell_expansion_1_0_threshold_0_5.png,23438.7512267588,9323.583867416372,
../binary_PNG/binary_labels_mask_case_id_TCGA-CC-A3MA_0_1_cell_expansion_15_0_threshold_0_4.png,23443.286274452257,9240.454911394309,
../binary_PNG/binary_labels_mask_case_id_TCGA-G3-A5SK_0_4_cell_expansion_11_0_threshold_0_4.png,24307.19367557769,13822.254008648191,
../binary_PNG/binary_labels_mask_case_id_TCGA-CC-A3MA_1_2_cell_expansion_15_0_threshold_0_5.png,24860.98739294956,17722.226729083734,4.625890634389218
../binary_PNG/binary_labels_mask_case_id_TCGA-CC-5261_0_4_cell_expansion_13_0_threshold_0_8.png,23242.958990237043,8074.30016117477,
../binary_PNG/binary_labels_mask_case_id_TCGA-CC-A1HT_2_1_cell_expansion_7_0_threshold_0_6.png,24527.080351460518,15146.354994469619,
../binary_PNG/binary_labels_mask_case_id_TCGA-G3-A5SK_3_0_cell_expansion_3_0_threshold_0_4.png,24205.71164893333,13768.038282952764,
../binary_PNG/binary_labels_mask_case_id_TCGA-CC-A3MA_3_3_cell_expansion_7_0_threshold_0_7.png,24540.329617661202,15078.118405514952,
../binary_PNG/binary_labels_mask_case_id_TCGA-DD-AAED_0_2_cell_expansion_11_0_threshold_0_7.png,24470.49394378928,14951.347426781711,1.1006474774023975
../binary_PNG/binary_labels_mask_case_id_TCGA-CC-A1HT_4_3_cell_expansion_15_0_threshold_0_4.png,24866.525971299434,17924.47826654445,0.16040157940400518
../binary_PNG/binary_labels_mask_case_id_TCGA-YA-A8S7_1_1_cell_expansion_15_0_threshold_0_4.png,24751.771589026226,16821.05762289166,
../binary_PNG/binary_labels_mask_case_id_TCGA-G3-A5SK_2_2_cell_expansion_11_0_threshold_0_6.png,24546.5655933598,15475.54263025453,
../binary_PNG/binary_labels_mask_case_id_TCGA-CC-A1HT_0_1_cell_expansion_5_0_threshold_0_6.png,24636.986109882168,16306.084922126058,0.16044267374944665
../binary_PNG/binary_labels_mask_case_id_TCGA-CC-5261_3_4_cell_expansion_13_0_threshold_0_4.png,24782.472072584813,17019.094620237367,
../binary_PNG/binary_labels_mask_case_id_TCGA-CC-A3MA_3_2_cell_expansion_1_0_threshold_0_8.png,22549.973932597593,4588.8251193841215,
../binary_PNG/binary_labels_mask_case_id_TCGA-DD-AAED_2_1_cell_expansion_15_0_threshold_0_8.png,24596.57002154448,15537.097414366604,
../binary_PNG/binary_labels_mask_case_id_TCGA-K7-AAU7_0_4_cell_expansion_15_0_threshold_0_7.png,22751.753124064693,5388.370669079724,
../binary_PNG/binary_labels_mask_case_id_TCGA-CC-A3MA_1_4_cell_expansion_7_0_threshold_0_4.png,24879.610469220646,17931.695533467035,
../binary_PNG/binary_labels_mask_case_id_TCGA-G3-A5SK_1_2_cell_expansion_15_0_threshold_0_8.png,23756.224095524834,10338.526330048731,0.30964609020603107
../binary_PNG/binary_labels_mask_case_id_TCGA-G3-A5SK_1_0_cell_expansion_7_0_threshold_0_7.png,24322.180823631024,14056.210187528064,
../binary_PNG/binary_labels_mask_case_id_TCGA-G3-A5SK_0_2_cell_expansion_5_0_threshold_0_4.png,24261.894231664264,13726.056068565651,
../binary_PNG/binary_labels_mask_case_id_TCGA-CC-A3MA_3_4_cell_expansion_5_0_threshold_0_4.png,24666.16705023621,16601.352291188596,
../binary_PNG/binary_labels_mask_case_id_TCGA-CC-A3MA_1_2_cell_expansion_3_0_threshold_0_8.png,23206.94505088869,7752.847622487723,
../binary_PNG/binary_labels_mask_case_id_TCGA-CC-A3MA_2_3_cell_expansion_15_0_threshold_0_7.png,24585.852665183458,15572.575665795395,
../binary_PNG/binary_labels_mask_case_id_TCGA-CC-A3MA_1_3_cell_expansion_3_0_threshold_0_4.png,24803.62395043082,17630.688401225878,
../binary_PNG/binary_labels_mask_case_id_TCGA-CC-5261_2_3_cell_expansion_11_0_threshold_0_5.png,24789.80448035951,17061.382933953682,
../binary_PNG/binary_labels_mask_case_id_TCGA-CC-5261_0_1_cell_expansion_3_0_threshold_0_7.png,23835.33578646382,11328.63342497866,
../binary_PNG/binary_labels_mask_case_id_TCGA-DD-AAED_1_1_cell_expansion_15_0_threshold_0_4.png,24764.091619476127,16677.981372056092,
../binary_PNG/binary_labels_mask_case_id_TCGA-CC-A3MA_4_1_cell_expansion_5_0_threshold_0_7.png,24383.90735061125,14329.986589224658,
../binary_PNG/binary_labels_mask_case_id_TCGA-G3-A7M6_4_3_cell_expansion_15_0_threshold_0_4.png,24471.397977090684,15011.6540542051,1.1026019442394688
../binary_PNG/binary_labels_mask_case_id_TCGA-G3-A5SK_3_1_cell_expansion_15_0_threshold_0_5.png,24376.076443012633,14061.598924398342,
../binary_PNG/binary_labels_mask_case_id_TCGA-K7-AAU7_4_4_cell_expansion_13_0_threshold_0_8.png,22994.73048771381,6541.484654264523,
../binary_PNG/binary_labels_mask_case_id_TCGA-BC-A69I_0_0_cell_expansion_15_0_threshold_0_6.png,24203.181090428818,13115.586850150341,
../binary_PNG/binary_labels_mask_case_id_TCGA-DD-AAED_4_0_cell_expansion_1_0_threshold_0_8.png,23090.44417801757,7329.16947820362,
../binary_PNG/binary_labels_mask_case_id_TCGA-BC-A69I_0_4_cell_expansion_13_0_threshold_0_4.png,24626.727988933213,15743.025818947259,
../binary_PNG/binary_labels_mask_case_id_TCGA-G3-A7M6_2_4_cell_expansion_15_0_threshold_0_4.png,24713.60432846648,16544.5317334188,
../binary_PNG/binary_labels_mask_case_id_TCGA-K7-AAU7_2_1_cell_expansion_5_0_threshold_0_6.png,23360.82009614495,8876.439810316886,
../binary_PNG/binary_labels_mask_case_id_TCGA-CC-A1HT_3_2_cell_expansion_9_0_threshold_0_4.png,24711.44149814631,16254.74352439796,
../binary_PNG/binary_labels_mask_case_id_TCGA-G3-A7M6_3_3_cell_expansion_11_0_threshold_0_6.png,24425.53056128268,14373.791820084014,
../binary_PNG/binary_labels_mask_case_id_TCGA-G3-A7M6_0_2_cell_expansion_1_0_threshold_0_7.png,23073.29494506045,7274.769626010617,
../binary_PNG/binary_labels_mask_case_id_TCGA-G3-A7M6_0_2_cell_expansion_15_0_threshold_0_6.png,24629.001436533043,15847.86375621321,
../binary_PNG/binary_labels_mask_case_id_TCGA-CC-A8HT_1_2_cell_expansion_5_0_threshold_0_7.png,23699.61271367265,10610.633450263796,
../binary_PNG/binary_labels_mask_case_id_TCGA-CC-A8HT_0_0_cell_expansion_7_0_threshold_0_4.png,24874.07186020043,18058.544034942268,
../binary_PNG/binary_labels_mask_case_id_TCGA-G3-A5SK_4_1_cell_expansion_11_0_threshold_0_7.png,24250.002635517958,13317.918683085449,
../binary_PNG/binary_labels_mask_case_id_TCGA-CC-A3MA_4_1_cell_expansion_15_0_threshold_0_8.png,23939.72944865561,11215.884430376893,
../binary_PNG/binary_labels_mask_case_id_TCGA-CC-A3MA_0_0_cell_expansion_9_0_threshold_0_4.png,23908.800454997785,11798.056415477493,
../binary_PNG/binary_labels_mask_case_id_TCGA-BC-A69I_3_4_cell_expansion_13_0_threshold_0_8.png,23939.88408310433,11434.351668614754,
../binary_PNG/binary_labels_mask_case_id_TCGA-DD-AAED_0_0_cell_expansion_5_0_threshold_0_8.png,23828.866756379648,11070.610606464104,
../binary_PNG/binary_labels_mask_case_id_TCGA-CC-A8HT_4_0_cell_expansion_1_0_threshold_0_5.png,23345.93263814249,8692.243368033873,
../binary_PNG/binary_labels_mask_case_id_TCGA-BC-A69I_0_3_cell_expansion_5_0_threshold_0_4.png,24177.374492605053,12975.335541319986,
../binary_PNG/binary_labels_mask_case_id_TCGA-G3-A7M6_3_0_cell_expansion_1_0_threshold_0_4.png,23268.482791507115,8291.223030620802,
../binary_PNG/binary_labels_mask_case_id_TCGA-BC-A69I_2_4_cell_expansion_3_0_threshold_0_4.png,23692.813030312733,10468.107615402632,
../binary_PNG/binary_labels_mask_case_id_TCGA-K7-AAU7_1_4_cell_expansion_3_0_threshold_0_4.png,23415.939902297134,9271.616567675806,
../binary_PNG/binary_labels_mask_case_id_TCGA-YA-A8S7_4_1_cell_expansion_1_0_threshold_0_7.png,23316.152721646118,8436.89596438589,0.309619919267815
../binary_PNG/binary_labels_mask_case_id_TCGA-DD-AAED_3_3_cell_expansion_3_0_threshold_0_4.png,24636.509088848707,16352.77851032042,
../binary_PNG/binary_labels_mask_case_id_TCGA-G3-A7M6_0_3_cell_expansion_15_0_threshold_0_8.png,24076.943343236075,12226.934883348877,
../binary_PNG/binary_labels_mask_case_id_TCGA-BC-A69I_2_2_cell_expansion_15_0_threshold_0_5.png,24518.875255827064,15007.254799443712,
../binary_PNG/binary_labels_mask_case_id_TCGA-CC-5261_4_0_cell_expansion_13_0_threshold_0_5.png,24856.793916798968,17886.700514524044,
../binary_PNG/binary_labels_mask_case_id_TCGA-CC-5261_4_1_cell_expansion_15_0_threshold_0_8.png,23641.126941011367,9810.19304282428,1.0997725161000929
../binary_PNG/binary_labels_mask_case_id_TCGA-BC-A69I_0_0_cell_expansion_13_0_threshold_0_5.png,24279.294279190763,13566.18289849712,
../binary_PNG/binary_labels_mask_case_id_TCGA-G3-A7M6_1_0_cell_expansion_7_0_threshold_0_6.png,24554.45224961328,15580.030003116806,
../binary_PNG/binary_labels_mask_case_id_TCGA-YA-A8S7_1_3_cell_expansion_7_0_threshold_0_4.png,24689.795015081283,16513.415909889707,
../binary_PNG/binary_labels_mask_case_id_TCGA-DD-AAED_0_1_cell_expansion_1_0_threshold_0_6.png,23600.70854276592,10090.626500483871,0.3098031378035375
../binary_PNG/binary_labels_mask_case_id_TCGA-CC-5261_1_1_cell_expansion_3_0_threshold_0_5.png,23530.62999392984,9857.816806294399,
../binary_PNG/binary_labels_mask_case_id_TCGA-CC-A3MA_3_1_cell_expansion_1_0_threshold_0_4.png,24047.888548259565,13088.707742905424,
../binary_PNG/binary_labels_mask_case_id_TCGA-CC-A3MA_2_3_cell_expansion_3_0_threshold_0_7.png,24152.94218251596,13074.529701361851,
../binary_PNG/binary_labels_mask_case_id_TCGA-DD-AAED_4_4_cell_expansion_11_0_threshold_0_5.png,24875.995516905707,17890.781393080233,4.625407725321889
../binary_PNG/binary_labels_mask_case_id_TCGA-CC-A3MA_4_3_cell_expansion_7_0_threshold_0_6.png,24686.719054056357,16325.745521257511,
../binary_PNG/binary_labels_mask_case_id_TCGA-G3-A7M6_0_1_cell_expansion_9_0_threshold_0_4.png,24533.594571145826,15388.631266518465,
../binary_PNG/binary_labels_mask_case_id_TCGA-CC-A1HT_1_2_cell_expansion_13_0_threshold_0_5.png,24497.060520064915,15097.60591723453,
../binary_PNG/binary_labels_mask_case_id_TCGA-CC-A3MA_1_0_cell_expansion_3_0_threshold_0_8.png,23469.019274717026,9009.988082837515,
../binary_PNG/binary_labels_mask_case_id_TCGA-CC-5261_1_0_cell_expansion_1_0_threshold_0_8.png,22700.762498115047,5319.217547091299,
../binary_PNG/binary_labels_mask_case_id_TCGA-CC-A3MA_0_4_cell_expansion_7_0_threshold_0_6.png,24216.31561694749,13548.59673408673,
../binary_PNG/binary_labels_mask_case_id_TCGA-G3-A7M6_1_3_cell_expansion_9_0_threshold_0_6.png,24562.012067851465,15524.36357572982,
../binary_PNG/binary_labels_mask_case_id_TCGA-CC-5261_0_4_cell_expansion_7_0_threshold_0_7.png,24366.247565649537,14452.701282839742,
../binary_PNG/binary_labels_mask_case_id_TCGA-CC-A1HT_4_4_cell_expansion_3_0_threshold_0_5.png,23894.19410934883,11786.431551501602,
../binary_PNG/binary_labels_mask_case_id_TCGA-CC-A1HT_2_4_cell_expansion_7_0_threshold_0_4.png,24794.26858777105,17074.70542365966,
../binary_PNG/binary_labels_mask_case_id_TCGA-CC-A8HT_4_0_cell_expansion_13_0_threshold_0_7.png,24281.927138911535,13474.280674249705,
../binary_PNG/binary_labels_mask_case_id_TCGA-CC-A8HT_2_3_cell_expansion_9_0_threshold_0_5.png,24565.541029922788,15846.790112603137,
../binary_PNG/binary_labels_mask_case_id_TCGA-CC-A3MA_4_3_cell_expansion_3_0_threshold_0_4.png,24604.78896172396,16334.072955729538,
../binary_PNG/binary_labels_mask_case_id_TCGA-CC-A1HT_2_3_cell_expansion_5_0_threshold_0_7.png,23048.435887137963,6931.1687765610595,
../binary_PNG/binary_labels_mask_case_id_TCGA-BC-A69I_0_0_cell_expansion_9_0_threshold_0_5.png,24230.858737022223,13295.929598748653,
../binary_PNG/binary_labels_mask_case_id_TCGA-BC-A69I_3_2_cell_expansion_15_0_threshold_0_5.png,24328.977494743744,13790.909045124228,
../binary_PNG/binary_labels_mask_case_id_TCGA-G3-A7M6_3_4_cell_expansion_9_0_threshold_0_5.png,24710.060049182783,16674.770960923972,
../binary_PNG/binary_labels_mask_case_id_TCGA-CC-A1HT_2_4_cell_expansion_1_0_threshold_0_7.png,23598.61444553369,9771.95433387146,
../binary_PNG/binary_labels_mask_case_id_TCGA-CC-A8HT_1_1_cell_expansion_9_0_threshold_0_6.png,24554.00565842499,15502.306993283017,
../binary_PNG/binary_labels_mask_case_id_TCGA-CC-5261_2_4_cell_expansion_1_0_threshold_0_5.png,23709.131398746133,10869.069493147364,
../binary_PNG/binary_labels_mask_case_id_TCGA-CC-A1HT_4_3_cell_expansion_3_0_threshold_0_7.png,23893.84870225633,11387.989538101441,
../binary_PNG/binary_labels_mask_case_id_TCGA-G3-A7M6_1_4_cell_expansion_9_0_threshold_0_4.png,24133.243027384648,13212.940848848792,
../binary_PNG/binary_labels_mask_case_id_TCGA-BC-A69I_1_1_cell_expansion_15_0_threshold_0_8.png,23567.229419012183,9388.763573338205,
../binary_PNG/binary_labels_mask_case_id_TCGA-YA-A8S7_4_0_cell_expansion_15_0_threshold_0_6.png,24773.845836683668,17098.147228421316,
../binary_PNG/binary_labels_mask_case_id_TCGA-DD-AAED_2_2_cell_expansion_9_0_threshold_0_4.png,24359.40271700232,14320.416723205071,
../binary_PNG/binary_labels_mask_case_id_TCGA-CC-A3MA_1_1_cell_expansion_5_0_threshold_0_7.png,23921.74629692092,11553.739614190245,
../binary_PNG/binary_labels_mask_case_id_TCGA-CC-5261_0_4_cell_expansion_3_0_threshold_0_5.png,24244.655539165247,14059.568364385674,
../binary_PNG/binary_labels_mask_case_id_TCGA-CC-5261_0_2_cell_expansion_3_0_threshold_0_7.png,23565.08789277532,9958.057376975623,
../binary_PNG/binary_labels_mask_case_id_TCGA-DD-AAED_4_4_cell_expansion_13_0_threshold_0_8.png,24429.654918454296,14255.902677037404,
../binary_PNG/binary_labels_mask_case_id_TCGA-K7-AAU7_4_2_cell_expansion_9_0_threshold_0_8.png,23159.336418677285,7705.116200357603,
../binary_PNG/binary_labels_mask_case_id_TCGA-K7-AAU7_2_4_cell_expansion_9_0_threshold_0_5.png,23724.531619365465,10475.422832685364,
../binary_PNG/binary_labels_mask_case_id_TCGA-BC-A69I_4_1_cell_expansion_9_0_threshold_0_7.png,23625.14801996707,9708.781800257557,
../binary_PNG/binary_labels_mask_case_id_TCGA-CC-A1HT_1_2_cell_expansion_11_0_threshold_0_8.png,22697.630753673555,5173.741011274255,
../binary_PNG/binary_labels_mask_case_id_TCGA-CC-A1HT_2_2_cell_expansion_13_0_threshold_0_5.png,24739.005868835717,16393.272791927837,
../binary_PNG/binary_labels_mask_case_id_TCGA-BC-A69I_1_1_cell_expansion_13_0_threshold_0_7.png,24179.37742208728,12869.183075562903,
../binary_PNG/binary_labels_mask_case_id_TCGA-CC-5261_0_2_cell_expansion_1_0_threshold_0_6.png,23227.60251405154,8181.349441438034,
../binary_PNG/binary_labels_mask_case_id_TCGA-YA-A8S7_0_3_cell_expansion_9_0_threshold_0_6.png,24721.59633302295,16614.67896434903,
../binary_PNG/binary_labels_mask_case_id_TCGA-G3-A7M6_0_1_cell_expansion_9_0_threshold_0_8.png,23964.906819650685,11640.278922552781,
../binary_PNG/binary_labels_mask_case_id_TCGA-YA-A8S7_4_1_cell_expansion_15_0_threshold_0_4.png,24797.227245378,17467.30968077761,
../binary_PNG/binary_labels_mask_case_id_TCGA-CC-A1HT_3_0_cell_expansion_5_0_threshold_0_5.png,24737.06410965769,17100.614760633154,
../binary_PNG/binary_labels_mask_case_id_TCGA-DD-AAED_4_0_cell_expansion_11_0_threshold_0_8.png,24221.09196817502,13162.424403769804,
../binary_PNG/binary_labels_mask_case_id_TCGA-G3-A7M6_2_3_cell_expansion_15_0_threshold_0_8.png,23597.180633337957,9742.477862545169,
../binary_PNG/binary_labels_mask_case_id_TCGA-CC-A1HT_4_2_cell_expansion_3_0_threshold_0_7.png,23747.230437058995,10681.4337315776,
../binary_PNG/binary_labels_mask_case_id_TCGA-K7-AAU7_2_3_cell_expansion_9_0_threshold_0_7.png,23248.490021610167,7801.3026605202895,
../binary_PNG/binary_labels_mask_case_id_TCGA-CC-A3MA_1_0_cell_expansion_5_0_threshold_0_7.png,24509.548473852217,14961.392751342111,
../binary_PNG/binary_labels_mask_case_id_TCGA-YA-A8S7_4_4_cell_expansion_13_0_threshold_0_8.png,22295.564725834272,3345.9127204795473,
../binary_PNG/binary_labels_mask_case_id_TCGA-CC-A3MA_2_4_cell_expansion_1_0_threshold_0_8.png,22855.13281442537,6078.537381957285,
../binary_PNG/binary_labels_mask_case_id_TCGA-CC-A1HT_3_0_cell_expansion_7_0_threshold_0_4.png,24881.74810311152,18245.9609631548,
../binary_PNG/binary_labels_mask_case_id_TCGA-CC-A3MA_3_0_cell_expansion_5_0_threshold_0_6.png,22785.98958196005,5747.7126087887755,
../binary_PNG/binary_labels_mask_case_id_TCGA-CC-5261_2_3_cell_expansion_7_0_threshold_0_8.png,23613.962332897157,9552.707930549008,
../binary_PNG/binary_labels_mask_case_id_TCGA-YA-A8S7_0_4_cell_expansion_9_0_threshold_0_4.png,24670.146459461157,16586.858078325768,
../binary_PNG/binary_labels_mask_case_id_TCGA-G3-A7M6_3_1_cell_expansion_11_0_threshold_0_5.png,24789.85202626064,17567.898927827686,4.623959495408908
../binary_PNG/binary_labels_mask_case_id_TCGA-G3-A7M6_0_4_cell_expansion_13_0_threshold_0_7.png,24508.391099743578,15020.755073626317,
../binary_PNG/binary_labels_mask_case_id_TCGA-CC-A1HT_1_1_cell_expansion_5_0_threshold_0_8.png,22382.427314475248,3784.0639945445705,
../binary_PNG/binary_labels_mask_case_id_TCGA-G3-A5SK_1_3_cell_expansion_3_0_threshold_0_5.png,23759.69889838784,11051.98354772996,
../binary_PNG/binary_labels_mask_case_id_TCGA-BC-A69I_0_4_cell_expansion_1_0_threshold_0_8.png,22699.61215865112,5322.476586007486,
../binary_PNG/binary_labels_mask_case_id_TCGA-G3-A7M6_0_3_cell_expansion_1_0_threshold_0_7.png,23003.260328656816,6897.435269332646,
../binary_PNG/binary_labels_mask_case_id_TCGA-G3-A7M6_1_1_cell_expansion_3_0_threshold_0_4.png,23995.09942315963,12287.19023803171,
../binary_PNG/binary_labels_mask_case_id_TCGA-K7-AAU7_4_4_cell_expansion_11_0_threshold_0_5.png,24249.433534997792,13730.961998602155,
../binary_PNG/binary_labels_mask_case_id_TCGA-G3-A7M6_4_4_cell_expansion_3_0_threshold_0_6.png,23634.327289412777,10054.855086723066,
../binary_PNG/binary_labels_mask_case_id_TCGA-BC-A69I_3_0_cell_expansion_15_0_threshold_0_6.png,24222.99227527986,13161.556887679882,
../binary_PNG/binary_labels_mask_case_id_TCGA-G3-A7M6_0_3_cell_expansion_13_0_threshold_0_7.png,24332.84674562718,13858.695311706611,
../binary_PNG/binary_labels_mask_case_id_TCGA-BC-A69I_2_3_cell_expansion_7_0_threshold_0_8.png,23716.88086263102,10077.397394512474,
../binary_PNG/binary_labels_mask_case_id_TCGA-CC-A3MA_0_1_cell_expansion_9_0_threshold_0_4.png,23408.48091987185,9089.645441400298,
../binary_PNG/binary_labels_mask_case_id_TCGA-K7-AAU7_0_0_cell_expansion_5_0_threshold_0_7.png,22616.464665994237,4815.228847598108,
../binary_PNG/binary_labels_mask_case_id_TCGA-DD-AAED_3_2_cell_expansion_5_0_threshold_0_7.png,24607.895203919972,15743.185070852172,
../binary_PNG/binary_labels_mask_case_id_TCGA-K7-AAU7_3_2_cell_expansion_5_0_threshold_0_4.png,24260.660453036107,14117.926517273867,
../binary_PNG/binary_labels_mask_case_id_TCGA-CC-5261_4_1_cell_expansion_13_0_threshold_0_7.png,24564.188480283254,15414.275165739675,
../binary_PNG/binary_labels_mask_case_id_TCGA-DD-AAED_0_0_cell_expansion_5_0_threshold_0_4.png,24673.920035531308,16392.282529075455,
../binary_PNG/binary_labels_mask_case_id_TCGA-CC-A1HT_3_2_cell_expansion_13_0_threshold_0_5.png,24737.570211642666,16380.0423825183,
../binary_PNG/binary_labels_mask_case_id_TCGA-CC-5261_4_4_cell_expansion_13_0_threshold_0_8.png,24352.398706272957,13818.023705090842,1.1001762538054798
../binary_PNG/binary_labels_mask_case_id_TCGA-G3-A7M6_1_0_cell_expansion_13_0_threshold_0_6.png,24555.893883376702,15591.458580055181,
../binary_PNG/binary_labels_mask_case_id_TCGA-CC-A8HT_3_3_cell_expansion_7_0_threshold_0_7.png,23908.360647530026,11372.154438546111,
../binary_PNG/binary_labels_mask_case_id_TCGA-BC-A69I_4_2_cell_expansion_1_0_threshold_0_4.png,23229.471566688408,7975.805017184076,
../binary_PNG/binary_labels_mask_case_id_TCGA-BC-A69I_2_2_cell_expansion_5_0_threshold_0_5.png,24253.80184359793,13412.824240453458,
../binary_PNG/binary_labels_mask_case_id_TCGA-CC-A1HT_1_1_cell_expansion_13_0_threshold_0_8.png,22429.001445671245,4015.1919621207458,
../binary_PNG/binary_labels_mask_case_id_TCGA-CC-5261_2_1_cell_expansion_9_0_threshold_0_4.png,24635.003467873456,16160.931545979372,
../binary_PNG/binary_labels_mask_case_id_TCGA-CC-A8HT_4_1_cell_expansion_3_0_threshold_0_4.png,23928.848035941293,12020.28745628568,
../binary_PNG/binary_labels_mask_case_id_TCGA-CC-A1HT_0_3_cell_expansion_15_0_threshold_0_4.png,24735.60972838988,16781.795061853605,
../binary_PNG/binary_labels_mask_case_id_TCGA-CC-5261_4_1_cell_expansion_11_0_threshold_0_6.png,24745.394510513903,16841.94310953528,
../binary_PNG/binary_labels_mask_case_id_TCGA-K7-AAU7_4_0_cell_expansion_1_0_threshold_0_7.png,22796.1363987682,5789.031134615639,
../binary_PNG/binary_labels_mask_case_id_TCGA-BC-A69I_3_0_cell_expansion_1_0_threshold_0_5.png,23101.98111743839,7397.977275044433,
../binary_PNG/binary_labels_mask_case_id_TCGA-CC-A3MA_3_4_cell_expansion_9_0_threshold_0_5.png,24695.5649853882,16673.1160982274,
../binary_PNG/binary_labels_mask_case_id_TCGA-G3-A7M6_0_3_cell_expansion_5_0_threshold_0_5.png,24371.414852662892,14251.020276890064,
../binary_PNG/binary_labels_mask_case_id_TCGA-CC-5261_3_4_cell_expansion_9_0_threshold_0_4.png,24779.922350158122,17011.994044077826,
../binary_PNG/binary_labels_mask_case_id_TCGA-CC-5261_4_0_cell_expansion_11_0_threshold_0_8.png,23682.15401680425,10154.204213098306,
../binary_PNG/binary_labels_mask_case_id_TCGA-DD-AAED_1_2_cell_expansion_3_0_threshold_0_5.png,24183.84525420625,13399.483754472622,
../binary_PNG/binary_labels_mask_case_id_TCGA-K7-AAU7_2_0_cell_expansion_3_0_threshold_0_5.png,22527.3661345154,4443.068105799171,
../binary_PNG/binary_labels_mask_case_id_TCGA-G3-A7M6_4_3_cell_expansion_3_0_threshold_0_4.png,23932.821074588417,11899.71292923949,
../binary_PNG/binary_labels_mask_case_id_TCGA-YA-A8S7_3_4_cell_expansion_1_0_threshold_0_8.png,22295.564725834272,3345.9127204795473,
../binary_PNG/binary_labels_mask_case_id_TCGA-CC-A1HT_1_4_cell_expansion_9_0_threshold_0_7.png,23419.905749599362,8795.526046817944,
../binary_PNG/binary_labels_mask_case_id_TCGA-CC-A8HT_3_4_cell_expansion_5_0_threshold_0_4.png,24432.778466449803,15073.056115722784,
../binary_PNG/binary_labels_mask_case_id_TCGA-YA-A8S7_4_2_cell_expansion_11_0_threshold_0_7.png,22862.991069915595,5823.093571376932,
../binary_PNG/binary_labels_mask_case_id_TCGA-CC-5261_4_1_cell_expansion_9_0_threshold_0_7.png,24559.99821616536,15379.763959559956,
../binary_PNG/binary_labels_mask_case_id_TCGA-CC-A8HT_0_1_cell_expansion_1_0_threshold_0_7.png,23154.122774055177,7626.118501499875,
../binary_PNG/binary_labels_mask_case_id_TCGA-G3-A7M6_2_3_cell_expansion_5_0_threshold_0_4.png,24475.09553206745,15148.508721060898,
../binary_PNG/binary_labels_mask_case_id_TCGA-K7-AAU7_4_0_cell_expansion_5_0_threshold_0_5.png,24605.0600464831,16339.639867777034,0.16038103332270973
../binary_PNG/binary_labels_mask_case_id_TCGA-DD-AAED_4_3_cell_expansion_13_0_threshold_0_8.png,24028.921360300094,12139.714992474617,
../binary_PNG/binary_labels_mask_case_id_TCGA-K7-AAU7_2_1_cell_expansion_1_0_threshold_0_8.png,22326.18826238919,3486.5782964897166,
../binary_PNG/binary_labels_mask_case_id_TCGA-K7-AAU7_3_2_cell_expansion_3_0_threshold_0_7.png,22888.43878684024,6280.250510462409,
