image_name,signal_b50,signal_b800,signal_b2000,pixel_ratio
labels_mask_case_id_TCGA-YA-A8S7_3_1_cell_expansion_7_0_threshold_0_7_facet_size_3.0.csv.tif,24090.04874553966,12296.88340151767,6487.8953086126685,1.05570353729367
labels_mask_case_id_TCGA-CC-A8HT_3_4_cell_expansion_13_0_threshold_0_8_facet_size_3.0.csv.tif,22765.582444566582,5639.708756821316,1997.9000661900366,0.17058434678292236
labels_mask_case_id_TCGA-CC-A1HT_4_1_cell_expansion_15_0_threshold_0_5_facet_size_3.0.csv.tif,24778.209757480734,17154.599248759856,11028.705197528474,6.521155037056274
labels_mask_case_id_TCGA-K7-AAU7_2_0_cell_expansion_11_0_threshold_0_6_facet_size_3.0.csv.tif,22560.85642068167,4510.1062819637455,1250.1265502618166,0.05746945888987997
labels_mask_case_id_TCGA-G3-A7M6_2_0_cell_expansion_5_0_threshold_0_6_facet_size_3.0.csv.tif,24561.98612716961,15844.638122840857,10144.715577438728,2.0522099724447744
labels_mask_case_id_TCGA-G3-A5SK_2_0_cell_expansion_11_0_threshold_0_7_facet_size_3.0.csv.tif,24461.170737385888,14925.328044951191,8987.15081734095,1.9886864640298445
labels_mask_case_id_TCGA-CC-5261_2_4_cell_expansion_9_0_threshold_0_8_facet_size_3.0.csv.tif,24241.03807425233,13211.143185014842,7049.252850120955,1.7929549568262069
labels_mask_case_id_TCGA-YA-A8S7_0_1_cell_expansion_11_0_threshold_0_8_facet_size_3.0.csv.tif,23478.79550788618,9045.837692286237,4167.681629099693,0.5345918435188716
labels_mask_case_id_TCGA-K7-AAU7_1_1_cell_expansion_3_0_threshold_0_4_facet_size_3.0.csv.tif,24208.158044002124,13862.194638621784,9399.600996398764,0.7940945993534325
labels_mask_case_id_TCGA-YA-A8S7_2_4_cell_expansion_3_0_threshold_0_5_facet_size_3.0.csv.tif,22449.204203362955,4127.227824507435,1090.3206382292456,0.040142694428746364
labels_mask_case_id_TCGA-K7-AAU7_2_3_cell_expansion_3_0_threshold_0_7_facet_size_3.0.csv.tif,22874.26950095544,6106.3688107037515,2556.726995535561,0.13553569021333445
labels_mask_case_id_TCGA-BC-A69I_1_3_cell_expansion_3_0_threshold_0_7_facet_size_3.0.csv.tif,23509.444177317582,9447.553927331268,4952.035290663362,0.4197353106059273
labels_mask_case_id_TCGA-BC-A69I_0_1_cell_expansion_1_0_threshold_0_4_facet_size_3.0.csv.tif,23297.501333060693,8461.936575073914,4722.797751168993,0.26485824573426997
labels_mask_case_id_TCGA-CC-A3MA_2_1_cell_expansion_11_0_threshold_0_4_facet_size_3.0.csv.tif,24917.824526329023,18508.69556226864,12885.769382111635,
labels_mask_case_id_TCGA-CC-A8HT_0_4_cell_expansion_7_0_threshold_0_8_facet_size_3.0.csv.tif,22864.64339710514,6065.618292175115,2183.5413350096105,
labels_mask_case_id_TCGA-CC-A3MA_1_4_cell_expansion_13_0_threshold_0_6_facet_size_3.0.csv.tif,24829.44647457547,17358.249651347207,10954.026757479722,14.456098162535454
labels_mask_case_id_TCGA-CC-A3MA_0_4_cell_expansion_9_0_threshold_0_8_facet_size_3.0.csv.tif,22769.041736826748,5525.703335830648,1875.2762267244461,0.14807220265172458
labels_mask_case_id_TCGA-DD-AAED_0_4_cell_expansion_15_0_threshold_0_5_facet_size_3.0.csv.tif,24656.523688795838,15862.391645371456,9182.380610695736,4.140284401224005
labels_mask_case_id_TCGA-CC-A3MA_1_0_cell_expansion_9_0_threshold_0_4_facet_size_3.0.csv.tif,24865.215445538648,17731.758977996644,11400.992104172254,17.05929299883127
labels_mask_case_id_TCGA-CC-A8HT_3_0_cell_expansion_11_0_threshold_0_8_facet_size_3.0.csv.tif,23497.628803499112,9080.48287652119,4051.651354113338,0.5762979980491949
labels_mask_case_id_TCGA-CC-A8HT_1_1_cell_expansion_7_0_threshold_0_8_facet_size_3.0.csv.tif,23112.311336366227,7123.106372558967,2796.8707419536267,
labels_mask_case_id_TCGA-G3-A5SK_1_1_cell_expansion_11_0_threshold_0_5_facet_size_3.0.csv.tif,24366.448719023156,14030.597428184072,7840.070855060895,
labels_mask_case_id_TCGA-CC-A8HT_3_1_cell_expansion_5_0_threshold_0_8_facet_size_3.0.csv.tif,22908.921346295658,6245.540788869711,2409.618570175794,0.18534074790711333
labels_mask_case_id_TCGA-DD-AAED_4_4_cell_expansion_5_0_threshold_0_6_facet_size_3.0.csv.tif,24797.354695321203,17338.663013279333,11200.838634444866,3.398603211988512
labels_mask_case_id_TCGA-G3-A7M6_4_0_cell_expansion_5_0_threshold_0_5_facet_size_3.0.csv.tif,24780.551021930958,17822.859792029034,12792.101623901346,2.9759068397804844
labels_mask_case_id_TCGA-CC-A1HT_4_1_cell_expansion_11_0_threshold_0_7_facet_size_3.0.csv.tif,24507.557821608112,15094.031700988708,8794.6599891039,3.28119918583628
labels_mask_case_id_TCGA-K7-AAU7_2_2_cell_expansion_5_0_threshold_0_8_facet_size_3.0.csv.tif,22345.177496387743,3629.566922968249,804.5775681363448,0.014924648441065015
labels_mask_case_id_TCGA-CC-5261_3_0_cell_expansion_9_0_threshold_0_4_facet_size_3.0.csv.tif,24701.047032344017,16458.5910899375,10183.389883612344,3.618922991676157
labels_mask_case_id_TCGA-YA-A8S7_0_0_cell_expansion_13_0_threshold_0_7_facet_size_3.0.csv.tif,24224.428435801343,13072.508206755932,7092.03289169448,1.2241367273957235
labels_mask_case_id_TCGA-YA-A8S7_0_3_cell_expansion_1_0_threshold_0_7_facet_size_3.0.csv.tif,23283.266407374125,8344.635728138772,4494.268292935138,0.2618223888772984
labels_mask_case_id_TCGA-K7-AAU7_0_4_cell_expansion_1_0_threshold_0_5_facet_size_3.0.csv.tif,23147.811610033797,7535.044852300493,4079.226211873805,0.1736847605297403
labels_mask_case_id_TCGA-YA-A8S7_1_3_cell_expansion_13_0_threshold_0_6_facet_size_3.0.csv.tif,24667.38759422276,16165.351625752275,9861.877437263005,3.409147259019001
labels_mask_case_id_TCGA-YA-A8S7_4_4_cell_expansion_3_0_threshold_0_6_facet_size_3.0.csv.tif,22434.36102004295,3912.75627487793,854.2043243057425,0.03590137665831204
labels_mask_case_id_TCGA-DD-AAED_3_0_cell_expansion_15_0_threshold_0_8_facet_size_3.0.csv.tif,24221.68237631634,12951.02482493477,6606.043363710049,1.6294294727438536
labels_mask_case_id_TCGA-BC-A69I_0_2_cell_expansion_9_0_threshold_0_7_facet_size_3.0.csv.tif,23524.503403225805,9466.553813305658,4503.239148159648,
labels_mask_case_id_TCGA-CC-A1HT_4_1_cell_expansion_1_0_threshold_0_4_facet_size_3.0.csv.tif,23855.53412412032,11672.510922486987,7334.925326691675,0.5915698565338297
labels_mask_case_id_TCGA-CC-A8HT_2_1_cell_expansion_13_0_threshold_0_7_facet_size_3.0.csv.tif,24269.836174465763,13503.915910948765,7373.060308066073,1.6383508658491182
labels_mask_case_id_TCGA-G3-A7M6_0_4_cell_expansion_9_0_threshold_0_4_facet_size_3.0.csv.tif,24708.471866256426,16544.356553352445,10287.020875349412,3.30792599730934
labels_mask_case_id_TCGA-CC-A3MA_3_1_cell_expansion_13_0_threshold_0_5_facet_size_3.0.csv.tif,24847.78572909308,17955.879848426124,12322.871394655582,5.153007444047078
labels_mask_case_id_TCGA-CC-A3MA_3_0_cell_expansion_15_0_threshold_0_8_facet_size_3.0.csv.tif,22295.564725834272,3345.9127204795473,555.5313772235761,0.0
labels_mask_case_id_TCGA-CC-5261_2_2_cell_expansion_15_0_threshold_0_7_facet_size_3.0.csv.tif,24685.595940050236,16228.480622665154,9812.03793543495,
labels_mask_case_id_TCGA-CC-A8HT_1_2_cell_expansion_9_0_threshold_0_8_facet_size_3.0.csv.tif,22849.296165196356,6021.10199626425,2312.2045839869274,0.1837339709534446
labels_mask_case_id_TCGA-DD-AAED_2_1_cell_expansion_15_0_threshold_0_6_facet_size_3.0.csv.tif,24766.87544330736,16832.35648206821,10281.967187827062,9.046867484903006
labels_mask_case_id_TCGA-DD-AAED_3_2_cell_expansion_9_0_threshold_0_4_facet_size_3.0.csv.tif,24842.94865711564,17498.690097324594,11133.969345430996,12.876928365777147
labels_mask_case_id_TCGA-CC-A8HT_3_2_cell_expansion_13_0_threshold_0_6_facet_size_3.0.csv.tif,24584.78874849688,15739.948335701609,9710.919267967394,2.802839313467354
labels_mask_case_id_TCGA-CC-A3MA_0_4_cell_expansion_11_0_threshold_0_7_facet_size_3.0.csv.tif,23603.518303070443,9783.609987923308,4765.541982361143,0.5688799260753578
labels_mask_case_id_TCGA-YA-A8S7_2_0_cell_expansion_15_0_threshold_0_8_facet_size_3.0.csv.tif,23364.8630334915,8132.009481775669,3201.489175637122,0.4668869791680177
labels_mask_case_id_TCGA-G3-A7M6_4_3_cell_expansion_9_0_threshold_0_4_facet_size_3.0.csv.tif,24471.397977090684,15011.6540542051,8928.57221331324,2.0491842613598834
labels_mask_case_id_TCGA-CC-A1HT_4_1_cell_expansion_3_0_threshold_0_5_facet_size_3.0.csv.tif,24375.492662425942,14681.752951416323,9273.5842886991,1.3569423099194637
labels_mask_case_id_TCGA-CC-A8HT_1_0_cell_expansion_15_0_threshold_0_6_facet_size_3.0.csv.tif,24623.70721514125,15943.765321296001,9773.123224845529,2.9266265186061893
labels_mask_case_id_TCGA-G3-A7M6_4_2_cell_expansion_9_0_threshold_0_8_facet_size_3.0.csv.tif,22723.319399639517,5456.755730687819,1989.3554061333318,0.13209337359215725
labels_mask_case_id_TCGA-CC-5261_1_2_cell_expansion_5_0_threshold_0_8_facet_size_3.0.csv.tif,23452.63547486248,8900.243623109656,4107.514918688605,0.4190010019794283
labels_mask_case_id_TCGA-CC-A8HT_1_4_cell_expansion_13_0_threshold_0_4_facet_size_3.0.csv.tif,24767.01065578802,16915.064187322445,10581.422841266478,3.776633495659538
labels_mask_case_id_TCGA-CC-A3MA_4_1_cell_expansion_1_0_threshold_0_7_facet_size_3.0.csv.tif,23540.647007742547,9742.373600047758,5479.964869352401,0.3745237001446416
labels_mask_case_id_TCGA-G3-A5SK_3_4_cell_expansion_15_0_threshold_0_4_facet_size_3.0.csv.tif,24947.650402051466,18803.589942830567,13256.660658672808,7.273891878042531
labels_mask_case_id_TCGA-K7-AAU7_3_4_cell_expansion_15_0_threshold_0_5_facet_size_3.0.csv.tif,24225.60590402694,13372.369067370106,7665.240537924717,1.258739530523196
labels_mask_case_id_TCGA-CC-5261_2_1_cell_expansion_5_0_threshold_0_7_facet_size_3.0.csv.tif,24039.034009618434,12357.95514216058,6819.8007968704405,1.0482565328946294
labels_mask_case_id_TCGA-BC-A69I_4_0_cell_expansion_11_0_threshold_0_6_facet_size_3.0.csv.tif,24273.290564603667,13385.881863180939,7228.075132219794,1.8106793213514167
labels_mask_case_id_TCGA-K7-AAU7_1_2_cell_expansion_11_0_threshold_0_5_facet_size_3.0.csv.tif,24199.57771761743,13475.221725729058,8176.565566656823,1.0961429181600402
labels_mask_case_id_TCGA-CC-5261_1_3_cell_expansion_3_0_threshold_0_7_facet_size_3.0.csv.tif,23749.848543109023,10827.88749216975,5926.625777892232,0.5664740285756146
labels_mask_case_id_TCGA-G3-A5SK_4_2_cell_expansion_3_0_threshold_0_7_facet_size_3.0.csv.tif,23517.77527237264,9570.67438065531,5215.477881502782,0.4027380702188541
labels_mask_case_id_TCGA-CC-5261_0_4_cell_expansion_13_0_threshold_0_6_facet_size_3.0.csv.tif,24652.832994377422,16331.619969762698,10520.438424771266,2.650846931700829
labels_mask_case_id_TCGA-CC-A3MA_2_1_cell_expansion_3_0_threshold_0_5_facet_size_3.0.csv.tif,24549.83819668269,16081.452406011993,10923.977013271391,1.7538512926226582
labels_mask_case_id_TCGA-G3-A5SK_0_1_cell_expansion_11_0_threshold_0_5_facet_size_3.0.csv.tif,24607.43271604618,15887.597571043882,9832.215303746407,2.0880855682902357
labels_mask_case_id_TCGA-G3-A5SK_1_0_cell_expansion_7_0_threshold_0_5_facet_size_3.0.csv.tif,24562.07730150347,15666.203278830175,9638.436095827064,
labels_mask_case_id_TCGA-CC-A3MA_3_4_cell_expansion_5_0_threshold_0_6_facet_size_3.0.csv.tif,24439.45569751256,14962.82213831337,9112.913304154084,2.249516750257109
labels_mask_case_id_TCGA-CC-5261_3_0_cell_expansion_15_0_threshold_0_8_facet_size_3.0.csv.tif,23584.474492279256,9550.996520173398,4389.37163427742,0.6034201902377013
labels_mask_case_id_TCGA-CC-A3MA_4_1_cell_expansion_5_0_threshold_0_5_facet_size_3.0.csv.tif,24672.11938799496,16441.73195562674,10438.461628772782,2.9889226210157243
labels_mask_case_id_TCGA-CC-A3MA_1_3_cell_expansion_11_0_threshold_0_7_facet_size_3.0.csv.tif,24541.953919555668,15089.92210410623,8637.306246860087,3.3177767838711896
labels_mask_case_id_TCGA-CC-A3MA_1_4_cell_expansion_5_0_threshold_0_7_facet_size_3.0.csv.tif,24638.53033836972,15973.489964912524,9680.108656062772,2.7656849080696717
labels_mask_case_id_TCGA-K7-AAU7_1_4_cell_expansion_9_0_threshold_0_8_facet_size_3.0.csv.tif,22295.564725834272,3345.9127204795473,555.5313772235761,0.0
labels_mask_case_id_TCGA-G3-A5SK_2_2_cell_expansion_5_0_threshold_0_7_facet_size_3.0.csv.tif,24187.530606434317,13235.158218533948,7573.8317912763005,1.0507244334838346
labels_mask_case_id_TCGA-DD-AAED_4_0_cell_expansion_9_0_threshold_0_5_facet_size_3.0.csv.tif,24653.53193458539,16299.420371711303,10198.301586502763,4.29510039783596
labels_mask_case_id_TCGA-CC-5261_4_0_cell_expansion_5_0_threshold_0_8_facet_size_3.0.csv.tif,23343.02419635032,8450.300067805534,3784.7968909028664,0.3516332618927098
labels_mask_case_id_TCGA-CC-5261_2_2_cell_expansion_13_0_threshold_0_4_facet_size_3.0.csv.tif,24819.216824220664,17349.684144082574,11116.62568209847,7.787729903837176
labels_mask_case_id_TCGA-DD-AAED_2_1_cell_expansion_13_0_threshold_0_5_facet_size_3.0.csv.tif,24791.84710052534,17050.20561489939,10531.563024244864,9.538036827010211
labels_mask_case_id_TCGA-G3-A7M6_4_2_cell_expansion_9_0_threshold_0_4_facet_size_3.0.csv.tif,24702.894139433414,17533.03342623504,12744.098401663015,2.8385222013269447
labels_mask_case_id_TCGA-BC-A69I_1_1_cell_expansion_9_0_threshold_0_5_facet_size_3.0.csv.tif,24367.815341592777,14047.203786952707,7951.333383909674,1.779125028141758
labels_mask_case_id_TCGA-YA-A8S7_2_4_cell_expansion_13_0_threshold_0_6_facet_size_3.0.csv.tif,22379.532623335257,3769.691765016888,851.282079073336,0.021284741833956167
labels_mask_case_id_TCGA-CC-5261_3_4_cell_expansion_3_0_threshold_0_8_facet_size_3.0.csv.tif,23174.03264091668,7603.941997012469,3374.069071346706,0.2529925547356995
labels_mask_case_id_TCGA-DD-AAED_3_3_cell_expansion_11_0_threshold_0_7_facet_size_3.0.csv.tif,24766.364959880553,16893.22474471462,10443.656875725459,5.2541258234355075
labels_mask_case_id_TCGA-CC-5261_2_3_cell_expansion_11_0_threshold_0_7_facet_size_3.0.csv.tif,24619.276933847384,15652.969962951101,9049.284323917223,3.2990010904461315
labels_mask_case_id_TCGA-CC-A3MA_0_0_cell_expansion_15_0_threshold_0_8_facet_size_3.0.csv.tif,23276.322263223563,8008.097649392179,3274.9195372044624,0.48844391944833127
labels_mask_case_id_TCGA-G3-A5SK_1_1_cell_expansion_1_0_threshold_0_6_facet_size_3.0.csv.tif,22992.274210572417,6838.240772974422,3418.8846603287548,0.15706991028621017
labels_mask_case_id_TCGA-YA-A8S7_4_1_cell_expansion_9_0_threshold_0_6_facet_size_3.0.csv.tif,24725.32163765716,16744.574707681422,10603.272152939,3.5944184912865094
labels_mask_case_id_TCGA-K7-AAU7_1_3_cell_expansion_9_0_threshold_0_6_facet_size_3.0.csv.tif,22910.315128526265,6179.467534802879,2436.348268810147,0.16316541187575612
labels_mask_case_id_TCGA-CC-A8HT_0_2_cell_expansion_13_0_threshold_0_6_facet_size_3.0.csv.tif,24437.70165134116,14467.108760593359,8267.614294081282,1.9440565007288353
labels_mask_case_id_TCGA-CC-A3MA_3_2_cell_expansion_5_0_threshold_0_4_facet_size_3.0.csv.tif,24785.974352091802,17463.247082658738,11690.38872700671,
labels_mask_case_id_TCGA-G3-A7M6_0_4_cell_expansion_9_0_threshold_0_8_facet_size_3.0.csv.tif,23951.564049097004,11712.770985214629,6071.540040895739,0.935947064483431
labels_mask_case_id_TCGA-BC-A69I_0_3_cell_expansion_9_0_threshold_0_7_facet_size_3.0.csv.tif,23981.28740076562,11630.31815512325,5854.795442010124,1.1281892093040784
labels_mask_case_id_TCGA-CC-A1HT_4_0_cell_expansion_1_0_threshold_0_4_facet_size_3.0.csv.tif,23518.220422329625,9832.330028780452,6060.284169754774,0.3615418692045047
labels_mask_case_id_TCGA-CC-A3MA_4_0_cell_expansion_3_0_threshold_0_6_facet_size_3.0.csv.tif,24480.653248288374,15345.994172407298,9863.668234133424,
labels_mask_case_id_TCGA-G3-A5SK_2_3_cell_expansion_3_0_threshold_0_4_facet_size_3.0.csv.tif,23938.330392737305,12154.972792063621,7586.557991241245,0.6900602757130678
labels_mask_case_id_TCGA-CC-A1HT_0_0_cell_expansion_7_0_threshold_0_5_facet_size_3.0.csv.tif,24247.564617432334,13924.51947315816,8563.037015263051,1.2016451359819893
labels_mask_case_id_TCGA-BC-A69I_4_1_cell_expansion_15_0_threshold_0_6_facet_size_3.0.csv.tif,23812.019063112417,10645.086184217847,5236.839762851485,0.9103370605743705
labels_mask_case_id_TCGA-CC-A8HT_2_1_cell_expansion_15_0_threshold_0_8_facet_size_3.0.csv.tif,23114.838189537026,7006.790251225519,2544.162464300416,
labels_mask_case_id_TCGA-G3-A5SK_4_3_cell_expansion_1_0_threshold_0_6_facet_size_3.0.csv.tif,23143.811304194583,7687.1476116316235,4262.274527787857,0.20098143858795497
labels_mask_case_id_TCGA-K7-AAU7_0_4_cell_expansion_13_0_threshold_0_6_facet_size_3.0.csv.tif,23858.485039003022,11257.174150390538,6138.542174995831,0.6521654489820263
labels_mask_case_id_TCGA-CC-A8HT_3_3_cell_expansion_13_0_threshold_0_4_facet_size_3.0.csv.tif,24665.24637231577,16496.945293098408,10772.270171150674,
labels_mask_case_id_TCGA-G3-A5SK_0_1_cell_expansion_13_0_threshold_0_8_facet_size_3.0.csv.tif,23699.395047974722,10108.106708540232,4862.989782841818,0.6213354721125044
labels_mask_case_id_TCGA-CC-A3MA_0_0_cell_expansion_3_0_threshold_0_4_facet_size_3.0.csv.tif,23505.160650360653,9774.435491388653,5332.384346389842,0.5344982710509845
labels_mask_case_id_TCGA-CC-5261_3_2_cell_expansion_3_0_threshold_0_6_facet_size_3.0.csv.tif,24167.420101848616,13297.660344086846,8058.672774571809,0.9481689096248129
labels_mask_case_id_TCGA-YA-A8S7_2_4_cell_expansion_15_0_threshold_0_5_facet_size_3.0.csv.tif,22621.28103046233,4905.256911970963,1520.181394716701,0.12547908399985072
labels_mask_case_id_TCGA-G3-A7M6_3_0_cell_expansion_9_0_threshold_0_5_facet_size_3.0.csv.tif,24658.883230343374,16080.31581276272,9655.577785241068,2.799532183861524
labels_mask_case_id_TCGA-CC-5261_3_1_cell_expansion_11_0_threshold_0_8_facet_size_3.0.csv.tif,24031.778062895377,11824.576320142705,5845.5278170584525,1.2115725083080904
labels_mask_case_id_TCGA-G3-A5SK_0_4_cell_expansion_1_0_threshold_0_6_facet_size_3.0.csv.tif,23013.683680482558,6941.72154827668,3544.401418114809,0.16559646769886338
labels_mask_case_id_TCGA-CC-5261_3_4_cell_expansion_11_0_threshold_0_7_facet_size_3.0.csv.tif,24509.279733655883,14906.382193903844,8463.406971415585,2.7732406646489345
labels_mask_case_id_TCGA-CC-A3MA_2_0_cell_expansion_3_0_threshold_0_5_facet_size_3.0.csv.tif,24541.078718650977,15589.806173952116,9840.499671520134,1.556794536445607
labels_mask_case_id_TCGA-CC-A8HT_0_3_cell_expansion_13_0_threshold_0_8_facet_size_3.0.csv.tif,23121.43775707908,7038.400018852157,2557.9587149951603,0.3394860918721957
labels_mask_case_id_TCGA-K7-AAU7_0_4_cell_expansion_11_0_threshold_0_7_facet_size_3.0.csv.tif,22751.753124064693,5388.370669079724,1866.087207743758,0.11369979048174399
labels_mask_case_id_TCGA-G3-A7M6_0_2_cell_expansion_9_0_threshold_0_6_facet_size_3.0.csv.tif,24629.001436533043,15847.86375621321,9392.822062967487,2.478001994485833
labels_mask_case_id_TCGA-CC-A3MA_3_0_cell_expansion_11_0_threshold_0_6_facet_size_3.0.csv.tif,22816.69099240894,5848.9845706316355,2237.3992139304023,0.1504566888819422
labels_mask_case_id_TCGA-G3-A5SK_3_2_cell_expansion_15_0_threshold_0_6_facet_size_3.0.csv.tif,24689.796912543607,16565.64879552973,10602.879697988044,3.1471195401411416
labels_mask_case_id_TCGA-K7-AAU7_1_0_cell_expansion_11_0_threshold_0_6_facet_size_3.0.csv.tif,23031.529258450377,6979.798600009714,3145.270285055845,0.21850257758337419
labels_mask_case_id_TCGA-CC-A3MA_1_0_cell_expansion_15_0_threshold_0_8_facet_size_3.0.csv.tif,24214.969772290708,12768.713199209651,6319.281189523591,2.048599146231215
labels_mask_case_id_TCGA-DD-AAED_0_2_cell_expansion_1_0_threshold_0_4_facet_size_3.0.csv.tif,23750.52376866061,11119.0540215987,6969.321966170975,0.4661429460842485
labels_mask_case_id_TCGA-CC-A8HT_4_3_cell_expansion_5_0_threshold_0_5_facet_size_3.0.csv.tif,24170.709585005192,13211.20673398654,7803.814918008226,1.1161477924002663
labels_mask_case_id_TCGA-G3-A5SK_2_4_cell_expansion_15_0_threshold_0_8_facet_size_3.0.csv.tif,23678.948950217346,10025.160107887395,4711.071575471005,0.630238574137124
labels_mask_case_id_TCGA-CC-A3MA_0_4_cell_expansion_9_0_threshold_0_4_facet_size_3.0.csv.tif,24440.039813683565,14963.194432213742,9209.918832832544,1.7571078404378084
labels_mask_case_id_TCGA-CC-A3MA_2_4_cell_expansion_11_0_threshold_0_7_facet_size_3.0.csv.tif,24603.992403961045,15487.535470148188,8932.070364911964,3.8649167940758504
labels_mask_case_id_TCGA-YA-A8S7_2_2_cell_expansion_13_0_threshold_0_8_facet_size_3.0.csv.tif,23562.970346431626,9094.547936709438,3825.3601757643346,0.6404365473913834
labels_mask_case_id_TCGA-DD-AAED_4_2_cell_expansion_5_0_threshold_0_4_facet_size_3.0.csv.tif,24608.19259600263,16234.080889308701,10431.233619710545,
labels_mask_case_id_TCGA-CC-A3MA_2_4_cell_expansion_9_0_threshold_0_5_facet_size_3.0.csv.tif,24855.560816634174,17723.553898253722,11564.446133322805,9.412497749961922
labels_mask_case_id_TCGA-YA-A8S7_2_2_cell_expansion_5_0_threshold_0_4_facet_size_3.0.csv.tif,24393.65483048317,14358.054817463708,8270.645702180458,1.499351963060237
labels_mask_case_id_TCGA-YA-A8S7_0_4_cell_expansion_3_0_threshold_0_8_facet_size_3.0.csv.tif,22504.25427363412,4295.79021098515,1180.7769640993547,0.04561618576520582
labels_mask_case_id_TCGA-CC-A3MA_3_3_cell_expansion_15_0_threshold_0_5_facet_size_3.0.csv.tif,24807.15713967895,17124.005171282275,10607.539517578118,11.64609002815829
labels_mask_case_id_TCGA-CC-5261_3_3_cell_expansion_13_0_threshold_0_6_facet_size_3.0.csv.tif,24874.42173455257,17921.580400657433,11824.565538782595,7.209652390383951
labels_mask_case_id_TCGA-K7-AAU7_3_0_cell_expansion_3_0_threshold_0_5_facet_size_3.0.csv.tif,23754.51343022,11058.283363562314,6665.902752438058,0.5012470482983996
labels_mask_case_id_TCGA-G3-A5SK_1_0_cell_expansion_13_0_threshold_0_6_facet_size_3.0.csv.tif,24562.147058180853,15630.575226226609,9547.147873511618,2.4001874922757405
labels_mask_case_id_TCGA-YA-A8S7_0_3_cell_expansion_7_0_threshold_0_8_facet_size_3.0.csv.tif,23063.46406320019,7002.605209908268,2840.9418416157646,0.26298627698623006
labels_mask_case_id_TCGA-CC-A3MA_4_3_cell_expansion_9_0_threshold_0_4_facet_size_3.0.csv.tif,24885.14365845632,18039.203929693973,11961.438093621968,
labels_mask_case_id_TCGA-K7-AAU7_1_0_cell_expansion_7_0_threshold_0_6_facet_size_3.0.csv.tif,23027.68714067232,6960.611973091667,3133.3872799636188,0.2167289908643771
labels_mask_case_id_TCGA-BC-A69I_3_2_cell_expansion_5_0_threshold_0_5_facet_size_3.0.csv.tif,23929.53618075349,11615.509894706967,6114.008990271848,0.7836680737280115
labels_mask_case_id_TCGA-CC-A8HT_0_0_cell_expansion_11_0_threshold_0_8_facet_size_3.0.csv.tif,23156.97739410377,7342.696276002374,2985.360255029744,0.33376057739433546
labels_mask_case_id_TCGA-CC-A8HT_0_3_cell_expansion_7_0_threshold_0_6_facet_size_3.0.csv.tif,24434.87102531896,14667.328130031095,8612.874768239652,
labels_mask_case_id_TCGA-BC-A69I_4_0_cell_expansion_3_0_threshold_0_7_facet_size_3.0.csv.tif,23426.991040708843,8947.455027482009,4464.786515258249,0.37149542653086287
labels_mask_case_id_TCGA-K7-AAU7_1_4_cell_expansion_13_0_threshold_0_6_facet_size_3.0.csv.tif,23401.29452554104,9069.045403238302,4846.441050475003,0.3870080430963986
labels_mask_case_id_TCGA-YA-A8S7_1_1_cell_expansion_3_0_threshold_0_8_facet_size_3.0.csv.tif,22971.57072801782,6586.464773043554,2807.2345217800025,0.18564985942128956
labels_mask_case_id_TCGA-YA-A8S7_0_2_cell_expansion_1_0_threshold_0_7_facet_size_3.0.csv.tif,23238.99972339375,8050.804087778517,4218.755423990113,0.25680123567912344
labels_mask_case_id_TCGA-K7-AAU7_2_1_cell_expansion_11_0_threshold_0_4_facet_size_3.0.csv.tif,24210.63047502244,13584.053889122171,8124.898221006436,1.1732057728852705
labels_mask_case_id_TCGA-DD-AAED_1_0_cell_expansion_7_0_threshold_0_5_facet_size_3.0.csv.tif,24256.95825080751,13450.5017883587,7485.247494465011,1.6495557656509663
labels_mask_case_id_TCGA-CC-5261_2_3_cell_expansion_9_0_threshold_0_6_facet_size_3.0.csv.tif,24748.92942237369,16676.929557510968,10164.682670753326,4.776792678155423
labels_mask_case_id_TCGA-G3-A7M6_4_4_cell_expansion_15_0_threshold_0_6_facet_size_3.0.csv.tif,24332.99337015496,13754.572723293177,7540.099909954311,1.4894934654010181
labels_mask_case_id_TCGA-CC-A8HT_0_3_cell_expansion_5_0_threshold_0_7_facet_size_3.0.csv.tif,23915.23033866125,11572.699795949471,6185.417176591202,0.8573223321209167
labels_mask_case_id_TCGA-CC-A1HT_0_3_cell_expansion_9_0_threshold_0_5_facet_size_3.0.csv.tif,24657.433909100186,16156.274427655013,10000.163438105265,3.435865766013431
labels_mask_case_id_TCGA-G3-A5SK_2_1_cell_expansion_13_0_threshold_0_4_facet_size_3.0.csv.tif,24753.733185442252,16955.891427068444,10724.750024500765,3.5131091986444694
labels_mask_case_id_TCGA-G3-A7M6_3_3_cell_expansion_3_0_threshold_0_7_facet_size_3.0.csv.tif,23538.257296240587,9553.602012833815,5057.527019437583,0.3821819762565129
labels_mask_case_id_TCGA-K7-AAU7_2_0_cell_expansion_15_0_threshold_0_8_facet_size_3.0.csv.tif,22295.564725834272,3345.9127204795473,555.5313772235761,0.0
labels_mask_case_id_TCGA-K7-AAU7_1_1_cell_expansion_11_0_threshold_0_8_facet_size_3.0.csv.tif,22295.564725834272,3345.9127204795473,555.5313772235761,0.0
labels_mask_case_id_TCGA-CC-A8HT_4_3_cell_expansion_3_0_threshold_0_6_facet_size_3.0.csv.tif,23590.690553701774,9883.836976815044,5462.762292374819,0.44459883638282316
labels_mask_case_id_TCGA-CC-A3MA_1_1_cell_expansion_15_0_threshold_0_6_facet_size_3.0.csv.tif,24370.63546437497,14195.922903428189,8104.286389541498,2.6291574893848773
labels_mask_case_id_TCGA-DD-AAED_2_4_cell_expansion_9_0_threshold_0_4_facet_size_3.0.csv.tif,24762.79651212731,16814.390401182856,10287.516896785102,6.504803598041303
labels_mask_case_id_TCGA-YA-A8S7_4_0_cell_expansion_15_0_threshold_0_4_facet_size_3.0.csv.tif,24825.075064417728,17657.865993717838,11749.27990933562,5.038806129531742
labels_mask_case_id_TCGA-CC-A1HT_2_2_cell_expansion_3_0_threshold_0_6_facet_size_3.0.csv.tif,24213.411187575737,13189.487979884785,7466.152335758994,1.0496205572307629
labels_mask_case_id_TCGA-CC-A1HT_3_0_cell_expansion_1_0_threshold_0_5_facet_size_3.0.csv.tif,23588.519640994728,10182.848868896222,6496.642679690305,0.36495329760419554
labels_mask_case_id_TCGA-G3-A5SK_2_1_cell_expansion_5_0_threshold_0_7_facet_size_3.0.csv.tif,24391.98875261149,14438.443721260708,8462.385473210505,1.3892475578035905
labels_mask_case_id_TCGA-G3-A5SK_0_1_cell_expansion_7_0_threshold_0_7_facet_size_3.0.csv.tif,24247.03458711166,13529.58454476755,7737.058229469198,1.3056492394232617
labels_mask_case_id_TCGA-CC-5261_2_4_cell_expansion_7_0_threshold_0_8_facet_size_3.0.csv.tif,24133.898296096966,12629.169088451636,6675.3548402050355,1.338910873252036
labels_mask_case_id_TCGA-CC-A8HT_4_0_cell_expansion_15_0_threshold_0_6_facet_size_3.0.csv.tif,24469.101588530248,14682.851093487518,8471.427417557054,2.194029893008683
labels_mask_case_id_TCGA-CC-A3MA_4_2_cell_expansion_7_0_threshold_0_4_facet_size_3.0.csv.tif,24013.241038800395,12510.455949924582,7348.08302115013,1.006995115962529
labels_mask_case_id_TCGA-CC-A1HT_2_2_cell_expansion_15_0_threshold_0_8_facet_size_3.0.csv.tif,24157.554037875107,12577.178988197422,6358.1710821209945,2.134578270565432
labels_mask_case_id_TCGA-DD-AAED_4_0_cell_expansion_13_0_threshold_0_7_facet_size_3.0.csv.tif,24549.883548845097,15543.702440736546,9445.09469637952,
labels_mask_case_id_TCGA-G3-A7M6_1_2_cell_expansion_15_0_threshold_0_4_facet_size_3.0.csv.tif,24934.793930328244,19110.29251871779,14471.110317384593,4.1658576626854655
labels_mask_case_id_TCGA-CC-A1HT_3_4_cell_expansion_13_0_threshold_0_5_facet_size_3.0.csv.tif,24895.71291639941,18173.8632138454,12260.412721659242,5.654012458559951
labels_mask_case_id_TCGA-CC-5261_4_2_cell_expansion_13_0_threshold_0_8_facet_size_3.0.csv.tif,24247.31732431129,13231.837128690371,7105.858051344399,1.392617549181387
labels_mask_case_id_TCGA-BC-A69I_2_1_cell_expansion_9_0_threshold_0_6_facet_size_3.0.csv.tif,24239.067756111406,13430.557150227856,7522.1106415012955,1.6873654681143797
labels_mask_case_id_TCGA-CC-A3MA_3_0_cell_expansion_5_0_threshold_0_4_facet_size_3.0.csv.tif,23094.45859715924,7313.552987903233,3349.644284596301,
labels_mask_case_id_TCGA-K7-AAU7_3_1_cell_expansion_9_0_threshold_0_7_facet_size_3.0.csv.tif,22870.204362814464,6078.224501592147,2371.254185708034,0.1648444001351251
labels_mask_case_id_TCGA-K7-AAU7_4_2_cell_expansion_13_0_threshold_0_4_facet_size_3.0.csv.tif,24744.818353777984,17062.77343149713,11344.815473508086,3.15320564356636
labels_mask_case_id_TCGA-G3-A5SK_1_4_cell_expansion_7_0_threshold_0_7_facet_size_3.0.csv.tif,24480.193419504092,14886.205138842868,8699.936164546927,2.0447162520186897
labels_mask_case_id_TCGA-CC-A1HT_1_2_cell_expansion_13_0_threshold_0_7_facet_size_3.0.csv.tif,24100.437200242508,12275.002142085008,6426.569953643762,1.0645037602104035
labels_mask_case_id_TCGA-G3-A5SK_4_3_cell_expansion_15_0_threshold_0_8_facet_size_3.0.csv.tif,23730.413873917823,10253.916369256538,4931.1477339488265,0.7309325382515464
labels_mask_case_id_TCGA-CC-A1HT_4_4_cell_expansion_5_0_threshold_0_8_facet_size_3.0.csv.tif,22639.743747926743,5109.017786359046,1808.4728384528546,0.113750499188972
labels_mask_case_id_TCGA-DD-AAED_3_1_cell_expansion_9_0_threshold_0_4_facet_size_3.0.csv.tif,24692.971999433397,16517.271306403058,10325.433785678084,4.4819512313419265
labels_mask_case_id_TCGA-K7-AAU7_0_3_cell_expansion_9_0_threshold_0_4_facet_size_3.0.csv.tif,24378.874683869693,14860.780668060637,9614.683051835389,1.3641285622877393
labels_mask_case_id_TCGA-DD-AAED_4_1_cell_expansion_11_0_threshold_0_8_facet_size_3.0.csv.tif,24300.05028195416,13514.591681997483,7200.897873361308,2.259768088718708
labels_mask_case_id_TCGA-G3-A5SK_3_4_cell_expansion_5_0_threshold_0_7_facet_size_3.0.csv.tif,24709.423191784,16817.582840858242,11016.348054030765,2.631755589794177
labels_mask_case_id_TCGA-YA-A8S7_1_4_cell_expansion_7_0_threshold_0_8_facet_size_3.0.csv.tif,22354.12961355501,3587.4245905614534,686.8045131496165,0.01404273384345927
labels_mask_case_id_TCGA-K7-AAU7_1_2_cell_expansion_7_0_threshold_0_6_facet_size_3.0.csv.tif,23812.462484941534,11129.860277281234,6116.509560420583,0.6701270108071637
labels_mask_case_id_TCGA-DD-AAED_2_0_cell_expansion_7_0_threshold_0_6_facet_size_3.0.csv.tif,24350.39909428277,14306.640008164097,8468.869559620773,2.0394576410024263
labels_mask_case_id_TCGA-CC-A1HT_0_2_cell_expansion_15_0_threshold_0_4_facet_size_3.0.csv.tif,24137.93986183051,13223.794846245439,8171.65758715468,1.003621404870936
labels_mask_case_id_TCGA-CC-5261_0_1_cell_expansion_9_0_threshold_0_7_facet_size_3.0.csv.tif,24536.435272737428,15191.604973384441,8761.837910477781,2.932915635933831
labels_mask_case_id_TCGA-K7-AAU7_3_2_cell_expansion_5_0_threshold_0_6_facet_size_3.0.csv.tif,23847.79886708645,11391.203669234364,6392.446228148998,0.6913639074445354
labels_mask_case_id_TCGA-CC-A3MA_1_2_cell_expansion_9_0_threshold_0_8_facet_size_3.0.csv.tif,23889.075261144808,11047.93322971932,5275.1308232343,1.0833646897376021
labels_mask_case_id_TCGA-DD-AAED_4_0_cell_expansion_1_0_threshold_0_6_facet_size_3.0.csv.tif,23538.117889812303,9855.37312134301,5797.590551151136,0.38121876421547707
labels_mask_case_id_TCGA-G3-A7M6_0_2_cell_expansion_3_0_threshold_0_8_facet_size_3.0.csv.tif,23364.017658762,8542.676414712238,4183.466334320333,0.31236176666066695
labels_mask_case_id_TCGA-K7-AAU7_3_2_cell_expansion_7_0_threshold_0_7_facet_size_3.0.csv.tif,23232.198264766917,7955.680881051133,3666.2550159782672,0.3089423069117829
labels_mask_case_id_TCGA-CC-A8HT_1_4_cell_expansion_3_0_threshold_0_4_facet_size_3.0.csv.tif,24334.556937036126,14267.74563569652,8902.7550333683,
labels_mask_case_id_TCGA-G3-A7M6_1_0_cell_expansion_7_0_threshold_0_8_facet_size_3.0.csv.tif,23948.498178780243,11629.390422446728,5980.901628313736,0.9038179433705252
labels_mask_case_id_TCGA-DD-AAED_4_3_cell_expansion_15_0_threshold_0_5_facet_size_3.0.csv.tif,24657.135301835082,16180.982707836392,9957.110660014676,
labels_mask_case_id_TCGA-G3-A7M6_1_0_cell_expansion_13_0_threshold_0_8_facet_size_3.0.csv.tif,23956.98065538024,11678.634635069297,6018.782129362304,0.9172910128193782
labels_mask_case_id_TCGA-G3-A5SK_3_1_cell_expansion_9_0_threshold_0_8_facet_size_3.0.csv.tif,23768.550447843823,10352.407536886862,4780.42708422927,0.7573135583978563
labels_mask_case_id_TCGA-G3-A7M6_3_1_cell_expansion_5_0_threshold_0_4_facet_size_3.0.csv.tif,24742.48212362978,17360.85823325214,12072.99905153196,2.7419982228422897
labels_mask_case_id_TCGA-CC-5261_1_4_cell_expansion_9_0_threshold_0_7_facet_size_3.0.csv.tif,24420.7753505476,14627.519677112185,8493.253468002466,2.1987429070522544
labels_mask_case_id_TCGA-G3-A7M6_0_3_cell_expansion_7_0_threshold_0_6_facet_size_3.0.csv.tif,24514.34435406372,15070.632572040515,8760.07561902937,2.0701975802941943
labels_mask_case_id_TCGA-CC-5261_4_1_cell_expansion_11_0_threshold_0_8_facet_size_3.0.csv.tif,23641.126941011367,9810.19304282428,4544.712268844655,0.6770338840677532
labels_mask_case_id_TCGA-CC-A1HT_0_2_cell_expansion_13_0_threshold_0_7_facet_size_3.0.csv.tif,23278.70545213744,8105.8309831376355,3625.137152584713,0.3390449488153738
labels_mask_case_id_TCGA-YA-A8S7_3_2_cell_expansion_7_0_threshold_0_7_facet_size_3.0.csv.tif,24545.049298992497,15521.338841327904,9692.306255761332,1.9465533905966272
labels_mask_case_id_TCGA-YA-A8S7_2_0_cell_expansion_5_0_threshold_0_4_facet_size_3.0.csv.tif,24742.014051920694,17179.807394145817,11513.887430787374,3.5578604401870684
labels_mask_case_id_TCGA-BC-A69I_1_3_cell_expansion_15_0_threshold_0_5_facet_size_3.0.csv.tif,24552.5373594132,15204.81401808769,8740.082078806627,3.0365179230330765
labels_mask_case_id_TCGA-K7-AAU7_1_2_cell_expansion_1_0_threshold_0_5_facet_size_3.0.csv.tif,23119.979505972882,7507.201112876539,4147.144147764648,
labels_mask_case_id_TCGA-YA-A8S7_4_3_cell_expansion_13_0_threshold_0_6_facet_size_3.0.csv.tif,22415.96558820062,3834.0188640953534,808.1074469580832,
labels_mask_case_id_TCGA-BC-A69I_0_2_cell_expansion_3_0_threshold_0_5_facet_size_3.0.csv.tif,23225.590404803774,8126.575109026283,4113.334978395329,0.29628966535890555
labels_mask_case_id_TCGA-DD-AAED_0_0_cell_expansion_3_0_threshold_0_5_facet_size_3.0.csv.tif,24346.99397621741,14431.07978098375,9093.956121189445,1.1717551042411722
labels_mask_case_id_TCGA-YA-A8S7_0_1_cell_expansion_7_0_threshold_0_8_facet_size_3.0.csv.tif,23272.47024454523,7978.392459517765,3496.712408810137,0.37193152278469804
labels_mask_case_id_TCGA-G3-A5SK_2_2_cell_expansion_9_0_threshold_0_6_facet_size_3.0.csv.tif,24546.279945439517,15472.684330361997,9387.042347227944,
labels_mask_case_id_TCGA-CC-A8HT_3_3_cell_expansion_1_0_threshold_0_6_facet_size_3.0.csv.tif,23199.94984881956,8001.677129735808,4505.680565670057,
labels_mask_case_id_TCGA-G3-A7M6_2_4_cell_expansion_5_0_threshold_0_8_facet_size_3.0.csv.tif,23630.65975867541,9793.28406252854,4607.708403271867,0.5125016498466062
labels_mask_case_id_TCGA-CC-A8HT_3_4_cell_expansion_1_0_threshold_0_8_facet_size_3.0.csv.tif,22445.79783331512,4108.220168093192,1147.635012234552,0.032506033238763395
labels_mask_case_id_TCGA-G3-A7M6_2_1_cell_expansion_11_0_threshold_0_7_facet_size_3.0.csv.tif,24584.086364747567,15581.466008224204,9385.795174949108,2.1281470631113457
labels_mask_case_id_TCGA-BC-A69I_0_4_cell_expansion_3_0_threshold_0_7_facet_size_3.0.csv.tif,23547.671976491278,9665.526073854586,5195.395827893863,0.43315218632553676
labels_mask_case_id_TCGA-G3-A7M6_1_0_cell_expansion_1_0_threshold_0_7_facet_size_3.0.csv.tif,23086.985081269067,7350.151301931462,3940.955653869944,0.17755763261368027
labels_mask_case_id_TCGA-CC-A8HT_2_0_cell_expansion_7_0_threshold_0_7_facet_size_3.0.csv.tif,24141.718991903814,12807.78524291729,6982.802455946197,1.2793698200250772
labels_mask_case_id_TCGA-G3-A7M6_3_0_cell_expansion_3_0_threshold_0_7_facet_size_3.0.csv.tif,23712.804885359372,10553.160217546909,5871.162053953941,0.49547838692847596
labels_mask_case_id_TCGA-CC-A1HT_3_2_cell_expansion_9_0_threshold_0_6_facet_size_3.0.csv.tif,24654.12676820025,15804.832589889309,9057.407789578268,7.020574024893611
labels_mask_case_id_TCGA-CC-A3MA_0_0_cell_expansion_9_0_threshold_0_6_facet_size_3.0.csv.tif,23797.340738709096,11049.607528120045,5721.51976154661,1.019120244696115
labels_mask_case_id_TCGA-BC-A69I_2_3_cell_expansion_7_0_threshold_0_6_facet_size_3.0.csv.tif,24307.295114747798,13517.490851186514,7158.555639346608,
labels_mask_case_id_TCGA-BC-A69I_3_1_cell_expansion_5_0_threshold_0_5_facet_size_3.0.csv.tif,23969.340535453688,11900.294448247076,6508.515021556767,0.9335472574262772
labels_mask_case_id_TCGA-DD-AAED_1_4_cell_expansion_3_0_threshold_0_5_facet_size_3.0.csv.tif,24359.83113265585,14605.379409588697,9329.819815404755,1.1522648349551612
labels_mask_case_id_TCGA-YA-A8S7_2_1_cell_expansion_3_0_threshold_0_7_facet_size_3.0.csv.tif,23539.083324545623,9588.991264194188,4963.02537801791,0.5064379454516151
labels_mask_case_id_TCGA-G3-A5SK_4_4_cell_expansion_15_0_threshold_0_4_facet_size_3.0.csv.tif,24362.010808343988,14236.333269167202,8178.239258512969,1.637356611504681
labels_mask_case_id_TCGA-YA-A8S7_0_1_cell_expansion_1_0_threshold_0_7_facet_size_3.0.csv.tif,23217.56357207524,8103.782584513088,4375.144825615438,0.23792376151036576
labels_mask_case_id_TCGA-K7-AAU7_4_1_cell_expansion_3_0_threshold_0_4_facet_size_3.0.csv.tif,24400.9518379137,14952.383595127983,9930.9294108927,1.1187245405950184
labels_mask_case_id_TCGA-CC-A1HT_2_1_cell_expansion_9_0_threshold_0_8_facet_size_3.0.csv.tif,23122.158077885484,7052.2599168378565,2650.8454165378407,0.32248789186565513
labels_mask_case_id_TCGA-CC-5261_4_1_cell_expansion_11_0_threshold_0_4_facet_size_3.0.csv.tif,24862.969684533844,17949.82014183116,12084.504802706766,8.20603369828244
labels_mask_case_id_TCGA-CC-A1HT_0_3_cell_expansion_15_0_threshold_0_6_facet_size_3.0.csv.tif,24544.01760989499,15243.968177487084,9003.595676316112,2.8707112210768724
labels_mask_case_id_TCGA-G3-A5SK_4_4_cell_expansion_9_0_threshold_0_7_facet_size_3.0.csv.tif,24126.241040826317,12681.842161468332,6830.277009768746,1.1933496342007723
labels_mask_case_id_TCGA-BC-A69I_2_3_cell_expansion_1_0_threshold_0_5_facet_size_3.0.csv.tif,23226.61420301,7930.698290056121,4166.186285772367,0.22910055129662854
labels_mask_case_id_TCGA-G3-A7M6_0_3_cell_expansion_11_0_threshold_0_4_facet_size_3.0.csv.tif,24609.496001845768,15673.259464954412,9274.223926040377,2.451265767632
labels_mask_case_id_TCGA-G3-A7M6_3_2_cell_expansion_15_0_threshold_0_4_facet_size_3.0.csv.tif,24616.189440903945,15889.174660313553,9660.730468699587,2.4176562139727924
labels_mask_case_id_TCGA-CC-A1HT_1_4_cell_expansion_13_0_threshold_0_5_facet_size_3.0.csv.tif,24264.227932427755,13826.941021099663,8181.016368480767,
labels_mask_case_id_TCGA-BC-A69I_0_3_cell_expansion_3_0_threshold_0_5_facet_size_3.0.csv.tif,23737.39389107731,10546.14633291838,5628.133482805008,0.5516962122003088
labels_mask_case_id_TCGA-G3-A7M6_2_2_cell_expansion_5_0_threshold_0_6_facet_size_3.0.csv.tif,24213.542147652643,13557.25088557949,8055.431377294033,1.2104281537586092
labels_mask_case_id_TCGA-K7-AAU7_1_4_cell_expansion_5_0_threshold_0_5_facet_size_3.0.csv.tif,23539.159475695466,9928.354344116644,5621.5045371824035,0.4640777882768921
labels_mask_case_id_TCGA-K7-AAU7_4_1_cell_expansion_5_0_threshold_0_7_facet_size_3.0.csv.tif,23807.877375787542,10883.200572246573,5748.591803015553,0.6831791174161672
labels_mask_case_id_TCGA-G3-A7M6_0_2_cell_expansion_5_0_threshold_0_7_facet_size_3.0.csv.tif,24239.704744511502,13375.762642439347,7427.5904727666675,1.1103893305956671
labels_mask_case_id_TCGA-YA-A8S7_4_1_cell_expansion_3_0_threshold_0_4_facet_size_3.0.csv.tif,24498.486921175565,15605.13822358139,10427.975310099459,1.2924296643570246
labels_mask_case_id_TCGA-DD-AAED_3_3_cell_expansion_1_0_threshold_0_7_facet_size_3.0.csv.tif,23649.70415251539,10431.90158025942,6367.344824631429,0.40664796122510066
labels_mask_case_id_TCGA-G3-A7M6_0_2_cell_expansion_15_0_threshold_0_8_facet_size_3.0.csv.tif,24111.749538313925,12262.12026345434,6155.95009290555,1.0994806746290966
labels_mask_case_id_TCGA-DD-AAED_0_0_cell_expansion_1_0_threshold_0_8_facet_size_3.0.csv.tif,23066.701748399155,7240.634581666202,3632.35086188293,0.19610080312512593
labels_mask_case_id_TCGA-G3-A7M6_3_0_cell_expansion_5_0_threshold_0_4_facet_size_3.0.csv.tif,24506.816264583398,15172.785695233006,9081.076212702137,1.6895627582271575
labels_mask_case_id_TCGA-BC-A69I_3_3_cell_expansion_13_0_threshold_0_6_facet_size_3.0.csv.tif,24545.5020876817,15124.536605971844,8635.544418185364,
labels_mask_case_id_TCGA-CC-5261_4_4_cell_expansion_3_0_threshold_0_5_facet_size_3.0.csv.tif,24557.79190770199,15918.043657280168,10550.181157447436,1.5962725994917808
labels_mask_case_id_TCGA-CC-A3MA_3_1_cell_expansion_1_0_threshold_0_6_facet_size_3.0.csv.tif,23672.00711421265,10634.913540977024,6787.62746483239,0.3871810003015065
labels_mask_case_id_TCGA-CC-5261_0_4_cell_expansion_5_0_threshold_0_4_facet_size_3.0.csv.tif,24655.23938544271,16552.499697239036,10982.176590209268,2.283405134824014
labels_mask_case_id_TCGA-YA-A8S7_4_4_cell_expansion_9_0_threshold_0_8_facet_size_3.0.csv.tif,22295.564725834272,3345.9127204795473,555.5313772235761,0.0
labels_mask_case_id_TCGA-CC-5261_2_4_cell_expansion_5_0_threshold_0_5_facet_size_3.0.csv.tif,24631.403218404947,16209.599239171455,10277.212797651777,2.5579203180223145
labels_mask_case_id_TCGA-K7-AAU7_4_3_cell_expansion_13_0_threshold_0_6_facet_size_3.0.csv.tif,24425.45515296174,14872.109407304808,9322.194417310437,1.5516390931891986
labels_mask_case_id_TCGA-CC-A1HT_2_3_cell_expansion_11_0_threshold_0_8_facet_size_3.0.csv.tif,22600.65046029957,4628.499365705879,1232.7003959774452,0.08964069918518554
labels_mask_case_id_TCGA-G3-A5SK_4_0_cell_expansion_1_0_threshold_0_6_facet_size_3.0.csv.tif,23013.338735689438,6925.373236033853,3553.4313835214225,0.16357840988214664
labels_mask_case_id_TCGA-CC-A3MA_2_2_cell_expansion_1_0_threshold_0_8_facet_size_3.0.csv.tif,23026.319580729327,6867.683332010495,3145.503265614693,0.18930639337823793
labels_mask_case_id_TCGA-CC-5261_1_1_cell_expansion_1_0_threshold_0_6_facet_size_3.0.csv.tif,23081.768513554347,7336.624244789502,3806.7159485864836,0.1899447861639007
labels_mask_case_id_TCGA-CC-A1HT_0_4_cell_expansion_5_0_threshold_0_6_facet_size_3.0.csv.tif,24412.324061932948,14782.128166834585,9124.48480470294,
labels_mask_case_id_TCGA-CC-A3MA_4_4_cell_expansion_1_0_threshold_0_5_facet_size_3.0.csv.tif,23721.329739225566,11064.006792784254,6969.130735364869,0.4677473573393198
labels_mask_case_id_TCGA-G3-A5SK_3_4_cell_expansion_3_0_threshold_0_8_facet_size_3.0.csv.tif,23287.75907135332,8298.69269682163,4247.445293708558,0.29579546184112776
labels_mask_case_id_TCGA-CC-5261_2_3_cell_expansion_1_0_threshold_0_5_facet_size_3.0.csv.tif,23639.53226996612,10384.935757024616,6318.2916482061255,0.42155698570708494
labels_mask_case_id_TCGA-BC-A69I_2_0_cell_expansion_11_0_threshold_0_6_facet_size_3.0.csv.tif,24297.536914240718,13407.238342487286,7150.620597135446,1.655645829605703
labels_mask_case_id_TCGA-BC-A69I_4_0_cell_expansion_9_0_threshold_0_5_facet_size_3.0.csv.tif,24407.25743049309,14253.419405260564,7906.283451022415,2.460493518485852
labels_mask_case_id_TCGA-G3-A5SK_2_1_cell_expansion_3_0_threshold_0_8_facet_size_3.0.csv.tif,23219.73763698358,7925.808476640812,3824.1574283979053,0.2695884030958543
labels_mask_case_id_TCGA-CC-A3MA_4_4_cell_expansion_7_0_threshold_0_6_facet_size_3.0.csv.tif,24406.84908111392,14952.327510861409,9271.957491119101,2.495327929255711
labels_mask_case_id_TCGA-CC-A1HT_2_2_cell_expansion_13_0_threshold_0_7_facet_size_3.0.csv.tif,24643.987837985438,15559.077105452741,8627.84930926618,5.711098881485007
labels_mask_case_id_TCGA-G3-A5SK_3_2_cell_expansion_3_0_threshold_0_6_facet_size_3.0.csv.tif,24197.030738983398,13646.616566429759,8755.746004185126,0.8731724976253263
labels_mask_case_id_TCGA-G3-A7M6_2_3_cell_expansion_11_0_threshold_0_8_facet_size_3.0.csv.tif,23597.180633337957,9742.477862545169,4665.027021316131,0.6091110808574213
labels_mask_case_id_TCGA-DD-AAED_4_1_cell_expansion_13_0_threshold_0_5_facet_size_3.0.csv.tif,24737.312321206227,16513.654943262918,9921.776326642226,7.165820887959055
labels_mask_case_id_TCGA-K7-AAU7_4_4_cell_expansion_9_0_threshold_0_8_facet_size_3.0.csv.tif,22958.994843041728,6405.231002141905,2360.4782154038558,0.24720601486479096
labels_mask_case_id_TCGA-K7-AAU7_4_3_cell_expansion_7_0_threshold_0_4_facet_size_3.0.csv.tif,24765.071985686478,17410.1342787961,11926.49816223188,2.7589732318287474
labels_mask_case_id_TCGA-CC-A8HT_1_2_cell_expansion_13_0_threshold_0_8_facet_size_3.0.csv.tif,22853.733781374824,6039.395567516214,2323.1451907701207,0.18610139782012194
labels_mask_case_id_TCGA-CC-A1HT_4_2_cell_expansion_9_0_threshold_0_5_facet_size_3.0.csv.tif,24736.196873395165,16812.45092639605,10661.88566642629,4.924010898668087
labels_mask_case_id_TCGA-BC-A69I_1_3_cell_expansion_3_0_threshold_0_5_facet_size_3.0.csv.tif,23891.558872180936,11576.711920840651,6657.754036935459,0.6432813411566501
labels_mask_case_id_TCGA-YA-A8S7_3_4_cell_expansion_13_0_threshold_0_8_facet_size_3.0.csv.tif,22295.564725834272,3345.9127204795473,555.5313772235761,
labels_mask_case_id_TCGA-K7-AAU7_0_3_cell_expansion_1_0_threshold_0_5_facet_size_3.0.csv.tif,23176.799027210523,7856.612994328726,4485.305417481681,0.2044267339045925
labels_mask_case_id_TCGA-G3-A7M6_1_2_cell_expansion_7_0_threshold_0_6_facet_size_3.0.csv.tif,24779.576635304456,17709.87253556712,12610.586474896321,2.776546866540279
labels_mask_case_id_TCGA-CC-A8HT_0_2_cell_expansion_3_0_threshold_0_6_facet_size_3.0.csv.tif,23741.63579679036,10818.248721943966,6204.092684608375,0.5202347195118007
labels_mask_case_id_TCGA-YA-A8S7_2_3_cell_expansion_7_0_threshold_0_7_facet_size_3.0.csv.tif,23386.930818244648,8439.557425197367,3620.2532713578694,0.4009179601738315
labels_mask_case_id_TCGA-YA-A8S7_1_3_cell_expansion_15_0_threshold_0_7_facet_size_3.0.csv.tif,24422.83661057455,14330.588091608734,8009.4067423560355,2.0379920921437167
labels_mask_case_id_TCGA-G3-A5SK_1_0_cell_expansion_13_0_threshold_0_8_facet_size_3.0.csv.tif,23603.067916360742,9821.673836290462,4784.051036333436,0.6289849044778232
labels_mask_case_id_TCGA-G3-A5SK_2_1_cell_expansion_9_0_threshold_0_4_facet_size_3.0.csv.tif,24751.64149314249,16944.89070953554,10716.79893348006,
labels_mask_case_id_TCGA-DD-AAED_4_4_cell_expansion_1_0_threshold_0_6_facet_size_3.0.csv.tif,23800.627558810484,11287.161507548944,7178.146437449509,0.45806393237077153
labels_mask_case_id_TCGA-DD-AAED_0_0_cell_expansion_11_0_threshold_0_4_facet_size_3.0.csv.tif,24775.26586708921,17006.846633047742,10702.008990161501,6.0374550411609285
labels_mask_case_id_TCGA-YA-A8S7_2_4_cell_expansion_1_0_threshold_0_6_facet_size_3.0.csv.tif,22320.495227734504,3481.2662670725013,673.6341633093878,0.004668879113694668
labels_mask_case_id_TCGA-BC-A69I_1_2_cell_expansion_1_0_threshold_0_8_facet_size_3.0.csv.tif,22739.382261627103,5478.132533046039,2147.1976119928013,0.09610986868568751
labels_mask_case_id_TCGA-DD-AAED_3_1_cell_expansion_3_0_threshold_0_4_facet_size_3.0.csv.tif,24316.37378024528,14357.453273279763,9080.330846948618,1.1746295305783978
labels_mask_case_id_TCGA-BC-A69I_3_2_cell_expansion_3_0_threshold_0_8_facet_size_3.0.csv.tif,22867.17194093584,6091.378719481664,2436.703375371369,0.14807034364203459
labels_mask_case_id_TCGA-G3-A5SK_1_3_cell_expansion_9_0_threshold_0_7_facet_size_3.0.csv.tif,24178.50514478581,13124.219297292722,7334.5902552506095,1.3489764894525311
labels_mask_case_id_TCGA-DD-AAED_4_3_cell_expansion_3_0_threshold_0_5_facet_size_3.0.csv.tif,24105.3448682148,13004.976259474171,7990.758612365196,0.8606264592819611
labels_mask_case_id_TCGA-YA-A8S7_2_3_cell_expansion_3_0_threshold_0_5_facet_size_3.0.csv.tif,23161.7684199096,7587.7429661404,3516.655539058431,0.22462772825583818
labels_mask_case_id_TCGA-CC-A8HT_0_2_cell_expansion_7_0_threshold_0_4_facet_size_3.0.csv.tif,24512.33725378604,15264.541934062332,9328.316979198964,2.100729549790261
labels_mask_case_id_TCGA-BC-A69I_4_1_cell_expansion_3_0_threshold_0_5_facet_size_3.0.csv.tif,23365.918025880303,8581.831194954104,4204.800378160749,0.36990393075679195
labels_mask_case_id_TCGA-CC-A3MA_0_3_cell_expansion_11_0_threshold_0_5_facet_size_3.0.csv.tif,24851.72416615559,17580.704690842118,11227.754812447705,
labels_mask_case_id_TCGA-CC-A3MA_3_2_cell_expansion_15_0_threshold_0_5_facet_size_3.0.csv.tif,24819.24432815152,17540.240975209363,11495.806065547566,6.8081295473791545
labels_mask_case_id_TCGA-DD-AAED_2_2_cell_expansion_7_0_threshold_0_8_facet_size_3.0.csv.tif,23690.502668495483,10325.152681939559,5189.868763138807,0.7810061087769657
labels_mask_case_id_TCGA-CC-A8HT_4_3_cell_expansion_3_0_threshold_0_8_facet_size_3.0.csv.tif,22648.754883000638,4924.7788947065665,1562.0156036291987,0.08519225089446428
labels_mask_case_id_TCGA-K7-AAU7_1_1_cell_expansion_11_0_threshold_0_6_facet_size_3.0.csv.tif,23915.2037272021,11770.114349207888,6900.621153895992,0.7127972765050097
labels_mask_case_id_TCGA-G3-A5SK_1_4_cell_expansion_11_0_threshold_0_8_facet_size_3.0.csv.tif,23980.70013339273,11884.254267142634,6245.56087254768,1.0188280221556576
labels_mask_case_id_TCGA-G3-A7M6_4_0_cell_expansion_5_0_threshold_0_7_facet_size_3.0.csv.tif,23987.75377111708,12405.675827503024,7452.333848455625,0.8960520193443157
labels_mask_case_id_TCGA-BC-A69I_0_1_cell_expansion_7_0_threshold_0_5_facet_size_3.0.csv.tif,24308.479510125675,13750.985427923628,7633.348948270324,
labels_mask_case_id_TCGA-DD-AAED_0_4_cell_expansion_13_0_threshold_0_4_facet_size_3.0.csv.tif,24686.97283109696,16186.240030519544,9630.636561200514,4.469259711797677
labels_mask_case_id_TCGA-K7-AAU7_4_3_cell_expansion_1_0_threshold_0_7_facet_size_3.0.csv.tif,22824.73227809284,6049.917290288794,2850.295979560242,0.11873152175959927
labels_mask_case_id_TCGA-CC-A8HT_2_2_cell_expansion_7_0_threshold_0_5_facet_size_3.0.csv.tif,24812.409608023925,17589.487851393318,11716.147695501402,3.8739473286235877
labels_mask_case_id_TCGA-YA-A8S7_0_3_cell_expansion_3_0_threshold_0_4_facet_size_3.0.csv.tif,24416.096200491356,14968.02592176587,9714.130914733036,1.319490659040361
labels_mask_case_id_TCGA-G3-A5SK_0_2_cell_expansion_11_0_threshold_0_6_facet_size_3.0.csv.tif,24454.233213252348,14741.839554147522,8577.648971538485,1.7506306565534024
labels_mask_case_id_TCGA-K7-AAU7_0_2_cell_expansion_11_0_threshold_0_7_facet_size_3.0.csv.tif,22566.967262007067,4598.780745761891,1338.0476168379316,0.06699587901635207
labels_mask_case_id_TCGA-DD-AAED_1_2_cell_expansion_9_0_threshold_0_7_facet_size_3.0.csv.tif,24547.60369345164,15190.064034072624,8719.048557784088,3.0391669590999264
labels_mask_case_id_TCGA-CC-5261_0_4_cell_expansion_15_0_threshold_0_7_facet_size_3.0.csv.tif,24381.27268518304,14545.274810044546,8817.354535635892,1.674032161648684
labels_mask_case_id_TCGA-YA-A8S7_3_2_cell_expansion_11_0_threshold_0_7_facet_size_3.0.csv.tif,24549.88406530335,15558.80230731644,9735.397975804392,1.9724882520526055
labels_mask_case_id_TCGA-CC-A3MA_3_4_cell_expansion_1_0_threshold_0_6_facet_size_3.0.csv.tif,23704.522721503563,10788.680189593775,6458.4046066709925,0.476316151112798
labels_mask_case_id_TCGA-CC-A8HT_1_3_cell_expansion_9_0_threshold_0_6_facet_size_3.0.csv.tif,24505.53528305824,15210.341080338396,9100.713472954234,2.4261510844903156
labels_mask_case_id_TCGA-CC-A1HT_3_2_cell_expansion_7_0_threshold_0_8_facet_size_3.0.csv.tif,24095.91514006789,12306.114367269363,6275.022996016736,1.5827639659112245
labels_mask_case_id_TCGA-YA-A8S7_1_0_cell_expansion_15_0_threshold_0_6_facet_size_3.0.csv.tif,24367.98999164466,14028.563734959942,7849.7402170367,1.9539683057897108
labels_mask_case_id_TCGA-G3-A5SK_0_2_cell_expansion_7_0_threshold_0_5_facet_size_3.0.csv.tif,24492.98458110429,15079.408173322343,8972.487858495579,1.7979189274663128
labels_mask_case_id_TCGA-G3-A7M6_1_1_cell_expansion_9_0_threshold_0_6_facet_size_3.0.csv.tif,24450.06764386626,14918.375994266165,9044.768387400649,1.8481001297003745
labels_mask_case_id_TCGA-G3-A5SK_3_4_cell_expansion_11_0_threshold_0_4_facet_size_3.0.csv.tif,24947.650402051466,18803.589942830567,13256.660658672808,7.273891878042531
labels_mask_case_id_TCGA-CC-5261_2_1_cell_expansion_1_0_threshold_0_7_facet_size_3.0.csv.tif,23279.200788323007,8398.341873277717,4584.550817576444,0.26749218352768
labels_mask_case_id_TCGA-G3-A5SK_0_1_cell_expansion_13_0_threshold_0_6_facet_size_3.0.csv.tif,24453.634492519257,14899.743893382178,9012.814721581375,1.7132064125846371
labels_mask_case_id_TCGA-G3-A5SK_4_3_cell_expansion_1_0_threshold_0_8_facet_size_3.0.csv.tif,22717.65524940674,5455.376513042666,2337.482079656319,0.09254561708862293
labels_mask_case_id_TCGA-YA-A8S7_1_4_cell_expansion_15_0_threshold_0_7_facet_size_3.0.csv.tif,22414.13489599876,3841.711919593967,840.2459711686986,
labels_mask_case_id_TCGA-K7-AAU7_3_0_cell_expansion_15_0_threshold_0_6_facet_size_3.0.csv.tif,23965.9496926212,11951.814623334221,6677.227528546095,0.833211363236673
labels_mask_case_id_TCGA-DD-AAED_1_0_cell_expansion_15_0_threshold_0_6_facet_size_3.0.csv.tif,24261.104993020104,13420.035756912786,7395.4836135627775,1.8075465123514405
labels_mask_case_id_TCGA-BC-A69I_4_4_cell_expansion_11_0_threshold_0_5_facet_size_3.0.csv.tif,24607.235643226635,15721.998491801674,9374.186597594182,3.206394606275649
labels_mask_case_id_TCGA-G3-A7M6_4_2_cell_expansion_15_0_threshold_0_6_facet_size_3.0.csv.tif,24570.368803443213,16298.32298888488,11038.43458343327,2.0360424332408065
labels_mask_case_id_TCGA-G3-A5SK_0_4_cell_expansion_1_0_threshold_0_8_facet_size_3.0.csv.tif,22681.045021207672,5182.367676447453,2018.5293950156686,0.0828671109252449
labels_mask_case_id_TCGA-CC-5261_1_3_cell_expansion_3_0_threshold_0_5_facet_size_3.0.csv.tif,24129.746057387616,13193.76477614895,8066.305125971341,0.9232778544568239
labels_mask_case_id_TCGA-CC-A1HT_4_1_cell_expansion_5_0_threshold_0_4_facet_size_3.0.csv.tif,24697.85961742436,16743.47968676668,10903.160716444696,3.1714536322339995
labels_mask_case_id_TCGA-CC-A8HT_1_4_cell_expansion_15_0_threshold_0_5_facet_size_3.0.csv.tif,24731.078493976827,16594.323056599278,10196.799457165691,3.6529745159347593
labels_mask_case_id_TCGA-CC-A3MA_1_3_cell_expansion_13_0_threshold_0_4_facet_size_3.0.csv.tif,24915.867562891908,18352.545646938048,12464.320022630089,13.894433895086637
labels_mask_case_id_TCGA-G3-A5SK_3_0_cell_expansion_5_0_threshold_0_7_facet_size_3.0.csv.tif,24296.259428873633,13828.575366345096,8039.462492740986,1.2772415547395006
labels_mask_case_id_TCGA-DD-AAED_3_2_cell_expansion_11_0_threshold_0_7_facet_size_3.0.csv.tif,24715.03674865424,16314.371245486594,9682.609406381569,7.1440450199231895
labels_mask_case_id_TCGA-CC-A3MA_0_0_cell_expansion_5_0_threshold_0_5_facet_size_3.0.csv.tif,23660.429249282915,10425.431925546087,5470.445270891996,0.7296755535458334
labels_mask_case_id_TCGA-CC-5261_4_0_cell_expansion_3_0_threshold_0_5_facet_size_3.0.csv.tif,24426.924897754692,15060.365505715488,9811.881167178102,1.1225223244486537
labels_mask_case_id_TCGA-G3-A5SK_4_4_cell_expansion_3_0_threshold_0_7_facet_size_3.0.csv.tif,23439.66096615938,9132.892716272823,4833.590566828341,0.35508696376739485
labels_mask_case_id_TCGA-CC-5261_3_1_cell_expansion_15_0_threshold_0_8_facet_size_3.0.csv.tif,24032.133748269003,11826.2617178949,5845.610599202162,
labels_mask_case_id_TCGA-CC-A1HT_2_0_cell_expansion_5_0_threshold_0_7_facet_size_3.0.csv.tif,22940.485134715644,6552.445499038388,2734.496076599969,0.2005271456600416
labels_mask_case_id_TCGA-YA-A8S7_2_4_cell_expansion_11_0_threshold_0_5_facet_size_3.0.csv.tif,22574.809439700133,4695.817113642464,1400.9690525912256,0.10011297720467258
labels_mask_case_id_TCGA-DD-AAED_3_3_cell_expansion_13_0_threshold_0_4_facet_size_3.0.csv.tif,24870.846810432064,17894.203090919447,11733.730969726961,8.21528740317978
labels_mask_case_id_TCGA-CC-A3MA_3_2_cell_expansion_5_0_threshold_0_6_facet_size_3.0.csv.tif,24668.897534559,16458.31153540405,10515.584275160249,2.922803221582799
labels_mask_case_id_TCGA-G3-A5SK_1_3_cell_expansion_13_0_threshold_0_5_facet_size_3.0.csv.tif,24343.244253152403,14306.732391221069,8544.254499789391,1.6463265861509153
labels_mask_case_id_TCGA-CC-A3MA_0_0_cell_expansion_7_0_threshold_0_4_facet_size_3.0.csv.tif,23840.1573858168,11459.633624131104,6301.633652502493,1.0397714515416427
labels_mask_case_id_TCGA-CC-A8HT_0_2_cell_expansion_13_0_threshold_0_4_facet_size_3.0.csv.tif,24552.40078124712,15463.78234100636,9434.787859414582,
labels_mask_case_id_TCGA-CC-A3MA_0_4_cell_expansion_13_0_threshold_0_8_facet_size_3.0.csv.tif,22769.041736826748,5525.703335830648,1875.2762267244461,0.14807220265172458
labels_mask_case_id_TCGA-CC-5261_3_2_cell_expansion_7_0_threshold_0_6_facet_size_3.0.csv.tif,24616.35113157925,15818.150982776191,9486.076132317256,3.4373557472269094
labels_mask_case_id_TCGA-DD-AAED_0_2_cell_expansion_15_0_threshold_0_5_facet_size_3.0.csv.tif,24643.5368972529,16249.737982690913,10143.635065352437,4.765893878093475
labels_mask_case_id_TCGA-DD-AAED_3_3_cell_expansion_11_0_threshold_0_5_facet_size_3.0.csv.tif,24838.265537579664,17577.58813128298,11356.442848927934,7.075788104832948
labels_mask_case_id_TCGA-G3-A5SK_0_3_cell_expansion_5_0_threshold_0_4_facet_size_3.0.csv.tif,24713.44358452216,17078.274013407037,11626.655539363564,2.5028724745514284
labels_mask_case_id_TCGA-CC-A8HT_3_3_cell_expansion_11_0_threshold_0_7_facet_size_3.0.csv.tif,23946.626514802323,11558.76390921837,6038.173235526947,
labels_mask_case_id_TCGA-YA-A8S7_3_3_cell_expansion_13_0_threshold_0_4_facet_size_3.0.csv.tif,22767.252165428017,5574.291434660806,2004.5938268073526,0.12082585749756339
labels_mask_case_id_TCGA-K7-AAU7_0_4_cell_expansion_11_0_threshold_0_5_facet_size_3.0.csv.tif,24179.291955849483,13293.79016150342,8005.8398729913415,0.9637624491010203
labels_mask_case_id_TCGA-G3-A5SK_2_4_cell_expansion_3_0_threshold_0_4_facet_size_3.0.csv.tif,24154.60044648043,13162.322763635084,8098.850535333334,0.8294969775597265
labels_mask_case_id_TCGA-YA-A8S7_1_0_cell_expansion_11_0_threshold_0_8_facet_size_3.0.csv.tif,23054.661039335617,6995.853309547396,2777.797160059333,0.30297008258997743
labels_mask_case_id_TCGA-CC-A8HT_4_0_cell_expansion_9_0_threshold_0_6_facet_size_3.0.csv.tif,24451.291175237642,14564.049083184082,8369.560683330354,2.0536099805224426
labels_mask_case_id_TCGA-CC-A8HT_1_1_cell_expansion_15_0_threshold_0_6_facet_size_3.0.csv.tif,24557.293418101544,15515.322145417827,9394.609252680317,2.4935630940421913
labels_mask_case_id_TCGA-CC-A3MA_2_0_cell_expansion_3_0_threshold_0_7_facet_size_3.0.csv.tif,23859.628551882808,11391.174601287368,6351.481313481961,0.6704377340719976
labels_mask_case_id_TCGA-G3-A5SK_4_3_cell_expansion_3_0_threshold_0_5_facet_size_3.0.csv.tif,23752.469116739438,10887.686312758791,6314.055332545597,0.5331728125991786
labels_mask_case_id_TCGA-G3-A7M6_3_0_cell_expansion_9_0_threshold_0_7_facet_size_3.0.csv.tif,24468.83722672926,14653.20796726596,8274.820932217472,1.9710974197751303
labels_mask_case_id_TCGA-CC-A1HT_3_2_cell_expansion_3_0_threshold_0_6_facet_size_3.0.csv.tif,24266.06771366465,13602.876668046338,7587.765499044541,1.3630540757391343
labels_mask_case_id_TCGA-CC-A3MA_2_0_cell_expansion_1_0_threshold_0_6_facet_size_3.0.csv.tif,23675.430800894293,10522.32337756463,6296.13657198911,0.43055537941372674
labels_mask_case_id_TCGA-CC-5261_1_3_cell_expansion_1_0_threshold_0_8_facet_size_3.0.csv.tif,22888.002744800684,6283.209922597821,2848.506238411087,0.13279150889536404
labels_mask_case_id_TCGA-G3-A5SK_1_3_cell_expansion_15_0_threshold_0_6_facet_size_3.0.csv.tif,24332.142334670465,14184.514541993909,8376.690890875576,1.621934254185383
labels_mask_case_id_TCGA-K7-AAU7_4_1_cell_expansion_9_0_threshold_0_4_facet_size_3.0.csv.tif,24771.597403707,17267.273478004525,11498.823086255155,3.4122089757193685
labels_mask_case_id_TCGA-CC-A3MA_4_3_cell_expansion_9_0_threshold_0_6_facet_size_3.0.csv.tif,24756.170519189072,16750.634955302972,10304.322836800433,5.878645128242655
labels_mask_case_id_TCGA-G3-A7M6_2_0_cell_expansion_5_0_threshold_0_8_facet_size_3.0.csv.tif,23693.05604765508,10424.476061463503,5436.002680554857,0.6102871069879139
labels_mask_case_id_TCGA-CC-5261_2_4_cell_expansion_9_0_threshold_0_6_facet_size_3.0.csv.tif,24716.82898793354,16589.347069900163,10302.205222604414,5.225772224182027
labels_mask_case_id_TCGA-CC-A3MA_2_4_cell_expansion_13_0_threshold_0_4_facet_size_3.0.csv.tif,24879.980754940094,17965.856483178417,11882.257721234662,11.647103671355133
labels_mask_case_id_TCGA-BC-A69I_0_0_cell_expansion_3_0_threshold_0_7_facet_size_3.0.csv.tif,23288.22279596101,8359.612215996856,4223.128642681071,0.31506550269182765
labels_mask_case_id_TCGA-CC-A3MA_2_0_cell_expansion_15_0_threshold_0_6_facet_size_3.0.csv.tif,24726.176031149826,16461.440450595142,9935.953105073506,5.784502124665061
labels_mask_case_id_TCGA-G3-A5SK_1_4_cell_expansion_15_0_threshold_0_6_facet_size_3.0.csv.tif,24587.7520679382,15676.494899086587,9420.733321064045,2.639391875683238
labels_mask_case_id_TCGA-K7-AAU7_1_0_cell_expansion_13_0_threshold_0_5_facet_size_3.0.csv.tif,23439.857421731536,9155.279246870872,4795.382381011278,0.4029902957423081
labels_mask_case_id_TCGA-G3-A7M6_4_1_cell_expansion_1_0_threshold_0_5_facet_size_3.0.csv.tif,23098.47307400831,7394.4775271476965,3988.3509796779435,0.1887381021086044
labels_mask_case_id_TCGA-CC-A1HT_0_4_cell_expansion_9_0_threshold_0_5_facet_size_3.0.csv.tif,24701.467725333892,16795.006584415307,11075.779892839362,2.705048785408169
labels_mask_case_id_TCGA-CC-5261_1_0_cell_expansion_11_0_threshold_0_8_facet_size_3.0.csv.tif,23538.7451718454,9282.232059598697,4203.9188135853665,0.6197620762220536
labels_mask_case_id_TCGA-K7-AAU7_0_2_cell_expansion_3_0_threshold_0_4_facet_size_3.0.csv.tif,22951.26886441921,6657.047509984526,3099.900490887805,0.16427399973181775
labels_mask_case_id_TCGA-BC-A69I_3_3_cell_expansion_3_0_threshold_0_8_facet_size_3.0.csv.tif,23177.578245064644,7622.761176536671,3477.331803850512,0.25907287488482234
labels_mask_case_id_TCGA-BC-A69I_4_2_cell_expansion_15_0_threshold_0_5_facet_size_3.0.csv.tif,24360.919735738287,13910.780931669087,7586.812469258981,2.0204158957208156
labels_mask_case_id_TCGA-G3-A5SK_1_0_cell_expansion_11_0_threshold_0_5_facet_size_3.0.csv.tif,24582.293524991666,15764.38627277597,9692.866701910494,2.460622450748343
labels_mask_case_id_TCGA-K7-AAU7_2_2_cell_expansion_3_0_threshold_0_5_facet_size_3.0.csv.tif,23563.958201241847,10050.992437059853,5836.17776888111,0.42026224631927817
labels_mask_case_id_TCGA-G3-A7M6_4_4_cell_expansion_13_0_threshold_0_7_facet_size_3.0.csv.tif,24136.516709543233,12583.5530621909,6651.179645724334,1.1559127538207137
labels_mask_case_id_TCGA-BC-A69I_2_0_cell_expansion_3_0_threshold_0_6_facet_size_3.0.csv.tif,23552.88759254737,9497.635282645906,4810.038101311749,0.4247930074081559
labels_mask_case_id_TCGA-K7-AAU7_0_2_cell_expansion_1_0_threshold_0_5_facet_size_3.0.csv.tif,22610.506268268444,4906.624565218321,1897.0608731661694,0.060633353206959624
labels_mask_case_id_TCGA-CC-A8HT_0_1_cell_expansion_13_0_threshold_0_5_facet_size_3.0.csv.tif,24762.631342929668,16898.349042558002,10663.080169527282,4.039953803414802
labels_mask_case_id_TCGA-YA-A8S7_2_2_cell_expansion_7_0_threshold_0_7_facet_size_3.0.csv.tif,24004.74291576659,11670.359599406365,5812.711847322558,
labels_mask_case_id_TCGA-YA-A8S7_3_0_cell_expansion_5_0_threshold_0_4_facet_size_3.0.csv.tif,24700.08225701802,16839.174964240072,11180.074776170532,
labels_mask_case_id_TCGA-G3-A7M6_4_1_cell_expansion_13_0_threshold_0_8_facet_size_3.0.csv.tif,23843.96105091101,10693.847076623033,4910.652998948896,0.7158105870075936
labels_mask_case_id_TCGA-CC-A8HT_4_2_cell_expansion_3_0_threshold_0_8_facet_size_3.0.csv.tif,22770.450316884715,5609.041621793344,2071.8431658344057,0.12339104147028522
labels_mask_case_id_TCGA-CC-A3MA_2_0_cell_expansion_11_0_threshold_0_4_facet_size_3.0.csv.tif,24872.591987839627,17879.339756666337,11743.423947144252,11.53934101848661
labels_mask_case_id_TCGA-CC-A8HT_4_3_cell_expansion_3_0_threshold_0_4_facet_size_3.0.csv.tif,23998.162452832745,12389.340653645813,7665.3456375205615,0.7295193002818897
labels_mask_case_id_TCGA-CC-A1HT_3_1_cell_expansion_9_0_threshold_0_4_facet_size_3.0.csv.tif,24443.086107817806,15034.598037020292,9387.192965788188,1.7624515255299895
labels_mask_case_id_TCGA-K7-AAU7_4_2_cell_expansion_1_0_threshold_0_7_facet_size_3.0.csv.tif,23053.56858749916,7330.261141238243,3885.484991807437,
labels_mask_case_id_TCGA-YA-A8S7_0_2_cell_expansion_3_0_threshold_0_4_facet_size_3.0.csv.tif,24344.709086261766,14211.74653560208,8633.565008367377,1.1509332055334314
labels_mask_case_id_TCGA-CC-A8HT_3_1_cell_expansion_5_0_threshold_0_6_facet_size_3.0.csv.tif,23931.84496279841,11762.60007244954,6481.844719755833,
labels_mask_case_id_TCGA-YA-A8S7_3_1_cell_expansion_15_0_threshold_0_8_facet_size_3.0.csv.tif,22955.804555571664,6306.817629857938,2332.9596129134884,0.22245826945016248
labels_mask_case_id_TCGA-CC-A8HT_0_1_cell_expansion_15_0_threshold_0_6_facet_size_3.0.csv.tif,24675.163336075162,16097.66353131036,9711.327927060616,3.2550536185207424
labels_mask_case_id_TCGA-CC-A8HT_4_4_cell_expansion_7_0_threshold_0_4_facet_size_3.0.csv.tif,24511.866145463846,15390.86545477546,9601.44022864604,1.9953609164513533
labels_mask_case_id_TCGA-CC-5261_1_1_cell_expansion_13_0_threshold_0_7_facet_size_3.0.csv.tif,23757.3172525408,10857.683916423752,5680.015619480435,
labels_mask_case_id_TCGA-CC-A3MA_3_3_cell_expansion_11_0_threshold_0_5_facet_size_3.0.csv.tif,24806.96792215126,17122.025467131178,10605.291984777226,
labels_mask_case_id_TCGA-K7-AAU7_0_2_cell_expansion_7_0_threshold_0_6_facet_size_3.0.csv.tif,23021.868970886608,6829.71467915696,2898.8156730858523,0.21932070319167093
labels_mask_case_id_TCGA-DD-AAED_0_2_cell_expansion_5_0_threshold_0_4_facet_size_3.0.csv.tif,24595.104387383057,16045.230102408032,10105.528170079237,2.798382996204991
labels_mask_case_id_TCGA-CC-5261_0_2_cell_expansion_11_0_threshold_0_7_facet_size_3.0.csv.tif,24161.57502363393,13142.127983876362,7460.731134035124,1.4926995862068966
labels_mask_case_id_TCGA-CC-A1HT_4_1_cell_expansion_13_0_threshold_0_8_facet_size_3.0.csv.tif,24024.854760259503,11714.993879527954,5600.006888129388,1.3859360246387313
labels_mask_case_id_TCGA-CC-A8HT_2_3_cell_expansion_13_0_threshold_0_6_facet_size_3.0.csv.tif,24470.544266057666,15031.09063576336,9041.290990732494,
labels_mask_case_id_TCGA-G3-A5SK_1_0_cell_expansion_15_0_threshold_0_7_facet_size_3.0.csv.tif,24342.332757249576,14162.511983965,8216.745258374727,1.71390162364651
labels_mask_case_id_TCGA-YA-A8S7_2_3_cell_expansion_11_0_threshold_0_5_facet_size_3.0.csv.tif,23544.459944071703,9394.829745485053,4407.583372218913,0.5405396754265228
labels_mask_case_id_TCGA-CC-A8HT_4_4_cell_expansion_5_0_threshold_0_5_facet_size_3.0.csv.tif,24330.6147667037,14221.274096728557,8680.147121490325,1.2797636972527684
labels_mask_case_id_TCGA-CC-A8HT_2_4_cell_expansion_1_0_threshold_0_4_facet_size_3.0.csv.tif,23375.102941086294,9054.126206754294,5586.61747626344,
labels_mask_case_id_TCGA-DD-AAED_1_2_cell_expansion_11_0_threshold_0_7_facet_size_3.0.csv.tif,24560.90547657464,15269.900054545833,8785.444209508645,3.250452174961565
labels_mask_case_id_TCGA-DD-AAED_0_4_cell_expansion_9_0_threshold_0_7_facet_size_3.0.csv.tif,24577.75611050921,15244.87211178463,8536.840553232663,3.4636223339005183
labels_mask_case_id_TCGA-CC-A3MA_0_2_cell_expansion_1_0_threshold_0_7_facet_size_3.0.csv.tif,23695.169347983156,10723.700951231187,6432.860476536191,0.45223467463163114
labels_mask_case_id_TCGA-CC-5261_4_3_cell_expansion_13_0_threshold_0_4_facet_size_3.0.csv.tif,24895.58033380061,18289.38092395631,12571.318565366328,5.574014847494522
labels_mask_case_id_TCGA-CC-A3MA_2_2_cell_expansion_3_0_threshold_0_7_facet_size_3.0.csv.tif,24156.188788634245,12957.735282751712,7513.0923897852945,
labels_mask_case_id_TCGA-CC-A3MA_3_1_cell_expansion_1_0_threshold_0_8_facet_size_3.0.csv.tif,22417.615570799906,3926.727836222629,975.0606350724132,0.022578571654904872
labels_mask_case_id_TCGA-CC-A1HT_4_2_cell_expansion_5_0_threshold_0_4_facet_size_3.0.csv.tif,24678.530248670548,16476.065400756954,10531.443472589292,2.8902954821777302
labels_mask_case_id_TCGA-G3-A7M6_2_3_cell_expansion_15_0_threshold_0_4_facet_size_3.0.csv.tif,24599.863793008506,15902.586135381267,9985.149965995946,2.3686698590010846
labels_mask_case_id_TCGA-G3-A5SK_1_3_cell_expansion_5_0_threshold_0_6_facet_size_3.0.csv.tif,24154.818070931924,13205.6209588787,7761.062138104029,1.0705148561013083
labels_mask_case_id_TCGA-BC-A69I_1_0_cell_expansion_13_0_threshold_0_5_facet_size_3.0.csv.tif,24444.228369022272,14546.29838303847,8160.0294949645995,2.0545517236716675
labels_mask_case_id_TCGA-CC-A1HT_0_4_cell_expansion_15_0_threshold_0_8_facet_size_3.0.csv.tif,22620.418167845968,4887.251844784216,1411.2091577957324,0.09355232692388683
labels_mask_case_id_TCGA-CC-5261_4_3_cell_expansion_11_0_threshold_0_5_facet_size_3.0.csv.tif,24806.048728619826,17500.608035931396,11597.978322031817,4.432151282045116
labels_mask_case_id_TCGA-G3-A5SK_3_4_cell_expansion_3_0_threshold_0_6_facet_size_3.0.csv.tif,24718.588488967554,17136.49297490871,11912.977854939298,1.6503593006037
labels_mask_case_id_TCGA-K7-AAU7_4_3_cell_expansion_13_0_threshold_0_8_facet_size_3.0.csv.tif,22816.892777374283,5751.935633207748,2089.2367421625154,0.16546772989487835
labels_mask_case_id_TCGA-G3-A7M6_2_0_cell_expansion_9_0_threshold_0_5_facet_size_3.0.csv.tif,24744.527062915866,16980.032947571282,11022.518160534068,3.8453510028345184
labels_mask_case_id_TCGA-CC-A1HT_2_2_cell_expansion_3_0_threshold_0_4_facet_size_3.0.csv.tif,24411.272009273667,14388.387466561682,8450.087527049329,1.3361637880596922
labels_mask_case_id_TCGA-BC-A69I_0_3_cell_expansion_13_0_threshold_0_4_facet_size_3.0.csv.tif,24449.983599054507,14471.368482861912,8100.362531909219,
labels_mask_case_id_TCGA-CC-A1HT_2_3_cell_expansion_3_0_threshold_0_8_facet_size_3.0.csv.tif,22437.73519438921,3966.1391500879163,939.0998706189096,0.0294360833294547
labels_mask_case_id_TCGA-DD-AAED_3_1_cell_expansion_9_0_threshold_0_6_facet_size_3.0.csv.tif,24631.786588302843,16020.979152275215,9732.064958612584,3.9599236431854834
labels_mask_case_id_TCGA-CC-A3MA_0_2_cell_expansion_5_0_threshold_0_5_facet_size_3.0.csv.tif,24908.61057905583,18354.42586243876,12487.458875940778,7.184926114450946
labels_mask_case_id_TCGA-G3-A7M6_2_3_cell_expansion_13_0_threshold_0_7_facet_size_3.0.csv.tif,24184.22973661125,12980.839348631102,7085.331336392446,1.2520113443311762
labels_mask_case_id_TCGA-G3-A5SK_1_4_cell_expansion_7_0_threshold_0_5_facet_size_3.0.csv.tif,24603.06630383792,15834.085241352299,9640.638013030368,2.5244253052773376
labels_mask_case_id_TCGA-CC-5261_0_3_cell_expansion_5_0_threshold_0_8_facet_size_3.0.csv.tif,23413.2374600746,8965.61323157985,4451.812247219268,0.42659325961052075
labels_mask_case_id_TCGA-DD-AAED_0_3_cell_expansion_9_0_threshold_0_5_facet_size_3.0.csv.tif,24700.26751047576,16431.306269162244,10137.648152160176,4.15138797235244
labels_mask_case_id_TCGA-G3-A7M6_3_4_cell_expansion_15_0_threshold_0_4_facet_size_3.0.csv.tif,24710.292907043488,16733.269158622308,10753.562196088453,3.3013103015961023
labels_mask_case_id_TCGA-YA-A8S7_4_3_cell_expansion_9_0_threshold_0_4_facet_size_3.0.csv.tif,22613.665988490025,4738.759761058528,1344.8689734959269,0.1056277619114419
labels_mask_case_id_TCGA-CC-5261_3_0_cell_expansion_7_0_threshold_0_6_facet_size_3.0.csv.tif,24519.149459873028,15222.934709586254,9141.161320577025,2.33671927505299
labels_mask_case_id_TCGA-CC-5261_4_3_cell_expansion_15_0_threshold_0_7_facet_size_3.0.csv.tif,24586.075704849623,15686.58525436051,9418.058189118452,2.781901188808028
labels_mask_case_id_TCGA-CC-5261_4_3_cell_expansion_1_0_threshold_0_8_facet_size_3.0.csv.tif,22690.68359172197,5320.180276738613,2194.598712194153,0.08662309288546105
labels_mask_case_id_TCGA-CC-5261_4_2_cell_expansion_1_0_threshold_0_4_facet_size_3.0.csv.tif,23862.236045733003,11801.319493773777,7827.330140452824,0.505816267150339
labels_mask_case_id_TCGA-G3-A5SK_1_3_cell_expansion_1_0_threshold_0_4_facet_size_3.0.csv.tif,23181.00698349411,7855.724391669341,4416.580372560254,0.20902609262323898
labels_mask_case_id_TCGA-CC-A8HT_3_0_cell_expansion_9_0_threshold_0_7_facet_size_3.0.csv.tif,24231.38027188638,13445.246127318524,7537.399139144391,1.6049470813328621
labels_mask_case_id_TCGA-CC-5261_4_4_cell_expansion_5_0_threshold_0_8_facet_size_3.0.csv.tif,23951.300835753427,11641.338719706831,6095.33836764774,0.8576062877132045
labels_mask_case_id_TCGA-CC-A1HT_2_3_cell_expansion_15_0_threshold_0_4_facet_size_3.0.csv.tif,24440.65853850692,14968.68094949711,9252.225391783404,2.0179753906908426
labels_mask_case_id_TCGA-CC-A3MA_2_3_cell_expansion_5_0_threshold_0_8_facet_size_3.0.csv.tif,23146.553742371998,7396.845311221251,3166.926593992023,0.30348072396842807
labels_mask_case_id_TCGA-YA-A8S7_0_1_cell_expansion_3_0_threshold_0_8_facet_size_3.0.csv.tif,22881.09311696397,6153.120130737727,2566.1299592172268,0.15405387893540048
labels_mask_case_id_TCGA-CC-A8HT_3_3_cell_expansion_5_0_threshold_0_6_facet_size_3.0.csv.tif,24220.232679971632,13541.619069040811,8061.022783134563,1.147489222117196
labels_mask_case_id_TCGA-YA-A8S7_0_0_cell_expansion_3_0_threshold_0_4_facet_size_3.0.csv.tif,24187.462662357142,13479.059750409966,8439.280411962687,0.8287739620649315
labels_mask_case_id_TCGA-CC-5261_4_4_cell_expansion_15_0_threshold_0_7_facet_size_3.0.csv.tif,24793.845978637823,17143.286342102052,10844.460891406852,6.311797225476932
labels_mask_case_id_TCGA-BC-A69I_2_3_cell_expansion_13_0_threshold_0_8_facet_size_3.0.csv.tif,23831.610126446816,10664.394841352314,5005.36536099417,0.8156118265706711
labels_mask_case_id_TCGA-CC-A8HT_3_4_cell_expansion_1_0_threshold_0_6_facet_size_3.0.csv.tif,23174.26217763198,7865.330658233862,4430.3014121593515,0.21451820428203044
labels_mask_case_id_TCGA-BC-A69I_0_2_cell_expansion_5_0_threshold_0_4_facet_size_3.0.csv.tif,23629.362999223067,10188.565527560899,5366.196347825568,0.5958761706754153
labels_mask_case_id_TCGA-BC-A69I_3_0_cell_expansion_11_0_threshold_0_8_facet_size_3.0.csv.tif,23752.61877438549,10321.150835834796,4875.759272155285,0.7308786499164484
labels_mask_case_id_TCGA-CC-A3MA_4_4_cell_expansion_11_0_threshold_0_5_facet_size_3.0.csv.tif,24580.55644788341,16014.987970159204,10174.918580823665,3.8212748018420557
labels_mask_case_id_TCGA-G3-A7M6_4_3_cell_expansion_7_0_threshold_0_6_facet_size_3.0.csv.tif,24367.88871806735,14301.687042644558,8228.81578162223,1.7025280764635604
labels_mask_case_id_TCGA-YA-A8S7_0_0_cell_expansion_1_0_threshold_0_5_facet_size_3.0.csv.tif,23455.69622717428,9275.492903905388,5521.738738950667,0.2838897383766799
labels_mask_case_id_TCGA-CC-A8HT_2_0_cell_expansion_5_0_threshold_0_8_facet_size_3.0.csv.tif,22818.73994314047,5829.691592367089,2138.837749198651,0.15991771591218162
labels_mask_case_id_TCGA-K7-AAU7_1_4_cell_expansion_3_0_threshold_0_8_facet_size_3.0.csv.tif,22295.564725834272,3345.9127204795473,555.5313772235761,0.0
labels_mask_case_id_TCGA-CC-A1HT_0_2_cell_expansion_15_0_threshold_0_6_facet_size_3.0.csv.tif,23787.536843351212,10896.349618163853,5851.316339598008,0.620472969628627
labels_mask_case_id_TCGA-DD-AAED_2_0_cell_expansion_7_0_threshold_0_4_facet_size_3.0.csv.tif,24433.193774970092,14821.62428616199,8920.996660975281,2.3365831437774904
labels_mask_case_id_TCGA-G3-A7M6_2_0_cell_expansion_15_0_threshold_0_5_facet_size_3.0.csv.tif,24742.7681523527,16979.463586558817,11021.821403207563,3.8458408164582147
labels_mask_case_id_TCGA-G3-A7M6_2_4_cell_expansion_7_0_threshold_0_7_facet_size_3.0.csv.tif,24489.488066356153,14742.988329086993,8245.950219283952,1.9479143950681448
labels_mask_case_id_TCGA-K7-AAU7_4_1_cell_expansion_13_0_threshold_0_7_facet_size_3.0.csv.tif,24082.65120514275,12333.060958761054,6615.279341258638,1.0891416200800002
labels_mask_case_id_TCGA-G3-A5SK_4_1_cell_expansion_13_0_threshold_0_6_facet_size_3.0.csv.tif,24453.322371705293,14628.508964331435,8417.672755917043,
labels_mask_case_id_TCGA-YA-A8S7_4_3_cell_expansion_13_0_threshold_0_4_facet_size_3.0.csv.tif,22699.23942233805,5108.039353364078,1548.7987980317846,0.1388248940729165
labels_mask_case_id_TCGA-CC-A8HT_4_3_cell_expansion_11_0_threshold_0_7_facet_size_3.0.csv.tif,23937.28569724264,11285.369444925636,5612.140366021135,0.9063410231861696
labels_mask_case_id_TCGA-YA-A8S7_4_0_cell_expansion_1_0_threshold_0_7_facet_size_3.0.csv.tif,23320.63207998473,8488.049823678872,4623.595867671434,0.25019606716080933
labels_mask_case_id_TCGA-CC-A1HT_3_4_cell_expansion_9_0_threshold_0_6_facet_size_3.0.csv.tif,24799.875768028836,17282.92999043861,11165.972754873466,
labels_mask_case_id_TCGA-G3-A7M6_2_4_cell_expansion_1_0_threshold_0_4_facet_size_3.0.csv.tif,23338.036282642406,8784.850510586848,5268.349595433114,0.2596195425650216
labels_mask_case_id_TCGA-CC-5261_4_4_cell_expansion_11_0_threshold_0_5_facet_size_3.0.csv.tif,24870.125651115162,17884.874149238203,11822.894391720432,8.767589373735277
labels_mask_case_id_TCGA-YA-A8S7_3_2_cell_expansion_7_0_threshold_0_5_facet_size_3.0.csv.tif,24809.798472191742,17945.451068502756,12674.523247473235,3.961812737861522
labels_mask_case_id_TCGA-CC-5261_1_4_cell_expansion_9_0_threshold_0_5_facet_size_3.0.csv.tif,24691.50029507564,16382.67279620849,10112.60222526623,3.3895293520199394
labels_mask_case_id_TCGA-G3-A7M6_0_3_cell_expansion_7_0_threshold_0_4_facet_size_3.0.csv.tif,24597.9957728674,15591.638382432182,9197.802967699441,2.369705690501104
labels_mask_case_id_TCGA-K7-AAU7_4_1_cell_expansion_7_0_threshold_0_8_facet_size_3.0.csv.tif,23135.28666985067,7186.9618890701295,2792.7472280741217,0.28094592260581747
labels_mask_case_id_TCGA-CC-A3MA_4_0_cell_expansion_13_0_threshold_0_5_facet_size_3.0.csv.tif,24895.25382142791,18203.32966846096,12264.517469759354,
labels_mask_case_id_TCGA-YA-A8S7_1_2_cell_expansion_7_0_threshold_0_4_facet_size_3.0.csv.tif,24829.69037282892,17552.75613838452,11443.888460128941,5.857045852759471
labels_mask_case_id_TCGA-CC-A1HT_4_1_cell_expansion_9_0_threshold_0_5_facet_size_3.0.csv.tif,24758.31450128357,17029.901346496477,10917.193168832471,5.753995874069424
labels_mask_case_id_TCGA-DD-AAED_3_2_cell_expansion_1_0_threshold_0_5_facet_size_3.0.csv.tif,23773.54639046002,11148.790045599932,6892.036545882653,0.48346409153402176
labels_mask_case_id_TCGA-YA-A8S7_0_1_cell_expansion_1_0_threshold_0_5_facet_size_3.0.csv.tif,23620.513815693892,10273.319317664804,6214.240427722069,0.3976011106587029
labels_mask_case_id_TCGA-G3-A7M6_2_2_cell_expansion_3_0_threshold_0_7_facet_size_3.0.csv.tif,23509.105276507184,9672.276306327707,5430.46109028654,0.42080004944104504
labels_mask_case_id_TCGA-BC-A69I_2_3_cell_expansion_7_0_threshold_0_4_facet_size_3.0.csv.tif,24427.1879014998,14359.441027084375,7986.670740111018,1.7709339730055382
labels_mask_case_id_TCGA-G3-A7M6_2_1_cell_expansion_13_0_threshold_0_4_facet_size_3.0.csv.tif,24776.827264511852,17186.14284798625,11126.748617179155,3.4501437950841045
labels_mask_case_id_TCGA-CC-5261_3_2_cell_expansion_9_0_threshold_0_6_facet_size_3.0.csv.tif,24653.211175833683,16044.170573995516,9626.851638487851,
labels_mask_case_id_TCGA-K7-AAU7_1_2_cell_expansion_7_0_threshold_0_8_facet_size_3.0.csv.tif,22336.30732815795,3529.953402420136,646.135757589391,0.01051470581652577
labels_mask_case_id_TCGA-CC-5261_1_2_cell_expansion_9_0_threshold_0_7_facet_size_3.0.csv.tif,24386.887241376968,14241.233009920186,8022.1973991669665,2.158084601838294
labels_mask_case_id_TCGA-CC-A8HT_4_1_cell_expansion_3_0_threshold_0_8_facet_size_3.0.csv.tif,22520.044819987867,4456.069514918547,1376.8323243605778,0.057090589059429694
labels_mask_case_id_TCGA-BC-A69I_3_1_cell_expansion_15_0_threshold_0_8_facet_size_3.0.csv.tif,23609.60394911579,9758.389982560064,4668.432650235661,0.6869670750228256
labels_mask_case_id_TCGA-G3-A7M6_0_3_cell_expansion_15_0_threshold_0_4_facet_size_3.0.csv.tif,24609.496001845768,15673.259464954412,9274.223926040377,2.451265767632
labels_mask_case_id_TCGA-BC-A69I_0_3_cell_expansion_7_0_threshold_0_5_facet_size_3.0.csv.tif,24340.220249547998,13801.050190859864,7582.706193875287,1.8338106510211838
labels_mask_case_id_TCGA-K7-AAU7_4_0_cell_expansion_11_0_threshold_0_4_facet_size_3.0.csv.tif,24868.05975672368,18230.40276888369,12824.868285668548,3.3809247133148568
labels_mask_case_id_TCGA-CC-A1HT_0_3_cell_expansion_11_0_threshold_0_6_facet_size_3.0.csv.tif,24537.38627021772,15212.562687998601,8992.658234994256,2.7801292166512437
labels_mask_case_id_TCGA-G3-A7M6_1_1_cell_expansion_13_0_threshold_0_8_facet_size_3.0.csv.tif,23625.04037879782,9755.44180930374,4606.1317008039205,0.5556036574966875
labels_mask_case_id_TCGA-YA-A8S7_4_1_cell_expansion_5_0_threshold_0_5_facet_size_3.0.csv.tif,24650.146993165326,16475.225996356738,10765.871251182329,
labels_mask_case_id_TCGA-DD-AAED_2_1_cell_expansion_5_0_threshold_0_5_facet_size_3.0.csv.tif,24660.686349989297,16235.589860187849,9931.503900572165,3.2730990330615297
labels_mask_case_id_TCGA-CC-A8HT_4_2_cell_expansion_15_0_threshold_0_7_facet_size_3.0.csv.tif,24237.63999912242,13165.703755925095,6919.513265870304,1.724339807654222
labels_mask_case_id_TCGA-G3-A7M6_4_3_cell_expansion_3_0_threshold_0_8_facet_size_3.0.csv.tif,23247.421175288207,8057.909841389459,3880.4938964589214,0.27796647706343236
labels_mask_case_id_TCGA-DD-AAED_3_3_cell_expansion_1_0_threshold_0_5_facet_size_3.0.csv.tif,23854.147344234083,11574.02763873757,7342.687428394597,0.506628000829125
labels_mask_case_id_TCGA-K7-AAU7_0_1_cell_expansion_1_0_threshold_0_5_facet_size_3.0.csv.tif,22647.86525569419,5118.794684024875,2086.056093552294,0.0722213216006037
labels_mask_case_id_TCGA-YA-A8S7_1_4_cell_expansion_3_0_threshold_0_4_facet_size_3.0.csv.tif,22432.862968434147,3994.036168206285,1041.9367860833854,0.02987762208311536
labels_mask_case_id_TCGA-YA-A8S7_3_2_cell_expansion_5_0_threshold_0_8_facet_size_3.0.csv.tif,22962.832878813817,6540.908514415957,2665.8326486978885,0.202476595197251
labels_mask_case_id_TCGA-G3-A5SK_4_4_cell_expansion_13_0_threshold_0_5_facet_size_3.0.csv.tif,24322.543430818598,13924.34013635512,7868.609095693299,
labels_mask_case_id_TCGA-BC-A69I_1_1_cell_expansion_1_0_threshold_0_4_facet_size_3.0.csv.tif,23280.171587281293,8334.253905828718,4598.125562857711,0.24921350737829343
labels_mask_case_id_TCGA-K7-AAU7_3_3_cell_expansion_3_0_threshold_0_7_facet_size_3.0.csv.tif,22777.68149335941,5694.315379348108,2275.487662557809,0.11641781596917258
labels_mask_case_id_TCGA-DD-AAED_0_1_cell_expansion_3_0_threshold_0_7_facet_size_3.0.csv.tif,24120.31013839626,12958.138362532269,7606.6921363099755,0.8973482586646258
labels_mask_case_id_TCGA-YA-A8S7_3_3_cell_expansion_7_0_threshold_0_5_facet_size_3.0.csv.tif,22764.13498914597,5556.755587773378,1994.0604637846207,0.1199008236312255
labels_mask_case_id_TCGA-G3-A7M6_0_2_cell_expansion_7_0_threshold_0_4_facet_size_3.0.csv.tif,24651.28416384221,16055.971342729265,9688.956824026425,2.561690893425972
labels_mask_case_id_TCGA-G3-A7M6_0_4_cell_expansion_11_0_threshold_0_6_facet_size_3.0.csv.tif,24612.8520024692,15740.59412268434,9367.138670022285,2.7131099275965407
labels_mask_case_id_TCGA-G3-A7M6_1_3_cell_expansion_15_0_threshold_0_4_facet_size_3.0.csv.tif,24659.776552595453,16163.427917226285,9905.548684408779,2.622962237807129
labels_mask_case_id_TCGA-G3-A5SK_1_2_cell_expansion_7_0_threshold_0_7_facet_size_3.0.csv.tif,24206.200061367443,13008.29439163208,7030.392433085479,1.217357673115274
labels_mask_case_id_TCGA-G3-A5SK_4_0_cell_expansion_3_0_threshold_0_5_facet_size_3.0.csv.tif,23596.05124188686,9935.420656891569,5485.222544082502,0.433982268484736
labels_mask_case_id_TCGA-CC-A3MA_0_4_cell_expansion_5_0_threshold_0_7_facet_size_3.0.csv.tif,23418.817960142103,8825.876054070999,4194.410027742622,
labels_mask_case_id_TCGA-G3-A5SK_3_2_cell_expansion_5_0_threshold_0_7_facet_size_3.0.csv.tif,24398.429169672287,14595.26648063276,8827.396360443441,1.5354683977351653
labels_mask_case_id_TCGA-CC-A8HT_4_1_cell_expansion_13_0_threshold_0_5_facet_size_3.0.csv.tif,24403.081494741793,14692.119952979141,9033.240841357336,1.6789007134222937
labels_mask_case_id_TCGA-CC-A8HT_0_2_cell_expansion_9_0_threshold_0_8_facet_size_3.0.csv.tif,22881.882436383232,6125.367519809034,2319.8088106502946,0.19409137535158413
labels_mask_case_id_TCGA-G3-A5SK_1_2_cell_expansion_1_0_threshold_0_4_facet_size_3.0.csv.tif,23207.05338331769,8064.275931189663,4586.616929442034,0.2205158834495959
labels_mask_case_id_TCGA-G3-A5SK_3_3_cell_expansion_3_0_threshold_0_8_facet_size_3.0.csv.tif,23048.210976524308,7063.097488491598,3197.791416659161,0.2086037865232345
labels_mask_case_id_TCGA-CC-A8HT_4_1_cell_expansion_15_0_threshold_0_6_facet_size_3.0.csv.tif,24299.857009663418,14082.481077733113,8512.122352710569,
labels_mask_case_id_TCGA-CC-A1HT_2_3_cell_expansion_15_0_threshold_0_8_facet_size_3.0.csv.tif,22602.755210479307,4638.374292691711,1237.2314960718668,0.09022941179881815
labels_mask_case_id_TCGA-CC-5261_1_1_cell_expansion_5_0_threshold_0_6_facet_size_3.0.csv.tif,23699.75088897243,10720.778572403437,5917.236399493997,
labels_mask_case_id_TCGA-CC-A3MA_2_2_cell_expansion_5_0_threshold_0_8_facet_size_3.0.csv.tif,23713.022417371634,10244.044097720742,4981.345170901821,0.6646149515576135
labels_mask_case_id_TCGA-DD-AAED_4_1_cell_expansion_11_0_threshold_0_6_facet_size_3.0.csv.tif,24711.9096024016,16286.466718432537,9679.605042754427,6.290343220736077
labels_mask_case_id_TCGA-YA-A8S7_0_4_cell_expansion_9_0_threshold_0_8_facet_size_3.0.csv.tif,22708.368105039986,5176.9726186328335,1608.2858476062504,0.12546228459266962
labels_mask_case_id_TCGA-CC-5261_2_2_cell_expansion_7_0_threshold_0_8_facet_size_3.0.csv.tif,24155.807638061116,12679.356590199053,6684.797240071235,1.3592561532058707
labels_mask_case_id_TCGA-CC-A1HT_4_3_cell_expansion_1_0_threshold_0_6_facet_size_3.0.csv.tif,23753.48114953764,10921.971471099112,6606.945652700114,0.5088002981521779
labels_mask_case_id_TCGA-CC-A1HT_2_0_cell_expansion_13_0_threshold_0_7_facet_size_3.0.csv.tif,23036.900388209284,7008.550542830365,2964.884483506602,0.2643899830854437
labels_mask_case_id_TCGA-CC-A3MA_4_4_cell_expansion_13_0_threshold_0_5_facet_size_3.0.csv.tif,24582.627124174483,16021.277340279641,10183.085621737584,3.824206672091131
labels_mask_case_id_TCGA-CC-A8HT_1_4_cell_expansion_3_0_threshold_0_7_facet_size_3.0.csv.tif,23856.78409193997,11150.59750623626,6057.891071532727,0.5767574069375805
labels_mask_case_id_TCGA-CC-A8HT_4_1_cell_expansion_3_0_threshold_0_5_facet_size_3.0.csv.tif,23842.84115506337,11524.246349158568,6984.312551063743,0.5950547523671693
labels_mask_case_id_TCGA-BC-A69I_3_1_cell_expansion_15_0_threshold_0_5_facet_size_3.0.csv.tif,24385.99484227044,14088.803857856969,7819.698503206592,
labels_mask_case_id_TCGA-DD-AAED_3_2_cell_expansion_7_0_threshold_0_7_facet_size_3.0.csv.tif,24716.438210591696,16349.621957851234,9762.385614510733,4.9822425701960995
labels_mask_case_id_TCGA-BC-A69I_1_3_cell_expansion_11_0_threshold_0_4_facet_size_3.0.csv.tif,24595.08169655994,15498.575809472743,8995.865878187109,3.407985857036651
labels_mask_case_id_TCGA-CC-A1HT_3_3_cell_expansion_13_0_threshold_0_6_facet_size_3.0.csv.tif,24728.53332223208,16457.731170447572,9841.328314124145,12.356559269652942
labels_mask_case_id_TCGA-G3-A7M6_0_2_cell_expansion_11_0_threshold_0_5_facet_size_3.0.csv.tif,24652.19154924589,16052.275674527598,9658.215609088033,2.5891814821895114
labels_mask_case_id_TCGA-CC-A8HT_1_4_cell_expansion_1_0_threshold_0_6_facet_size_3.0.csv.tif,23429.682911086802,9046.546325800658,5133.328661863813,0.28890209274822465
labels_mask_case_id_TCGA-CC-A3MA_4_4_cell_expansion_11_0_threshold_0_4_facet_size_3.0.csv.tif,24649.651596212403,16475.636841627034,10627.898197471575,4.306835285610309
labels_mask_case_id_TCGA-YA-A8S7_4_3_cell_expansion_15_0_threshold_0_6_facet_size_3.0.csv.tif,22415.96558820062,3834.0188640953534,808.1074469580832,0.030182963207881434
labels_mask_case_id_TCGA-CC-5261_0_1_cell_expansion_9_0_threshold_0_4_facet_size_3.0.csv.tif,24697.933116043252,16559.285875610127,10459.109771208416,4.2134796926454445
labels_mask_case_id_TCGA-DD-AAED_2_0_cell_expansion_7_0_threshold_0_5_facet_size_3.0.csv.tif,24424.009218463492,14723.910300546391,8791.36199055759,2.317735884573585
labels_mask_case_id_TCGA-YA-A8S7_2_1_cell_expansion_3_0_threshold_0_8_facet_size_3.0.csv.tif,22937.37290995096,6399.858681415145,2603.308909290883,0.19192992218259688
labels_mask_case_id_TCGA-DD-AAED_4_3_cell_expansion_11_0_threshold_0_4_facet_size_3.0.csv.tif,24662.5619697404,16244.6346992893,10060.016933415667,3.486881463802705
labels_mask_case_id_TCGA-BC-A69I_0_2_cell_expansion_3_0_threshold_0_6_facet_size_3.0.csv.tif,23160.55543484047,7760.95197347087,3850.1602043508574,0.267469861942279
labels_mask_case_id_TCGA-YA-A8S7_4_2_cell_expansion_15_0_threshold_0_8_facet_size_3.0.csv.tif,22561.30478028485,4478.554297414729,1137.4651009914414,0.0786523712063845
labels_mask_case_id_TCGA-G3-A7M6_0_4_cell_expansion_3_0_threshold_0_5_facet_size_3.0.csv.tif,24140.72806031954,13162.513691306129,8128.97409430134,0.7926757315414285
labels_mask_case_id_TCGA-CC-A8HT_4_3_cell_expansion_11_0_threshold_0_6_facet_size_3.0.csv.tif,24235.947195584333,13192.501426849185,7278.738796634406,1.4085211962300732
labels_mask_case_id_TCGA-CC-A1HT_2_1_cell_expansion_11_0_threshold_0_8_facet_size_3.0.csv.tif,23197.22931167325,7380.528810623177,2806.347380982519,0.37274890168064156
labels_mask_case_id_TCGA-G3-A7M6_3_1_cell_expansion_7_0_threshold_0_6_facet_size_3.0.csv.tif,24732.48419818208,16982.65574608517,11191.760416317427,3.0119539435726854
labels_mask_case_id_TCGA-K7-AAU7_1_2_cell_expansion_1_0_threshold_0_6_facet_size_3.0.csv.tif,22874.062848890124,6229.404648758534,3041.4170991496526,0.12226251699547368
labels_mask_case_id_TCGA-BC-A69I_2_2_cell_expansion_11_0_threshold_0_6_facet_size_3.0.csv.tif,24369.473599979887,13966.38373433262,7669.175600127717,1.8170950993099624
labels_mask_case_id_TCGA-YA-A8S7_1_4_cell_expansion_1_0_threshold_0_8_facet_size_3.0.csv.tif,22309.44409177986,3411.382180714216,607.5261306588839,0.002548014042664277
labels_mask_case_id_TCGA-CC-A1HT_4_0_cell_expansion_9_0_threshold_0_8_facet_size_3.0.csv.tif,23117.523285869243,7256.327421553037,2963.2947248569926,0.3237820989509992
labels_mask_case_id_TCGA-CC-A1HT_1_1_cell_expansion_11_0_threshold_0_4_facet_size_3.0.csv.tif,24547.93571953713,15607.051664427196,9742.496393768359,1.9540357364521763
labels_mask_case_id_TCGA-CC-A8HT_2_1_cell_expansion_1_0_threshold_0_7_facet_size_3.0.csv.tif,23078.27853803908,7267.265915027659,3656.4106246374768,0.1837870334391519
labels_mask_case_id_TCGA-YA-A8S7_2_0_cell_expansion_7_0_threshold_0_6_facet_size_3.0.csv.tif,24733.47297557268,16913.63842701885,10939.402534820145,4.027808340057034
labels_mask_case_id_TCGA-CC-5261_4_0_cell_expansion_15_0_threshold_0_7_facet_size_3.0.csv.tif,24575.92375519147,15534.449462678313,9242.864351263055,2.414256997763134
labels_mask_case_id_TCGA-BC-A69I_2_2_cell_expansion_3_0_threshold_0_7_facet_size_3.0.csv.tif,23375.793684843244,8593.45858402963,4236.630576275148,0.35018690727412227
labels_mask_case_id_TCGA-CC-A1HT_3_0_cell_expansion_13_0_threshold_0_7_facet_size_3.0.csv.tif,23920.647714386567,11495.541283318413,6079.647044956143,0.8054436935999667
labels_mask_case_id_TCGA-CC-A1HT_3_4_cell_expansion_15_0_threshold_0_5_facet_size_3.0.csv.tif,24895.71291639941,18173.8632138454,12260.412721659242,5.654012458559951
labels_mask_case_id_TCGA-CC-A1HT_1_0_cell_expansion_1_0_threshold_0_7_facet_size_3.0.csv.tif,22782.54128376656,5798.853177785025,2643.2860609678273,0.10604159711017601
labels_mask_case_id_TCGA-G3-A7M6_1_2_cell_expansion_13_0_threshold_0_4_facet_size_3.0.csv.tif,24934.793930328244,19110.29251871779,14471.110317384593,4.1658576626854655
labels_mask_case_id_TCGA-G3-A5SK_1_3_cell_expansion_7_0_threshold_0_6_facet_size_3.0.csv.tif,24310.86043233667,14079.593411845877,8313.20071315304,1.5438652475471928
labels_mask_case_id_TCGA-YA-A8S7_0_3_cell_expansion_9_0_threshold_0_7_facet_size_3.0.csv.tif,24463.19841491005,14774.091166463213,8630.892924605992,2.1112333711116733
labels_mask_case_id_TCGA-G3-A7M6_0_0_cell_expansion_15_0_threshold_0_8_facet_size_3.0.csv.tif,23715.558130372578,10304.434560399273,5007.534649802692,0.6359583930872983
labels_mask_case_id_TCGA-CC-A3MA_2_2_cell_expansion_3_0_threshold_0_6_facet_size_3.0.csv.tif,24370.825906457783,14319.428146304712,8657.008996732178,1.3199875528388154
labels_mask_case_id_TCGA-CC-A8HT_4_4_cell_expansion_13_0_threshold_0_7_facet_size_3.0.csv.tif,24167.149097344296,12904.990025462475,7051.754587076264,1.192163805651808
labels_mask_case_id_TCGA-CC-A3MA_0_2_cell_expansion_3_0_threshold_0_7_facet_size_3.0.csv.tif,24250.999195188106,13826.998665529023,8384.832423860564,1.082488016017413
labels_mask_case_id_TCGA-G3-A5SK_4_2_cell_expansion_15_0_threshold_0_5_facet_size_3.0.csv.tif,24396.630665088287,14271.241441380525,8008.4118132095655,1.817546690512528
labels_mask_case_id_TCGA-K7-AAU7_4_3_cell_expansion_9_0_threshold_0_5_facet_size_3.0.csv.tif,24688.914292689227,16715.911470181523,11047.034287831855,2.491469693478116
labels_mask_case_id_TCGA-G3-A7M6_2_3_cell_expansion_13_0_threshold_0_6_facet_size_3.0.csv.tif,24473.14652904251,14936.8658534905,8946.731020535824,1.8628836510927762
labels_mask_case_id_TCGA-G3-A5SK_0_1_cell_expansion_1_0_threshold_0_7_facet_size_3.0.csv.tif,23057.532480852118,7299.580971878368,3979.3314229563935,0.1763775873351914
labels_mask_case_id_TCGA-BC-A69I_2_1_cell_expansion_11_0_threshold_0_7_facet_size_3.0.csv.tif,24048.171337054635,12380.271534210491,6703.130490843245,1.2835702601809038
labels_mask_case_id_TCGA-G3-A5SK_3_4_cell_expansion_5_0_threshold_0_4_facet_size_3.0.csv.tif,24930.945538383112,18723.897369803148,13273.889849331528,
labels_mask_case_id_TCGA-DD-AAED_0_2_cell_expansion_9_0_threshold_0_8_facet_size_3.0.csv.tif,24131.113136426182,12737.786831434305,6770.302874353349,
labels_mask_case_id_TCGA-CC-5261_0_2_cell_expansion_5_0_threshold_0_5_facet_size_3.0.csv.tif,24317.39734550828,14221.102661028855,8657.348001590406,
labels_mask_case_id_TCGA-BC-A69I_0_1_cell_expansion_9_0_threshold_0_4_facet_size_3.0.csv.tif,24437.238922477638,14543.605998304485,8272.653122676078,
labels_mask_case_id_TCGA-CC-A1HT_1_0_cell_expansion_7_0_threshold_0_4_facet_size_3.0.csv.tif,24580.575551740465,15998.020935034005,10339.012203956356,2.163984202539599
labels_mask_case_id_TCGA-BC-A69I_2_1_cell_expansion_9_0_threshold_0_5_facet_size_3.0.csv.tif,24276.58038082653,13636.267760666611,7682.056280428105,1.75102523111142
labels_mask_case_id_TCGA-DD-AAED_4_0_cell_expansion_15_0_threshold_0_7_facet_size_3.0.csv.tif,24549.665485821824,15542.016698783013,9443.751985751373,3.5476525002973305
labels_mask_case_id_TCGA-K7-AAU7_1_1_cell_expansion_9_0_threshold_0_5_facet_size_3.0.csv.tif,24404.05494343049,14826.341792303418,9587.96109818254,1.1914385306808912
labels_mask_case_id_TCGA-DD-AAED_4_4_cell_expansion_9_0_threshold_0_4_facet_size_3.0.csv.tif,24891.696460431533,18051.488239342787,11933.71662531624,8.380005987227248
labels_mask_case_id_TCGA-CC-A3MA_4_3_cell_expansion_13_0_threshold_0_5_facet_size_3.0.csv.tif,24837.671235527952,17483.826109760157,11137.828199150395,8.498160154934322
labels_mask_case_id_TCGA-CC-5261_0_2_cell_expansion_7_0_threshold_0_4_facet_size_3.0.csv.tif,24563.037713665024,15656.14420619943,9669.063254498049,2.543443479242939
labels_mask_case_id_TCGA-G3-A5SK_4_1_cell_expansion_5_0_threshold_0_7_facet_size_3.0.csv.tif,23997.004097093886,11987.569650246709,6500.16290688873,0.865605522711805
labels_mask_case_id_TCGA-CC-A1HT_4_2_cell_expansion_3_0_threshold_0_6_facet_size_3.0.csv.tif,24118.55538021378,12936.045653178498,7693.31738826335,0.9283952725053246
labels_mask_case_id_TCGA-G3-A5SK_1_2_cell_expansion_5_0_threshold_0_7_facet_size_3.0.csv.tif,23968.991397180533,11772.950162807636,6286.4835693592395,0.7647766536733651
labels_mask_case_id_TCGA-CC-5261_4_3_cell_expansion_5_0_threshold_0_7_facet_size_3.0.csv.tif,24343.69813758512,14232.13387353164,8437.032757140147,1.4073832519685794
labels_mask_case_id_TCGA-CC-5261_0_4_cell_expansion_7_0_threshold_0_6_facet_size_3.0.csv.tif,24642.000508711888,16275.562770672088,10477.641984785509,2.5069284459044083
labels_mask_case_id_TCGA-BC-A69I_3_3_cell_expansion_11_0_threshold_0_4_facet_size_3.0.csv.tif,24666.077774084806,15905.857823492646,9265.981710216374,3.2107126659039116
labels_mask_case_id_TCGA-CC-A1HT_0_2_cell_expansion_3_0_threshold_0_8_facet_size_3.0.csv.tif,22337.70283214138,3557.2770215143505,718.817291020314,0.010466946590392148
labels_mask_case_id_TCGA-CC-5261_4_3_cell_expansion_7_0_threshold_0_6_facet_size_3.0.csv.tif,24724.488081761156,16778.247824666247,10689.467536957372,3.61862079822698
labels_mask_case_id_TCGA-G3-A5SK_1_2_cell_expansion_7_0_threshold_0_6_facet_size_3.0.csv.tif,24364.667446420706,14139.46402328361,8156.081362894339,1.5111101959129973
labels_mask_case_id_TCGA-K7-AAU7_4_3_cell_expansion_11_0_threshold_0_4_facet_size_3.0.csv.tif,24793.193285697955,17625.743062091973,12151.040373309035,3.024042609321859
labels_mask_case_id_TCGA-DD-AAED_4_1_cell_expansion_13_0_threshold_0_6_facet_size_3.0.csv.tif,24712.673716948844,16284.116798132864,9675.006941126689,6.3071795502983115
labels_mask_case_id_TCGA-CC-A3MA_3_1_cell_expansion_7_0_threshold_0_6_facet_size_3.0.csv.tif,24736.095982792798,16956.32823922644,11031.870313724212,3.48895649564718
labels_mask_case_id_TCGA-G3-A7M6_4_1_cell_expansion_9_0_threshold_0_7_facet_size_3.0.csv.tif,24228.231853806923,13137.749676278894,6986.496774227661,1.2838574308950985
labels_mask_case_id_TCGA-CC-A1HT_1_1_cell_expansion_5_0_threshold_0_5_facet_size_3.0.csv.tif,24277.260915653893,13770.81746073426,8173.5682249023275,1.1519107721305033
labels_mask_case_id_TCGA-BC-A69I_2_4_cell_expansion_11_0_threshold_0_4_facet_size_3.0.csv.tif,24470.147557570708,14654.552969376591,8325.291063046894,2.249001970136873
labels_mask_case_id_TCGA-DD-AAED_3_0_cell_expansion_9_0_threshold_0_7_facet_size_3.0.csv.tif,24609.010175604744,15652.452156861611,9118.510558975257,3.323182521453256
labels_mask_case_id_TCGA-CC-A1HT_2_3_cell_expansion_5_0_threshold_0_6_facet_size_3.0.csv.tif,23702.766645068823,10557.030635413741,5630.9144539626905,0.6182377156481801
labels_mask_case_id_TCGA-CC-A8HT_2_2_cell_expansion_9_0_threshold_0_8_facet_size_3.0.csv.tif,22682.902588018984,5096.94375476536,1570.0815706041103,0.122315787064836
labels_mask_case_id_TCGA-BC-A69I_4_4_cell_expansion_7_0_threshold_0_4_facet_size_3.0.csv.tif,24604.88477028306,15822.614563249048,9599.831098912127,2.9916398611420747
labels_mask_case_id_TCGA-G3-A5SK_4_0_cell_expansion_13_0_threshold_0_5_facet_size_3.0.csv.tif,24312.501274546466,13631.20830682918,7521.161649629776,
labels_mask_case_id_TCGA-YA-A8S7_4_1_cell_expansion_7_0_threshold_0_5_facet_size_3.0.csv.tif,24733.108416209692,16987.172656553124,11096.338218729308,3.5035050241001513
labels_mask_case_id_TCGA-CC-5261_3_2_cell_expansion_9_0_threshold_0_7_facet_size_3.0.csv.tif,24516.07184489521,14921.221614756592,8400.554193288246,2.8939904538144234
labels_mask_case_id_TCGA-YA-A8S7_2_0_cell_expansion_3_0_threshold_0_8_facet_size_3.0.csv.tif,22847.96459818624,5844.709561630343,2121.718936127916,0.1372406473678998
labels_mask_case_id_TCGA-CC-A1HT_3_2_cell_expansion_9_0_threshold_0_5_facet_size_3.0.csv.tif,24704.722099063307,16185.2424483196,9438.197628584756,8.90052530642875
labels_mask_case_id_TCGA-G3-A7M6_3_1_cell_expansion_3_0_threshold_0_8_facet_size_3.0.csv.tif,22801.82272168968,5817.394968546696,2353.6102650644148,0.12266267763649963
labels_mask_case_id_TCGA-BC-A69I_0_2_cell_expansion_7_0_threshold_0_8_facet_size_3.0.csv.tif,22970.14693366656,6533.029311857972,2542.682308262905,0.23636000426895512
labels_mask_case_id_TCGA-DD-AAED_1_3_cell_expansion_5_0_threshold_0_7_facet_size_3.0.csv.tif,24412.547977941133,14471.544798762909,8434.811109704016,1.6400647844536036
labels_mask_case_id_TCGA-K7-AAU7_3_3_cell_expansion_7_0_threshold_0_4_facet_size_3.0.csv.tif,24344.00111501692,14225.351310878445,8745.000144384505,
labels_mask_case_id_TCGA-BC-A69I_0_3_cell_expansion_7_0_threshold_0_4_facet_size_3.0.csv.tif,24372.22502183292,14095.371090652505,7890.602905763025,1.9313719129234188
labels_mask_case_id_TCGA-BC-A69I_1_0_cell_expansion_3_0_threshold_0_8_facet_size_3.0.csv.tif,22941.970210439627,6488.389768543926,2790.381659223074,0.17189121946234323
labels_mask_case_id_TCGA-CC-A8HT_3_2_cell_expansion_3_0_threshold_0_4_facet_size_3.0.csv.tif,24304.965718921107,14315.14025510144,9277.713631954408,1.0100018799186379
labels_mask_case_id_TCGA-CC-A8HT_0_0_cell_expansion_3_0_threshold_0_7_facet_size_3.0.csv.tif,23849.010974511508,11575.457208938245,6921.19971047034,0.6322094549327221
labels_mask_case_id_TCGA-DD-AAED_3_2_cell_expansion_1_0_threshold_0_8_facet_size_3.0.csv.tif,23041.967602264413,7093.790097912303,3493.4620080972954,0.18368413446131482
labels_mask_case_id_TCGA-DD-AAED_2_1_cell_expansion_3_0_threshold_0_7_facet_size_3.0.csv.tif,24146.473980661518,13107.701556697386,7652.421186828427,1.0522522883118253
labels_mask_case_id_TCGA-CC-A1HT_1_4_cell_expansion_13_0_threshold_0_6_facet_size_3.0.csv.tif,23957.689934653863,11785.2276522426,6340.787792397632,0.9797679567610829
labels_mask_case_id_TCGA-CC-A8HT_3_2_cell_expansion_1_0_threshold_0_5_facet_size_3.0.csv.tif,23485.87416522605,9617.51074257917,5909.777061862336,0.3274219228990467
labels_mask_case_id_TCGA-YA-A8S7_1_2_cell_expansion_5_0_threshold_0_8_facet_size_3.0.csv.tif,23216.629753875506,7685.540196906419,3221.366674994186,0.31829024442979686
labels_mask_case_id_TCGA-BC-A69I_4_3_cell_expansion_5_0_threshold_0_7_facet_size_3.0.csv.tif,23407.692895699125,8766.691030438633,4067.845957607064,0.37843990871513805
labels_mask_case_id_TCGA-CC-5261_1_3_cell_expansion_13_0_threshold_0_5_facet_size_3.0.csv.tif,24670.9183809206,16302.736205116451,10118.66134922711,3.857239128281754
labels_mask_case_id_TCGA-CC-A3MA_3_4_cell_expansion_3_0_threshold_0_6_facet_size_3.0.csv.tif,24196.85447606944,13642.221401776773,8346.553939504709,
labels_mask_case_id_TCGA-CC-5261_1_4_cell_expansion_1_0_threshold_0_7_facet_size_3.0.csv.tif,23238.06403905998,8201.987584665045,4579.878252552848,0.24968453262636145
labels_mask_case_id_TCGA-DD-AAED_2_0_cell_expansion_9_0_threshold_0_5_facet_size_3.0.csv.tif,24468.223909616703,14960.812258980228,8949.375300420179,2.73951412923844
labels_mask_case_id_TCGA-K7-AAU7_3_4_cell_expansion_15_0_threshold_0_6_facet_size_3.0.csv.tif,24039.368488160282,12073.979760152226,6386.493193722774,1.0230071286791558
labels_mask_case_id_TCGA-CC-A1HT_3_4_cell_expansion_1_0_threshold_0_4_facet_size_3.0.csv.tif,23938.25724053651,12222.540388737614,8250.613477335033,0.5340050943044697
labels_mask_case_id_TCGA-CC-5261_0_0_cell_expansion_7_0_threshold_0_8_facet_size_3.0.csv.tif,23911.71593147497,11627.468900784763,6223.843727411544,1.0095978151604381
labels_mask_case_id_TCGA-CC-A3MA_3_3_cell_expansion_7_0_threshold_0_6_facet_size_3.0.csv.tif,24675.561756090778,16192.905731711056,9770.856654123443,5.2117343291133675
labels_mask_case_id_TCGA-CC-A8HT_2_1_cell_expansion_11_0_threshold_0_5_facet_size_3.0.csv.tif,24851.851904998788,17930.61882917881,12063.486201823816,4.621956496868829
labels_mask_case_id_TCGA-CC-5261_0_4_cell_expansion_15_0_threshold_0_6_facet_size_3.0.csv.tif,24652.832994377422,16331.619969762698,10520.438424771266,2.650846931700829
labels_mask_case_id_TCGA-CC-5261_0_0_cell_expansion_13_0_threshold_0_4_facet_size_3.0.csv.tif,24771.5279977702,17160.48991927675,11035.430882413728,5.707590028029835
labels_mask_case_id_TCGA-CC-A1HT_3_2_cell_expansion_5_0_threshold_0_8_facet_size_3.0.csv.tif,23917.539912219658,11368.74032506205,5683.925544823621,1.0285498225920444
labels_mask_case_id_TCGA-DD-AAED_3_2_cell_expansion_9_0_threshold_0_7_facet_size_3.0.csv.tif,24716.185076517755,16324.048220481003,9689.667373303351,6.851501173986135
labels_mask_case_id_TCGA-DD-AAED_0_1_cell_expansion_9_0_threshold_0_8_facet_size_3.0.csv.tif,24219.881363275985,13180.296622534974,7082.5259827353175,1.8482093935193251
labels_mask_case_id_TCGA-G3-A5SK_2_3_cell_expansion_11_0_threshold_0_5_facet_size_3.0.csv.tif,24487.556984437142,15233.811826104817,9414.756112266667,2.1309471931163695
labels_mask_case_id_TCGA-CC-A3MA_2_1_cell_expansion_7_0_threshold_0_4_facet_size_3.0.csv.tif,24898.47054375187,18392.15352754156,12801.459451514596,8.252583463376872
labels_mask_case_id_TCGA-CC-A3MA_3_3_cell_expansion_5_0_threshold_0_7_facet_size_3.0.csv.tif,24340.814895102594,13961.503689402107,7871.527973779195,1.640429620382773
labels_mask_case_id_TCGA-CC-A3MA_2_2_cell_expansion_13_0_threshold_0_7_facet_size_3.0.csv.tif,24686.205012359547,16088.954748607966,9497.180899442503,6.571928001608903
labels_mask_case_id_TCGA-CC-A1HT_4_2_cell_expansion_15_0_threshold_0_7_facet_size_3.0.csv.tif,24424.4288762842,14262.19993293554,7900.987057528452,2.591474931318681
labels_mask_case_id_TCGA-G3-A7M6_4_4_cell_expansion_9_0_threshold_0_5_facet_size_3.0.csv.tif,24385.741436683238,14137.91828419907,7911.368299472576,1.6571657803636604
labels_mask_case_id_TCGA-CC-A1HT_2_1_cell_expansion_3_0_threshold_0_5_facet_size_3.0.csv.tif,24174.374031261515,13327.955908109312,7962.293544775108,1.0757109024361968
labels_mask_case_id_TCGA-G3-A7M6_2_3_cell_expansion_9_0_threshold_0_4_facet_size_3.0.csv.tif,24599.863793008506,15902.586135381267,9985.149965995946,2.3686698590010846
labels_mask_case_id_TCGA-G3-A7M6_2_2_cell_expansion_9_0_threshold_0_8_facet_size_3.0.csv.tif,23584.36250308933,9756.880580292956,4714.719191342592,0.5981008640238786
labels_mask_case_id_TCGA-CC-A3MA_1_4_cell_expansion_5_0_threshold_0_4_facet_size_3.0.csv.tif,24846.614734091418,17711.812594796822,11666.097794538151,5.909466507814486
labels_mask_case_id_TCGA-YA-A8S7_1_0_cell_expansion_13_0_threshold_0_4_facet_size_3.0.csv.tif,24485.26271364942,14895.58435551581,8756.115089325758,2.4052556783968013
labels_mask_case_id_TCGA-YA-A8S7_3_2_cell_expansion_15_0_threshold_0_4_facet_size_3.0.csv.tif,24886.11404261269,18600.28676448064,13480.889559762305,4.722204373837923
labels_mask_case_id_TCGA-CC-A8HT_0_3_cell_expansion_13_0_threshold_0_7_facet_size_3.0.csv.tif,24256.826846766216,13252.289728095371,7072.423200457891,1.8408497349300492
labels_mask_case_id_TCGA-G3-A5SK_1_0_cell_expansion_7_0_threshold_0_6_facet_size_3.0.csv.tif,24540.689726107194,15524.956324436076,9486.907295425804,2.2919130854772316
labels_mask_case_id_TCGA-G3-A5SK_0_2_cell_expansion_5_0_threshold_0_5_facet_size_3.0.csv.tif,24232.250083626688,13566.4743386828,7935.198588986853,1.1009986244816194
labels_mask_case_id_TCGA-CC-A8HT_1_4_cell_expansion_15_0_threshold_0_4_facet_size_3.0.csv.tif,24767.01065578802,16915.064187322445,10581.422841266478,3.776633495659538
labels_mask_case_id_TCGA-DD-AAED_0_3_cell_expansion_15_0_threshold_0_6_facet_size_3.0.csv.tif,24644.255137557106,15944.050278388147,9588.776765279123,3.521041039997916
labels_mask_case_id_TCGA-CC-A3MA_3_3_cell_expansion_1_0_threshold_0_5_facet_size_3.0.csv.tif,23898.48202612705,11853.702148908003,7351.369399974526,
labels_mask_case_id_TCGA-DD-AAED_0_0_cell_expansion_13_0_threshold_0_4_facet_size_3.0.csv.tif,24775.877797701134,17009.139582342792,10703.232210749167,6.040463870875126
labels_mask_case_id_TCGA-BC-A69I_3_4_cell_expansion_5_0_threshold_0_4_facet_size_3.0.csv.tif,24459.42514593604,15243.049955952876,9633.461125316328,1.9905194297341544
labels_mask_case_id_TCGA-G3-A5SK_2_1_cell_expansion_15_0_threshold_0_8_facet_size_3.0.csv.tif,23909.029265929985,11471.907600038003,5795.881785101514,0.8609779355720022
labels_mask_case_id_TCGA-CC-A8HT_0_2_cell_expansion_3_0_threshold_0_7_facet_size_3.0.csv.tif,23280.5358355968,8139.4052384990055,3979.259887086906,
labels_mask_case_id_TCGA-CC-5261_1_4_cell_expansion_15_0_threshold_0_6_facet_size_3.0.csv.tif,24594.889200681515,15738.836274918782,9544.448505728142,
labels_mask_case_id_TCGA-DD-AAED_3_0_cell_expansion_1_0_threshold_0_8_facet_size_3.0.csv.tif,22974.777927104293,6703.5288770649195,3137.5807337000047,0.1693389862773336
labels_mask_case_id_TCGA-YA-A8S7_0_4_cell_expansion_11_0_threshold_0_4_facet_size_3.0.csv.tif,24682.36298316183,16655.981661741964,10806.746487957378,2.9102076094660236
labels_mask_case_id_TCGA-DD-AAED_4_4_cell_expansion_1_0_threshold_0_7_facet_size_3.0.csv.tif,23650.556908061582,10412.853375833018,6432.964675915073,0.3926861881086046
labels_mask_case_id_TCGA-DD-AAED_0_3_cell_expansion_3_0_threshold_0_6_facet_size_3.0.csv.tif,24026.382421606177,12527.383761394294,7487.597863892906,0.8120179305924469
labels_mask_case_id_TCGA-DD-AAED_3_1_cell_expansion_15_0_threshold_0_5_facet_size_3.0.csv.tif,24654.713243168808,16245.191291728032,10041.642354096886,4.165250732340428
labels_mask_case_id_TCGA-K7-AAU7_2_0_cell_expansion_11_0_threshold_0_5_facet_size_3.0.csv.tif,22730.071716145245,5332.0115133095505,1775.8335955685336,0.11378388904781998
labels_mask_case_id_TCGA-YA-A8S7_2_2_cell_expansion_11_0_threshold_0_6_facet_size_3.0.csv.tif,24535.793639949894,14961.355929431962,8401.02262605973,2.6801572271789564
labels_mask_case_id_TCGA-CC-A8HT_0_2_cell_expansion_1_0_threshold_0_6_facet_size_3.0.csv.tif,23144.92171850724,7650.7338199439855,4150.90431466906,0.20586532710375288
labels_mask_case_id_TCGA-G3-A5SK_1_3_cell_expansion_9_0_threshold_0_6_facet_size_3.0.csv.tif,24329.131923879235,14170.267356364726,8365.849403862341,1.6200554670333498
labels_mask_case_id_TCGA-CC-5261_2_0_cell_expansion_13_0_threshold_0_8_facet_size_3.0.csv.tif,23986.629151065703,11735.055379419971,5904.043839199778,1.173359091560685
labels_mask_case_id_TCGA-K7-AAU7_3_3_cell_expansion_11_0_threshold_0_4_facet_size_3.0.csv.tif,24362.174191176935,14335.810129252126,8827.5612022854,1.187671343058238
labels_mask_case_id_TCGA-K7-AAU7_0_4_cell_expansion_1_0_threshold_0_6_facet_size_3.0.csv.tif,22907.09359737061,6281.7407965415005,2991.323057174818,0.11740752015166027
labels_mask_case_id_TCGA-CC-A8HT_4_2_cell_expansion_1_0_threshold_0_4_facet_size_3.0.csv.tif,23334.013514403065,8690.132819979226,4911.268066523538,0.2740516351429804
labels_mask_case_id_TCGA-CC-5261_0_3_cell_expansion_9_0_threshold_0_8_facet_size_3.0.csv.tif,23811.54602215232,10924.048873373109,5574.546051862387,0.8388755796830699
labels_mask_case_id_TCGA-DD-AAED_0_3_cell_expansion_5_0_threshold_0_5_facet_size_3.0.csv.tif,24503.543316154315,15304.622639392199,9403.943272969342,2.001302424585093
labels_mask_case_id_TCGA-G3-A5SK_1_4_cell_expansion_13_0_threshold_0_8_facet_size_3.0.csv.tif,23980.70013339273,11884.254267142634,6245.56087254768,1.0188280221556576
labels_mask_case_id_TCGA-CC-A8HT_4_3_cell_expansion_1_0_threshold_0_8_facet_size_3.0.csv.tif,22511.183911219894,4324.552034004282,1281.9823700401964,0.04373742462873595
labels_mask_case_id_TCGA-DD-AAED_3_1_cell_expansion_5_0_threshold_0_6_facet_size_3.0.csv.tif,24505.57857162848,15346.435786456961,9396.340342434432,2.1519950694955714
labels_mask_case_id_TCGA-CC-A8HT_3_1_cell_expansion_15_0_threshold_0_7_facet_size_3.0.csv.tif,23871.262924305593,11148.78924618914,5630.299231157263,0.8031514528845509
labels_mask_case_id_TCGA-CC-A8HT_0_2_cell_expansion_7_0_threshold_0_5_facet_size_3.0.csv.tif,24447.05733497564,14708.054138834841,8682.48200095532,1.8877590466315937
labels_mask_case_id_TCGA-G3-A7M6_1_2_cell_expansion_3_0_threshold_0_5_facet_size_3.0.csv.tif,24716.435305257128,17603.518863753183,13279.08226621236,1.7093765069622406
labels_mask_case_id_TCGA-DD-AAED_2_4_cell_expansion_1_0_threshold_0_4_facet_size_3.0.csv.tif,23682.120922362086,10587.040086415598,6532.5156143876175,0.4237604754442775
labels_mask_case_id_TCGA-BC-A69I_0_0_cell_expansion_7_0_threshold_0_8_facet_size_3.0.csv.tif,23241.481372286675,7894.107975792122,3439.6335349790147,0.37095920638831675
labels_mask_case_id_TCGA-CC-A8HT_0_4_cell_expansion_1_0_threshold_0_8_facet_size_3.0.csv.tif,22509.540353586624,4393.234019041045,1314.8336960411295,0.047238933452168744
labels_mask_case_id_TCGA-G3-A7M6_4_0_cell_expansion_5_0_threshold_0_6_facet_size_3.0.csv.tif,24630.110987035743,16709.068769584374,11488.37603836468,2.39496748657054
labels_mask_case_id_TCGA-K7-AAU7_3_3_cell_expansion_15_0_threshold_0_6_facet_size_3.0.csv.tif,23980.007030980767,11933.157841977727,6647.945733890745,0.7545990621946945
labels_mask_case_id_TCGA-YA-A8S7_0_4_cell_expansion_7_0_threshold_0_5_facet_size_3.0.csv.tif,24602.06138489435,16024.211855556608,10121.287556573438,2.3777262776883497
labels_mask_case_id_TCGA-BC-A69I_4_1_cell_expansion_1_0_threshold_0_5_facet_size_3.0.csv.tif,23042.639164499706,6988.914637062793,3258.723126302202,0.19555261378402497
labels_mask_case_id_TCGA-CC-A3MA_1_1_cell_expansion_11_0_threshold_0_7_facet_size_3.0.csv.tif,24211.401349690448,13047.940794206705,6938.592223818099,1.8540065847822296
labels_mask_case_id_TCGA-CC-A8HT_4_3_cell_expansion_7_0_threshold_0_7_facet_size_3.0.csv.tif,23811.84358243696,10675.900888254424,5259.946377946234,0.7569563588701607
labels_mask_case_id_TCGA-YA-A8S7_1_1_cell_expansion_5_0_threshold_0_8_facet_size_3.0.csv.tif,23209.868637835072,7671.554806204187,3321.2841669253507,0.3121541625214993
labels_mask_case_id_TCGA-CC-5261_4_3_cell_expansion_9_0_threshold_0_6_facet_size_3.0.csv.tif,24750.66254250996,16968.87261197169,10855.167075870251,4.020756377602049
labels_mask_case_id_TCGA-YA-A8S7_4_2_cell_expansion_1_0_threshold_0_6_facet_size_3.0.csv.tif,22536.242227544237,4487.59440542738,1456.8515306498925,0.048107419593539216
labels_mask_case_id_TCGA-K7-AAU7_4_4_cell_expansion_1_0_threshold_0_8_facet_size_3.0.csv.tif,22503.755429611127,4376.118890884663,1330.5299626079825,0.046743324154156385
labels_mask_case_id_TCGA-CC-A8HT_0_4_cell_expansion_7_0_threshold_0_7_facet_size_3.0.csv.tif,24058.54407733773,12385.543263602827,6604.370428391145,1.1327824915506606
labels_mask_case_id_TCGA-K7-AAU7_2_0_cell_expansion_13_0_threshold_0_8_facet_size_3.0.csv.tif,22295.564725834272,3345.9127204795473,555.5313772235761,
labels_mask_case_id_TCGA-CC-A3MA_2_4_cell_expansion_11_0_threshold_0_4_facet_size_3.0.csv.tif,24879.980754940094,17965.856483178417,11882.257721234662,11.647103671355133
labels_mask_case_id_TCGA-CC-A8HT_2_2_cell_expansion_11_0_threshold_0_8_facet_size_3.0.csv.tif,22683.83889239138,5098.923839746738,1571.5812570731414,0.12237944019434642
labels_mask_case_id_TCGA-G3-A5SK_1_0_cell_expansion_11_0_threshold_0_4_facet_size_3.0.csv.tif,24591.796584290732,15851.43593135094,9800.129957905949,
labels_mask_case_id_TCGA-YA-A8S7_1_0_cell_expansion_7_0_threshold_0_5_facet_size_3.0.csv.tif,24297.287241901176,13762.04541705234,7820.528513998005,1.5912201559303238
labels_mask_case_id_TCGA-G3-A5SK_0_0_cell_expansion_9_0_threshold_0_4_facet_size_3.0.csv.tif,24626.13017651376,16367.73330166959,10720.248539784345,2.5248575450723174
labels_mask_case_id_TCGA-CC-A8HT_0_3_cell_expansion_3_0_threshold_0_7_facet_size_3.0.csv.tif,23550.46614670564,9708.057447835301,5129.416359180785,0.45006880744264494
labels_mask_case_id_TCGA-K7-AAU7_3_2_cell_expansion_15_0_threshold_0_4_facet_size_3.0.csv.tif,24366.170865450567,14683.233881228476,9341.281611937626,1.4043266086860204
labels_mask_case_id_TCGA-YA-A8S7_4_2_cell_expansion_3_0_threshold_0_7_facet_size_3.0.csv.tif,22582.430198539703,4657.813007970555,1419.5537620209197,0.06711854555884632
labels_mask_case_id_TCGA-CC-5261_2_0_cell_expansion_11_0_threshold_0_5_facet_size_3.0.csv.tif,24745.648788716626,16878.167791090218,10725.027648353962,6.346681323112847
labels_mask_case_id_TCGA-CC-A8HT_2_4_cell_expansion_5_0_threshold_0_7_facet_size_3.0.csv.tif,23808.389690331103,10705.780184976218,5402.156869037504,0.604125781441094
labels_mask_case_id_TCGA-CC-A3MA_0_2_cell_expansion_13_0_threshold_0_7_facet_size_3.0.csv.tif,24727.86712506459,16478.03838529614,9910.299420409341,6.507322624764148
labels_mask_case_id_TCGA-DD-AAED_2_2_cell_expansion_3_0_threshold_0_7_facet_size_3.0.csv.tif,23608.280152217667,10163.562334145385,5576.235855365869,0.5037269833863791
labels_mask_case_id_TCGA-YA-A8S7_1_3_cell_expansion_11_0_threshold_0_8_facet_size_3.0.csv.tif,22981.537352312967,6408.701018663221,2298.921994366933,0.22541056651814131
labels_mask_case_id_TCGA-CC-A3MA_2_3_cell_expansion_9_0_threshold_0_4_facet_size_3.0.csv.tif,24932.125817909546,18551.183438997086,12770.835812266288,14.606279792746115
labels_mask_case_id_TCGA-BC-A69I_0_0_cell_expansion_7_0_threshold_0_4_facet_size_3.0.csv.tif,24166.908826471088,12990.406560863918,7248.182175977166,1.296002187240824
labels_mask_case_id_TCGA-CC-5261_1_1_cell_expansion_13_0_threshold_0_6_facet_size_3.0.csv.tif,23836.47607159491,11449.236031751692,6354.245882268006,
labels_mask_case_id_TCGA-YA-A8S7_4_2_cell_expansion_5_0_threshold_0_4_facet_size_3.0.csv.tif,23058.281255683065,7054.551176688077,3091.930417612624,0.23547750704031495
labels_mask_case_id_TCGA-CC-A3MA_4_4_cell_expansion_9_0_threshold_0_5_facet_size_3.0.csv.tif,24578.74274885545,16002.969387692832,10166.20877335334,3.7370267968840345
labels_mask_case_id_TCGA-CC-A8HT_0_2_cell_expansion_5_0_threshold_0_8_facet_size_3.0.csv.tif,22677.4305271171,5172.193835767247,1780.6651457558228,
labels_mask_case_id_TCGA-BC-A69I_4_2_cell_expansion_11_0_threshold_0_6_facet_size_3.0.csv.tif,24218.946014646557,13012.113152045891,6841.685884822371,1.5492509890199295
labels_mask_case_id_TCGA-CC-A8HT_1_1_cell_expansion_7_0_threshold_0_7_facet_size_3.0.csv.tif,24191.41764178067,13174.071337666182,7353.500789782466,1.2674074534734663
labels_mask_case_id_TCGA-K7-AAU7_4_2_cell_expansion_3_0_threshold_0_7_facet_size_3.0.csv.tif,23475.527254803084,9574.805457613958,5363.842418636981,0.4032972921227763
labels_mask_case_id_TCGA-G3-A5SK_1_4_cell_expansion_13_0_threshold_0_4_facet_size_3.0.csv.tif,24663.603224288287,16273.756051846429,10072.292627220117,2.913286592227127
labels_mask_case_id_TCGA-DD-AAED_2_2_cell_expansion_7_0_threshold_0_5_facet_size_3.0.csv.tif,24262.71429362252,13693.465328048887,7804.3001295177855,1.7883261297582838
labels_mask_case_id_TCGA-CC-5261_2_0_cell_expansion_15_0_threshold_0_7_facet_size_3.0.csv.tif,24630.971834614862,15775.566516661233,9294.15343651476,4.339424365547023
labels_mask_case_id_TCGA-CC-A3MA_3_2_cell_expansion_15_0_threshold_0_8_facet_size_3.0.csv.tif,23203.83265567772,7500.907720785908,2993.194021689295,0.3520660672271623
labels_mask_case_id_TCGA-DD-AAED_2_3_cell_expansion_15_0_threshold_0_6_facet_size_3.0.csv.tif,24528.773656110567,15050.543205678623,8736.332308266023,3.0045228307098073
labels_mask_case_id_TCGA-G3-A7M6_4_0_cell_expansion_11_0_threshold_0_6_facet_size_3.0.csv.tif,24647.27487389352,16805.06453684235,11525.831973500472,2.679401256943177
labels_mask_case_id_TCGA-YA-A8S7_3_0_cell_expansion_11_0_threshold_0_5_facet_size_3.0.csv.tif,24773.058526174398,17255.551224781062,11368.821806607508,3.5943531696141138
labels_mask_case_id_TCGA-G3-A5SK_3_2_cell_expansion_11_0_threshold_0_7_facet_size_3.0.csv.tif,24570.52019074542,15561.416870955532,9417.651890830317,2.5125094001497796
labels_mask_case_id_TCGA-YA-A8S7_0_0_cell_expansion_13_0_threshold_0_8_facet_size_3.0.csv.tif,22944.418446976524,6370.579128073945,2387.0106846537624,0.21145205051001664
labels_mask_case_id_TCGA-G3-A5SK_0_3_cell_expansion_1_0_threshold_0_7_facet_size_3.0.csv.tif,23319.554149480304,8606.795116722411,5075.699860486972,0.24531847197044804
labels_mask_case_id_TCGA-CC-5261_2_3_cell_expansion_13_0_threshold_0_5_facet_size_3.0.csv.tif,24789.83091685751,17060.734996348318,10611.748162618931,5.631485781552272
labels_mask_case_id_TCGA-G3-A5SK_2_4_cell_expansion_7_0_threshold_0_7_facet_size_3.0.csv.tif,24524.113330840697,15076.823202273303,8721.015060376658,1.9622761922109713
labels_mask_case_id_TCGA-CC-A8HT_3_3_cell_expansion_15_0_threshold_0_4_facet_size_3.0.csv.tif,24665.24637231577,16496.945293098408,10772.270171150674,2.6237826376785987
labels_mask_case_id_TCGA-G3-A5SK_4_3_cell_expansion_7_0_threshold_0_6_facet_size_3.0.csv.tif,24400.626286670587,14286.512460439184,8182.8569388439955,
labels_mask_case_id_TCGA-G3-A5SK_3_1_cell_expansion_1_0_threshold_0_4_facet_size_3.0.csv.tif,23132.229440640294,7573.418224563565,4060.378052201501,0.19494079068286826
labels_mask_case_id_TCGA-G3-A5SK_2_3_cell_expansion_3_0_threshold_0_7_facet_size_3.0.csv.tif,23578.228571198168,9961.450066227488,5616.882205081434,0.4410158632825849
labels_mask_case_id_TCGA-G3-A5SK_3_0_cell_expansion_1_0_threshold_0_8_facet_size_3.0.csv.tif,22733.136638475185,5508.3469331130345,2379.012888331395,0.0935894732504902
labels_mask_case_id_TCGA-CC-A8HT_0_0_cell_expansion_9_0_threshold_0_5_facet_size_3.0.csv.tif,24853.025505283065,17797.494459094054,11848.665369729228,5.65130814724838
labels_mask_case_id_TCGA-CC-A1HT_0_0_cell_expansion_5_0_threshold_0_7_facet_size_3.0.csv.tif,22956.47585993477,6483.3273587427575,2634.1237956274035,0.19241638866601918
labels_mask_case_id_TCGA-G3-A5SK_4_4_cell_expansion_1_0_threshold_0_7_facet_size_3.0.csv.tif,22921.039564381244,6495.581245628221,3205.0826533754075,
labels_mask_case_id_TCGA-G3-A5SK_0_0_cell_expansion_11_0_threshold_0_4_facet_size_3.0.csv.tif,24626.13017651376,16367.73330166959,10720.248539784345,2.5248575450723174
labels_mask_case_id_TCGA-CC-A8HT_0_2_cell_expansion_13_0_threshold_0_5_facet_size_3.0.csv.tif,24491.108707188745,14933.374326498733,8799.62842504053,2.193957541393248
labels_mask_case_id_TCGA-YA-A8S7_2_0_cell_expansion_15_0_threshold_0_7_facet_size_3.0.csv.tif,24470.54761020215,14839.516686062258,8693.640695829721,2.263211802875703
labels_mask_case_id_TCGA-CC-A3MA_4_1_cell_expansion_1_0_threshold_0_8_facet_size_3.0.csv.tif,22888.85652452842,6285.425129823425,2817.32755539541,
labels_mask_case_id_TCGA-DD-AAED_2_4_cell_expansion_11_0_threshold_0_4_facet_size_3.0.csv.tif,24763.168466092342,16818.43707253258,10290.360090765063,6.568476813193818
labels_mask_case_id_TCGA-K7-AAU7_3_4_cell_expansion_9_0_threshold_0_6_facet_size_3.0.csv.tif,24031.727838795792,12041.626869152251,6381.662403518128,1.0018266913299554
labels_mask_case_id_TCGA-CC-A3MA_0_1_cell_expansion_15_0_threshold_0_5_facet_size_3.0.csv.tif,23390.14883882249,8899.407956365263,4318.67793233291,0.5407688535629549
labels_mask_case_id_TCGA-CC-5261_3_4_cell_expansion_5_0_threshold_0_8_facet_size_3.0.csv.tif,23473.273195108573,9009.287621943868,4057.1983720845647,0.43662012137769984
labels_mask_case_id_TCGA-CC-A1HT_2_1_cell_expansion_1_0_threshold_0_8_facet_size_3.0.csv.tif,22588.54126886707,4696.093142893671,1508.3456522379847,0.0659524102021338
labels_mask_case_id_TCGA-YA-A8S7_0_1_cell_expansion_9_0_threshold_0_7_facet_size_3.0.csv.tif,24350.803136359948,14110.380564264637,8085.150094919094,2.0462318298000706
labels_mask_case_id_TCGA-YA-A8S7_2_4_cell_expansion_15_0_threshold_0_6_facet_size_3.0.csv.tif,22379.532623335257,3769.691765016888,851.282079073336,0.021284741833956167
labels_mask_case_id_TCGA-CC-5261_1_3_cell_expansion_3_0_threshold_0_8_facet_size_3.0.csv.tif,23228.68880527493,7914.148160802461,3730.332665050495,0.27806774089930303
labels_mask_case_id_TCGA-CC-5261_1_2_cell_expansion_3_0_threshold_0_4_facet_size_3.0.csv.tif,24175.52837017072,13579.570544435,8556.581469064009,0.9575016204031095
labels_mask_case_id_TCGA-K7-AAU7_3_4_cell_expansion_11_0_threshold_0_8_facet_size_3.0.csv.tif,22958.947316867452,6333.1892713683765,2220.62477559009,0.23672217434820886
labels_mask_case_id_TCGA-G3-A7M6_1_0_cell_expansion_9_0_threshold_0_7_facet_size_3.0.csv.tif,24324.75933147717,13894.638535110462,7898.472997071929,1.5250385536119355
labels_mask_case_id_TCGA-CC-A3MA_2_3_cell_expansion_13_0_threshold_0_5_facet_size_3.0.csv.tif,24878.65671264601,17988.79042847766,11975.985506515144,11.511403664237134
labels_mask_case_id_TCGA-CC-5261_0_0_cell_expansion_3_0_threshold_0_6_facet_size_3.0.csv.tif,24212.920481831297,13824.978622456456,8689.213368129287,
labels_mask_case_id_TCGA-G3-A5SK_4_3_cell_expansion_1_0_threshold_0_5_facet_size_3.0.csv.tif,23153.546649894044,7748.531165739236,4308.7918311211015,0.20502799174642752
labels_mask_case_id_TCGA-CC-A8HT_1_2_cell_expansion_5_0_threshold_0_8_facet_size_3.0.csv.tif,22717.05425643912,5409.896853086971,1986.3161920093908,0.12195410638950736
labels_mask_case_id_TCGA-G3-A7M6_1_1_cell_expansion_3_0_threshold_0_7_facet_size_3.0.csv.tif,23543.329344915084,9750.469350045045,5442.415278001391,0.4211791555436686
labels_mask_case_id_TCGA-CC-A1HT_1_3_cell_expansion_9_0_threshold_0_6_facet_size_3.0.csv.tif,24757.954960714647,16695.828418231322,10191.223216703293,8.14984060804179
labels_mask_case_id_TCGA-CC-A1HT_0_3_cell_expansion_13_0_threshold_0_8_facet_size_3.0.csv.tif,23382.01848256785,8537.961332660905,3654.47640275568,
labels_mask_case_id_TCGA-K7-AAU7_1_2_cell_expansion_7_0_threshold_0_7_facet_size_3.0.csv.tif,23174.6775509367,7562.4175954567545,3310.3495993671086,
labels_mask_case_id_TCGA-YA-A8S7_4_0_cell_expansion_7_0_threshold_0_7_facet_size_3.0.csv.tif,24354.0764049008,14074.5923521411,8026.411322780785,1.6884051167284884
labels_mask_case_id_TCGA-G3-A5SK_0_4_cell_expansion_9_0_threshold_0_8_facet_size_3.0.csv.tif,23598.190460005484,9419.29898750997,4150.065683379787,0.5726380965632392
labels_mask_case_id_TCGA-CC-A8HT_3_3_cell_expansion_7_0_threshold_0_4_facet_size_3.0.csv.tif,24649.852805638715,16398.573086877008,10717.083922458882,2.487909067156045
labels_mask_case_id_TCGA-YA-A8S7_3_3_cell_expansion_3_0_threshold_0_8_facet_size_3.0.csv.tif,22337.757634403624,3557.343287327361,723.847782528014,0.010433478256402605
labels_mask_case_id_TCGA-YA-A8S7_4_0_cell_expansion_5_0_threshold_0_6_facet_size_3.0.csv.tif,24571.427790752103,15746.481992782901,9817.221017141657,1.994092599137252
labels_mask_case_id_TCGA-BC-A69I_1_0_cell_expansion_5_0_threshold_0_5_facet_size_3.0.csv.tif,24104.932629641044,12612.243188135459,6909.277536951083,0.9711982813383502
labels_mask_case_id_TCGA-G3-A5SK_4_3_cell_expansion_9_0_threshold_0_8_facet_size_3.0.csv.tif,23730.413873917823,10253.916369256538,4931.1477339488265,0.7309325382515464
labels_mask_case_id_TCGA-G3-A7M6_0_4_cell_expansion_7_0_threshold_0_5_facet_size_3.0.csv.tif,24675.237527448837,16288.523115375463,10036.691528302896,3.0206455105988126
labels_mask_case_id_TCGA-CC-A8HT_3_3_cell_expansion_5_0_threshold_0_5_facet_size_3.0.csv.tif,24519.10633493075,15573.959652587966,10039.797777800686,1.79626817849976
labels_mask_case_id_TCGA-BC-A69I_1_2_cell_expansion_11_0_threshold_0_8_facet_size_3.0.csv.tif,23742.877539369318,10289.431897440554,4785.466573091361,0.7610054607322292
labels_mask_case_id_TCGA-G3-A7M6_1_1_cell_expansion_15_0_threshold_0_4_facet_size_3.0.csv.tif,24635.867933109286,16058.3643337148,10042.272622660796,2.3820667976660297
labels_mask_case_id_TCGA-CC-A8HT_1_3_cell_expansion_1_0_threshold_0_6_facet_size_3.0.csv.tif,23267.794553313382,8388.713180907891,4762.522983694123,0.25751259321936587
labels_mask_case_id_TCGA-CC-A1HT_3_3_cell_expansion_15_0_threshold_0_7_facet_size_3.0.csv.tif,24692.083059382272,16127.278146678225,9427.186382940883,11.011644251349711
labels_mask_case_id_TCGA-BC-A69I_4_2_cell_expansion_7_0_threshold_0_4_facet_size_3.0.csv.tif,24341.02431298271,13910.249892065678,7693.618840440816,1.604735393411506
labels_mask_case_id_TCGA-CC-A1HT_0_2_cell_expansion_11_0_threshold_0_7_facet_size_3.0.csv.tif,23277.331097084272,8102.375040799807,3622.84913780933,
labels_mask_case_id_TCGA-DD-AAED_4_0_cell_expansion_7_0_threshold_0_4_facet_size_3.0.csv.tif,24703.625932943414,16656.875214873082,10549.373151052632,4.4361149196511835
labels_mask_case_id_TCGA-G3-A5SK_0_2_cell_expansion_9_0_threshold_0_6_facet_size_3.0.csv.tif,24452.920873943185,14740.757518637241,8576.147329893503,1.7494808170428509
labels_mask_case_id_TCGA-CC-A1HT_1_1_cell_expansion_11_0_threshold_0_6_facet_size_3.0.csv.tif,24137.488960854032,12827.456638172373,7201.431524405391,
labels_mask_case_id_TCGA-G3-A7M6_3_1_cell_expansion_5_0_threshold_0_5_facet_size_3.0.csv.tif,24729.68486014566,17201.25262289394,11811.50660470373,2.5821566385934673
labels_mask_case_id_TCGA-K7-AAU7_3_2_cell_expansion_1_0_threshold_0_5_facet_size_3.0.csv.tif,23174.548503181235,7871.766829657636,4441.310639280988,0.1972820287622963
labels_mask_case_id_TCGA-CC-A8HT_1_4_cell_expansion_5_0_threshold_0_6_facet_size_3.0.csv.tif,24495.98043470089,14973.605671132736,8821.026400866498,
labels_mask_case_id_TCGA-BC-A69I_3_1_cell_expansion_13_0_threshold_0_4_facet_size_3.0.csv.tif,24421.240710204518,14436.180407025684,8218.65128602184,2.578526017245427
labels_mask_case_id_TCGA-G3-A5SK_4_1_cell_expansion_11_0_threshold_0_4_facet_size_3.0.csv.tif,24477.435910160595,14781.67833392965,8557.56554735942,1.90890101501898
labels_mask_case_id_TCGA-G3-A7M6_4_3_cell_expansion_3_0_threshold_0_7_facet_size_3.0.csv.tif,23561.908127723847,9777.007702951385,5217.31497057062,0.4153425298662067
labels_mask_case_id_TCGA-CC-A3MA_4_4_cell_expansion_15_0_threshold_0_4_facet_size_3.0.csv.tif,24650.08957932857,16476.07159568751,10626.624338565482,4.310387660484181
labels_mask_case_id_TCGA-CC-A1HT_3_4_cell_expansion_9_0_threshold_0_5_facet_size_3.0.csv.tif,24895.015604123848,18178.02169518196,12267.420792284443,5.630057395766291
labels_mask_case_id_TCGA-YA-A8S7_4_0_cell_expansion_1_0_threshold_0_4_facet_size_3.0.csv.tif,23858.9883889199,11574.687175187542,7331.847442095119,
labels_mask_case_id_TCGA-CC-5261_4_1_cell_expansion_9_0_threshold_0_4_facet_size_3.0.csv.tif,24863.34024122841,17947.367075343245,12084.638722412474,
labels_mask_case_id_TCGA-G3-A7M6_1_1_cell_expansion_5_0_threshold_0_4_facet_size_3.0.csv.tif,24472.92600264156,15048.185397902595,9285.826858031778,1.5830383993194448
labels_mask_case_id_TCGA-YA-A8S7_2_0_cell_expansion_5_0_threshold_0_5_facet_size_3.0.csv.tif,24717.379681357907,16957.043270885326,11239.32408605478,3.232727245509542
labels_mask_case_id_TCGA-G3-A7M6_3_0_cell_expansion_7_0_threshold_0_8_facet_size_3.0.csv.tif,23875.871157074704,11006.106671560117,5346.757024748521,
labels_mask_case_id_TCGA-CC-A1HT_2_4_cell_expansion_11_0_threshold_0_5_facet_size_3.0.csv.tif,24795.46379984564,16989.647456544517,10454.338159301997,10.589929720732384
labels_mask_case_id_TCGA-CC-A1HT_1_4_cell_expansion_13_0_threshold_0_8_facet_size_3.0.csv.tif,22715.996758830483,5213.740899334857,1593.6603102385966,0.13645616564431085
labels_mask_case_id_TCGA-DD-AAED_0_0_cell_expansion_3_0_threshold_0_4_facet_size_3.0.csv.tif,24366.885793772984,14590.044142889992,9283.273713294793,1.19437070987183
labels_mask_case_id_TCGA-CC-A8HT_4_4_cell_expansion_11_0_threshold_0_4_facet_size_3.0.csv.tif,24529.67940828752,15491.6688784445,9676.239952857828,2.095657853571252
labels_mask_case_id_TCGA-G3-A5SK_1_4_cell_expansion_1_0_threshold_0_5_facet_size_3.0.csv.tif,23296.478447846483,8552.25642377678,4951.082563664006,0.2527098979438026
labels_mask_case_id_TCGA-CC-5261_0_4_cell_expansion_7_0_threshold_0_8_facet_size_3.0.csv.tif,23183.45874254409,7782.49114006751,3492.041358208385,0.3193728010540923
labels_mask_case_id_TCGA-BC-A69I_1_0_cell_expansion_13_0_threshold_0_6_facet_size_3.0.csv.tif,24381.369328868797,14056.480410417202,7652.82934324576,1.7658512396694215
labels_mask_case_id_TCGA-CC-5261_1_0_cell_expansion_3_0_threshold_0_6_facet_size_3.0.csv.tif,23924.045563519292,11945.93393354602,6977.189232988795,0.7391153187641505
labels_mask_case_id_TCGA-YA-A8S7_4_4_cell_expansion_11_0_threshold_0_6_facet_size_3.0.csv.tif,22628.95508702635,4678.824705726611,1169.2082810112731,0.11263067907373905
labels_mask_case_id_TCGA-G3-A5SK_2_1_cell_expansion_7_0_threshold_0_7_facet_size_3.0.csv.tif,24559.638631647304,15450.848697547548,9155.991049146942,2.2007774924449865
labels_mask_case_id_TCGA-BC-A69I_3_2_cell_expansion_15_0_threshold_0_6_facet_size_3.0.csv.tif,24053.05632473977,12069.083794906215,6214.09569305948,1.215521000282832
labels_mask_case_id_TCGA-CC-A1HT_3_0_cell_expansion_3_0_threshold_0_5_facet_size_3.0.csv.tif,24380.20490307853,14923.3842876571,10000.856477891692,
labels_mask_case_id_TCGA-BC-A69I_3_4_cell_expansion_9_0_threshold_0_7_facet_size_3.0.csv.tif,24304.98612989368,13773.341322037886,7804.013580465721,1.845948124590801
labels_mask_case_id_TCGA-G3-A5SK_3_2_cell_expansion_5_0_threshold_0_8_facet_size_3.0.csv.tif,23433.81511029983,9071.024742423277,4535.085451587242,0.4355526454273975
labels_mask_case_id_TCGA-CC-A3MA_0_2_cell_expansion_1_0_threshold_0_4_facet_size_3.0.csv.tif,24493.872192017687,15711.209085272507,10955.382948443914,
labels_mask_case_id_TCGA-G3-A5SK_3_3_cell_expansion_3_0_threshold_0_7_facet_size_3.0.csv.tif,23652.3936086795,10220.534542697014,5657.74773369055,0.46472746443529855
labels_mask_case_id_TCGA-G3-A7M6_3_0_cell_expansion_11_0_threshold_0_4_facet_size_3.0.csv.tif,24672.060026517374,16215.805382502887,9833.18241134448,2.954923025611319
labels_mask_case_id_TCGA-CC-A3MA_3_1_cell_expansion_7_0_threshold_0_8_facet_size_3.0.csv.tif,22672.204165948282,5094.734241217998,1551.7463861785727,0.11017578450389494
labels_mask_case_id_TCGA-DD-AAED_2_3_cell_expansion_9_0_threshold_0_7_facet_size_3.0.csv.tif,24423.471563659463,14262.42212416277,7904.788015625793,2.4678090740843217
labels_mask_case_id_TCGA-CC-A1HT_4_2_cell_expansion_1_0_threshold_0_5_facet_size_3.0.csv.tif,23699.238894953985,10552.79278323428,6257.1197003498355,0.45573275456533757
labels_mask_case_id_TCGA-CC-A3MA_4_3_cell_expansion_11_0_threshold_0_6_facet_size_3.0.csv.tif,24767.77495413749,16843.70841400019,10390.592576556579,6.3158727636515755
labels_mask_case_id_TCGA-CC-5261_3_1_cell_expansion_5_0_threshold_0_8_facet_size_3.0.csv.tif,23657.98064188315,9946.872087630658,4839.809429586901,0.5815130068055443
labels_mask_case_id_TCGA-BC-A69I_1_4_cell_expansion_13_0_threshold_0_7_facet_size_3.0.csv.tif,24084.92606857013,12512.291681265971,6775.323557606539,1.1785507632130168
labels_mask_case_id_TCGA-CC-5261_4_4_cell_expansion_3_0_threshold_0_4_facet_size_3.0.csv.tif,24615.383514698427,16337.966613422317,10947.29056580883,1.722786705043463
labels_mask_case_id_TCGA-K7-AAU7_4_3_cell_expansion_11_0_threshold_0_6_facet_size_3.0.csv.tif,24424.532167985133,14868.697028710114,9318.538938561487,
labels_mask_case_id_TCGA-CC-A8HT_4_3_cell_expansion_9_0_threshold_0_5_facet_size_3.0.csv.tif,24407.074749073472,14453.71087070232,8517.631419895173,
labels_mask_case_id_TCGA-CC-A3MA_4_3_cell_expansion_7_0_threshold_0_5_facet_size_3.0.csv.tif,24795.51618052441,17188.838563062218,10900.650599489782,5.919723947550034
labels_mask_case_id_TCGA-CC-A8HT_2_4_cell_expansion_9_0_threshold_0_4_facet_size_3.0.csv.tif,24661.164188309533,16432.700552692244,10715.576796520249,2.8065737522356833
labels_mask_case_id_TCGA-CC-5261_4_2_cell_expansion_15_0_threshold_0_6_facet_size_3.0.csv.tif,24812.277407457423,17491.264591222323,11468.572727714758,4.581079745628295
labels_mask_case_id_TCGA-CC-A8HT_0_4_cell_expansion_9_0_threshold_0_5_facet_size_3.0.csv.tif,24696.23108041354,16596.109916470064,10628.08331777226,3.3803606412867673
labels_mask_case_id_TCGA-G3-A7M6_2_1_cell_expansion_9_0_threshold_0_6_facet_size_3.0.csv.tif,24697.103688984025,16500.75234750253,10338.629743847425,2.6542775952171644
labels_mask_case_id_TCGA-G3-A5SK_3_2_cell_expansion_7_0_threshold_0_5_facet_size_3.0.csv.tif,24750.152493839018,17024.356991638288,11088.283554609405,3.392334455427424
labels_mask_case_id_TCGA-CC-A1HT_1_0_cell_expansion_3_0_threshold_0_8_facet_size_3.0.csv.tif,22451.19161497605,4074.112460084195,1091.707577398994,0.03560150878125564
labels_mask_case_id_TCGA-BC-A69I_1_1_cell_expansion_15_0_threshold_0_7_facet_size_3.0.csv.tif,24179.37742208728,12869.183075562903,6930.283216579664,1.3551215087730273
labels_mask_case_id_TCGA-CC-5261_0_4_cell_expansion_7_0_threshold_0_4_facet_size_3.0.csv.tif,24759.720158521908,17216.057490643107,11484.09833345796,3.248221922167017
labels_mask_case_id_TCGA-G3-A5SK_4_3_cell_expansion_15_0_threshold_0_5_facet_size_3.0.csv.tif,24426.65797107874,14456.333208879694,8327.379521990897,
labels_mask_case_id_TCGA-CC-5261_1_0_cell_expansion_7_0_threshold_0_8_facet_size_3.0.csv.tif,23401.206952202443,8633.845136773796,3840.4623195835534,0.4929096810696525
labels_mask_case_id_TCGA-K7-AAU7_0_2_cell_expansion_9_0_threshold_0_5_facet_size_3.0.csv.tif,23171.861738036,7668.5969886047915,3548.6879016422054,0.2882877587484999
labels_mask_case_id_TCGA-CC-A1HT_3_1_cell_expansion_11_0_threshold_0_6_facet_size_3.0.csv.tif,23709.672419487342,10605.171256650752,5749.40125988916,0.6328525737297821
labels_mask_case_id_TCGA-BC-A69I_3_2_cell_expansion_9_0_threshold_0_5_facet_size_3.0.csv.tif,24258.811617448708,13389.482512622959,7309.997748749819,1.6202277597430879
labels_mask_case_id_TCGA-CC-A1HT_0_2_cell_expansion_7_0_threshold_0_8_facet_size_3.0.csv.tif,22365.847497409042,3698.573501780272,794.5787359103656,0.020163848770682623
labels_mask_case_id_TCGA-G3-A5SK_3_2_cell_expansion_3_0_threshold_0_7_facet_size_3.0.csv.tif,23948.590671421138,12070.289817283183,7306.824556276893,0.6657749568604924
labels_mask_case_id_TCGA-CC-A8HT_4_0_cell_expansion_13_0_threshold_0_8_facet_size_3.0.csv.tif,23138.091311521166,7291.794210679978,2920.0545678566564,0.36814330062773165
labels_mask_case_id_TCGA-BC-A69I_3_3_cell_expansion_15_0_threshold_0_4_facet_size_3.0.csv.tif,24666.604976155053,15906.235940115992,9266.540920016403,3.2118682672740513
labels_mask_case_id_TCGA-CC-A3MA_3_0_cell_expansion_7_0_threshold_0_8_facet_size_3.0.csv.tif,22295.564725834272,3345.9127204795473,555.5313772235761,0.0
labels_mask_case_id_TCGA-CC-A1HT_3_1_cell_expansion_13_0_threshold_0_7_facet_size_3.0.csv.tif,23175.190001531904,7648.115286202982,3499.5856899820787,0.30736020797198915
labels_mask_case_id_TCGA-DD-AAED_2_2_cell_expansion_9_0_threshold_0_7_facet_size_3.0.csv.tif,24159.1481437676,13064.584374730026,7262.1177810648205,1.739098867209791
labels_mask_case_id_TCGA-CC-A3MA_4_4_cell_expansion_5_0_threshold_0_6_facet_size_3.0.csv.tif,24261.219511477862,14140.266373168919,8771.431990272697,1.6164827890556046
labels_mask_case_id_TCGA-K7-AAU7_0_1_cell_expansion_7_0_threshold_0_5_facet_size_3.0.csv.tif,23315.787078943013,8446.16901240438,4190.597369938208,0.35443814866021145
labels_mask_case_id_TCGA-CC-5261_4_4_cell_expansion_15_0_threshold_0_8_facet_size_3.0.csv.tif,24352.398706272957,13818.023705090842,7493.544284331178,2.0920296034306474
labels_mask_case_id_TCGA-YA-A8S7_3_4_cell_expansion_7_0_threshold_0_4_facet_size_3.0.csv.tif,22357.082887892797,3600.656571802468,691.0978756546463,0.016008534051990344
labels_mask_case_id_TCGA-YA-A8S7_1_3_cell_expansion_1_0_threshold_0_4_facet_size_3.0.csv.tif,23585.952110269824,10032.47397758728,5976.570635325478,
labels_mask_case_id_TCGA-K7-AAU7_4_0_cell_expansion_11_0_threshold_0_7_facet_size_3.0.csv.tif,23546.556804391963,9529.737694635602,4653.45689906659,0.5346845065128646
labels_mask_case_id_TCGA-CC-A1HT_0_3_cell_expansion_13_0_threshold_0_4_facet_size_3.0.csv.tif,24735.706050444627,16783.329400936298,10703.05355423309,4.4786433196711375
labels_mask_case_id_TCGA-G3-A7M6_1_4_cell_expansion_11_0_threshold_0_5_facet_size_3.0.csv.tif,24085.33475543893,12908.631770098282,7655.4034401373,1.040179951234589
labels_mask_case_id_TCGA-K7-AAU7_3_4_cell_expansion_1_0_threshold_0_7_facet_size_3.0.csv.tif,22801.740895660787,5843.905059393935,2516.311592562176,0.11425388556793284
labels_mask_case_id_TCGA-BC-A69I_4_3_cell_expansion_3_0_threshold_0_6_facet_size_3.0.csv.tif,23395.54223676745,8820.836558079545,4425.4623251238345,0.32162792005567703
labels_mask_case_id_TCGA-CC-A8HT_0_0_cell_expansion_7_0_threshold_0_7_facet_size_3.0.csv.tif,24459.41111629276,14962.268345284014,9030.97361606162,2.0860241382470703
labels_mask_case_id_TCGA-YA-A8S7_4_1_cell_expansion_7_0_threshold_0_7_facet_size_3.0.csv.tif,24412.72959462907,14369.063703591924,8177.1081066531215,1.7121550929284233
labels_mask_case_id_TCGA-K7-AAU7_2_0_cell_expansion_7_0_threshold_0_8_facet_size_3.0.csv.tif,22295.564725834272,3345.9127204795473,555.5313772235761,0.0
labels_mask_case_id_TCGA-G3-A7M6_3_2_cell_expansion_13_0_threshold_0_6_facet_size_3.0.csv.tif,24539.567178441317,15357.409339500016,9118.508546763074,
labels_mask_case_id_TCGA-G3-A5SK_4_0_cell_expansion_13_0_threshold_0_7_facet_size_3.0.csv.tif,24133.160472677213,12402.718225917844,6330.9422546803335,1.1197466832036682
labels_mask_case_id_TCGA-BC-A69I_4_4_cell_expansion_7_0_threshold_0_6_facet_size_3.0.csv.tif,24488.960142741584,14932.290547357263,8648.824819660429,2.3377219781894363
labels_mask_case_id_TCGA-YA-A8S7_4_2_cell_expansion_13_0_threshold_0_5_facet_size_3.0.csv.tif,23139.667481317207,7336.884953771532,3104.5819926035088,0.29856286503882457
labels_mask_case_id_TCGA-YA-A8S7_1_3_cell_expansion_3_0_threshold_0_5_facet_size_3.0.csv.tif,24200.14078527252,13507.74681652268,8301.606042929168,0.9392642507480089
labels_mask_case_id_TCGA-G3-A5SK_1_0_cell_expansion_9_0_threshold_0_8_facet_size_3.0.csv.tif,23601.436664647492,9811.239991885843,4774.1177846362925,0.6228598393975863
labels_mask_case_id_TCGA-DD-AAED_0_0_cell_expansion_3_0_threshold_0_8_facet_size_3.0.csv.tif,23504.91412923354,9441.937391146115,4866.755074881724,0.42778556926519806
labels_mask_case_id_TCGA-DD-AAED_3_3_cell_expansion_1_0_threshold_0_6_facet_size_3.0.csv.tif,23771.68720309784,11096.998137256223,6912.5682038320865,0.46056271960033546
labels_mask_case_id_TCGA-G3-A7M6_1_0_cell_expansion_13_0_threshold_0_5_facet_size_3.0.csv.tif,24627.887014154527,16143.117067352425,10181.220683631855,2.5607958604383585
labels_mask_case_id_TCGA-K7-AAU7_3_4_cell_expansion_5_0_threshold_0_5_facet_size_3.0.csv.tif,24059.069105676303,12497.237616135022,7141.0138726332325,0.8614751597608741
labels_mask_case_id_TCGA-K7-AAU7_4_1_cell_expansion_7_0_threshold_0_7_facet_size_3.0.csv.tif,24001.918308000248,11879.545914014487,6318.202762755456,0.9468719445859785
labels_mask_case_id_TCGA-YA-A8S7_0_1_cell_expansion_5_0_threshold_0_4_facet_size_3.0.csv.tif,24624.451799651993,16269.727042870953,10455.58966432452,2.175490218099324
labels_mask_case_id_TCGA-YA-A8S7_0_0_cell_expansion_5_0_threshold_0_8_facet_size_3.0.csv.tif,22721.820428066803,5321.225803917479,1812.213170899907,0.1140362152783421
labels_mask_case_id_TCGA-G3-A5SK_4_1_cell_expansion_11_0_threshold_0_8_facet_size_3.0.csv.tif,23636.715595668145,9772.765668760974,4569.382474995109,0.6275335479807727
labels_mask_case_id_TCGA-G3-A7M6_0_3_cell_expansion_13_0_threshold_0_4_facet_size_3.0.csv.tif,24609.496001845768,15673.259464954412,9274.223926040377,2.451265767632
labels_mask_case_id_TCGA-K7-AAU7_2_3_cell_expansion_11_0_threshold_0_6_facet_size_3.0.csv.tif,23871.37599339301,11577.707498131873,6597.614026589683,0.7624564266112883
labels_mask_case_id_TCGA-CC-5261_3_1_cell_expansion_15_0_threshold_0_7_facet_size_3.0.csv.tif,24561.673056901356,15433.523171629917,9117.808451263743,
labels_mask_case_id_TCGA-DD-AAED_3_2_cell_expansion_15_0_threshold_0_6_facet_size_3.0.csv.tif,24793.263447483856,17004.747765015785,10473.616945366659,10.174158914077253
labels_mask_case_id_TCGA-DD-AAED_0_3_cell_expansion_11_0_threshold_0_6_facet_size_3.0.csv.tif,24642.589468718783,15939.968098156904,9584.897890787011,3.5210682207143114
labels_mask_case_id_TCGA-G3-A5SK_2_2_cell_expansion_3_0_threshold_0_5_facet_size_3.0.csv.tif,24115.56428000498,13075.655437450869,8117.571073914598,0.7253712486052126
labels_mask_case_id_TCGA-YA-A8S7_3_4_cell_expansion_9_0_threshold_0_8_facet_size_3.0.csv.tif,22295.564725834272,3345.9127204795473,555.5313772235761,
labels_mask_case_id_TCGA-K7-AAU7_0_0_cell_expansion_9_0_threshold_0_5_facet_size_3.0.csv.tif,23322.273320879198,8303.559474790614,3885.33363278233,0.3386825019100651
labels_mask_case_id_TCGA-G3-A5SK_4_4_cell_expansion_3_0_threshold_0_8_facet_size_3.0.csv.tif,22890.482447738603,6355.5390906775065,2812.3692717834833,0.16343081129961415
labels_mask_case_id_TCGA-G3-A5SK_0_2_cell_expansion_1_0_threshold_0_5_facet_size_3.0.csv.tif,23105.758525779933,7470.955544172715,4056.150730619123,
labels_mask_case_id_TCGA-CC-A1HT_0_1_cell_expansion_7_0_threshold_0_4_facet_size_3.0.csv.tif,24914.758819980918,18565.45343637432,13125.264944399629,4.264810278807767
labels_mask_case_id_TCGA-CC-A1HT_2_1_cell_expansion_7_0_threshold_0_5_facet_size_3.0.csv.tif,24568.620415444708,15495.125507906192,9209.117538136936,3.4923832698771764
labels_mask_case_id_TCGA-K7-AAU7_2_3_cell_expansion_13_0_threshold_0_7_facet_size_3.0.csv.tif,23249.94647229905,7811.885155085059,3379.036503071191,0.3118288692491006
labels_mask_case_id_TCGA-YA-A8S7_1_4_cell_expansion_11_0_threshold_0_6_facet_size_3.0.csv.tif,22430.501223560517,3938.0238721903747,936.2940533064751,0.030826131576596857
labels_mask_case_id_TCGA-YA-A8S7_3_3_cell_expansion_15_0_threshold_0_8_facet_size_3.0.csv.tif,22385.587138663257,3758.6231431919173,823.4423350519799,0.025014806419936805
labels_mask_case_id_TCGA-CC-A1HT_0_1_cell_expansion_5_0_threshold_0_5_facet_size_3.0.csv.tif,24838.7935615368,17906.544982328363,12327.9748383836,3.1135491648199167
labels_mask_case_id_TCGA-DD-AAED_1_0_cell_expansion_13_0_threshold_0_6_facet_size_3.0.csv.tif,24261.104993020104,13420.035756912786,7395.4836135627775,
labels_mask_case_id_TCGA-CC-A8HT_0_1_cell_expansion_9_0_threshold_0_7_facet_size_3.0.csv.tif,24284.659697405517,13568.141491413426,7471.863165092715,
labels_mask_case_id_TCGA-G3-A5SK_0_3_cell_expansion_3_0_threshold_0_8_facet_size_3.0.csv.tif,23025.95776508004,6998.420407589704,3273.6535150946447,0.1925386120693574
labels_mask_case_id_TCGA-G3-A5SK_4_2_cell_expansion_3_0_threshold_0_6_facet_size_3.0.csv.tif,23629.10925229582,10230.465116035431,5729.099679030889,0.46918207210310825
labels_mask_case_id_TCGA-YA-A8S7_1_0_cell_expansion_11_0_threshold_0_7_facet_size_3.0.csv.tif,23958.112467061896,11587.262966751843,5947.278628217479,0.9713949307097058
labels_mask_case_id_TCGA-CC-A1HT_2_1_cell_expansion_1_0_threshold_0_6_facet_size_3.0.csv.tif,23497.046246855643,9504.054587543244,5304.349664993482,0.3921527367242739
labels_mask_case_id_TCGA-G3-A7M6_3_1_cell_expansion_9_0_threshold_0_4_facet_size_3.0.csv.tif,24801.691932897207,17712.702123817024,12287.811811785565,3.6344504280642282
labels_mask_case_id_TCGA-BC-A69I_0_4_cell_expansion_9_0_threshold_0_8_facet_size_3.0.csv.tif,23613.005535661567,9628.72561312019,4399.583055992396,0.6193287876659106
labels_mask_case_id_TCGA-BC-A69I_4_4_cell_expansion_11_0_threshold_0_6_facet_size_3.0.csv.tif,24561.427641247843,15342.250689801487,8946.697197512814,
labels_mask_case_id_TCGA-K7-AAU7_3_4_cell_expansion_9_0_threshold_0_8_facet_size_3.0.csv.tif,22944.510984427958,6259.906583746755,2182.2939790942187,0.2263365007072812
labels_mask_case_id_TCGA-CC-A3MA_0_0_cell_expansion_13_0_threshold_0_6_facet_size_3.0.csv.tif,23841.913084917596,11246.097307443777,5825.987007638869,1.1017643431592872
labels_mask_case_id_TCGA-G3-A5SK_0_1_cell_expansion_11_0_threshold_0_4_facet_size_3.0.csv.tif,24651.393447760507,16244.665179906542,10251.011345650728,2.271681011666945
labels_mask_case_id_TCGA-CC-A8HT_0_3_cell_expansion_13_0_threshold_0_5_facet_size_3.0.csv.tif,24559.458276524045,15471.6990464951,9333.22161558492,2.888200641827727
labels_mask_case_id_TCGA-CC-A1HT_1_4_cell_expansion_7_0_threshold_0_4_facet_size_3.0.csv.tif,24316.957350306002,14298.792435661817,8769.882070018775,1.6350219176066183
labels_mask_case_id_TCGA-G3-A5SK_1_0_cell_expansion_5_0_threshold_0_5_facet_size_3.0.csv.tif,24445.626911697782,14973.406213593376,9174.461681802311,1.605049352664859
labels_mask_case_id_TCGA-CC-A3MA_3_4_cell_expansion_15_0_threshold_0_8_facet_size_3.0.csv.tif,24015.905059193454,11932.788178468758,6077.775394707403,1.3938047651082197
labels_mask_case_id_TCGA-CC-A3MA_3_3_cell_expansion_15_0_threshold_0_8_facet_size_3.0.csv.tif,24083.17800638543,12062.982543208125,5878.307510354183,1.494480473231648
labels_mask_case_id_TCGA-CC-A8HT_0_4_cell_expansion_11_0_threshold_0_4_facet_size_3.0.csv.tif,24746.23238326576,17008.46543933021,11139.970813925738,3.7689696211254833
labels_mask_case_id_TCGA-CC-A3MA_0_2_cell_expansion_11_0_threshold_0_8_facet_size_3.0.csv.tif,23873.21161873561,11254.599097380851,5666.770381033295,1.0563386829058872
labels_mask_case_id_TCGA-DD-AAED_2_2_cell_expansion_15_0_threshold_0_6_facet_size_3.0.csv.tif,24280.53722762324,13768.66278923292,7836.440532330203,2.0955516617292522
labels_mask_case_id_TCGA-G3-A7M6_1_2_cell_expansion_5_0_threshold_0_4_facet_size_3.0.csv.tif,24901.4491843867,18877.7927103901,14281.717090110056,3.649062965576727
labels_mask_case_id_TCGA-YA-A8S7_0_1_cell_expansion_13_0_threshold_0_8_facet_size_3.0.csv.tif,23515.218522413907,9247.282949972778,4327.353259418869,
labels_mask_case_id_TCGA-G3-A7M6_3_2_cell_expansion_7_0_threshold_0_4_facet_size_3.0.csv.tif,24610.06082994628,15839.966195017805,9601.511220427095,2.3574464343726063
labels_mask_case_id_TCGA-YA-A8S7_2_2_cell_expansion_11_0_threshold_0_4_facet_size_3.0.csv.tif,24664.9294179118,16015.500163339668,9525.367269704611,3.2636749526889988
labels_mask_case_id_TCGA-G3-A7M6_4_0_cell_expansion_1_0_threshold_0_6_facet_size_3.0.csv.tif,23584.08110284356,10241.555308310231,6682.0684733209755,0.3603937210483721
labels_mask_case_id_TCGA-CC-5261_3_2_cell_expansion_15_0_threshold_0_6_facet_size_3.0.csv.tif,24656.964304761368,16074.20040546088,9658.488342354509,4.16700404163779
labels_mask_case_id_TCGA-BC-A69I_0_1_cell_expansion_3_0_threshold_0_4_facet_size_3.0.csv.tif,23814.71994290232,11224.044883960678,6419.511812241337,0.5957397661851447
labels_mask_case_id_TCGA-DD-AAED_3_1_cell_expansion_15_0_threshold_0_7_facet_size_3.0.csv.tif,24550.798120138174,15386.7463897115,9045.825064055482,
labels_mask_case_id_TCGA-K7-AAU7_4_4_cell_expansion_3_0_threshold_0_7_facet_size_3.0.csv.tif,23029.829400121933,6916.3843287969485,2998.8697087996925,0.21041247781584604
labels_mask_case_id_TCGA-DD-AAED_1_3_cell_expansion_13_0_threshold_0_7_facet_size_3.0.csv.tif,24621.774792283388,15705.584906298891,9231.959804879627,3.9610636360837574
labels_mask_case_id_TCGA-CC-A8HT_3_4_cell_expansion_11_0_threshold_0_8_facet_size_3.0.csv.tif,22764.19970410811,5639.317731522137,2000.8106056095426,0.16937992391787193
labels_mask_case_id_TCGA-CC-A8HT_0_2_cell_expansion_3_0_threshold_0_5_facet_size_3.0.csv.tif,23817.88075261192,11293.95565976367,6663.729796796903,0.5807501963672239
labels_mask_case_id_TCGA-YA-A8S7_3_1_cell_expansion_5_0_threshold_0_7_facet_size_3.0.csv.tif,23931.461777764325,11474.61619452827,6030.56625201774,0.7653904747633675
labels_mask_case_id_TCGA-BC-A69I_4_1_cell_expansion_7_0_threshold_0_4_facet_size_3.0.csv.tif,23981.054403890645,11640.201117047918,5975.148063545426,1.0852771862105683
labels_mask_case_id_TCGA-CC-A8HT_0_0_cell_expansion_15_0_threshold_0_7_facet_size_3.0.csv.tif,24510.18649494397,15225.128149752441,9172.679956226435,2.432390695438245
labels_mask_case_id_TCGA-DD-AAED_4_3_cell_expansion_7_0_threshold_0_4_facet_size_3.0.csv.tif,24630.24054998125,16045.866443333138,9912.589080099291,3.065392149265942
labels_mask_case_id_TCGA-CC-A8HT_3_1_cell_expansion_11_0_threshold_0_7_facet_size_3.0.csv.tif,23872.799169638965,11150.874247384876,5632.517989171046,0.8030881686671644
labels_mask_case_id_TCGA-G3-A5SK_0_1_cell_expansion_9_0_threshold_0_6_facet_size_3.0.csv.tif,24453.634492519257,14899.743893382178,9012.814721581375,1.7132064125846371
labels_mask_case_id_TCGA-DD-AAED_2_4_cell_expansion_7_0_threshold_0_5_facet_size_3.0.csv.tif,24710.21116139441,16447.81068676656,9953.044226375578,4.724547251537074
labels_mask_case_id_TCGA-CC-A8HT_2_2_cell_expansion_1_0_threshold_0_5_facet_size_3.0.csv.tif,23701.90516050008,10825.809584270391,6904.65782806576,0.39280656198410374
labels_mask_case_id_TCGA-YA-A8S7_0_2_cell_expansion_5_0_threshold_0_8_facet_size_3.0.csv.tif,23039.215848076987,6904.945781549661,2850.9957606608946,0.2400798425953997
labels_mask_case_id_TCGA-K7-AAU7_2_3_cell_expansion_3_0_threshold_0_6_facet_size_3.0.csv.tif,23416.58128557547,9178.410179702556,5172.6876398130935,0.3373846785454257
labels_mask_case_id_TCGA-BC-A69I_4_1_cell_expansion_1_0_threshold_0_7_facet_size_3.0.csv.tif,22786.14872829313,5773.825391859082,2442.591771416586,0.12163844510094235
labels_mask_case_id_TCGA-CC-A8HT_0_2_cell_expansion_5_0_threshold_0_6_facet_size_3.0.csv.tif,24197.62345946191,13194.672876545945,7527.58061235393,1.0834159094750004
labels_mask_case_id_TCGA-BC-A69I_1_4_cell_expansion_1_0_threshold_0_5_facet_size_3.0.csv.tif,23175.93746075934,7832.705560890239,4197.289647507558,0.2111466870257165
labels_mask_case_id_TCGA-G3-A5SK_0_2_cell_expansion_11_0_threshold_0_5_facet_size_3.0.csv.tif,24521.01557049893,15261.069569997046,9123.90474266522,1.925433983990539
labels_mask_case_id_TCGA-YA-A8S7_3_0_cell_expansion_3_0_threshold_0_8_facet_size_3.0.csv.tif,22658.80958407291,5184.655042458653,1863.7287511915952,0.09071270965452329
labels_mask_case_id_TCGA-BC-A69I_4_2_cell_expansion_11_0_threshold_0_8_facet_size_3.0.csv.tif,23352.037356582416,8420.378245366903,3761.2417830016134,0.47689216737565254
labels_mask_case_id_TCGA-DD-AAED_1_3_cell_expansion_15_0_threshold_0_4_facet_size_3.0.csv.tif,24738.652701502633,16691.687147375895,10338.85249953407,5.853405431678717
labels_mask_case_id_TCGA-K7-AAU7_2_3_cell_expansion_5_0_threshold_0_5_facet_size_3.0.csv.tif,24063.04366666545,12887.059515759322,7985.881056208055,0.910946253197602
labels_mask_case_id_TCGA-DD-AAED_0_3_cell_expansion_7_0_threshold_0_6_facet_size_3.0.csv.tif,24583.079613567308,15599.966963165964,9368.655014406238,2.8031983222800267
labels_mask_case_id_TCGA-G3-A7M6_4_0_cell_expansion_5_0_threshold_0_4_facet_size_3.0.csv.tif,24833.406544570487,18256.611245422628,13351.97291815018,3.2217326745634276
labels_mask_case_id_TCGA-CC-A8HT_2_3_cell_expansion_11_0_threshold_0_8_facet_size_3.0.csv.tif,22906.085662844303,6096.727463677335,2073.2789346840373,0.18511942315885246
labels_mask_case_id_TCGA-CC-A8HT_3_0_cell_expansion_5_0_threshold_0_5_facet_size_3.0.csv.tif,24510.71868621313,15368.801885091863,9548.633164276023,2.006554169854017
labels_mask_case_id_TCGA-K7-AAU7_4_2_cell_expansion_1_0_threshold_0_8_facet_size_3.0.csv.tif,22578.919943020832,4813.986868987712,1804.9797899153054,0.06376048915460995
labels_mask_case_id_TCGA-CC-5261_3_2_cell_expansion_13_0_threshold_0_5_facet_size_3.0.csv.tif,24682.221365936337,16341.129099870865,10021.190479581392,4.508730046478963
labels_mask_case_id_TCGA-K7-AAU7_1_1_cell_expansion_13_0_threshold_0_4_facet_size_3.0.csv.tif,24516.1685714087,15727.375296447812,10629.048345670646,1.4553449507306282
labels_mask_case_id_TCGA-K7-AAU7_3_1_cell_expansion_5_0_threshold_0_7_facet_size_3.0.csv.tif,22797.675625333643,5740.41233413651,2187.441969447047,0.13762728435401383
labels_mask_case_id_TCGA-YA-A8S7_2_4_cell_expansion_7_0_threshold_0_6_facet_size_3.0.csv.tif,22379.532623335257,3769.691765016888,851.282079073336,0.021284741833956167
labels_mask_case_id_TCGA-G3-A7M6_2_0_cell_expansion_3_0_threshold_0_4_facet_size_3.0.csv.tif,24348.237794351284,14687.274679021597,9812.52364636745,
labels_mask_case_id_TCGA-CC-A8HT_3_0_cell_expansion_7_0_threshold_0_4_facet_size_3.0.csv.tif,24653.159945255586,16284.51207982512,10208.372012413909,3.227441971153756
labels_mask_case_id_TCGA-G3-A5SK_2_1_cell_expansion_11_0_threshold_0_8_facet_size_3.0.csv.tif,23909.029265929985,11471.907600038003,5795.881785101514,0.8609779355720022
labels_mask_case_id_TCGA-G3-A5SK_1_0_cell_expansion_15_0_threshold_0_8_facet_size_3.0.csv.tif,23603.067916360742,9821.673836290462,4784.051036333436,0.6289849044778232
labels_mask_case_id_TCGA-YA-A8S7_2_2_cell_expansion_7_0_threshold_0_4_facet_size_3.0.csv.tif,24571.953007471933,15437.352736123203,9068.62330216173,2.3575415014130665
labels_mask_case_id_TCGA-G3-A7M6_0_1_cell_expansion_5_0_threshold_0_6_facet_size_3.0.csv.tif,24188.593123621635,13252.49532140431,7533.8697090066735,1.1134974850047747
labels_mask_case_id_TCGA-G3-A5SK_3_2_cell_expansion_15_0_threshold_0_7_facet_size_3.0.csv.tif,24570.52019074542,15561.416870955532,9417.651890830317,2.5125094001497796
labels_mask_case_id_TCGA-K7-AAU7_2_1_cell_expansion_15_0_threshold_0_7_facet_size_3.0.csv.tif,22878.563247504502,6051.927431013503,2236.7802186715808,0.18388937882883707
labels_mask_case_id_TCGA-DD-AAED_2_3_cell_expansion_1_0_threshold_0_8_facet_size_3.0.csv.tif,22973.695384859577,6698.9643720172535,3186.182894255869,0.1664999994829353
labels_mask_case_id_TCGA-K7-AAU7_1_0_cell_expansion_1_0_threshold_0_4_facet_size_3.0.csv.tif,22845.704970291103,6078.12576346839,2924.135402529889,0.11136572222538849
labels_mask_case_id_TCGA-CC-A8HT_0_3_cell_expansion_1_0_threshold_0_4_facet_size_3.0.csv.tif,23504.199820017435,9575.090774971835,5656.9706379609115,0.3474794533639144
labels_mask_case_id_TCGA-CC-5261_4_2_cell_expansion_9_0_threshold_0_8_facet_size_3.0.csv.tif,24233.1309163431,13152.013615494006,7045.446574074765,1.3661035802492412
labels_mask_case_id_TCGA-K7-AAU7_3_1_cell_expansion_3_0_threshold_0_8_facet_size_3.0.csv.tif,22295.564725834272,3345.9127204795473,555.5313772235761,0.0
labels_mask_case_id_TCGA-CC-A8HT_4_3_cell_expansion_7_0_threshold_0_5_facet_size_3.0.csv.tif,24355.14577474064,14185.579384244153,8367.511487113858,1.6360021639482942
labels_mask_case_id_TCGA-G3-A5SK_1_4_cell_expansion_15_0_threshold_0_5_facet_size_3.0.csv.tif,24616.90395929292,15924.852279980882,9710.299507099511,2.704496998559505
labels_mask_case_id_TCGA-CC-A8HT_0_4_cell_expansion_5_0_threshold_0_4_facet_size_3.0.csv.tif,24666.354659254146,16572.312232372267,10939.131361606216,2.4699692840586263
labels_mask_case_id_TCGA-YA-A8S7_3_0_cell_expansion_11_0_threshold_0_7_facet_size_3.0.csv.tif,24361.934481871012,14312.102298050184,8515.550614318912,1.7398350054445053
labels_mask_case_id_TCGA-BC-A69I_4_3_cell_expansion_15_0_threshold_0_8_facet_size_3.0.csv.tif,23011.156280406834,6775.6425686359535,2622.7471310371743,0.23811512589407874
labels_mask_case_id_TCGA-K7-AAU7_1_0_cell_expansion_7_0_threshold_0_7_facet_size_3.0.csv.tif,22435.760816802333,3969.989899625631,956.6284030134385,0.03411834948198443
labels_mask_case_id_TCGA-G3-A7M6_4_1_cell_expansion_7_0_threshold_0_5_facet_size_3.0.csv.tif,24375.838342980333,14267.182237592397,8223.970684945596,1.625172540104309
labels_mask_case_id_TCGA-CC-5261_0_3_cell_expansion_9_0_threshold_0_6_facet_size_3.0.csv.tif,24636.51277493276,16000.356537900363,9779.443475428356,3.196109280441639
labels_mask_case_id_TCGA-DD-AAED_0_1_cell_expansion_11_0_threshold_0_5_facet_size_3.0.csv.tif,24666.812779497828,16177.800357904998,9868.478725633817,4.436324511370236
labels_mask_case_id_TCGA-G3-A7M6_1_4_cell_expansion_7_0_threshold_0_7_facet_size_3.0.csv.tif,23613.001859006767,10057.632741227728,5229.1592770921225,0.5926763123065157
labels_mask_case_id_TCGA-CC-A3MA_2_0_cell_expansion_13_0_threshold_0_6_facet_size_3.0.csv.tif,24724.44574918462,16460.84284627936,9934.843206692183,5.784359305927285
labels_mask_case_id_TCGA-CC-A8HT_0_4_cell_expansion_3_0_threshold_0_7_facet_size_3.0.csv.tif,23483.586371214755,9419.515756769386,4980.658929314644,0.40673974300855953
labels_mask_case_id_TCGA-BC-A69I_3_4_cell_expansion_1_0_threshold_0_8_facet_size_3.0.csv.tif,22874.85608509757,6282.8946831192825,2987.4927398426235,0.12991614290415107
labels_mask_case_id_TCGA-K7-AAU7_4_2_cell_expansion_3_0_threshold_0_5_facet_size_3.0.csv.tif,24225.031663166406,13901.28711789396,9108.086982436336,
labels_mask_case_id_TCGA-BC-A69I_4_2_cell_expansion_11_0_threshold_0_4_facet_size_3.0.csv.tif,24455.154556319067,14584.815471400709,8170.917055168418,2.404239298389628
labels_mask_case_id_TCGA-DD-AAED_1_0_cell_expansion_5_0_threshold_0_5_facet_size_3.0.csv.tif,24096.88849116828,12663.994278749973,7131.385066914183,
labels_mask_case_id_TCGA-G3-A5SK_4_1_cell_expansion_9_0_threshold_0_8_facet_size_3.0.csv.tif,23633.29468436744,9760.511494608774,4560.837740594791,0.625595005627604
labels_mask_case_id_TCGA-CC-A8HT_4_3_cell_expansion_3_0_threshold_0_7_facet_size_3.0.csv.tif,23265.67566020417,8071.04058281528,3960.547588032913,0.28116676831934617
labels_mask_case_id_TCGA-CC-A3MA_1_1_cell_expansion_15_0_threshold_0_7_facet_size_3.0.csv.tif,24213.541493452656,13061.209573195809,6943.683282641011,
labels_mask_case_id_TCGA-BC-A69I_0_0_cell_expansion_7_0_threshold_0_6_facet_size_3.0.csv.tif,24032.069383854927,12141.229179235921,6509.460372583057,1.0331229417974752
labels_mask_case_id_TCGA-K7-AAU7_4_2_cell_expansion_1_0_threshold_0_4_facet_size_3.0.csv.tif,23676.74261746084,10736.058316087776,6905.7547941284165,0.38904004735341424
labels_mask_case_id_TCGA-CC-A8HT_1_2_cell_expansion_15_0_threshold_0_4_facet_size_3.0.csv.tif,24672.390852146757,16553.838365074218,10748.828709366877,2.718213941959047
labels_mask_case_id_TCGA-K7-AAU7_4_3_cell_expansion_1_0_threshold_0_8_facet_size_3.0.csv.tif,22436.1173352404,4057.627547169337,1156.7204496315373,0.027972177635098985
labels_mask_case_id_TCGA-G3-A7M6_2_1_cell_expansion_1_0_threshold_0_5_facet_size_3.0.csv.tif,23315.960764175077,8692.167575112442,5313.425807387655,0.2581614321478252
labels_mask_case_id_TCGA-G3-A5SK_2_2_cell_expansion_1_0_threshold_0_8_facet_size_3.0.csv.tif,22775.662058729198,5719.45642768614,2496.182849852742,0.10171346417459784
labels_mask_case_id_TCGA-G3-A5SK_4_3_cell_expansion_5_0_threshold_0_5_facet_size_3.0.csv.tif,24217.165939386963,13307.91765308806,7642.75753065847,1.1511463701853166
labels_mask_case_id_TCGA-DD-AAED_1_3_cell_expansion_9_0_threshold_0_4_facet_size_3.0.csv.tif,24733.986646371846,16667.8918154149,10329.75802953934,5.6032026646919535
labels_mask_case_id_TCGA-CC-A1HT_4_1_cell_expansion_3_0_threshold_0_8_facet_size_3.0.csv.tif,23236.742242474662,7770.254120061092,3315.0033885089715,0.30111881949424174
labels_mask_case_id_TCGA-BC-A69I_4_4_cell_expansion_9_0_threshold_0_6_facet_size_3.0.csv.tif,24554.135758329525,15294.501712814275,8910.346849641162,2.863078369358432
labels_mask_case_id_TCGA-DD-AAED_1_4_cell_expansion_15_0_threshold_0_8_facet_size_3.0.csv.tif,24178.68344765117,12808.633685521285,6687.379990734265,1.4820054920875214
labels_mask_case_id_TCGA-CC-A1HT_1_2_cell_expansion_7_0_threshold_0_6_facet_size_3.0.csv.tif,24329.49913775986,13889.394269077971,8001.6384428473075,1.4089007482958331
labels_mask_case_id_TCGA-CC-A3MA_1_2_cell_expansion_11_0_threshold_0_4_facet_size_3.0.csv.tif,24906.131374698263,18225.76964810345,12241.17524955297,14.307739220589133
labels_mask_case_id_TCGA-CC-A1HT_4_3_cell_expansion_13_0_threshold_0_4_facet_size_3.0.csv.tif,24866.525971299434,17924.47826654445,11964.737156711111,9.073753495030035
labels_mask_case_id_TCGA-YA-A8S7_2_4_cell_expansion_11_0_threshold_0_6_facet_size_3.0.csv.tif,22379.532623335257,3769.691765016888,851.282079073336,
labels_mask_case_id_TCGA-CC-5261_3_4_cell_expansion_15_0_threshold_0_4_facet_size_3.0.csv.tif,24782.472072584813,17019.094620237367,10725.441561121934,5.517117824058714
labels_mask_case_id_TCGA-BC-A69I_0_3_cell_expansion_9_0_threshold_0_6_facet_size_3.0.csv.tif,24181.98421127853,12835.84700540344,6811.270527263138,1.5375508856118405
labels_mask_case_id_TCGA-CC-5261_1_4_cell_expansion_3_0_threshold_0_8_facet_size_3.0.csv.tif,23083.789798250098,7186.859946502607,3191.501389026337,0.23123837529143634
labels_mask_case_id_TCGA-BC-A69I_4_4_cell_expansion_15_0_threshold_0_8_facet_size_3.0.csv.tif,23840.7337154079,10977.403296054543,5424.0371039318825,0.8838990311627883
labels_mask_case_id_TCGA-CC-A3MA_2_0_cell_expansion_1_0_threshold_0_5_facet_size_3.0.csv.tif,23970.14798596026,12175.227097491925,7633.39281966711,0.5754452931539451
labels_mask_case_id_TCGA-CC-A3MA_3_2_cell_expansion_3_0_threshold_0_6_facet_size_3.0.csv.tif,24364.51992066461,14675.232222894158,9401.311839815833,1.2427757888403734
labels_mask_case_id_TCGA-CC-A1HT_1_4_cell_expansion_7_0_threshold_0_8_facet_size_3.0.csv.tif,22586.962631847506,4684.4500751154965,1350.097998832386,0.08664749943765103
labels_mask_case_id_TCGA-K7-AAU7_2_2_cell_expansion_11_0_threshold_0_4_facet_size_3.0.csv.tif,24239.067399004492,13865.098426354709,8556.025432381639,1.2428804196637921
labels_mask_case_id_TCGA-G3-A5SK_3_1_cell_expansion_7_0_threshold_0_5_facet_size_3.0.csv.tif,24335.518926963,13831.569938138611,7713.032850199921,1.459425546365431
labels_mask_case_id_TCGA-DD-AAED_2_1_cell_expansion_13_0_threshold_0_8_facet_size_3.0.csv.tif,24596.57002154448,15537.097414366604,8929.087796786247,4.517709958763996
labels_mask_case_id_TCGA-CC-A3MA_3_0_cell_expansion_13_0_threshold_0_6_facet_size_3.0.csv.tif,22816.69099240894,5848.9845706316355,2237.3992139304023,0.1504566888819422
labels_mask_case_id_TCGA-YA-A8S7_2_0_cell_expansion_9_0_threshold_0_8_facet_size_3.0.csv.tif,23318.52202250269,7925.664826432865,3121.693686414218,0.4038253038031481
labels_mask_case_id_TCGA-CC-5261_2_3_cell_expansion_15_0_threshold_0_4_facet_size_3.0.csv.tif,24829.054540052828,17471.26489595804,11173.869189097617,6.722526852681166
labels_mask_case_id_TCGA-BC-A69I_4_1_cell_expansion_13_0_threshold_0_4_facet_size_3.0.csv.tif,24185.088907042216,12681.65050382758,6581.846323330025,1.7780414341373552
labels_mask_case_id_TCGA-CC-A3MA_2_1_cell_expansion_3_0_threshold_0_8_facet_size_3.0.csv.tif,22890.828465709208,6111.168439452697,2340.777195623899,0.14684595772678674
labels_mask_case_id_TCGA-CC-5261_0_1_cell_expansion_13_0_threshold_0_4_facet_size_3.0.csv.tif,24707.35135130408,16612.173613325853,10493.140517257292,4.362765909398853
labels_mask_case_id_TCGA-CC-A3MA_1_2_cell_expansion_15_0_threshold_0_6_facet_size_3.0.csv.tif,24813.361496952148,17225.174291973948,10788.00075485139,9.316993971501644
labels_mask_case_id_TCGA-CC-A1HT_3_2_cell_expansion_3_0_threshold_0_5_facet_size_3.0.csv.tif,24370.409268796357,14286.282998588988,8189.031325593097,1.5676195830810484
labels_mask_case_id_TCGA-YA-A8S7_0_1_cell_expansion_9_0_threshold_0_5_facet_size_3.0.csv.tif,24710.817213533282,16688.57444788891,10605.921778157266,3.871664215058117
labels_mask_case_id_TCGA-DD-AAED_0_3_cell_expansion_15_0_threshold_0_8_facet_size_3.0.csv.tif,24255.44775076356,13281.993690317713,7101.937637221037,
labels_mask_case_id_TCGA-CC-A1HT_0_0_cell_expansion_3_0_threshold_0_6_facet_size_3.0.csv.tif,23422.6157312063,9173.841680086169,5081.469923336446,0.3416263606258285
labels_mask_case_id_TCGA-CC-5261_4_0_cell_expansion_7_0_threshold_0_4_facet_size_3.0.csv.tif,24848.03864178669,17898.879138036868,12055.065906687405,4.7101196870695
labels_mask_case_id_TCGA-CC-5261_2_2_cell_expansion_11_0_threshold_0_8_facet_size_3.0.csv.tif,24290.91298975527,13394.46154085112,7137.209375966137,1.897413501200517
labels_mask_case_id_TCGA-G3-A5SK_2_4_cell_expansion_3_0_threshold_0_7_facet_size_3.0.csv.tif,23898.245459458092,11577.135849462356,6678.376481023806,0.6169553162938017
labels_mask_case_id_TCGA-CC-A1HT_2_2_cell_expansion_1_0_threshold_0_8_facet_size_3.0.csv.tif,22981.19957856992,6689.664080691067,2961.991943371328,0.19203461968281144
labels_mask_case_id_TCGA-CC-5261_0_3_cell_expansion_1_0_threshold_0_7_facet_size_3.0.csv.tif,23232.365217809194,8236.931576354025,4658.100102605689,0.24495269859919958
labels_mask_case_id_TCGA-CC-A3MA_2_3_cell_expansion_3_0_threshold_0_6_facet_size_3.0.csv.tif,24609.73558777264,16150.171897315484,10534.508784085538,1.8417459496790312
labels_mask_case_id_TCGA-CC-A1HT_2_4_cell_expansion_5_0_threshold_0_4_facet_size_3.0.csv.tif,24753.137695709043,16794.83590361663,10473.785637956198,4.503291969253812
labels_mask_case_id_TCGA-CC-A8HT_4_0_cell_expansion_11_0_threshold_0_7_facet_size_3.0.csv.tif,24275.680752344146,13424.094296893069,7365.226889423891,1.6160268466959964
labels_mask_case_id_TCGA-CC-5261_2_3_cell_expansion_3_0_threshold_0_7_facet_size_3.0.csv.tif,23951.203860424303,11940.984848722537,6830.714954944495,0.7210238336853075
labels_mask_case_id_TCGA-G3-A7M6_3_0_cell_expansion_13_0_threshold_0_7_facet_size_3.0.csv.tif,24473.710971394463,14680.36570396583,8296.132028248157,1.991480988237231
labels_mask_case_id_TCGA-K7-AAU7_4_2_cell_expansion_9_0_threshold_0_5_facet_size_3.0.csv.tif,24670.63706550669,16487.054147836458,10742.958210140056,2.676327424621172
labels_mask_case_id_TCGA-BC-A69I_1_4_cell_expansion_11_0_threshold_0_4_facet_size_3.0.csv.tif,24348.031813972357,14234.303831789297,8298.412318019771,1.6967027299977437
labels_mask_case_id_TCGA-CC-A8HT_0_4_cell_expansion_9_0_threshold_0_7_facet_size_3.0.csv.tif,24105.5554923192,12631.94249255811,6760.6491811482665,1.261651343404481
labels_mask_case_id_TCGA-CC-A1HT_3_4_cell_expansion_13_0_threshold_0_6_facet_size_3.0.csv.tif,24803.07662401472,17309.07688090962,11191.112317499506,4.18474776097793
labels_mask_case_id_TCGA-CC-A3MA_1_0_cell_expansion_1_0_threshold_0_8_facet_size_3.0.csv.tif,23113.17102358517,7343.3371172413945,3432.5456432102,0.21689704611580574
labels_mask_case_id_TCGA-K7-AAU7_4_2_cell_expansion_11_0_threshold_0_6_facet_size_3.0.csv.tif,24576.17217826184,15770.015018456408,9932.120336799384,2.216504951200399
labels_mask_case_id_TCGA-CC-A3MA_2_2_cell_expansion_7_0_threshold_0_8_facet_size_3.0.csv.tif,23959.928669511068,11492.135898458622,5682.551643207184,1.073910421014073
labels_mask_case_id_TCGA-CC-5261_4_3_cell_expansion_13_0_threshold_0_5_facet_size_3.0.csv.tif,24806.048728619826,17500.608035931396,11597.978322031817,4.432151282045116
labels_mask_case_id_TCGA-DD-AAED_4_0_cell_expansion_13_0_threshold_0_4_facet_size_3.0.csv.tif,24727.291012756024,16753.413344694698,10581.087564673857,5.307466058288041
labels_mask_case_id_TCGA-CC-A1HT_0_3_cell_expansion_7_0_threshold_0_6_facet_size_3.0.csv.tif,24452.830783347214,14742.02383367065,8687.619146217952,
labels_mask_case_id_TCGA-CC-5261_0_4_cell_expansion_1_0_threshold_0_5_facet_size_3.0.csv.tif,23505.210311729188,9771.679462157692,6169.801220354332,
labels_mask_case_id_TCGA-CC-A1HT_4_4_cell_expansion_5_0_threshold_0_7_facet_size_3.0.csv.tif,23482.57999969164,9267.296591521575,4556.78357699914,0.5003237737608431
labels_mask_case_id_TCGA-CC-A3MA_1_1_cell_expansion_7_0_threshold_0_7_facet_size_3.0.csv.tif,24107.73371229957,12494.633619096689,6578.663647846112,1.403602516590537
labels_mask_case_id_TCGA-CC-5261_3_1_cell_expansion_5_0_threshold_0_6_facet_size_3.0.csv.tif,24652.50126158541,16260.718345890718,10294.334174698248,
labels_mask_case_id_TCGA-CC-A1HT_0_4_cell_expansion_1_0_threshold_0_7_facet_size_3.0.csv.tif,22924.21820099811,6434.098787795879,3065.151000731523,
labels_mask_case_id_TCGA-G3-A7M6_1_4_cell_expansion_9_0_threshold_0_5_facet_size_3.0.csv.tif,24086.727182019884,12918.418073385836,7669.757200635147,1.040170732390624
labels_mask_case_id_TCGA-CC-5261_0_2_cell_expansion_7_0_threshold_0_8_facet_size_3.0.csv.tif,23743.060273322266,10413.744618557968,5166.986978910341,0.6890923501394486
labels_mask_case_id_TCGA-CC-A3MA_2_3_cell_expansion_5_0_threshold_0_5_facet_size_3.0.csv.tif,24852.95850995252,17851.428664215142,11938.95233486187,5.340632938039436
labels_mask_case_id_TCGA-K7-AAU7_2_2_cell_expansion_9_0_threshold_0_6_facet_size_3.0.csv.tif,23615.02262552987,9962.010504699174,5214.655628519988,
labels_mask_case_id_TCGA-G3-A7M6_1_2_cell_expansion_11_0_threshold_0_5_facet_size_3.0.csv.tif,24924.151255015604,18989.5447315317,14250.386772720369,4.0975871883866475
labels_mask_case_id_TCGA-CC-A8HT_4_4_cell_expansion_11_0_threshold_0_6_facet_size_3.0.csv.tif,24454.065462774885,14854.818393514744,8934.420991128998,1.7664499863271885
labels_mask_case_id_TCGA-CC-A8HT_0_3_cell_expansion_9_0_threshold_0_5_facet_size_3.0.csv.tif,24550.07747540136,15406.152748501665,9277.370298861371,
labels_mask_case_id_TCGA-BC-A69I_3_3_cell_expansion_11_0_threshold_0_8_facet_size_3.0.csv.tif,24014.884325024068,11644.737662263171,5565.768848961617,1.1119510432425146
labels_mask_case_id_TCGA-CC-A3MA_1_2_cell_expansion_9_0_threshold_0_7_facet_size_3.0.csv.tif,24552.640172654043,15178.763158920137,8717.775601008736,3.653778012171054
labels_mask_case_id_TCGA-CC-A1HT_1_1_cell_expansion_13_0_threshold_0_5_facet_size_3.0.csv.tif,24470.748570157164,14887.529508744441,8894.935197919462,1.7154030309923847
labels_mask_case_id_TCGA-K7-AAU7_1_2_cell_expansion_5_0_threshold_0_8_facet_size_3.0.csv.tif,22328.40075182473,3492.131827343893,632.4194330637177,0.007671232387544982
labels_mask_case_id_TCGA-CC-A1HT_1_0_cell_expansion_15_0_threshold_0_8_facet_size_3.0.csv.tif,22618.83938577423,4787.421614314007,1437.6085745483774,0.08843892206092933
labels_mask_case_id_TCGA-DD-AAED_2_0_cell_expansion_5_0_threshold_0_8_facet_size_3.0.csv.tif,23835.170241044463,11133.933672107458,5754.766527246179,0.744697667476372
labels_mask_case_id_TCGA-BC-A69I_4_3_cell_expansion_1_0_threshold_0_5_facet_size_3.0.csv.tif,23034.7683446959,6997.976754828892,3440.1926351629822,0.16602197865810484
labels_mask_case_id_TCGA-CC-A1HT_0_0_cell_expansion_9_0_threshold_0_6_facet_size_3.0.csv.tif,23869.370472859893,11549.826265518032,6480.430029416708,0.7462315869541019
labels_mask_case_id_TCGA-BC-A69I_3_1_cell_expansion_11_0_threshold_0_7_facet_size_3.0.csv.tif,24130.39237166001,12463.353173257583,6413.513889108322,1.4761826884766558
labels_mask_case_id_TCGA-DD-AAED_3_4_cell_expansion_3_0_threshold_0_7_facet_size_3.0.csv.tif,24015.93717188826,12502.66277687196,7563.369637776283,
labels_mask_case_id_TCGA-G3-A7M6_3_0_cell_expansion_3_0_threshold_0_4_facet_size_3.0.csv.tif,24022.794630972672,12373.722468730777,7366.798722178728,0.7003062512074961
labels_mask_case_id_TCGA-CC-A8HT_2_1_cell_expansion_7_0_threshold_0_8_facet_size_3.0.csv.tif,22983.301797459906,6447.575458535586,2299.258427833207,0.22812555348258032
labels_mask_case_id_TCGA-G3-A7M6_2_0_cell_expansion_13_0_threshold_0_7_facet_size_3.0.csv.tif,24506.11008129189,15159.061148863482,9056.89106802182,2.2155364719885937
labels_mask_case_id_TCGA-DD-AAED_0_0_cell_expansion_7_0_threshold_0_8_facet_size_3.0.csv.tif,24047.579026636948,12261.865288455316,6462.55491937087,1.2513167585087848
labels_mask_case_id_TCGA-CC-A3MA_4_0_cell_expansion_13_0_threshold_0_4_facet_size_3.0.csv.tif,24912.61329398205,18358.64173184052,12459.666607279214,8.533606689178324
labels_mask_case_id_TCGA-G3-A7M6_0_2_cell_expansion_15_0_threshold_0_7_facet_size_3.0.csv.tif,24475.703940756142,14734.153223850652,8325.044531582553,
labels_mask_case_id_TCGA-G3-A7M6_2_0_cell_expansion_11_0_threshold_0_6_facet_size_3.0.csv.tif,24674.1707849739,16481.675369124372,10510.408234448249,3.266619070434218
labels_mask_case_id_TCGA-K7-AAU7_4_1_cell_expansion_3_0_threshold_0_7_facet_size_3.0.csv.tif,23485.65044592691,9269.519952311924,4887.5664759848305,0.3965225476292932
labels_mask_case_id_TCGA-CC-A8HT_2_0_cell_expansion_5_0_threshold_0_5_facet_size_3.0.csv.tif,24659.1693429057,16411.204501366974,10510.79350255532,2.3548323776440077
labels_mask_case_id_TCGA-CC-5261_0_0_cell_expansion_9_0_threshold_0_4_facet_size_3.0.csv.tif,24765.266418678817,17125.182213981796,11005.250598843206,5.600850305350203
labels_mask_case_id_TCGA-G3-A7M6_4_2_cell_expansion_7_0_threshold_0_7_facet_size_3.0.csv.tif,23934.544054082147,12015.581362457237,7009.675618053227,0.865711952766786
labels_mask_case_id_TCGA-K7-AAU7_2_1_cell_expansion_7_0_threshold_0_6_facet_size_3.0.csv.tif,23451.265809959248,9330.236202719509,4915.442115111966,0.48693680694740343
labels_mask_case_id_TCGA-G3-A5SK_4_0_cell_expansion_11_0_threshold_0_8_facet_size_3.0.csv.tif,23522.77137011972,9033.859902668086,3921.017162331334,
labels_mask_case_id_TCGA-CC-A8HT_0_0_cell_expansion_1_0_threshold_0_6_facet_size_3.0.csv.tif,23631.720606326617,10364.217283587945,6446.111732585142,0.37833356346249486
labels_mask_case_id_TCGA-K7-AAU7_3_4_cell_expansion_7_0_threshold_0_6_facet_size_3.0.csv.tif,23965.53609464708,11733.817444598712,6231.970406806982,0.8849320924671317
labels_mask_case_id_TCGA-DD-AAED_3_3_cell_expansion_3_0_threshold_0_5_facet_size_3.0.csv.tif,24572.143599803843,15823.999745286206,10143.122138286952,1.5099570627691905
labels_mask_case_id_TCGA-CC-5261_4_0_cell_expansion_13_0_threshold_0_4_facet_size_3.0.csv.tif,24873.12406596168,18078.726195561347,12254.636617142629,5.476145289834299
labels_mask_case_id_TCGA-K7-AAU7_3_3_cell_expansion_3_0_threshold_0_6_facet_size_3.0.csv.tif,23467.96085519794,9312.075774402574,5137.82967656286,
labels_mask_case_id_TCGA-DD-AAED_0_1_cell_expansion_3_0_threshold_0_6_facet_size_3.0.csv.tif,24218.38680224416,13589.736744458669,8187.227322918173,1.0132377285078775
labels_mask_case_id_TCGA-CC-A8HT_4_0_cell_expansion_7_0_threshold_0_7_facet_size_3.0.csv.tif,24176.357879415318,12893.328329678721,7032.87845297203,1.2681681859814184
labels_mask_case_id_TCGA-G3-A7M6_1_1_cell_expansion_13_0_threshold_0_5_facet_size_3.0.csv.tif,24532.80343371248,15478.374093170236,9614.663598360929,2.088104839262364
labels_mask_case_id_TCGA-K7-AAU7_4_0_cell_expansion_5_0_threshold_0_8_facet_size_3.0.csv.tif,22496.60062798138,4259.711728935471,1075.2449249616182,0.050372480249933016
labels_mask_case_id_TCGA-YA-A8S7_3_3_cell_expansion_5_0_threshold_0_5_facet_size_3.0.csv.tif,22684.096380904248,5203.372330863373,1791.5827398741128,0.09696000682806705
labels_mask_case_id_TCGA-CC-A1HT_4_0_cell_expansion_9_0_threshold_0_4_facet_size_3.0.csv.tif,24711.722472418372,16785.572331368174,10874.157861988862,3.2129105893015995
labels_mask_case_id_TCGA-BC-A69I_2_4_cell_expansion_7_0_threshold_0_7_facet_size_3.0.csv.tif,23891.737121545,11363.51966583145,5863.184026599524,0.9325418716848728
labels_mask_case_id_TCGA-BC-A69I_2_3_cell_expansion_11_0_threshold_0_8_facet_size_3.0.csv.tif,23832.400334936945,10658.716680185551,5003.001016418832,
labels_mask_case_id_TCGA-G3-A7M6_3_0_cell_expansion_5_0_threshold_0_7_facet_size_3.0.csv.tif,24217.71044011284,13219.9090349039,7317.779074352881,1.1142075056679128
labels_mask_case_id_TCGA-CC-A8HT_3_3_cell_expansion_3_0_threshold_0_8_facet_size_3.0.csv.tif,22432.92494203356,3985.0428504781817,1001.8638403256317,0.029722221968646476
labels_mask_case_id_TCGA-DD-AAED_4_1_cell_expansion_3_0_threshold_0_8_facet_size_3.0.csv.tif,23681.76945030532,10324.816747599029,5348.401162875779,0.5057181815815486
labels_mask_case_id_TCGA-G3-A7M6_0_3_cell_expansion_13_0_threshold_0_6_facet_size_3.0.csv.tif,24529.038781980067,15161.26736554839,8838.357071486313,2.1541543947108104
labels_mask_case_id_TCGA-K7-AAU7_4_0_cell_expansion_3_0_threshold_0_7_facet_size_3.0.csv.tif,23120.0137068942,7424.612854108263,3503.046193273799,0.2301106330402551
labels_mask_case_id_TCGA-G3-A7M6_1_0_cell_expansion_13_0_threshold_0_7_facet_size_3.0.csv.tif,24324.75933147717,13894.638535110462,7898.472997071929,1.5250385536119355
labels_mask_case_id_TCGA-YA-A8S7_1_2_cell_expansion_3_0_threshold_0_7_facet_size_3.0.csv.tif,24055.530758534853,12496.04419555863,7160.985982724463,
labels_mask_case_id_TCGA-CC-A8HT_2_1_cell_expansion_5_0_threshold_0_5_facet_size_3.0.csv.tif,24775.520909596507,17405.500895181092,11609.652469343037,2.8950201513201312
labels_mask_case_id_TCGA-G3-A7M6_4_3_cell_expansion_7_0_threshold_0_7_facet_size_3.0.csv.tif,24139.29711821868,12904.700296671606,7051.527387552571,1.2572959940763864
labels_mask_case_id_TCGA-CC-5261_4_1_cell_expansion_13_0_threshold_0_6_facet_size_3.0.csv.tif,24745.241074247704,16841.064958407245,10682.265497688082,5.343448345672487
labels_mask_case_id_TCGA-CC-A1HT_3_2_cell_expansion_13_0_threshold_0_4_facet_size_3.0.csv.tif,24744.00527766054,16452.45663975588,9711.0800155637,11.282981885892557
labels_mask_case_id_TCGA-BC-A69I_1_0_cell_expansion_7_0_threshold_0_6_facet_size_3.0.csv.tif,24267.212333098963,13391.570775872187,7175.068655969706,
labels_mask_case_id_TCGA-K7-AAU7_1_2_cell_expansion_5_0_threshold_0_4_facet_size_3.0.csv.tif,24251.418440523263,13966.942711010452,8852.445510394467,1.132656174867105
labels_mask_case_id_TCGA-BC-A69I_2_2_cell_expansion_5_0_threshold_0_4_facet_size_3.0.csv.tif,24275.650594322433,13550.248089715236,7543.09150877553,1.2791086030173904
labels_mask_case_id_TCGA-YA-A8S7_3_2_cell_expansion_3_0_threshold_0_6_facet_size_3.0.csv.tif,24431.48367877326,15462.604645388425,10791.285629516451,1.2545444397267456
labels_mask_case_id_TCGA-YA-A8S7_4_2_cell_expansion_15_0_threshold_0_4_facet_size_3.0.csv.tif,23172.96683030024,7555.1655550506775,3322.471850173391,0.31583322426304844
labels_mask_case_id_TCGA-CC-A1HT_3_3_cell_expansion_9_0_threshold_0_5_facet_size_3.0.csv.tif,24712.925918571305,16452.04065740629,9917.1511397532,9.244361294892812
labels_mask_case_id_TCGA-K7-AAU7_3_3_cell_expansion_7_0_threshold_0_8_facet_size_3.0.csv.tif,22295.564725834272,3345.9127204795473,555.5313772235761,
labels_mask_case_id_TCGA-DD-AAED_0_1_cell_expansion_7_0_threshold_0_8_facet_size_3.0.csv.tif,24127.840012300883,12698.578756976673,6790.029625629993,1.4641615857987649
labels_mask_case_id_TCGA-G3-A5SK_4_2_cell_expansion_9_0_threshold_0_6_facet_size_3.0.csv.tif,24340.8993758796,13899.051689067237,7692.700249593391,1.6877444550476728
labels_mask_case_id_TCGA-CC-A3MA_3_4_cell_expansion_9_0_threshold_0_4_facet_size_3.0.csv.tif,24753.65759766909,17092.708711493844,11119.707950141355,6.015065579581709
labels_mask_case_id_TCGA-DD-AAED_4_0_cell_expansion_7_0_threshold_0_6_facet_size_3.0.csv.tif,24583.360720493252,15899.635426070969,9916.173225447095,
labels_mask_case_id_TCGA-BC-A69I_0_1_cell_expansion_15_0_threshold_0_5_facet_size_3.0.csv.tif,24419.53780172704,14435.444781102131,8186.176528121059,2.070202572762424
labels_mask_case_id_TCGA-G3-A5SK_0_3_cell_expansion_9_0_threshold_0_8_facet_size_3.0.csv.tif,23474.913427700958,9197.952571872926,4445.0553261273335,0.4946372695357556
labels_mask_case_id_TCGA-G3-A5SK_0_2_cell_expansion_9_0_threshold_0_4_facet_size_3.0.csv.tif,24536.230753028267,15361.67780153135,9222.949111444581,1.9531747226494747
labels_mask_case_id_TCGA-YA-A8S7_4_2_cell_expansion_13_0_threshold_0_7_facet_size_3.0.csv.tif,22863.985375180342,5826.344884781721,1880.1876016794104,0.1856995787703617
labels_mask_case_id_TCGA-DD-AAED_2_0_cell_expansion_3_0_threshold_0_7_facet_size_3.0.csv.tif,23834.15540774829,11229.081543200697,6149.806390111457,0.64138912494325
labels_mask_case_id_TCGA-CC-A8HT_3_4_cell_expansion_7_0_threshold_0_4_facet_size_3.0.csv.tif,24515.46713913065,15559.123248601076,10020.139345263397,1.8295121608604912
labels_mask_case_id_TCGA-K7-AAU7_0_0_cell_expansion_1_0_threshold_0_4_facet_size_3.0.csv.tif,22705.91974069917,5398.900846762341,2331.80815237957,0.08393020152237926
labels_mask_case_id_TCGA-BC-A69I_3_0_cell_expansion_1_0_threshold_0_4_facet_size_3.0.csv.tif,23128.5467898224,7553.07458086963,3924.2810255940576,0.21572322502489644
labels_mask_case_id_TCGA-YA-A8S7_4_0_cell_expansion_3_0_threshold_0_7_facet_size_3.0.csv.tif,23796.1712908848,10991.534302194059,6148.33096521424,
labels_mask_case_id_TCGA-G3-A5SK_4_4_cell_expansion_15_0_threshold_0_7_facet_size_3.0.csv.tif,24130.94324127937,12703.885621634954,6849.76731635242,1.1989247154931824
labels_mask_case_id_TCGA-G3-A7M6_2_4_cell_expansion_3_0_threshold_0_4_facet_size_3.0.csv.tif,24070.09877974245,12825.09698193136,7979.544297564829,0.7585518438860538
labels_mask_case_id_TCGA-BC-A69I_0_2_cell_expansion_1_0_threshold_0_7_facet_size_3.0.csv.tif,22735.924107135306,5517.29952154326,2259.0365734683523,0.09857040524393855
labels_mask_case_id_TCGA-YA-A8S7_1_2_cell_expansion_7_0_threshold_0_5_facet_size_3.0.csv.tif,24778.75097058119,17091.408105324423,10910.538429607663,5.054500828406168
labels_mask_case_id_TCGA-CC-5261_1_4_cell_expansion_9_0_threshold_0_4_facet_size_3.0.csv.tif,24714.127077849684,16623.617971293766,10455.692586096302,3.5627344819705487
labels_mask_case_id_TCGA-CC-A8HT_4_3_cell_expansion_15_0_threshold_0_8_facet_size_3.0.csv.tif,23029.179114276085,6563.325212313525,2320.1941330904474,0.25420932138278557
labels_mask_case_id_TCGA-CC-A8HT_1_3_cell_expansion_3_0_threshold_0_5_facet_size_3.0.csv.tif,24047.226535934333,12697.11007378708,7715.858560173648,0.7965934864045259
labels_mask_case_id_TCGA-BC-A69I_3_0_cell_expansion_3_0_threshold_0_5_facet_size_3.0.csv.tif,23599.708279525068,9899.460855329158,5212.899909070346,0.466674164724973
labels_mask_case_id_TCGA-DD-AAED_2_0_cell_expansion_1_0_threshold_0_6_facet_size_3.0.csv.tif,23428.827804201224,9208.464450438189,5200.236082103649,
labels_mask_case_id_TCGA-CC-A8HT_1_4_cell_expansion_7_0_threshold_0_5_facet_size_3.0.csv.tif,24708.84599990433,16442.579624800856,10087.982475687388,3.295628596344914
labels_mask_case_id_TCGA-K7-AAU7_2_0_cell_expansion_1_0_threshold_0_5_facet_size_3.0.csv.tif,22422.204284670337,3934.056111690499,1019.0426327922099,0.021636684717561458
labels_mask_case_id_TCGA-CC-5261_4_2_cell_expansion_13_0_threshold_0_7_facet_size_3.0.csv.tif,24723.651751493908,16630.7974618959,10320.349519573343,3.4158787250886986
labels_mask_case_id_TCGA-G3-A7M6_2_0_cell_expansion_9_0_threshold_0_4_facet_size_3.0.csv.tif,24794.214118346288,17414.484697371838,11540.475329149285,4.600328612123351
labels_mask_case_id_TCGA-G3-A7M6_1_3_cell_expansion_13_0_threshold_0_6_facet_size_3.0.csv.tif,24562.012067851465,15524.36357572982,9355.121683801357,2.2518520759239493
labels_mask_case_id_TCGA-CC-5261_2_2_cell_expansion_1_0_threshold_0_6_facet_size_3.0.csv.tif,23774.956400391166,11138.747769366491,6887.065466719566,0.4782851960045232
labels_mask_case_id_TCGA-CC-A8HT_4_4_cell_expansion_15_0_threshold_0_8_facet_size_3.0.csv.tif,22857.97599829837,5868.171378034764,2031.393749129697,0.18366378971116765
labels_mask_case_id_TCGA-CC-A1HT_0_0_cell_expansion_15_0_threshold_0_4_facet_size_3.0.csv.tif,24412.992997167807,15053.75716171616,9675.717299006645,1.5668573337514828
labels_mask_case_id_TCGA-G3-A5SK_2_1_cell_expansion_7_0_threshold_0_5_facet_size_3.0.csv.tif,24739.287866054183,16821.446392082104,10559.233183079028,3.2802252426595024
labels_mask_case_id_TCGA-DD-AAED_4_1_cell_expansion_11_0_threshold_0_7_facet_size_3.0.csv.tif,24604.791341608263,15523.169195826953,8953.109957733455,4.859735429258626
labels_mask_case_id_TCGA-G3-A5SK_1_4_cell_expansion_3_0_threshold_0_6_facet_size_3.0.csv.tif,23965.0311657146,12155.992048189846,7232.988808628444,0.6581187678702676
labels_mask_case_id_TCGA-G3-A7M6_2_2_cell_expansion_15_0_threshold_0_7_facet_size_3.0.csv.tif,24260.309130151327,13632.400465448984,7764.09997786722,1.5254800988221158
labels_mask_case_id_TCGA-CC-5261_3_0_cell_expansion_1_0_threshold_0_4_facet_size_3.0.csv.tif,23569.72920915195,9993.36472194647,6008.4026394943285,0.3638953759361272
labels_mask_case_id_TCGA-CC-A1HT_2_4_cell_expansion_5_0_threshold_0_8_facet_size_3.0.csv.tif,23670.9069637331,9897.330805344154,4542.787989365894,0.642308459478859
labels_mask_case_id_TCGA-BC-A69I_1_0_cell_expansion_13_0_threshold_0_8_facet_size_3.0.csv.tif,23566.002034549165,9403.290030244136,4279.989212919819,0.5928301072600047
labels_mask_case_id_TCGA-CC-A1HT_0_4_cell_expansion_15_0_threshold_0_5_facet_size_3.0.csv.tif,24704.12169952814,16813.663079847513,11094.618675295029,2.744954526917479
labels_mask_case_id_TCGA-CC-5261_4_3_cell_expansion_11_0_threshold_0_8_facet_size_3.0.csv.tif,23615.341715714385,9743.950892370074,4654.861948320795,0.5914297026243339
labels_mask_case_id_TCGA-G3-A5SK_3_4_cell_expansion_7_0_threshold_0_5_facet_size_3.0.csv.tif,24932.758057245097,18647.993545757923,13021.3986415643,6.868582547522826
labels_mask_case_id_TCGA-DD-AAED_0_3_cell_expansion_9_0_threshold_0_4_facet_size_3.0.csv.tif,24735.89837701437,16722.97614016055,10465.422454165859,
labels_mask_case_id_TCGA-BC-A69I_0_0_cell_expansion_9_0_threshold_0_8_facet_size_3.0.csv.tif,23354.88457094665,8441.611138118806,3754.806751364354,0.45669023757046445
labels_mask_case_id_TCGA-CC-A1HT_0_2_cell_expansion_7_0_threshold_0_6_facet_size_3.0.csv.tif,23744.221040243134,10682.690758520144,5716.945631616352,0.5909522434520498
labels_mask_case_id_TCGA-YA-A8S7_4_4_cell_expansion_11_0_threshold_0_8_facet_size_3.0.csv.tif,22295.564725834272,3345.9127204795473,555.5313772235761,
labels_mask_case_id_TCGA-G3-A7M6_3_4_cell_expansion_9_0_threshold_0_8_facet_size_3.0.csv.tif,23922.671372752622,11532.539742812798,5990.645110703465,0.9779954420757219
labels_mask_case_id_TCGA-G3-A7M6_0_0_cell_expansion_15_0_threshold_0_4_facet_size_3.0.csv.tif,24724.08436315232,16706.439587405748,10492.910863609837,2.7244426150105054
labels_mask_case_id_TCGA-BC-A69I_3_3_cell_expansion_13_0_threshold_0_5_facet_size_3.0.csv.tif,24641.229877613998,15721.502822831624,9092.620871633815,
labels_mask_case_id_TCGA-G3-A7M6_0_0_cell_expansion_5_0_threshold_0_8_facet_size_3.0.csv.tif,23463.186763718968,9051.064023261531,4300.740079437489,
labels_mask_case_id_TCGA-K7-AAU7_1_1_cell_expansion_13_0_threshold_0_6_facet_size_3.0.csv.tif,23915.2037272021,11770.114349207888,6900.621153895992,0.7127972765050097
labels_mask_case_id_TCGA-YA-A8S7_2_2_cell_expansion_7_0_threshold_0_6_facet_size_3.0.csv.tif,24416.56024639713,14245.531539668456,7882.171016802811,1.8509692218497138
labels_mask_case_id_TCGA-K7-AAU7_2_4_cell_expansion_7_0_threshold_0_8_facet_size_3.0.csv.tif,22789.484441115404,5506.806537978858,1760.024567950756,0.15329822272333204
labels_mask_case_id_TCGA-DD-AAED_0_4_cell_expansion_11_0_threshold_0_4_facet_size_3.0.csv.tif,24685.752665298216,16178.77268226443,9621.356064782209,4.4544100616279545
labels_mask_case_id_TCGA-BC-A69I_2_0_cell_expansion_3_0_threshold_0_7_facet_size_3.0.csv.tif,23445.510071760003,8875.135493281223,4297.881621178814,0.3680945730501495
labels_mask_case_id_TCGA-CC-A1HT_2_4_cell_expansion_9_0_threshold_0_5_facet_size_3.0.csv.tif,24793.12514945353,16979.48094456007,10439.027625834493,9.902515404131933
labels_mask_case_id_TCGA-BC-A69I_4_3_cell_expansion_15_0_threshold_0_6_facet_size_3.0.csv.tif,24148.903576175566,12682.846715823227,6758.483596242395,1.0754951144050762
labels_mask_case_id_TCGA-DD-AAED_1_0_cell_expansion_3_0_threshold_0_4_facet_size_3.0.csv.tif,23833.269750906602,11336.173043994284,6563.833414392918,0.628567447910839
labels_mask_case_id_TCGA-DD-AAED_0_2_cell_expansion_1_0_threshold_0_7_facet_size_3.0.csv.tif,23475.880997660257,9545.672794159937,5580.434789703865,0.34190341762446635
labels_mask_case_id_TCGA-BC-A69I_1_3_cell_expansion_3_0_threshold_0_8_facet_size_3.0.csv.tif,22899.959740516068,6247.21602621925,2557.354103238756,0.16318869996802401
labels_mask_case_id_TCGA-K7-AAU7_0_2_cell_expansion_13_0_threshold_0_7_facet_size_3.0.csv.tif,22566.967262007067,4598.780745761891,1338.0476168379316,0.06699587901635207
labels_mask_case_id_TCGA-CC-A3MA_0_4_cell_expansion_9_0_threshold_0_7_facet_size_3.0.csv.tif,23603.518303070443,9783.609987923308,4765.541982361143,0.5688799260753578
labels_mask_case_id_TCGA-K7-AAU7_0_4_cell_expansion_5_0_threshold_0_8_facet_size_3.0.csv.tif,22295.564725834272,3345.9127204795473,555.5313772235761,0.0
labels_mask_case_id_TCGA-CC-A8HT_3_0_cell_expansion_3_0_threshold_0_8_facet_size_3.0.csv.tif,22912.35510091501,6407.603743500469,2715.745621243421,0.172056680477446
labels_mask_case_id_TCGA-BC-A69I_4_0_cell_expansion_5_0_threshold_0_7_facet_size_3.0.csv.tif,23729.349034923267,10406.199220278892,5222.358615640984,0.6346627751696794
labels_mask_case_id_TCGA-K7-AAU7_1_1_cell_expansion_11_0_threshold_0_7_facet_size_3.0.csv.tif,22849.956657911243,5877.4010749719155,2161.231482606572,0.145631412160523
labels_mask_case_id_TCGA-G3-A5SK_2_0_cell_expansion_15_0_threshold_0_6_facet_size_3.0.csv.tif,24568.559386925303,15797.259414207341,9910.44808203295,2.4840415427975753
labels_mask_case_id_TCGA-K7-AAU7_2_4_cell_expansion_13_0_threshold_0_5_facet_size_3.0.csv.tif,23776.884985554247,10693.86757337016,5471.305957115526,0.7535101210172283
labels_mask_case_id_TCGA-CC-A8HT_2_4_cell_expansion_7_0_threshold_0_6_facet_size_3.0.csv.tif,24427.791818262598,14710.787988537631,8868.730797511042,1.8625895985149075
labels_mask_case_id_TCGA-G3-A7M6_4_0_cell_expansion_1_0_threshold_0_8_facet_size_3.0.csv.tif,22382.305789405724,3782.937297311864,930.5153098120261,0.016205237532770592
labels_mask_case_id_TCGA-G3-A7M6_4_1_cell_expansion_15_0_threshold_0_6_facet_size_3.0.csv.tif,24335.7965535988,13968.885448642126,7923.701879884564,1.5004253207627418
labels_mask_case_id_TCGA-CC-A1HT_4_4_cell_expansion_9_0_threshold_0_6_facet_size_3.0.csv.tif,24169.70472951502,13117.060594362698,7365.2244169400265,
labels_mask_case_id_TCGA-CC-5261_3_3_cell_expansion_11_0_threshold_0_8_facet_size_3.0.csv.tif,24128.593812368734,12442.05095452775,6393.531115049861,1.310973551273946
labels_mask_case_id_TCGA-K7-AAU7_2_0_cell_expansion_13_0_threshold_0_4_facet_size_3.0.csv.tif,22845.652113663822,5960.075724386224,2280.7777032215845,
labels_mask_case_id_TCGA-CC-A8HT_0_4_cell_expansion_13_0_threshold_0_7_facet_size_3.0.csv.tif,24115.944768442285,12692.232184420507,6808.34024693526,1.284632732774396
labels_mask_case_id_TCGA-G3-A7M6_4_1_cell_expansion_7_0_threshold_0_7_facet_size_3.0.csv.tif,24224.570262154437,13108.159424530402,6966.567029832302,1.2574001595926587
labels_mask_case_id_TCGA-DD-AAED_0_2_cell_expansion_5_0_threshold_0_5_facet_size_3.0.csv.tif,24533.499925928158,15637.928833672957,9737.780628036846,2.404076434658748
labels_mask_case_id_TCGA-CC-A8HT_4_3_cell_expansion_1_0_threshold_0_4_facet_size_3.0.csv.tif,23366.995744700267,8902.718299167493,5280.352385925366,0.2863541219422772
labels_mask_case_id_TCGA-CC-5261_2_3_cell_expansion_9_0_threshold_0_5_facet_size_3.0.csv.tif,24789.014544355992,17053.511799438842,10606.574711987676,5.506699656088161
labels_mask_case_id_TCGA-G3-A5SK_2_0_cell_expansion_11_0_threshold_0_4_facet_size_3.0.csv.tif,24612.425248386367,16180.4412800955,10395.45933167478,2.6580922174874657
labels_mask_case_id_TCGA-BC-A69I_4_0_cell_expansion_1_0_threshold_0_5_facet_size_3.0.csv.tif,23381.32931580741,8844.076018786567,4697.560960493121,0.3091225292956396
labels_mask_case_id_TCGA-DD-AAED_0_0_cell_expansion_11_0_threshold_0_5_facet_size_3.0.csv.tif,24767.25246387325,16910.358533393635,10534.838398933769,
labels_mask_case_id_TCGA-CC-A8HT_2_3_cell_expansion_7_0_threshold_0_4_facet_size_3.0.csv.tif,24587.6339400996,16048.565283148404,10318.656673809752,2.378794209931181
labels_mask_case_id_TCGA-CC-A3MA_3_2_cell_expansion_13_0_threshold_0_7_facet_size_3.0.csv.tif,24392.753240074468,14196.272914409115,7993.9408491882805,2.0365146488733084
labels_mask_case_id_TCGA-YA-A8S7_3_4_cell_expansion_11_0_threshold_0_8_facet_size_3.0.csv.tif,22295.564725834272,3345.9127204795473,555.5313772235761,0.0
labels_mask_case_id_TCGA-CC-A8HT_3_1_cell_expansion_13_0_threshold_0_4_facet_size_3.0.csv.tif,24422.62478789078,14558.779355731724,8531.044799837953,1.678643584970275
labels_mask_case_id_TCGA-CC-A3MA_3_1_cell_expansion_15_0_threshold_0_5_facet_size_3.0.csv.tif,24847.78572909308,17955.879848426124,12322.871394655582,5.153007444047078
labels_mask_case_id_TCGA-BC-A69I_4_0_cell_expansion_15_0_threshold_0_7_facet_size_3.0.csv.tif,24169.0179839001,12629.564379060552,6517.766441927904,1.5594399644220165
labels_mask_case_id_TCGA-CC-A3MA_4_0_cell_expansion_1_0_threshold_0_4_facet_size_3.0.csv.tif,24070.098843446583,12878.594322994852,8475.042408891275,0.6320121984346309
labels_mask_case_id_TCGA-CC-A8HT_0_3_cell_expansion_11_0_threshold_0_6_facet_size_3.0.csv.tif,24500.473263362182,15036.083672613398,8854.650086694386,2.70002312510353
labels_mask_case_id_TCGA-CC-A1HT_3_3_cell_expansion_5_0_threshold_0_8_facet_size_3.0.csv.tif,24024.82111650516,11880.65679766282,5994.12094550434,1.1285175687380058
labels_mask_case_id_TCGA-CC-5261_0_4_cell_expansion_11_0_threshold_0_4_facet_size_3.0.csv.tif,24766.42155807184,17245.752896036207,11496.205142325249,3.3918745783603343
labels_mask_case_id_TCGA-K7-AAU7_1_2_cell_expansion_13_0_threshold_0_7_facet_size_3.0.csv.tif,23183.17348317257,7596.470467135528,3327.368712927371,0.28378728805462927
labels_mask_case_id_TCGA-CC-5261_3_1_cell_expansion_13_0_threshold_0_6_facet_size_3.0.csv.tif,24796.24022300614,17203.945254336333,10949.51400404573,6.274824175859612
labels_mask_case_id_TCGA-DD-AAED_3_2_cell_expansion_13_0_threshold_0_7_facet_size_3.0.csv.tif,24714.89168497039,16309.542509851535,9676.60007449752,7.1866348932718145
labels_mask_case_id_TCGA-CC-5261_1_2_cell_expansion_7_0_threshold_0_6_facet_size_3.0.csv.tif,24474.597814798482,14952.034746443718,8851.922393601644,2.4640323063576273
labels_mask_case_id_TCGA-CC-A3MA_0_4_cell_expansion_15_0_threshold_0_6_facet_size_3.0.csv.tif,24222.83034319063,13579.610254211024,7958.356086699247,1.2650283002744573
labels_mask_case_id_TCGA-CC-A8HT_1_2_cell_expansion_9_0_threshold_0_7_facet_size_3.0.csv.tif,23934.027711868115,11793.65953023249,6467.72744016356,0.9005562655483508
labels_mask_case_id_TCGA-K7-AAU7_0_1_cell_expansion_9_0_threshold_0_7_facet_size_3.0.csv.tif,22677.92919578608,5190.89114957699,1811.7609845769973,0.1033250234979253
labels_mask_case_id_TCGA-CC-A3MA_2_3_cell_expansion_11_0_threshold_0_8_facet_size_3.0.csv.tif,23515.396051978627,9106.284567010107,4091.062710678241,
labels_mask_case_id_TCGA-G3-A7M6_4_2_cell_expansion_13_0_threshold_0_4_facet_size_3.0.csv.tif,24704.04969968081,17535.514959440643,12743.775487472007,2.838607051461899
labels_mask_case_id_TCGA-K7-AAU7_3_0_cell_expansion_13_0_threshold_0_4_facet_size_3.0.csv.tif,24463.11673719496,15092.100966951719,9433.953503086246,1.4765387386164326
labels_mask_case_id_TCGA-CC-A8HT_1_0_cell_expansion_15_0_threshold_0_5_facet_size_3.0.csv.tif,24710.09217509096,16655.903535315272,10593.590632367857,3.9234616937463853
labels_mask_case_id_TCGA-CC-A3MA_3_4_cell_expansion_7_0_threshold_0_8_facet_size_3.0.csv.tif,23783.918492497596,10755.137310744894,5366.337804767252,
labels_mask_case_id_TCGA-K7-AAU7_0_1_cell_expansion_15_0_threshold_0_5_facet_size_3.0.csv.tif,23362.11887321573,8643.239249377464,4300.942096904741,0.37166863339837897
labels_mask_case_id_TCGA-G3-A5SK_0_4_cell_expansion_1_0_threshold_0_5_facet_size_3.0.csv.tif,23037.01985378209,7089.671517615489,3698.278652960462,0.17398049035345978
labels_mask_case_id_TCGA-CC-5261_0_0_cell_expansion_1_0_threshold_0_7_facet_size_3.0.csv.tif,23425.742663950707,9323.95997679339,5515.533001566982,0.32674972866049906
labels_mask_case_id_TCGA-CC-A8HT_4_0_cell_expansion_9_0_threshold_0_7_facet_size_3.0.csv.tif,24254.11226755239,13311.893672071423,7299.826538770743,1.5312296638048264
labels_mask_case_id_TCGA-K7-AAU7_1_2_cell_expansion_15_0_threshold_0_4_facet_size_3.0.csv.tif,24331.907025742406,14405.337214629708,9122.810286379874,1.3016519867580052
labels_mask_case_id_TCGA-G3-A5SK_1_1_cell_expansion_7_0_threshold_0_6_facet_size_3.0.csv.tif,24275.55084668731,13461.582651796347,7359.069910493088,1.3229012325975777
labels_mask_case_id_TCGA-G3-A7M6_4_3_cell_expansion_13_0_threshold_0_6_facet_size_3.0.csv.tif,24371.334366821,14325.653349576794,8252.695548995143,1.7299087019750061
labels_mask_case_id_TCGA-K7-AAU7_0_4_cell_expansion_11_0_threshold_0_4_facet_size_3.0.csv.tif,24375.559221272182,14644.5830276938,9316.012488482564,1.2414351513996162
labels_mask_case_id_TCGA-G3-A5SK_1_1_cell_expansion_3_0_threshold_0_8_facet_size_3.0.csv.tif,23039.935090311967,6950.1427804045115,3035.243896848664,0.19406356683515494
labels_mask_case_id_TCGA-CC-A8HT_1_3_cell_expansion_9_0_threshold_0_7_facet_size_3.0.csv.tif,24210.05649778843,13375.5269436651,7512.981016479355,1.5726187638908053
labels_mask_case_id_TCGA-CC-5261_1_4_cell_expansion_3_0_threshold_0_6_facet_size_3.0.csv.tif,24038.95590561691,12622.494239461963,7587.415441185859,0.7866755049965074
labels_mask_case_id_TCGA-CC-5261_3_4_cell_expansion_11_0_threshold_0_4_facet_size_3.0.csv.tif,24783.10731693876,17017.651518741404,10724.583445631486,5.512984111149873
labels_mask_case_id_TCGA-K7-AAU7_2_2_cell_expansion_13_0_threshold_0_7_facet_size_3.0.csv.tif,23013.300664918424,6833.033808996981,2972.76570220704,0.25329854267869534
labels_mask_case_id_TCGA-K7-AAU7_0_0_cell_expansion_15_0_threshold_0_7_facet_size_3.0.csv.tif,22674.80997031999,5050.0321988251535,1545.6917172235974,0.09840300519382646
labels_mask_case_id_TCGA-G3-A5SK_0_4_cell_expansion_13_0_threshold_0_4_facet_size_3.0.csv.tif,24307.19367557769,13822.254008648191,7828.810420266616,1.5201370377678853
labels_mask_case_id_TCGA-DD-AAED_1_2_cell_expansion_9_0_threshold_0_6_facet_size_3.0.csv.tif,24660.123978818046,16114.423292117246,9709.681474617862,4.033756902995481
labels_mask_case_id_TCGA-YA-A8S7_3_3_cell_expansion_11_0_threshold_0_4_facet_size_3.0.csv.tif,22767.252165428017,5574.291434660806,2004.5938268073526,0.12082585749756339
labels_mask_case_id_TCGA-CC-A3MA_4_1_cell_expansion_1_0_threshold_0_4_facet_size_3.0.csv.tif,24082.946679028457,12960.43580470359,8298.138095716144,0.6655799067542276
labels_mask_case_id_TCGA-CC-A3MA_1_4_cell_expansion_1_0_threshold_0_6_facet_size_3.0.csv.tif,23954.13816648771,12219.895417215528,7629.679659709514,0.6426169707736891
labels_mask_case_id_TCGA-CC-5261_4_1_cell_expansion_1_0_threshold_0_5_facet_size_3.0.csv.tif,24004.540667416983,12616.735259537612,8368.922394017474,0.608137478463746
labels_mask_case_id_TCGA-YA-A8S7_1_0_cell_expansion_13_0_threshold_0_8_facet_size_3.0.csv.tif,23099.653166752734,7219.458079531579,2928.6267293803003,0.3257656213002492
labels_mask_case_id_TCGA-CC-5261_0_4_cell_expansion_11_0_threshold_0_8_facet_size_3.0.csv.tif,23242.958990237043,8074.30016117477,3652.439134213064,0.3735048981458062
labels_mask_case_id_TCGA-DD-AAED_0_2_cell_expansion_11_0_threshold_0_6_facet_size_3.0.csv.tif,24611.675572262466,15971.920499156287,9824.321009293095,4.47642906386243
labels_mask_case_id_TCGA-CC-A3MA_2_2_cell_expansion_15_0_threshold_0_8_facet_size_3.0.csv.tif,24171.507343156612,12580.215507905898,6354.6367341387895,1.7117425547418093
labels_mask_case_id_TCGA-BC-A69I_4_1_cell_expansion_15_0_threshold_0_5_facet_size_3.0.csv.tif,24058.411615373418,11911.543018569231,6031.132820699469,1.4113777114602284
labels_mask_case_id_TCGA-G3-A7M6_0_3_cell_expansion_9_0_threshold_0_5_facet_size_3.0.csv.tif,24560.829270751183,15387.137750770058,9038.190977478791,2.3023466733761846
labels_mask_case_id_TCGA-CC-A8HT_1_1_cell_expansion_11_0_threshold_0_5_facet_size_3.0.csv.tif,24763.542772700293,17026.546665195558,10871.045457257691,3.9534784857170404
labels_mask_case_id_TCGA-G3-A7M6_4_3_cell_expansion_15_0_threshold_0_5_facet_size_3.0.csv.tif,24418.09309649175,14635.346658183496,8541.262477403603,1.8461337144927827
labels_mask_case_id_TCGA-CC-A1HT_4_0_cell_expansion_7_0_threshold_0_8_facet_size_3.0.csv.tif,23061.868427934478,6989.023765560793,2800.7759510990645,0.28642229106398487
labels_mask_case_id_TCGA-G3-A5SK_0_4_cell_expansion_3_0_threshold_0_8_facet_size_3.0.csv.tif,22977.52957510369,6561.713258559056,2761.055371213646,0.18266788394681288
labels_mask_case_id_TCGA-CC-5261_2_3_cell_expansion_11_0_threshold_0_4_facet_size_3.0.csv.tif,24829.212605321,17470.687764602648,11171.332456968741,
labels_mask_case_id_TCGA-CC-A3MA_1_3_cell_expansion_1_0_threshold_0_4_facet_size_3.0.csv.tif,24360.559596477604,14826.072137480696,10140.563133463478,0.9390868216442086
labels_mask_case_id_TCGA-CC-5261_3_0_cell_expansion_11_0_threshold_0_5_facet_size_3.0.csv.tif,24624.255850007507,15960.961220233115,9801.568638808109,3.009301755992631
labels_mask_case_id_TCGA-CC-5261_0_1_cell_expansion_15_0_threshold_0_5_facet_size_3.0.csv.tif,24682.075319188563,16354.333189646664,10137.600000226084,4.144032724760413
labels_mask_case_id_TCGA-CC-A3MA_3_4_cell_expansion_7_0_threshold_0_4_facet_size_3.0.csv.tif,24735.246360868296,16998.819403691497,11072.161010247355,5.267249497870639
labels_mask_case_id_TCGA-DD-AAED_4_0_cell_expansion_9_0_threshold_0_6_facet_size_3.0.csv.tif,24619.921507160518,16064.30920790479,9984.795460885824,3.8902174148657145
labels_mask_case_id_TCGA-CC-5261_4_1_cell_expansion_5_0_threshold_0_7_facet_size_3.0.csv.tif,24304.71401465777,13930.614973611291,8115.273140277511,1.4133097707893632
labels_mask_case_id_TCGA-CC-A1HT_4_1_cell_expansion_11_0_threshold_0_8_facet_size_3.0.csv.tif,23998.75667581582,11563.051965218436,5460.415007133745,1.270751053698676
labels_mask_case_id_TCGA-BC-A69I_3_3_cell_expansion_3_0_threshold_0_5_facet_size_3.0.csv.tif,23965.243309942853,11926.783852727442,6777.635372060483,0.6649726674730753
labels_mask_case_id_TCGA-G3-A7M6_4_0_cell_expansion_13_0_threshold_0_7_facet_size_3.0.csv.tif,24043.08669821766,12692.756694344054,7602.706171844667,1.0181909531565971
labels_mask_case_id_TCGA-CC-A8HT_0_1_cell_expansion_15_0_threshold_0_7_facet_size_3.0.csv.tif,24290.850631210124,13593.486537092569,7484.408838675414,1.6024243135927572
labels_mask_case_id_TCGA-DD-AAED_1_1_cell_expansion_1_0_threshold_0_5_facet_size_3.0.csv.tif,23555.977347437518,9885.901449013343,5794.378035849039,0.36500593256180786
labels_mask_case_id_TCGA-YA-A8S7_3_0_cell_expansion_13_0_threshold_0_4_facet_size_3.0.csv.tif,24809.452821499282,17639.526520332864,11931.1898294381,3.8518210286988976
labels_mask_case_id_TCGA-K7-AAU7_3_1_cell_expansion_3_0_threshold_0_6_facet_size_3.0.csv.tif,23277.468405703272,8331.561885779267,4531.066625832257,0.275133107283484
labels_mask_case_id_TCGA-CC-A1HT_0_4_cell_expansion_9_0_threshold_0_8_facet_size_3.0.csv.tif,22592.376895685957,4765.090005344515,1351.8436521330773,0.08596490890718426
labels_mask_case_id_TCGA-CC-A3MA_0_2_cell_expansion_15_0_threshold_0_4_facet_size_3.0.csv.tif,24960.801986911312,18865.33226844196,13185.308370077155,21.7759459677745
labels_mask_case_id_TCGA-G3-A7M6_3_2_cell_expansion_7_0_threshold_0_6_facet_size_3.0.csv.tif,24532.0497628646,15298.682155658982,9047.983445275888,2.009144965127057
labels_mask_case_id_TCGA-K7-AAU7_4_3_cell_expansion_5_0_threshold_0_4_facet_size_3.0.csv.tif,24660.450081093946,16748.013547754283,11403.12903183871,2.0330402631182958
labels_mask_case_id_TCGA-BC-A69I_1_4_cell_expansion_7_0_threshold_0_4_facet_size_3.0.csv.tif,24252.705322688522,13705.852405213327,7936.346920796541,1.4232339907898166
labels_mask_case_id_TCGA-G3-A5SK_0_0_cell_expansion_9_0_threshold_0_8_facet_size_3.0.csv.tif,23523.07684697232,9441.606929552489,4518.900995690704,0.501710055981202
labels_mask_case_id_TCGA-CC-A8HT_1_0_cell_expansion_1_0_threshold_0_4_facet_size_3.0.csv.tif,23779.705458438228,11183.646096111033,7207.248632473287,0.42314165533286063
labels_mask_case_id_TCGA-CC-A1HT_4_0_cell_expansion_15_0_threshold_0_4_facet_size_3.0.csv.tif,24712.450593724894,16788.476323981115,10881.297071945535,3.2417685794920037
labels_mask_case_id_TCGA-DD-AAED_3_1_cell_expansion_1_0_threshold_0_4_facet_size_3.0.csv.tif,23678.878097457662,10684.299330041436,6648.764650126028,0.4328545340565292
labels_mask_case_id_TCGA-DD-AAED_3_4_cell_expansion_13_0_threshold_0_5_facet_size_3.0.csv.tif,24672.687021075697,16568.403532819142,10586.295132921889,
labels_mask_case_id_TCGA-CC-A8HT_4_2_cell_expansion_5_0_threshold_0_6_facet_size_3.0.csv.tif,24189.83118855565,13059.47392019285,7185.067287322593,1.1609482101326836
labels_mask_case_id_TCGA-DD-AAED_0_3_cell_expansion_1_0_threshold_0_7_facet_size_3.0.csv.tif,23393.957831674987,9051.38047720119,5182.075240563053,0.30189628706300564
labels_mask_case_id_TCGA-K7-AAU7_0_3_cell_expansion_15_0_threshold_0_6_facet_size_3.0.csv.tif,24026.66611737692,12380.705570072938,7120.147688254937,
labels_mask_case_id_TCGA-CC-A8HT_3_1_cell_expansion_3_0_threshold_0_8_facet_size_3.0.csv.tif,22708.31538210961,5332.578560700008,1942.404379482113,0.10386597988487224
labels_mask_case_id_TCGA-K7-AAU7_1_1_cell_expansion_5_0_threshold_0_4_facet_size_3.0.csv.tif,24497.61888719417,15622.666479149426,10563.893078440862,1.3853782200269118
labels_mask_case_id_TCGA-CC-A3MA_2_4_cell_expansion_13_0_threshold_0_5_facet_size_3.0.csv.tif,24856.105984281567,17714.8289883551,11552.116438616345,9.534341627871141
labels_mask_case_id_TCGA-K7-AAU7_4_4_cell_expansion_5_0_threshold_0_6_facet_size_3.0.csv.tif,23802.3725349463,11064.964404859757,5939.151229520938,0.6731125545103922
labels_mask_case_id_TCGA-DD-AAED_2_2_cell_expansion_5_0_threshold_0_8_facet_size_3.0.csv.tif,23510.91687954876,9465.89123375637,4764.403597959035,0.5195169345686121
labels_mask_case_id_TCGA-CC-A8HT_2_4_cell_expansion_3_0_threshold_0_8_facet_size_3.0.csv.tif,22475.310293434828,4165.711480380316,1079.5644899936212,0.03879161490368632
labels_mask_case_id_TCGA-CC-5261_2_0_cell_expansion_13_0_threshold_0_4_facet_size_3.0.csv.tif,24768.33186489018,17068.846195261725,10928.292256137383,6.683024630474856
labels_mask_case_id_TCGA-K7-AAU7_0_3_cell_expansion_13_0_threshold_0_5_facet_size_3.0.csv.tif,24244.4980822407,13854.263325953838,8591.941067660864,1.1188645721778323
labels_mask_case_id_TCGA-BC-A69I_1_3_cell_expansion_5_0_threshold_0_7_facet_size_3.0.csv.tif,23862.350358217842,11184.24106778434,5794.283157296417,0.8026644854965487
labels_mask_case_id_TCGA-K7-AAU7_3_1_cell_expansion_7_0_threshold_0_4_facet_size_3.0.csv.tif,24243.76117663354,14025.495008178565,9044.123733182229,1.2218384945038863
labels_mask_case_id_TCGA-K7-AAU7_1_1_cell_expansion_7_0_threshold_0_5_facet_size_3.0.csv.tif,24402.107367787692,14819.966541870683,9582.458332473165,1.1886799025067079
labels_mask_case_id_TCGA-BC-A69I_1_4_cell_expansion_3_0_threshold_0_6_facet_size_3.0.csv.tif,23546.20498162626,9797.00259763986,5359.485867340291,0.43930661250121056
labels_mask_case_id_TCGA-K7-AAU7_4_3_cell_expansion_3_0_threshold_0_7_facet_size_3.0.csv.tif,23211.758295920077,8056.298616928341,4155.145810308579,0.2654815912695098
labels_mask_case_id_TCGA-DD-AAED_4_4_cell_expansion_7_0_threshold_0_4_facet_size_3.0.csv.tif,24888.766756600453,18047.825729845263,11932.923428504593,7.421884916042617
labels_mask_case_id_TCGA-CC-A1HT_1_1_cell_expansion_3_0_threshold_0_4_facet_size_3.0.csv.tif,24003.839949471738,12510.52724969752,7849.87968137331,0.6857204128813975
labels_mask_case_id_TCGA-YA-A8S7_2_3_cell_expansion_9_0_threshold_0_8_facet_size_3.0.csv.tif,22749.127192643722,5358.1680796038,1709.7438849189896,0.1287775355896748
labels_mask_case_id_TCGA-CC-5261_1_1_cell_expansion_1_0_threshold_0_7_facet_size_3.0.csv.tif,22937.971582354457,6581.856701160421,3157.0594038485838,0.14666634772425258
labels_mask_case_id_TCGA-G3-A7M6_1_2_cell_expansion_15_0_threshold_0_5_facet_size_3.0.csv.tif,24924.151255015604,18989.5447315317,14250.386772720369,4.0975871883866475
labels_mask_case_id_TCGA-BC-A69I_1_4_cell_expansion_11_0_threshold_0_6_facet_size_3.0.csv.tif,24268.39846739524,13695.350404222976,7779.3092126876745,1.565458101091593
labels_mask_case_id_TCGA-CC-A3MA_4_3_cell_expansion_5_0_threshold_0_4_facet_size_3.0.csv.tif,24796.67524834661,17477.640761262726,11599.410045117822,4.260857499976681
labels_mask_case_id_TCGA-G3-A5SK_1_2_cell_expansion_7_0_threshold_0_4_facet_size_3.0.csv.tif,24510.943561375498,15267.046705080633,9260.924904347325,1.919520505842266
labels_mask_case_id_TCGA-CC-5261_4_3_cell_expansion_7_0_threshold_0_4_facet_size_3.0.csv.tif,24876.948462395518,18163.017476984664,12453.853535045822,5.1739775671509625
labels_mask_case_id_TCGA-G3-A7M6_0_0_cell_expansion_11_0_threshold_0_8_facet_size_3.0.csv.tif,23715.558130372578,10304.434560399273,5007.534649802692,
labels_mask_case_id_TCGA-CC-A3MA_0_3_cell_expansion_1_0_threshold_0_4_facet_size_3.0.csv.tif,24244.717227563244,13902.174509970944,8998.96962607897,0.9176295885771989
labels_mask_case_id_TCGA-CC-5261_1_1_cell_expansion_3_0_threshold_0_6_facet_size_3.0.csv.tif,23484.856259174747,9530.81938756165,5217.641471955053,0.4017337192402644
labels_mask_case_id_TCGA-CC-5261_4_2_cell_expansion_11_0_threshold_0_8_facet_size_3.0.csv.tif,24247.189311527007,13229.753940991863,7105.393072389973,
labels_mask_case_id_TCGA-CC-A1HT_1_3_cell_expansion_13_0_threshold_0_8_facet_size_3.0.csv.tif,24321.402892453807,13169.975611475691,6463.326778834316,2.8737911589763314
labels_mask_case_id_TCGA-CC-A1HT_0_3_cell_expansion_5_0_threshold_0_5_facet_size_3.0.csv.tif,24514.033906515724,15376.579810446296,9599.737868579134,2.03479725781165
labels_mask_case_id_TCGA-CC-A3MA_2_3_cell_expansion_5_0_threshold_0_7_facet_size_3.0.csv.tif,24411.965106511925,14550.371001080432,8573.026148555911,1.846598083121845
labels_mask_case_id_TCGA-CC-5261_3_1_cell_expansion_5_0_threshold_0_4_facet_size_3.0.csv.tif,24781.365990025304,17287.81901792346,11458.95104217368,3.9298933387527124
labels_mask_case_id_TCGA-G3-A5SK_0_0_cell_expansion_1_0_threshold_0_5_facet_size_3.0.csv.tif,23300.49308836528,8640.00116528137,5245.0809362047885,0.2608403575504419
labels_mask_case_id_TCGA-G3-A5SK_1_2_cell_expansion_3_0_threshold_0_6_facet_size_3.0.csv.tif,23711.158691890934,10718.19152212085,6198.929785226406,0.49015023012740233
labels_mask_case_id_TCGA-CC-A1HT_2_3_cell_expansion_13_0_threshold_0_4_facet_size_3.0.csv.tif,24422.141018909067,14871.462162895126,9191.015834651243,1.9370794064920305
labels_mask_case_id_TCGA-CC-A1HT_3_1_cell_expansion_7_0_threshold_0_7_facet_size_3.0.csv.tif,23172.95273909039,7627.9209710495825,3485.4047032413964,
labels_mask_case_id_TCGA-CC-A8HT_2_3_cell_expansion_9_0_threshold_0_6_facet_size_3.0.csv.tif,24466.98380809484,15003.631372997048,9027.672231446672,2.076844603256867
labels_mask_case_id_TCGA-CC-A3MA_4_3_cell_expansion_3_0_threshold_0_7_facet_size_3.0.csv.tif,23851.535784805048,11341.355325950986,6357.416157412123,0.6232467914655899
labels_mask_case_id_TCGA-BC-A69I_0_0_cell_expansion_9_0_threshold_0_6_facet_size_3.0.csv.tif,24156.62308552882,12836.753222609785,6987.6811416360315,1.3014945901338713
labels_mask_case_id_TCGA-CC-A3MA_3_1_cell_expansion_5_0_threshold_0_5_facet_size_3.0.csv.tif,24774.764052906932,17518.93550311106,12065.768774927796,3.337266745642111
labels_mask_case_id_TCGA-BC-A69I_1_0_cell_expansion_7_0_threshold_0_8_facet_size_3.0.csv.tif,23439.783412903253,8772.144091552087,3893.627568188151,0.4866556895448838
labels_mask_case_id_TCGA-CC-5261_0_0_cell_expansion_9_0_threshold_0_6_facet_size_3.0.csv.tif,24707.24462398012,16577.952372425232,10314.223368368654,4.58152101400934
labels_mask_case_id_TCGA-CC-A1HT_2_4_cell_expansion_13_0_threshold_0_4_facet_size_3.0.csv.tif,24812.126584938414,17187.394176744303,10732.937899110573,11.257488413537551
labels_mask_case_id_TCGA-CC-A8HT_4_3_cell_expansion_13_0_threshold_0_5_facet_size_3.0.csv.tif,24423.503536055992,14536.330961023074,8580.008428118983,1.8951151435042894
labels_mask_case_id_TCGA-DD-AAED_4_1_cell_expansion_3_0_threshold_0_6_facet_size_3.0.csv.tif,24229.82447164255,13523.329513087949,7993.0207145648865,1.0514516995828904
labels_mask_case_id_TCGA-K7-AAU7_0_1_cell_expansion_5_0_threshold_0_4_facet_size_3.0.csv.tif,23257.013404527184,8240.886908401262,4187.507729721296,0.3255333300126868
labels_mask_case_id_TCGA-DD-AAED_3_3_cell_expansion_5_0_threshold_0_4_facet_size_3.0.csv.tif,24819.214871122746,17497.669715214462,11344.610645135082,4.186356993234019
labels_mask_case_id_TCGA-CC-5261_3_2_cell_expansion_9_0_threshold_0_5_facet_size_3.0.csv.tif,24680.53668831628,16318.869968427029,9994.540060448537,4.472047613164837
labels_mask_case_id_TCGA-CC-A1HT_0_0_cell_expansion_9_0_threshold_0_4_facet_size_3.0.csv.tif,24411.273162233407,15051.643941531023,9675.30678138763,1.566801918446699
labels_mask_case_id_TCGA-G3-A7M6_0_2_cell_expansion_3_0_threshold_0_5_facet_size_3.0.csv.tif,23950.743115360536,12003.91221300692,7125.505672169646,0.6467680455510604
labels_mask_case_id_TCGA-BC-A69I_0_0_cell_expansion_15_0_threshold_0_5_facet_size_3.0.csv.tif,24278.84459570742,13569.313224045149,7580.435849752265,1.6199032993949543
labels_mask_case_id_TCGA-DD-AAED_4_1_cell_expansion_1_0_threshold_0_7_facet_size_3.0.csv.tif,23456.322888869203,9327.819759685934,5205.853777129196,0.3488635724971032
labels_mask_case_id_TCGA-BC-A69I_0_4_cell_expansion_3_0_threshold_0_6_facet_size_3.0.csv.tif,23841.24128625072,11303.452765661785,6404.486610795915,0.6008544943155365
labels_mask_case_id_TCGA-CC-A1HT_0_1_cell_expansion_9_0_threshold_0_8_facet_size_3.0.csv.tif,22932.39053314606,6115.450099491459,2108.563851288772,0.18790862132158645
labels_mask_case_id_TCGA-K7-AAU7_3_4_cell_expansion_3_0_threshold_0_6_facet_size_3.0.csv.tif,23446.93108956462,9168.103491112115,4808.2436316037565,
labels_mask_case_id_TCGA-G3-A7M6_4_4_cell_expansion_1_0_threshold_0_8_facet_size_3.0.csv.tif,22684.073484821674,5270.4095604432505,2176.260222443942,0.08416086686244051
labels_mask_case_id_TCGA-K7-AAU7_4_1_cell_expansion_13_0_threshold_0_4_facet_size_3.0.csv.tif,24772.50584752915,17284.841046048776,11518.216494801942,3.441159955235309
labels_mask_case_id_TCGA-DD-AAED_3_4_cell_expansion_5_0_threshold_0_6_facet_size_3.0.csv.tif,24517.579742767233,15533.776246693446,9722.202265253001,
labels_mask_case_id_TCGA-G3-A7M6_4_2_cell_expansion_3_0_threshold_0_7_facet_size_3.0.csv.tif,23500.425014498105,9753.305218587067,5707.986902223914,0.39905762867743894
labels_mask_case_id_TCGA-CC-A1HT_4_0_cell_expansion_9_0_threshold_0_6_facet_size_3.0.csv.tif,24457.981612972984,14790.159959971692,8663.165619091033,2.1494014906271173
labels_mask_case_id_TCGA-CC-5261_4_0_cell_expansion_11_0_threshold_0_7_facet_size_3.0.csv.tif,24575.92375519147,15534.449462678313,9242.864351263055,2.414256997763134
labels_mask_case_id_TCGA-CC-A8HT_4_1_cell_expansion_5_0_threshold_0_8_facet_size_3.0.csv.tif,22623.966130420802,4918.837688319319,1611.672808807482,0.09513458153738677
labels_mask_case_id_TCGA-BC-A69I_1_1_cell_expansion_3_0_threshold_0_6_facet_size_3.0.csv.tif,23588.48442804501,9823.450540331472,5134.630893421506,0.4115947770576458
labels_mask_case_id_TCGA-DD-AAED_1_3_cell_expansion_3_0_threshold_0_6_facet_size_3.0.csv.tif,24246.860085778262,13738.77711452548,8426.30342279197,1.0057095051436222
labels_mask_case_id_TCGA-K7-AAU7_3_3_cell_expansion_1_0_threshold_0_5_facet_size_3.0.csv.tif,23141.786388543595,7549.3611314134305,4083.3548204615263,0.17819618092886055
labels_mask_case_id_TCGA-BC-A69I_4_4_cell_expansion_3_0_threshold_0_4_facet_size_3.0.csv.tif,24113.596126682896,13025.960812212075,7908.028705947454,0.8428671903909635
labels_mask_case_id_TCGA-YA-A8S7_1_4_cell_expansion_3_0_threshold_0_7_facet_size_3.0.csv.tif,22351.93265770984,3590.765828228221,722.8719273017053,0.010610441024238842
labels_mask_case_id_TCGA-DD-AAED_4_0_cell_expansion_7_0_threshold_0_8_facet_size_3.0.csv.tif,24110.78659199295,12705.535716058024,6863.736608410306,1.4136413288270215
labels_mask_case_id_TCGA-CC-A3MA_4_4_cell_expansion_11_0_threshold_0_6_facet_size_3.0.csv.tif,24453.47428916565,15211.62073863463,9453.35502095516,2.9928277998518418
labels_mask_case_id_TCGA-DD-AAED_1_4_cell_expansion_7_0_threshold_0_6_facet_size_3.0.csv.tif,24736.12680472311,16803.50506071498,10534.3330964915,4.256802257438386
labels_mask_case_id_TCGA-YA-A8S7_1_3_cell_expansion_5_0_threshold_0_6_facet_size_3.0.csv.tif,24505.731730898824,15250.278336633628,9307.631172169491,1.862883771791049
labels_mask_case_id_TCGA-G3-A7M6_3_0_cell_expansion_7_0_threshold_0_4_facet_size_3.0.csv.tif,24651.948327241556,16082.646502679658,9709.833546363729,2.7379875931385644
labels_mask_case_id_TCGA-YA-A8S7_3_4_cell_expansion_3_0_threshold_0_6_facet_size_3.0.csv.tif,22331.4896778524,3497.546839119883,650.8266423169167,0.007198613976273561
labels_mask_case_id_TCGA-DD-AAED_1_3_cell_expansion_1_0_threshold_0_7_facet_size_3.0.csv.tif,23457.50578263352,9282.722194791357,5377.280392765526,0.3194332997237149
labels_mask_case_id_TCGA-CC-A1HT_3_3_cell_expansion_13_0_threshold_0_4_facet_size_3.0.csv.tif,24773.1002632881,16814.820993929832,10223.830597127784,14.274017955071699
labels_mask_case_id_TCGA-DD-AAED_2_0_cell_expansion_1_0_threshold_0_8_facet_size_3.0.csv.tif,23095.08413240906,7380.590422873046,3635.406061077185,0.20247872213409746
labels_mask_case_id_TCGA-K7-AAU7_1_2_cell_expansion_1_0_threshold_0_8_facet_size_3.0.csv.tif,22310.146095899552,3412.020650216359,606.5964672244722,0.0025085984665975383
labels_mask_case_id_TCGA-CC-A8HT_4_3_cell_expansion_15_0_threshold_0_6_facet_size_3.0.csv.tif,24238.21269549855,13199.161526315112,7282.458504517913,1.410093316169283
labels_mask_case_id_TCGA-CC-A1HT_0_3_cell_expansion_15_0_threshold_0_7_facet_size_3.0.csv.tif,24313.175139200957,13701.047047651491,7567.52139530003,1.8945399890830534
labels_mask_case_id_TCGA-CC-A1HT_3_3_cell_expansion_9_0_threshold_0_7_facet_size_3.0.csv.tif,24655.137564014032,15906.981013964056,9213.022696684273,7.780955161139654
labels_mask_case_id_TCGA-BC-A69I_2_2_cell_expansion_11_0_threshold_0_8_facet_size_3.0.csv.tif,23608.75326427165,9498.783168181682,4206.941707041494,0.6074980850419509
labels_mask_case_id_TCGA-G3-A7M6_1_0_cell_expansion_11_0_threshold_0_4_facet_size_3.0.csv.tif,24677.80874866083,16522.21482243154,10615.943646484324,2.8364364238230166
labels_mask_case_id_TCGA-G3-A7M6_1_1_cell_expansion_1_0_threshold_0_6_facet_size_3.0.csv.tif,23126.882437988912,7540.3387643932865,4121.7511814445725,0.1938706190319743
labels_mask_case_id_TCGA-G3-A7M6_0_3_cell_expansion_11_0_threshold_0_5_facet_size_3.0.csv.tif,24560.829270751183,15387.137750770058,9038.190977478791,2.3023466733761846
labels_mask_case_id_TCGA-CC-A1HT_1_0_cell_expansion_15_0_threshold_0_6_facet_size_3.0.csv.tif,24327.876765299872,14105.765286889518,8368.033142750919,1.447301192298388
labels_mask_case_id_TCGA-K7-AAU7_0_0_cell_expansion_7_0_threshold_0_5_facet_size_3.0.csv.tif,23310.114262221847,8247.25209393252,3855.363891855303,0.3317515706256068
labels_mask_case_id_TCGA-K7-AAU7_3_2_cell_expansion_5_0_threshold_0_7_facet_size_3.0.csv.tif,23122.21271336312,7428.17347153383,3370.6687777652337,0.2564801142546094
labels_mask_case_id_TCGA-CC-A1HT_3_2_cell_expansion_13_0_threshold_0_6_facet_size_3.0.csv.tif,24702.143680374204,16067.062372945618,9251.380665705576,9.247292828721452
labels_mask_case_id_TCGA-CC-5261_0_1_cell_expansion_9_0_threshold_0_6_facet_size_3.0.csv.tif,24627.90199255953,15858.261774179493,9491.17303595333,3.602988674132911
labels_mask_case_id_TCGA-BC-A69I_4_2_cell_expansion_3_0_threshold_0_6_facet_size_3.0.csv.tif,23465.924522740897,9110.919764606586,4545.435854038195,0.37185654631925175
labels_mask_case_id_TCGA-YA-A8S7_3_2_cell_expansion_1_0_threshold_0_5_facet_size_3.0.csv.tif,23826.63087411009,11670.38160606267,7939.129172653643,0.46601044476446135
labels_mask_case_id_TCGA-CC-A1HT_2_1_cell_expansion_13_0_threshold_0_7_facet_size_3.0.csv.tif,24392.838198497884,13881.603412683482,7302.763804064636,2.6891547824039326
labels_mask_case_id_TCGA-BC-A69I_3_1_cell_expansion_5_0_threshold_0_8_facet_size_3.0.csv.tif,23165.289924592882,7629.7054139984375,3457.61833600892,
labels_mask_case_id_TCGA-CC-5261_3_3_cell_expansion_9_0_threshold_0_5_facet_size_3.0.csv.tif,24909.05108562052,18294.22304931848,12380.811842698433,7.740299235081773
labels_mask_case_id_TCGA-CC-A8HT_3_3_cell_expansion_1_0_threshold_0_7_facet_size_3.0.csv.tif,22858.16949173496,6191.646082034466,2956.3580125774056,0.12286656974327911
labels_mask_case_id_TCGA-G3-A7M6_4_3_cell_expansion_1_0_threshold_0_6_facet_size_3.0.csv.tif,23156.877483475317,7688.714869386272,4167.468900622092,0.20251558953149007
labels_mask_case_id_TCGA-K7-AAU7_0_0_cell_expansion_3_0_threshold_0_7_facet_size_3.0.csv.tif,22494.590985110968,4277.224208477357,1193.380964797147,0.04260211736150705
labels_mask_case_id_TCGA-K7-AAU7_1_2_cell_expansion_1_0_threshold_0_4_facet_size_3.0.csv.tif,23268.778189134235,8279.959752296329,4804.658640020175,
labels_mask_case_id_TCGA-K7-AAU7_1_3_cell_expansion_1_0_threshold_0_8_facet_size_3.0.csv.tif,22308.64975574472,3407.211592483316,605.1277718884616,0.002345239501256981
labels_mask_case_id_TCGA-G3-A7M6_3_2_cell_expansion_11_0_threshold_0_7_facet_size_3.0.csv.tif,24392.119828368926,14276.913608590512,8030.205370009135,1.6102623932376507
labels_mask_case_id_TCGA-CC-A8HT_1_3_cell_expansion_3_0_threshold_0_7_facet_size_3.0.csv.tif,23570.13401770356,9950.227089239828,5465.992928275216,0.4707058854207411
labels_mask_case_id_TCGA-DD-AAED_4_0_cell_expansion_5_0_threshold_0_5_facet_size_3.0.csv.tif,24500.810391115683,15477.530302007417,9662.041145693256,2.2344653464068966
labels_mask_case_id_TCGA-G3-A7M6_0_3_cell_expansion_7_0_threshold_0_7_facet_size_3.0.csv.tif,24319.241535715737,13768.470977655437,7580.258085665027,1.5897122929380993
labels_mask_case_id_TCGA-BC-A69I_0_4_cell_expansion_7_0_threshold_0_8_facet_size_3.0.csv.tif,23549.446963622173,9311.909588623395,4242.8050351974125,0.5493676355605547
labels_mask_case_id_TCGA-G3-A7M6_2_3_cell_expansion_7_0_threshold_0_6_facet_size_3.0.csv.tif,24469.555389441157,14908.830286626546,8921.816436060752,1.8333266396240813
labels_mask_case_id_TCGA-CC-5261_3_4_cell_expansion_9_0_threshold_0_7_facet_size_3.0.csv.tif,24501.679708776268,14864.019748993263,8440.168649325915,2.6718121678071616
labels_mask_case_id_TCGA-DD-AAED_0_0_cell_expansion_1_0_threshold_0_5_facet_size_3.0.csv.tif,23617.341180321408,10261.91398505317,6300.104075154961,0.4039951557274313
labels_mask_case_id_TCGA-K7-AAU7_4_4_cell_expansion_15_0_threshold_0_4_facet_size_3.0.csv.tif,24392.341101443653,14561.627680171378,8850.522729085384,1.8437842481715414
labels_mask_case_id_TCGA-G3-A7M6_0_3_cell_expansion_5_0_threshold_0_6_facet_size_3.0.csv.tif,24321.38096390455,13961.532987544018,8037.005323980532,1.230111539954736
labels_mask_case_id_TCGA-DD-AAED_4_1_cell_expansion_7_0_threshold_0_8_facet_size_3.0.csv.tif,24182.298283526085,12906.836229922745,6850.617354291611,1.4631338518715853
labels_mask_case_id_TCGA-BC-A69I_0_1_cell_expansion_15_0_threshold_0_7_facet_size_3.0.csv.tif,24210.515159220395,13140.352322844676,7115.721524905321,1.4935140194756025
labels_mask_case_id_TCGA-G3-A5SK_1_3_cell_expansion_7_0_threshold_0_4_facet_size_3.0.csv.tif,24406.938621620844,14648.245701308972,8803.409257932275,1.7705438656386854
labels_mask_case_id_TCGA-BC-A69I_0_3_cell_expansion_15_0_threshold_0_8_facet_size_3.0.csv.tif,23465.131085927704,8624.389849157615,3567.5938671464546,0.5170654068156864
labels_mask_case_id_TCGA-G3-A7M6_2_2_cell_expansion_15_0_threshold_0_5_facet_size_3.0.csv.tif,24477.81800571817,15042.1485809901,9033.78157788585,2.0441352119679186
labels_mask_case_id_TCGA-YA-A8S7_0_3_cell_expansion_9_0_threshold_0_5_facet_size_3.0.csv.tif,24757.53549785079,16931.842638605438,10771.847073291927,4.566806122951223
labels_mask_case_id_TCGA-DD-AAED_4_1_cell_expansion_11_0_threshold_0_5_facet_size_3.0.csv.tif,24738.11571558054,16516.35471638765,9924.299670951028,7.1559018112143455
labels_mask_case_id_TCGA-CC-A3MA_0_4_cell_expansion_5_0_threshold_0_8_facet_size_3.0.csv.tif,22662.78483923394,5048.439451866751,1641.0827328191092,0.1015821607331361
labels_mask_case_id_TCGA-CC-A1HT_1_1_cell_expansion_3_0_threshold_0_8_facet_size_3.0.csv.tif,22351.602616247368,3627.4437052128364,801.3463071403344,0.013203970353044525
labels_mask_case_id_TCGA-CC-5261_3_0_cell_expansion_3_0_threshold_0_7_facet_size_3.0.csv.tif,23646.605835885624,10222.536911558951,5635.516232114615,0.5066870225341854
labels_mask_case_id_TCGA-CC-A8HT_4_1_cell_expansion_15_0_threshold_0_5_facet_size_3.0.csv.tif,24403.081494741793,14692.119952979141,9033.240841357336,1.6789007134222937
labels_mask_case_id_TCGA-BC-A69I_1_1_cell_expansion_11_0_threshold_0_5_facet_size_3.0.csv.tif,24376.962192536303,14105.204230711184,8008.864172221116,1.8175274704715816
labels_mask_case_id_TCGA-CC-5261_2_4_cell_expansion_5_0_threshold_0_8_facet_size_3.0.csv.tif,23879.524480489043,11283.518653750847,5866.943500980083,0.7834980897935209
labels_mask_case_id_TCGA-YA-A8S7_4_4_cell_expansion_9_0_threshold_0_5_facet_size_3.0.csv.tif,22576.098034293882,4471.8608546060295,1088.2945318793654,0.0903988218762729
labels_mask_case_id_TCGA-YA-A8S7_1_1_cell_expansion_9_0_threshold_0_7_facet_size_3.0.csv.tif,24445.40842121747,14590.534474860977,8383.042446316724,
labels_mask_case_id_TCGA-DD-AAED_2_4_cell_expansion_9_0_threshold_0_5_facet_size_3.0.csv.tif,24726.959211996167,16550.530861396244,10034.294988530928,5.727472252208194
labels_mask_case_id_TCGA-CC-A3MA_0_2_cell_expansion_5_0_threshold_0_6_facet_size_3.0.csv.tif,24817.311783120924,17525.178926060813,11452.222131737193,4.733914687799436
labels_mask_case_id_TCGA-CC-A1HT_1_3_cell_expansion_11_0_threshold_0_5_facet_size_3.0.csv.tif,24806.293481115776,17172.899379108057,10789.689564514105,11.560634489363006
labels_mask_case_id_TCGA-CC-A1HT_0_4_cell_expansion_3_0_threshold_0_8_facet_size_3.0.csv.tif,22439.814275706678,4045.373864568321,993.8830295878813,
labels_mask_case_id_TCGA-CC-A3MA_3_0_cell_expansion_5_0_threshold_0_5_facet_size_3.0.csv.tif,22957.468259798006,6584.3926124114405,2779.824766506556,0.19880852619547248
labels_mask_case_id_TCGA-YA-A8S7_4_3_cell_expansion_9_0_threshold_0_7_facet_size_3.0.csv.tif,22295.564725834272,3345.9127204795473,555.5313772235761,
labels_mask_case_id_TCGA-CC-5261_2_2_cell_expansion_5_0_threshold_0_6_facet_size_3.0.csv.tif,24621.17029930765,16052.473311901522,10038.135921371268,2.5982424590918574
labels_mask_case_id_TCGA-K7-AAU7_4_3_cell_expansion_13_0_threshold_0_7_facet_size_3.0.csv.tif,23867.423525379745,11312.395257767812,6121.361386101775,0.779755367835167
labels_mask_case_id_TCGA-CC-A1HT_3_0_cell_expansion_5_0_threshold_0_6_facet_size_3.0.csv.tif,24456.49281833013,15074.62638073911,9391.736634579913,1.5243601549972978
labels_mask_case_id_TCGA-K7-AAU7_2_3_cell_expansion_9_0_threshold_0_4_facet_size_3.0.csv.tif,24336.18506132224,14515.297251026072,9289.663356394783,1.3324020961102938
labels_mask_case_id_TCGA-CC-5261_1_0_cell_expansion_5_0_threshold_0_5_facet_size_3.0.csv.tif,24391.35968306359,14747.33760827532,9002.433566391595,1.72922957435689
labels_mask_case_id_TCGA-CC-5261_1_4_cell_expansion_13_0_threshold_0_7_facet_size_3.0.csv.tif,24426.925811499692,14657.136966274085,8516.949597195593,2.2169514292314405
labels_mask_case_id_TCGA-YA-A8S7_0_0_cell_expansion_11_0_threshold_0_7_facet_size_3.0.csv.tif,24220.256147356136,13047.469261501066,7075.6405778680855,1.2188918371450852
labels_mask_case_id_TCGA-BC-A69I_2_1_cell_expansion_1_0_threshold_0_8_facet_size_3.0.csv.tif,22794.13064897676,5892.892650283116,2602.1257146707885,0.11502373870521006
labels_mask_case_id_TCGA-K7-AAU7_0_2_cell_expansion_13_0_threshold_0_5_facet_size_3.0.csv.tif,23181.31180863353,7729.493151822176,3601.650119655048,0.29264667147650625
labels_mask_case_id_TCGA-G3-A5SK_0_2_cell_expansion_13_0_threshold_0_4_facet_size_3.0.csv.tif,24535.204873363786,15356.829538523993,9219.104108710024,1.954501284734318
labels_mask_case_id_TCGA-CC-A8HT_0_0_cell_expansion_11_0_threshold_0_5_facet_size_3.0.csv.tif,24853.278754700306,17806.278136869478,11857.059717756121,5.679646950491942
labels_mask_case_id_TCGA-BC-A69I_4_3_cell_expansion_15_0_threshold_0_4_facet_size_3.0.csv.tif,24277.979473316813,13594.548455794436,7649.181551961553,1.3461832454035774
labels_mask_case_id_TCGA-CC-A8HT_4_3_cell_expansion_5_0_threshold_0_4_facet_size_3.0.csv.tif,24355.934648814222,14419.811316115802,8879.58656520761,1.4498056773277186
labels_mask_case_id_TCGA-DD-AAED_1_0_cell_expansion_3_0_threshold_0_6_facet_size_3.0.csv.tif,23719.208535456582,10718.098003704636,6060.436547107314,0.5542965959173606
labels_mask_case_id_TCGA-G3-A7M6_3_4_cell_expansion_1_0_threshold_0_5_facet_size_3.0.csv.tif,23390.02051164636,9064.732254979705,5558.9471134956775,0.2850295883586487
labels_mask_case_id_TCGA-BC-A69I_2_0_cell_expansion_3_0_threshold_0_5_facet_size_3.0.csv.tif,23770.47828852413,10631.089664463421,5588.12944885449,0.5432425425434327
labels_mask_case_id_TCGA-CC-A1HT_4_1_cell_expansion_13_0_threshold_0_7_facet_size_3.0.csv.tif,24510.910538919423,15086.093805349568,8765.402779551938,3.4048314510342244
labels_mask_case_id_TCGA-CC-5261_0_2_cell_expansion_11_0_threshold_0_8_facet_size_3.0.csv.tif,23795.247357289547,10675.567224957678,5316.163697544605,0.7705372489299618
labels_mask_case_id_TCGA-G3-A7M6_4_1_cell_expansion_11_0_threshold_0_6_facet_size_3.0.csv.tif,24335.7965535988,13968.885448642126,7923.701879884564,1.5004253207627418
labels_mask_case_id_TCGA-DD-AAED_0_0_cell_expansion_11_0_threshold_0_7_facet_size_3.0.csv.tif,24607.932031908847,15630.412038639714,9225.676775567354,3.8334311730048207
labels_mask_case_id_TCGA-K7-AAU7_1_1_cell_expansion_15_0_threshold_0_7_facet_size_3.0.csv.tif,22849.956657911243,5877.4010749719155,2161.231482606572,
labels_mask_case_id_TCGA-DD-AAED_1_1_cell_expansion_7_0_threshold_0_8_facet_size_3.0.csv.tif,24292.260067758463,13273.08785812228,6985.041674286681,1.5828567764951291
labels_mask_case_id_TCGA-DD-AAED_4_2_cell_expansion_3_0_threshold_0_6_facet_size_3.0.csv.tif,24206.033844754205,13762.701919622292,8608.039297401121,1.0008443264279494
labels_mask_case_id_TCGA-G3-A7M6_0_0_cell_expansion_1_0_threshold_0_8_facet_size_3.0.csv.tif,22738.753193334083,5552.562806954383,2402.302766943009,0.09252886132163443
labels_mask_case_id_TCGA-CC-A1HT_1_1_cell_expansion_9_0_threshold_0_6_facet_size_3.0.csv.tif,24126.717896356182,12774.091679798139,7172.2339904491455,1.0742089560472396
labels_mask_case_id_TCGA-CC-5261_3_1_cell_expansion_11_0_threshold_0_5_facet_size_3.0.csv.tif,24846.668263349697,17619.46997627543,11377.407647125958,7.80199058937364
labels_mask_case_id_TCGA-G3-A5SK_1_1_cell_expansion_3_0_threshold_0_6_facet_size_3.0.csv.tif,23508.561604117134,9484.667894214555,5092.068244983653,
labels_mask_case_id_TCGA-G3-A5SK_4_3_cell_expansion_7_0_threshold_0_4_facet_size_3.0.csv.tif,24424.805901568023,14501.709770660978,8442.896321953362,1.9637467157120336
labels_mask_case_id_TCGA-K7-AAU7_3_1_cell_expansion_13_0_threshold_0_8_facet_size_3.0.csv.tif,22295.564725834272,3345.9127204795473,555.5313772235761,0.0
labels_mask_case_id_TCGA-CC-5261_2_2_cell_expansion_11_0_threshold_0_4_facet_size_3.0.csv.tif,24815.66675063419,17336.464125224353,11103.680997847956,7.730165907272791
labels_mask_case_id_TCGA-DD-AAED_1_1_cell_expansion_13_0_threshold_0_8_facet_size_3.0.csv.tif,24450.98416546408,14197.402136571103,7573.509696857104,2.675357067800117
labels_mask_case_id_TCGA-YA-A8S7_1_4_cell_expansion_15_0_threshold_0_4_facet_size_3.0.csv.tif,22541.057097545337,4444.869682409087,1262.0243117699538,0.06083931399542933
labels_mask_case_id_TCGA-CC-5261_0_4_cell_expansion_11_0_threshold_0_6_facet_size_3.0.csv.tif,24652.832994377422,16331.619969762698,10520.438424771266,2.650846931700829
labels_mask_case_id_TCGA-G3-A5SK_0_3_cell_expansion_3_0_threshold_0_4_facet_size_3.0.csv.tif,24363.2755206363,14974.559783335691,10332.153133091031,1.074431118618446
labels_mask_case_id_TCGA-CC-A3MA_3_4_cell_expansion_3_0_threshold_0_8_facet_size_3.0.csv.tif,23309.95687958243,8400.619196411255,4006.797814304258,0.34605259860597826
labels_mask_case_id_TCGA-G3-A5SK_0_0_cell_expansion_15_0_threshold_0_8_facet_size_3.0.csv.tif,23523.07684697232,9441.606929552489,4518.900995690704,0.501710055981202
labels_mask_case_id_TCGA-YA-A8S7_0_3_cell_expansion_13_0_threshold_0_7_facet_size_3.0.csv.tif,24487.95875991717,14905.825082666504,8720.67750468253,2.277766265908719
labels_mask_case_id_TCGA-BC-A69I_4_0_cell_expansion_15_0_threshold_0_5_facet_size_3.0.csv.tif,24503.04452644147,14807.499544909266,8317.304324565932,3.2370470675954603
labels_mask_case_id_TCGA-G3-A5SK_2_3_cell_expansion_1_0_threshold_0_4_facet_size_3.0.csv.tif,23279.954820432555,8471.031314123902,5001.0002424345175,0.25377577015930036
labels_mask_case_id_TCGA-DD-AAED_2_1_cell_expansion_13_0_threshold_0_4_facet_size_3.0.csv.tif,24802.695388448188,17165.393796030414,10702.457274859433,9.519070444075574
labels_mask_case_id_TCGA-G3-A5SK_1_0_cell_expansion_7_0_threshold_0_8_facet_size_3.0.csv.tif,23574.040034637757,9660.096231079258,4657.078975656624,0.5887273795129179
labels_mask_case_id_TCGA-G3-A5SK_4_3_cell_expansion_3_0_threshold_0_6_facet_size_3.0.csv.tif,23741.42827422784,10801.607945579692,6242.271937174107,
labels_mask_case_id_TCGA-G3-A7M6_1_0_cell_expansion_9_0_threshold_0_5_facet_size_3.0.csv.tif,24627.887014154527,16143.117067352425,10181.220683631855,2.5607958604383585
labels_mask_case_id_TCGA-CC-5261_3_2_cell_expansion_3_0_threshold_0_7_facet_size_3.0.csv.tif,23916.93797794838,11709.609307426,6651.489249327329,
labels_mask_case_id_TCGA-CC-5261_0_0_cell_expansion_13_0_threshold_0_6_facet_size_3.0.csv.tif,24714.663017214145,16620.13595910209,10337.704196043716,4.73352538071066
labels_mask_case_id_TCGA-CC-5261_2_1_cell_expansion_1_0_threshold_0_8_facet_size_3.0.csv.tif,22774.586978651783,5696.388396468814,2323.275623074346,0.11072199787899645
labels_mask_case_id_TCGA-CC-A1HT_3_4_cell_expansion_5_0_threshold_0_8_facet_size_3.0.csv.tif,22885.570322035586,6235.213274178282,2444.532875628957,0.17855810712117715
labels_mask_case_id_TCGA-BC-A69I_4_0_cell_expansion_11_0_threshold_0_7_facet_size_3.0.csv.tif,24102.309082301523,12301.852569739951,6321.197770576197,1.3811214053663818
labels_mask_case_id_TCGA-CC-A3MA_0_4_cell_expansion_13_0_threshold_0_7_facet_size_3.0.csv.tif,23603.518303070443,9783.609987923308,4765.541982361143,0.5688799260753578
labels_mask_case_id_TCGA-DD-AAED_2_0_cell_expansion_9_0_threshold_0_7_facet_size_3.0.csv.tif,24323.5169125948,13955.124242352436,7971.837963916105,2.120566237912323
labels_mask_case_id_TCGA-CC-A3MA_1_3_cell_expansion_5_0_threshold_0_4_facet_size_3.0.csv.tif,24913.4526968254,18351.5938056843,12541.273628311443,6.176400885689507
labels_mask_case_id_TCGA-G3-A7M6_2_4_cell_expansion_9_0_threshold_0_4_facet_size_3.0.csv.tif,24713.60432846648,16544.5317334188,10245.133565948132,3.234656782379357
labels_mask_case_id_TCGA-CC-A1HT_3_4_cell_expansion_1_0_threshold_0_6_facet_size_3.0.csv.tif,23679.76995665773,10604.378958429936,6684.99651697936,0.39142976619570286
labels_mask_case_id_TCGA-G3-A5SK_2_2_cell_expansion_1_0_threshold_0_4_facet_size_3.0.csv.tif,23408.011719268397,9112.9871985016,5468.089252140228,0.27629756689235674
labels_mask_case_id_TCGA-K7-AAU7_0_0_cell_expansion_15_0_threshold_0_5_facet_size_3.0.csv.tif,23323.7593054304,8307.530770448186,3887.5864813478715,0.3390478265193527
labels_mask_case_id_TCGA-CC-5261_1_2_cell_expansion_11_0_threshold_0_4_facet_size_3.0.csv.tif,24642.938274373453,16181.036878225117,10146.089879296242,3.5806702470025686
labels_mask_case_id_TCGA-K7-AAU7_0_1_cell_expansion_13_0_threshold_0_8_facet_size_3.0.csv.tif,22295.564725834272,3345.9127204795473,555.5313772235761,0.0
labels_mask_case_id_TCGA-CC-5261_1_3_cell_expansion_5_0_threshold_0_5_facet_size_3.0.csv.tif,24441.11817919444,15005.238221733554,9247.83855108096,1.855707229638556
labels_mask_case_id_TCGA-CC-5261_3_4_cell_expansion_11_0_threshold_0_6_facet_size_3.0.csv.tif,24679.509712179726,16050.184288924807,9499.049104104402,3.9993781232157004
labels_mask_case_id_TCGA-CC-A1HT_0_0_cell_expansion_7_0_threshold_0_8_facet_size_3.0.csv.tif,22295.564725834272,3345.9127204795473,555.5313772235761,0.0
labels_mask_case_id_TCGA-G3-A5SK_0_1_cell_expansion_11_0_threshold_0_8_facet_size_3.0.csv.tif,23699.395047974722,10108.106708540232,4862.989782841818,
labels_mask_case_id_TCGA-CC-A1HT_4_1_cell_expansion_1_0_threshold_0_5_facet_size_3.0.csv.tif,23800.78698467812,11299.442889309843,6925.409164536547,0.5449099216469125
labels_mask_case_id_TCGA-CC-A3MA_3_0_cell_expansion_11_0_threshold_0_7_facet_size_3.0.csv.tif,22400.07975385225,3879.2276965089477,953.5750767495728,0.02709085098188116
labels_mask_case_id_TCGA-DD-AAED_4_1_cell_expansion_9_0_threshold_0_8_facet_size_3.0.csv.tif,24277.42712823773,13402.960498230283,7144.667902186515,2.053304153758494
labels_mask_case_id_TCGA-CC-A8HT_1_1_cell_expansion_13_0_threshold_0_6_facet_size_3.0.csv.tif,24557.293418101544,15515.322145417827,9394.609252680317,2.4935630940421913
labels_mask_case_id_TCGA-CC-A3MA_1_2_cell_expansion_13_0_threshold_0_5_facet_size_3.0.csv.tif,24860.98739294956,17722.226729083734,11494.424043630064,11.008723433662567
labels_mask_case_id_TCGA-CC-A3MA_0_1_cell_expansion_3_0_threshold_0_5_facet_size_3.0.csv.tif,23027.146298738608,7177.086926117287,3403.2806126175515,0.22669326673528745
labels_mask_case_id_TCGA-CC-A1HT_4_1_cell_expansion_7_0_threshold_0_6_facet_size_3.0.csv.tif,24622.33216500775,16042.261726412351,9910.281716064825,
labels_mask_case_id_TCGA-CC-A8HT_0_2_cell_expansion_13_0_threshold_0_7_facet_size_3.0.csv.tif,24020.06384619687,11775.800665543296,5950.054206335994,1.103706190349638
labels_mask_case_id_TCGA-CC-5261_4_0_cell_expansion_7_0_threshold_0_8_facet_size_3.0.csv.tif,23611.118260869924,9749.896825040987,4518.253665034154,0.5539270379475862
labels_mask_case_id_TCGA-CC-A1HT_0_1_cell_expansion_3_0_threshold_0_6_facet_size_3.0.csv.tif,24269.2873971983,14068.806990760851,9138.44595420904,0.8951370088833669
labels_mask_case_id_TCGA-CC-A8HT_2_0_cell_expansion_15_0_threshold_0_7_facet_size_3.0.csv.tif,24184.81601861929,13010.956284724492,7079.351375616632,1.4241034540189437
labels_mask_case_id_TCGA-CC-5261_2_3_cell_expansion_13_0_threshold_0_7_facet_size_3.0.csv.tif,24621.82145680913,15666.979524030738,9064.528770859482,3.3113491663613046
labels_mask_case_id_TCGA-CC-A3MA_2_1_cell_expansion_3_0_threshold_0_4_facet_size_3.0.csv.tif,24665.46012520777,17033.375358297148,12099.377269409426,2.1689822543312056
labels_mask_case_id_TCGA-YA-A8S7_0_3_cell_expansion_15_0_threshold_0_8_facet_size_3.0.csv.tif,23145.948638576883,7406.0500705682925,3057.997611846629,0.31391403043472704
labels_mask_case_id_TCGA-CC-5261_2_1_cell_expansion_13_0_threshold_0_8_facet_size_3.0.csv.tif,23805.68233791659,10733.608460128931,5107.992138626325,0.8829681748754288
labels_mask_case_id_TCGA-BC-A69I_4_2_cell_expansion_13_0_threshold_0_5_facet_size_3.0.csv.tif,24353.641316314828,13869.705400392442,7552.600259037772,1.9823439129727822
labels_mask_case_id_TCGA-CC-A1HT_4_2_cell_expansion_9_0_threshold_0_6_facet_size_3.0.csv.tif,24689.97327209256,16357.758637822924,10113.530815959599,4.3246114392657296
labels_mask_case_id_TCGA-K7-AAU7_3_1_cell_expansion_1_0_threshold_0_5_facet_size_3.0.csv.tif,23163.549417029848,7772.932078518478,4436.062068994913,0.19905878261938953
labels_mask_case_id_TCGA-YA-A8S7_1_2_cell_expansion_15_0_threshold_0_6_facet_size_3.0.csv.tif,24745.612275321,16712.62014619272,10371.957666436056,5.742344125379291
labels_mask_case_id_TCGA-CC-5261_3_3_cell_expansion_15_0_threshold_0_4_facet_size_3.0.csv.tif,24923.294668154707,18495.50599355885,12737.74265337884,7.732562005195448
labels_mask_case_id_TCGA-G3-A5SK_1_4_cell_expansion_13_0_threshold_0_6_facet_size_3.0.csv.tif,24587.7520679382,15676.494899086587,9420.733321064045,
labels_mask_case_id_TCGA-G3-A7M6_0_0_cell_expansion_5_0_threshold_0_6_facet_size_3.0.csv.tif,24526.478802403682,15349.1099730007,9334.694166093741,1.6190894686610333
labels_mask_case_id_TCGA-DD-AAED_3_0_cell_expansion_15_0_threshold_0_5_facet_size_3.0.csv.tif,24755.64355478308,16796.279184715095,10370.070255298766,5.1748059199204555
labels_mask_case_id_TCGA-K7-AAU7_2_4_cell_expansion_7_0_threshold_0_6_facet_size_3.0.csv.tif,23377.872371262787,8650.892496930477,4066.094000287714,0.430331722325427
labels_mask_case_id_TCGA-YA-A8S7_1_1_cell_expansion_5_0_threshold_0_6_facet_size_3.0.csv.tif,24434.533687145024,14790.710169427675,8856.823067967996,1.7261054689241841
labels_mask_case_id_TCGA-K7-AAU7_0_2_cell_expansion_11_0_threshold_0_8_facet_size_3.0.csv.tif,22358.476509610708,3617.332895445333,698.2905384988707,0.013347434137022286
labels_mask_case_id_TCGA-DD-AAED_0_3_cell_expansion_3_0_threshold_0_4_facet_size_3.0.csv.tif,24238.826774914367,13780.974184398236,8484.357014116305,1.0146382498397044
labels_mask_case_id_TCGA-CC-A8HT_0_1_cell_expansion_15_0_threshold_0_5_facet_size_3.0.csv.tif,24762.631342929668,16898.349042558002,10663.080169527282,4.039953803414802
labels_mask_case_id_TCGA-G3-A7M6_1_4_cell_expansion_1_0_threshold_0_8_facet_size_3.0.csv.tif,22497.023089978502,4392.403587356584,1464.846341253415,
labels_mask_case_id_TCGA-BC-A69I_3_3_cell_expansion_3_0_threshold_0_7_facet_size_3.0.csv.tif,23617.71379017361,10047.089317857128,5334.999870328683,0.4698600898333509
labels_mask_case_id_TCGA-YA-A8S7_2_3_cell_expansion_13_0_threshold_0_7_facet_size_3.0.csv.tif,23443.350701712272,8686.46483039226,3715.6131089752794,0.4604477770941169
labels_mask_case_id_TCGA-G3-A5SK_1_1_cell_expansion_11_0_threshold_0_8_facet_size_3.0.csv.tif,23753.042800414718,10305.254307897005,4821.625319215491,0.679215355265812
labels_mask_case_id_TCGA-DD-AAED_0_4_cell_expansion_7_0_threshold_0_4_facet_size_3.0.csv.tif,24634.433699673173,15853.059850493384,9421.647831134283,3.350214810758278
labels_mask_case_id_TCGA-CC-5261_0_3_cell_expansion_15_0_threshold_0_8_facet_size_3.0.csv.tif,23816.17204141132,10942.899531730232,5578.783327455875,0.8498544852446237
labels_mask_case_id_TCGA-G3-A5SK_1_3_cell_expansion_9_0_threshold_0_4_facet_size_3.0.csv.tif,24429.181328927247,14761.184878436885,8865.695717149836,1.875579161775259
labels_mask_case_id_TCGA-CC-5261_0_2_cell_expansion_13_0_threshold_0_5_facet_size_3.0.csv.tif,24481.79384570959,15144.819044462563,9200.356179192466,2.3855612905546364
labels_mask_case_id_TCGA-CC-A8HT_0_3_cell_expansion_1_0_threshold_0_8_facet_size_3.0.csv.tif,22538.99910150533,4478.264175265954,1362.5530437850916,0.0514197403706248
labels_mask_case_id_TCGA-K7-AAU7_2_3_cell_expansion_7_0_threshold_0_4_facet_size_3.0.csv.tif,24313.729218716224,14381.222799963009,9196.64668161863,1.2765702760620194
labels_mask_case_id_TCGA-YA-A8S7_3_1_cell_expansion_13_0_threshold_0_8_facet_size_3.0.csv.tif,22955.77740318148,6305.940084416581,2336.1727091743105,0.218814439238866
labels_mask_case_id_TCGA-CC-A3MA_0_2_cell_expansion_13_0_threshold_0_5_facet_size_3.0.csv.tif,24914.846885548483,18319.022808207275,12328.091807328115,19.200419050689018
labels_mask_case_id_TCGA-CC-A3MA_0_3_cell_expansion_15_0_threshold_0_8_facet_size_3.0.csv.tif,24198.28426213217,12744.45215994893,6396.864132777408,2.1031464707945613
labels_mask_case_id_TCGA-YA-A8S7_2_3_cell_expansion_3_0_threshold_0_6_facet_size_3.0.csv.tif,23076.536779868493,7139.249971486534,3206.915452812124,0.20063014059268883
labels_mask_case_id_TCGA-BC-A69I_1_4_cell_expansion_3_0_threshold_0_4_facet_size_3.0.csv.tif,23667.08832425025,10546.337197563083,6001.9314760413345,0.4945438450708698
labels_mask_case_id_TCGA-G3-A7M6_0_0_cell_expansion_1_0_threshold_0_4_facet_size_3.0.csv.tif,23322.06523497472,8630.768758747974,5131.050942964831,0.2560970578462266
labels_mask_case_id_TCGA-BC-A69I_3_3_cell_expansion_5_0_threshold_0_4_facet_size_3.0.csv.tif,24397.747129452706,14238.199527888533,8058.079227531758,1.4438892018372476
labels_mask_case_id_TCGA-DD-AAED_3_1_cell_expansion_5_0_threshold_0_4_facet_size_3.0.csv.tif,24590.24549543102,15959.399516727652,10064.58644630881,2.519234661311164
labels_mask_case_id_TCGA-K7-AAU7_1_1_cell_expansion_7_0_threshold_0_7_facet_size_3.0.csv.tif,22850.03405995146,5878.163752988316,2161.7035874459602,0.14562735062127813
labels_mask_case_id_TCGA-K7-AAU7_3_1_cell_expansion_7_0_threshold_0_6_facet_size_3.0.csv.tif,23653.031792314552,10242.636634354289,5648.316124327367,
labels_mask_case_id_TCGA-YA-A8S7_2_4_cell_expansion_5_0_threshold_0_7_facet_size_3.0.csv.tif,22349.477050407342,3604.461480838486,726.3606968100278,0.013291404330423837
labels_mask_case_id_TCGA-CC-A3MA_0_2_cell_expansion_11_0_threshold_0_4_facet_size_3.0.csv.tif,24961.397887856547,18860.984605040827,13179.265276460694,21.541545932335485
labels_mask_case_id_TCGA-K7-AAU7_4_3_cell_expansion_1_0_threshold_0_4_facet_size_3.0.csv.tif,23614.4242046423,10323.939795125021,6607.648561597705,0.34796074649724884
labels_mask_case_id_TCGA-K7-AAU7_1_0_cell_expansion_13_0_threshold_0_6_facet_size_3.0.csv.tif,23031.529258450377,6979.798600009714,3145.270285055845,
labels_mask_case_id_TCGA-CC-A8HT_1_0_cell_expansion_7_0_threshold_0_5_facet_size_3.0.csv.tif,24698.76805852437,16578.131341382035,10516.336087933858,3.509635931500031
labels_mask_case_id_TCGA-DD-AAED_3_1_cell_expansion_7_0_threshold_0_5_facet_size_3.0.csv.tif,24615.05704212269,15998.827882850754,9849.38111920357,
labels_mask_case_id_TCGA-YA-A8S7_2_1_cell_expansion_15_0_threshold_0_6_facet_size_3.0.csv.tif,24457.745463009,14541.20433556979,8158.966982087348,
labels_mask_case_id_TCGA-CC-A8HT_1_1_cell_expansion_15_0_threshold_0_8_facet_size_3.0.csv.tif,23223.163158634838,7609.310906995895,3051.4296631138823,0.3460247934228774
labels_mask_case_id_TCGA-CC-5261_3_2_cell_expansion_5_0_threshold_0_5_facet_size_3.0.csv.tif,24535.967116798016,15538.40071687505,9623.126871930312,2.2735133396223954
labels_mask_case_id_TCGA-CC-A8HT_1_4_cell_expansion_15_0_threshold_0_7_facet_size_3.0.csv.tif,24521.365638201358,14816.346829568445,8230.277635536888,2.2891485989797244
labels_mask_case_id_TCGA-CC-A3MA_0_0_cell_expansion_13_0_threshold_0_7_facet_size_3.0.csv.tif,23801.54178753553,10971.633471299509,5532.512682668857,1.0328073119676628
labels_mask_case_id_TCGA-G3-A5SK_0_4_cell_expansion_5_0_threshold_0_4_facet_size_3.0.csv.tif,24056.46608289748,12483.785493720132,7005.478508771394,0.9423276036139765
labels_mask_case_id_TCGA-K7-AAU7_3_0_cell_expansion_15_0_threshold_0_4_facet_size_3.0.csv.tif,24463.11673719496,15092.100966951719,9433.953503086246,1.4765387386164326
labels_mask_case_id_TCGA-BC-A69I_4_4_cell_expansion_11_0_threshold_0_7_facet_size_3.0.csv.tif,24337.045578283647,13995.051383352757,7896.352487026143,1.948873194699878
labels_mask_case_id_TCGA-DD-AAED_2_1_cell_expansion_11_0_threshold_0_4_facet_size_3.0.csv.tif,24799.265255488845,17153.232848277137,10696.660661562662,9.453464557442983
labels_mask_case_id_TCGA-G3-A5SK_1_3_cell_expansion_15_0_threshold_0_8_facet_size_3.0.csv.tif,23533.50031795329,9393.790989262658,4446.8595298145565,0.5632595844758066
labels_mask_case_id_TCGA-G3-A5SK_4_4_cell_expansion_1_0_threshold_0_4_facet_size_3.0.csv.tif,23108.843404560932,7471.571712375743,4026.853913344069,
labels_mask_case_id_TCGA-CC-A1HT_4_2_cell_expansion_13_0_threshold_0_7_facet_size_3.0.csv.tif,24423.706045908188,14258.29902547511,7908.94038196528,2.5581220624740113
labels_mask_case_id_TCGA-CC-5261_0_1_cell_expansion_11_0_threshold_0_8_facet_size_3.0.csv.tif,24090.98135456808,12214.876409969373,6104.577669453374,1.3179526012202114
labels_mask_case_id_TCGA-CC-5261_0_0_cell_expansion_7_0_threshold_0_7_facet_size_3.0.csv.tif,24534.059547437428,15522.714707609988,9466.144655705892,2.8411203988355958
labels_mask_case_id_TCGA-CC-A3MA_0_0_cell_expansion_11_0_threshold_0_6_facet_size_3.0.csv.tif,23826.835661202025,11181.179101540225,5791.5790262938035,
labels_mask_case_id_TCGA-CC-A1HT_2_1_cell_expansion_7_0_threshold_0_8_facet_size_3.0.csv.tif,23023.58882307733,6631.906771993563,2460.6095027781507,
labels_mask_case_id_TCGA-BC-A69I_4_0_cell_expansion_15_0_threshold_0_4_facet_size_3.0.csv.tif,24533.08692743744,15076.448983657428,8634.228596591727,3.5746419982399007
labels_mask_case_id_TCGA-G3-A5SK_2_3_cell_expansion_1_0_threshold_0_5_facet_size_3.0.csv.tif,23248.67471429298,8318.81880601422,4875.406276793099,0.2448807405261488
labels_mask_case_id_TCGA-DD-AAED_1_4_cell_expansion_11_0_threshold_0_7_facet_size_3.0.csv.tif,24688.16348372592,16324.776947101554,9948.291620818232,3.996708734036474
labels_mask_case_id_TCGA-DD-AAED_3_2_cell_expansion_15_0_threshold_0_7_facet_size_3.0.csv.tif,24714.89168497039,16309.542509851535,9676.60007449752,7.1866348932718145
labels_mask_case_id_TCGA-DD-AAED_0_3_cell_expansion_11_0_threshold_0_7_facet_size_3.0.csv.tif,24579.36613449621,15436.054938107394,9062.048144531162,3.0592695486949544
labels_mask_case_id_TCGA-CC-5261_2_1_cell_expansion_3_0_threshold_0_8_facet_size_3.0.csv.tif,23083.4591943954,7162.9721835820765,3059.347252578291,0.23009911117823817
labels_mask_case_id_TCGA-G3-A5SK_2_4_cell_expansion_3_0_threshold_0_6_facet_size_3.0.csv.tif,24089.546119371556,12723.902873783538,7647.187496764904,0.7490291596418239
labels_mask_case_id_TCGA-CC-A1HT_4_2_cell_expansion_15_0_threshold_0_4_facet_size_3.0.csv.tif,24792.82463329158,17241.180074329466,11156.30722255648,
labels_mask_case_id_TCGA-YA-A8S7_0_1_cell_expansion_9_0_threshold_0_4_facet_size_3.0.csv.tif,24723.765517882017,16869.957564654287,10896.65001387292,3.87850410852546
labels_mask_case_id_TCGA-YA-A8S7_0_2_cell_expansion_13_0_threshold_0_8_facet_size_3.0.csv.tif,23385.8328635909,8513.860249039055,3751.6186588234004,0.5295146225837796
labels_mask_case_id_TCGA-BC-A69I_4_0_cell_expansion_13_0_threshold_0_7_facet_size_3.0.csv.tif,24142.822497244,12495.288203277854,6431.019155583286,1.491436251453612
labels_mask_case_id_TCGA-G3-A5SK_4_3_cell_expansion_3_0_threshold_0_7_facet_size_3.0.csv.tif,23563.096021364247,9756.484381086375,5356.154903116092,0.4195060932946074
labels_mask_case_id_TCGA-CC-5261_0_0_cell_expansion_1_0_threshold_0_4_facet_size_3.0.csv.tif,23752.483891724503,11211.279574003082,7145.751152587748,
labels_mask_case_id_TCGA-CC-5261_1_2_cell_expansion_3_0_threshold_0_7_facet_size_3.0.csv.tif,23865.758839373048,11470.898368084905,6516.771678807355,0.6175357563833784
labels_mask_case_id_TCGA-CC-A3MA_1_3_cell_expansion_15_0_threshold_0_5_facet_size_3.0.csv.tif,24872.05727711457,17929.5480091823,11917.139306937244,
labels_mask_case_id_TCGA-CC-A1HT_0_0_cell_expansion_1_0_threshold_0_6_facet_size_3.0.csv.tif,22891.509623351583,6359.2121012209245,3151.936311380534,0.12842797970735917
labels_mask_case_id_TCGA-CC-A8HT_2_1_cell_expansion_11_0_threshold_0_6_facet_size_3.0.csv.tif,24727.976987036167,16763.56698894611,10568.355753440932,3.575329157094714
labels_mask_case_id_TCGA-CC-5261_4_1_cell_expansion_5_0_threshold_0_8_facet_size_3.0.csv.tif,23324.490302691756,8286.388293553711,3734.138004050822,0.36935264182735494
labels_mask_case_id_TCGA-BC-A69I_1_2_cell_expansion_1_0_threshold_0_6_facet_size_3.0.csv.tif,23310.027911366287,8303.830098248578,4308.104594394486,0.24828644495625765
labels_mask_case_id_TCGA-CC-5261_1_4_cell_expansion_13_0_threshold_0_6_facet_size_3.0.csv.tif,24594.889200681515,15738.836274918782,9544.448505728142,2.9087661240719727
labels_mask_case_id_TCGA-G3-A7M6_4_1_cell_expansion_1_0_threshold_0_7_facet_size_3.0.csv.tif,22934.82895400036,6506.254774778727,3177.683730466076,0.14384735352446232
labels_mask_case_id_TCGA-CC-A8HT_0_4_cell_expansion_15_0_threshold_0_7_facet_size_3.0.csv.tif,24117.199580685672,12699.815545634294,6814.092982373642,
labels_mask_case_id_TCGA-G3-A5SK_2_0_cell_expansion_9_0_threshold_0_6_facet_size_3.0.csv.tif,24567.222520633066,15794.406099049216,9909.288471251191,2.481654214939295
labels_mask_case_id_TCGA-CC-A3MA_1_0_cell_expansion_13_0_threshold_0_7_facet_size_3.0.csv.tif,24663.089426261344,15821.124916465025,9122.88238760915,6.53936102663503
labels_mask_case_id_TCGA-CC-5261_0_2_cell_expansion_13_0_threshold_0_8_facet_size_3.0.csv.tif,23795.247357289547,10675.567224957678,5316.163697544605,0.7705372489299618
labels_mask_case_id_TCGA-DD-AAED_0_3_cell_expansion_1_0_threshold_0_8_facet_size_3.0.csv.tif,23042.93746480888,7111.876611049721,3545.8382305827813,0.18464521881503132
labels_mask_case_id_TCGA-BC-A69I_0_1_cell_expansion_1_0_threshold_0_8_facet_size_3.0.csv.tif,22757.04671723977,5610.36877798589,2338.2868521196538,0.10494110672690748
labels_mask_case_id_TCGA-DD-AAED_1_0_cell_expansion_3_0_threshold_0_7_facet_size_3.0.csv.tif,23520.39920488859,9615.675341720116,5194.255292504209,
labels_mask_case_id_TCGA-CC-5261_1_1_cell_expansion_11_0_threshold_0_8_facet_size_3.0.csv.tif,23213.128578507167,7832.851504798738,3464.146510743417,0.37442053833582334
labels_mask_case_id_TCGA-DD-AAED_0_4_cell_expansion_5_0_threshold_0_8_facet_size_3.0.csv.tif,24010.24666329897,11972.918022226588,6358.654086804953,0.9256245892264227
labels_mask_case_id_TCGA-YA-A8S7_2_2_cell_expansion_7_0_threshold_0_5_facet_size_3.0.csv.tif,24513.013380171866,14950.605579426938,8536.753407968441,2.150896508686495
labels_mask_case_id_TCGA-CC-A8HT_1_1_cell_expansion_1_0_threshold_0_7_facet_size_3.0.csv.tif,23054.603822785688,7197.610423575621,3776.888675038945,0.17773785718825905
labels_mask_case_id_TCGA-CC-A1HT_2_4_cell_expansion_9_0_threshold_0_6_facet_size_3.0.csv.tif,24772.01567183129,16739.65367892705,10092.106910476188,8.598705708158889
labels_mask_case_id_TCGA-DD-AAED_0_4_cell_expansion_11_0_threshold_0_7_facet_size_3.0.csv.tif,24590.94616950645,15343.204407261594,8610.279676702696,3.680855831555884
labels_mask_case_id_TCGA-DD-AAED_1_3_cell_expansion_11_0_threshold_0_7_facet_size_3.0.csv.tif,24621.29302657407,15702.744142929065,9229.157668712782,3.9503517464441353
labels_mask_case_id_TCGA-BC-A69I_3_4_cell_expansion_3_0_threshold_0_8_facet_size_3.0.csv.tif,23282.26914128912,8264.757827249914,4098.448064191138,0.28998564206719923
labels_mask_case_id_TCGA-CC-A1HT_3_1_cell_expansion_9_0_threshold_0_6_facet_size_3.0.csv.tif,23709.02390805618,10596.473460831003,5745.399868779384,0.630944970862079
labels_mask_case_id_TCGA-G3-A7M6_4_4_cell_expansion_11_0_threshold_0_8_facet_size_3.0.csv.tif,23648.081558205293,9814.12257217182,4646.753151462091,0.6036741033986732
labels_mask_case_id_TCGA-G3-A7M6_2_0_cell_expansion_1_0_threshold_0_8_facet_size_3.0.csv.tif,22849.514186832403,6154.341575905062,2924.9412906801863,0.12700088839444715
labels_mask_case_id_TCGA-G3-A7M6_4_1_cell_expansion_5_0_threshold_0_5_facet_size_3.0.csv.tif,24215.04152286612,13292.416991838621,7555.57100125602,1.0996755855829043
labels_mask_case_id_TCGA-G3-A5SK_4_0_cell_expansion_9_0_threshold_0_5_facet_size_3.0.csv.tif,24309.288835688614,13611.877405915027,7503.726412334354,1.4884638506041905
labels_mask_case_id_TCGA-DD-AAED_3_1_cell_expansion_7_0_threshold_0_8_facet_size_3.0.csv.tif,24024.165461489352,12197.17027676602,6441.464276534019,1.1891587488971938
labels_mask_case_id_TCGA-K7-AAU7_1_0_cell_expansion_5_0_threshold_0_7_facet_size_3.0.csv.tif,22421.297831503325,3914.2001350470837,933.8729330720714,0.029387859862257774
labels_mask_case_id_TCGA-K7-AAU7_0_2_cell_expansion_7_0_threshold_0_4_facet_size_3.0.csv.tif,23228.85975409381,7968.246189886582,3735.7894344175593,0.3051291049345066
labels_mask_case_id_TCGA-K7-AAU7_2_4_cell_expansion_1_0_threshold_0_8_facet_size_3.0.csv.tif,22468.279056087584,4131.622612187617,1114.493478133102,0.03509077603930724
labels_mask_case_id_TCGA-DD-AAED_3_1_cell_expansion_15_0_threshold_0_6_facet_size_3.0.csv.tif,24638.580487599284,16061.567430482983,9756.042228395454,4.06122476395609
labels_mask_case_id_TCGA-CC-A3MA_3_1_cell_expansion_9_0_threshold_0_5_facet_size_3.0.csv.tif,24846.897766414048,17947.159478709433,12307.319561279899,5.13432738549437
labels_mask_case_id_TCGA-YA-A8S7_3_0_cell_expansion_15_0_threshold_0_8_facet_size_3.0.csv.tif,23079.90213496471,7133.838336904101,2967.906367055174,0.3017853093818808
labels_mask_case_id_TCGA-CC-A8HT_2_4_cell_expansion_1_0_threshold_0_6_facet_size_3.0.csv.tif,23184.89673468291,7928.594710788128,4485.751583991377,0.22047626621483157
labels_mask_case_id_TCGA-G3-A5SK_2_4_cell_expansion_15_0_threshold_0_4_facet_size_3.0.csv.tif,24698.53161593026,16443.62463358818,10226.970745438328,2.8610835923888907
labels_mask_case_id_TCGA-CC-A1HT_1_1_cell_expansion_9_0_threshold_0_7_facet_size_3.0.csv.tif,23522.227960436332,9395.847518770215,4648.808144043542,0.4913907994002713
labels_mask_case_id_TCGA-K7-AAU7_0_3_cell_expansion_15_0_threshold_0_5_facet_size_3.0.csv.tif,24244.4980822407,13854.263325953838,8591.941067660864,1.1188645721778323
labels_mask_case_id_TCGA-DD-AAED_2_3_cell_expansion_15_0_threshold_0_5_facet_size_3.0.csv.tif,24558.85250592036,15342.601575555791,9077.043600543318,3.19082330212513
labels_mask_case_id_TCGA-G3-A7M6_1_3_cell_expansion_7_0_threshold_0_8_facet_size_3.0.csv.tif,24049.902193871883,12015.197793114787,6187.780506690563,1.042136229015561
labels_mask_case_id_TCGA-DD-AAED_3_0_cell_expansion_15_0_threshold_0_4_facet_size_3.0.csv.tif,24766.25023140884,16886.645700374203,10479.076752965162,5.39836397344995
labels_mask_case_id_TCGA-BC-A69I_2_0_cell_expansion_3_0_threshold_0_8_facet_size_3.0.csv.tif,23132.23082065771,7291.032221967629,3150.241844397008,0.22807219051642108
labels_mask_case_id_TCGA-K7-AAU7_0_3_cell_expansion_1_0_threshold_0_7_facet_size_3.0.csv.tif,22610.268384215284,4853.660012828465,1810.8965476974631,0.06344779764237692
labels_mask_case_id_TCGA-BC-A69I_1_3_cell_expansion_1_0_threshold_0_6_facet_size_3.0.csv.tif,23177.955376169637,7785.002455366109,4185.566098514681,0.2259546425724214
labels_mask_case_id_TCGA-G3-A5SK_0_2_cell_expansion_11_0_threshold_0_8_facet_size_3.0.csv.tif,23923.50870533143,11541.104940873583,5936.511529113501,0.9320313269417694
labels_mask_case_id_TCGA-CC-A8HT_2_2_cell_expansion_3_0_threshold_0_5_facet_size_3.0.csv.tif,24454.70823825001,15414.602133358918,10301.14274541966,1.1872945173272007
labels_mask_case_id_TCGA-YA-A8S7_1_1_cell_expansion_5_0_threshold_0_7_facet_size_3.0.csv.tif,24187.938443192706,13140.186961790847,7419.9640337758365,1.1928980464732108
labels_mask_case_id_TCGA-K7-AAU7_3_2_cell_expansion_13_0_threshold_0_4_facet_size_3.0.csv.tif,24366.170865450567,14683.233881228476,9341.281611937626,1.4043266086860204
labels_mask_case_id_TCGA-YA-A8S7_3_4_cell_expansion_15_0_threshold_0_5_facet_size_3.0.csv.tif,22366.370087630068,3634.2592333246916,704.2323279877243,0.0191804621513657
labels_mask_case_id_TCGA-DD-AAED_0_4_cell_expansion_7_0_threshold_0_5_facet_size_3.0.csv.tif,24590.98114224021,15463.090688339731,8953.962329592607,3.0624199807323507
labels_mask_case_id_TCGA-G3-A7M6_1_2_cell_expansion_5_0_threshold_0_5_facet_size_3.0.csv.tif,24890.60819273,18755.56190013072,14060.240773242187,3.5817847192565027
labels_mask_case_id_TCGA-BC-A69I_4_0_cell_expansion_5_0_threshold_0_8_facet_size_3.0.csv.tif,22874.338784277774,6260.3729336846045,2599.3853131625533,0.18472556782466085
labels_mask_case_id_TCGA-BC-A69I_2_1_cell_expansion_1_0_threshold_0_5_facet_size_3.0.csv.tif,23096.80426119544,7531.030735401867,4018.1872971666735,0.20276475584067866
labels_mask_case_id_TCGA-K7-AAU7_1_1_cell_expansion_1_0_threshold_0_5_facet_size_3.0.csv.tif,23324.08410652271,8572.517015042125,5113.431316472795,0.22738137160797217
labels_mask_case_id_TCGA-CC-5261_1_1_cell_expansion_15_0_threshold_0_6_facet_size_3.0.csv.tif,23836.47607159491,11449.236031751692,6354.245882268006,0.9011383197758801
labels_mask_case_id_TCGA-DD-AAED_1_1_cell_expansion_7_0_threshold_0_5_facet_size_3.0.csv.tif,24681.692712114826,16127.021244878226,9635.895110629834,
labels_mask_case_id_TCGA-BC-A69I_0_1_cell_expansion_5_0_threshold_0_6_facet_size_3.0.csv.tif,23973.48350268164,11959.259441084112,6531.889937444958,0.8830975372283315
labels_mask_case_id_TCGA-YA-A8S7_0_4_cell_expansion_5_0_threshold_0_7_facet_size_3.0.csv.tif,23977.57022098794,12034.031648019514,6653.954567000484,0.8203191893440459
labels_mask_case_id_TCGA-CC-A3MA_1_1_cell_expansion_9_0_threshold_0_8_facet_size_3.0.csv.tif,23784.65713911146,10640.35415008555,5118.3258461792,0.953911570068512
labels_mask_case_id_TCGA-K7-AAU7_1_1_cell_expansion_5_0_threshold_0_7_facet_size_3.0.csv.tif,22812.031483251976,5712.163507353977,2079.583159292514,0.1322670809940654
labels_mask_case_id_TCGA-DD-AAED_0_4_cell_expansion_3_0_threshold_0_7_facet_size_3.0.csv.tif,24044.52769305348,12324.050126992615,6958.5331178659335,0.7894923038482742
labels_mask_case_id_TCGA-BC-A69I_4_1_cell_expansion_1_0_threshold_0_6_facet_size_3.0.csv.tif,22848.97450075181,6074.546809792504,2665.989509947548,0.14134380912871466
labels_mask_case_id_TCGA-CC-A1HT_0_0_cell_expansion_5_0_threshold_0_8_facet_size_3.0.csv.tif,22295.564725834272,3345.9127204795473,555.5313772235761,
labels_mask_case_id_TCGA-CC-5261_4_1_cell_expansion_1_0_threshold_0_6_facet_size_3.0.csv.tif,23848.68130500317,11630.700155522689,7406.892115378321,0.499986037382581
labels_mask_case_id_TCGA-DD-AAED_2_0_cell_expansion_9_0_threshold_0_6_facet_size_3.0.csv.tif,24397.500539379194,14544.540337269695,8618.689468008055,
labels_mask_case_id_TCGA-CC-5261_3_0_cell_expansion_15_0_threshold_0_4_facet_size_3.0.csv.tif,24705.468522212534,16484.776885771847,10193.673374035494,3.6974512425634383
labels_mask_case_id_TCGA-CC-5261_3_2_cell_expansion_7_0_threshold_0_8_facet_size_3.0.csv.tif,24002.64612844338,11793.495334344549,5984.440634420616,1.020285951153812
labels_mask_case_id_TCGA-YA-A8S7_1_4_cell_expansion_9_0_threshold_0_8_facet_size_3.0.csv.tif,22355.17664978893,3590.901340595223,688.4980465378771,0.01426143726375543
labels_mask_case_id_TCGA-CC-5261_2_3_cell_expansion_15_0_threshold_0_5_facet_size_3.0.csv.tif,24789.83091685751,17060.734996348318,10611.748162618931,5.631485781552272
labels_mask_case_id_TCGA-CC-A3MA_2_1_cell_expansion_5_0_threshold_0_6_facet_size_3.0.csv.tif,24594.42230073756,15945.950325300908,10045.717040404452,
labels_mask_case_id_TCGA-CC-5261_1_3_cell_expansion_5_0_threshold_0_4_facet_size_3.0.csv.tif,24618.62409437933,16188.75274476651,10306.609862536225,
labels_mask_case_id_TCGA-G3-A7M6_4_3_cell_expansion_11_0_threshold_0_4_facet_size_3.0.csv.tif,24471.397977090684,15011.6540542051,8928.57221331324,2.0491842613598834
labels_mask_case_id_TCGA-CC-A1HT_3_3_cell_expansion_5_0_threshold_0_7_facet_size_3.0.csv.tif,24523.509202701392,15119.087503659795,8685.844179886892,2.7130167727409633
labels_mask_case_id_TCGA-G3-A5SK_2_2_cell_expansion_1_0_threshold_0_5_facet_size_3.0.csv.tif,23359.189131673244,8847.026802185519,5212.228529196397,0.25967662773550637
labels_mask_case_id_TCGA-G3-A5SK_0_2_cell_expansion_1_0_threshold_0_4_facet_size_3.0.csv.tif,23126.320327842357,7568.1719827036695,4133.979928953286,0.19554237305201394
labels_mask_case_id_TCGA-DD-AAED_0_2_cell_expansion_13_0_threshold_0_4_facet_size_3.0.csv.tif,24706.192837165912,16701.78516331612,10596.854299213415,
labels_mask_case_id_TCGA-CC-A3MA_0_1_cell_expansion_15_0_threshold_0_6_facet_size_3.0.csv.tif,23313.812258004917,8452.470929807401,3950.822431969509,0.492763481336842
labels_mask_case_id_TCGA-CC-A1HT_4_0_cell_expansion_1_0_threshold_0_8_facet_size_3.0.csv.tif,22535.32831552812,4558.158023812022,1534.6766481809545,0.05267746678067909
labels_mask_case_id_TCGA-CC-A8HT_3_4_cell_expansion_9_0_threshold_0_7_facet_size_3.0.csv.tif,23682.03343288463,10278.83137925535,5231.573310377649,0.6643739759064589
labels_mask_case_id_TCGA-K7-AAU7_1_3_cell_expansion_11_0_threshold_0_7_facet_size_3.0.csv.tif,22506.475532548262,4273.8928298218325,1136.653951890143,0.05146657786078747
labels_mask_case_id_TCGA-G3-A5SK_1_3_cell_expansion_11_0_threshold_0_6_facet_size_3.0.csv.tif,24332.142334670465,14184.514541993909,8376.690890875576,1.621934254185383
labels_mask_case_id_TCGA-G3-A5SK_3_0_cell_expansion_7_0_threshold_0_4_facet_size_3.0.csv.tif,24638.86008731926,16256.747648454275,10406.431016494322,2.764084424793526
labels_mask_case_id_TCGA-YA-A8S7_0_2_cell_expansion_11_0_threshold_0_5_facet_size_3.0.csv.tif,24705.61053735368,16370.078144192988,9982.848921333427,
labels_mask_case_id_TCGA-G3-A7M6_2_3_cell_expansion_9_0_threshold_0_7_facet_size_3.0.csv.tif,24184.22973661125,12980.839348631102,7085.331336392446,
labels_mask_case_id_TCGA-DD-AAED_2_0_cell_expansion_11_0_threshold_0_6_facet_size_3.0.csv.tif,24420.32153760208,14669.998094196711,8706.1488245404,2.5828411435214376
labels_mask_case_id_TCGA-K7-AAU7_1_3_cell_expansion_13_0_threshold_0_6_facet_size_3.0.csv.tif,22912.616589521465,6187.228367421732,2440.730122944551,0.1634609487536946
labels_mask_case_id_TCGA-DD-AAED_3_3_cell_expansion_13_0_threshold_0_6_facet_size_3.0.csv.tif,24796.706232814427,17199.62908691906,10862.395195286255,5.976775049767751
labels_mask_case_id_TCGA-CC-5261_4_1_cell_expansion_7_0_threshold_0_5_facet_size_3.0.csv.tif,24779.660061854825,17262.856097039148,11347.98592145556,5.4917026596953855
labels_mask_case_id_TCGA-YA-A8S7_1_1_cell_expansion_13_0_threshold_0_5_facet_size_3.0.csv.tif,24739.30047719536,16682.422684001802,10319.607906724992,4.836828008319098
labels_mask_case_id_TCGA-CC-5261_1_4_cell_expansion_7_0_threshold_0_7_facet_size_3.0.csv.tif,24340.1114941781,14173.452524224775,8160.9178168431545,1.8584136838770986
labels_mask_case_id_TCGA-CC-A3MA_4_0_cell_expansion_7_0_threshold_0_8_facet_size_3.0.csv.tif,23431.613096904654,8736.79879522524,3853.8552473382756,0.4400745795949257
labels_mask_case_id_TCGA-G3-A5SK_3_0_cell_expansion_5_0_threshold_0_5_facet_size_3.0.csv.tif,24512.623115354385,15512.232379275283,9920.508102931899,1.935807944365497
labels_mask_case_id_TCGA-CC-A8HT_0_2_cell_expansion_11_0_threshold_0_7_facet_size_3.0.csv.tif,24019.362316163155,11770.071035540808,5945.263720752775,1.0998526568766795
labels_mask_case_id_TCGA-CC-A8HT_4_1_cell_expansion_9_0_threshold_0_4_facet_size_3.0.csv.tif,24451.740424438016,15015.33053206241,9281.244082603573,1.8269237503063893
labels_mask_case_id_TCGA-G3-A5SK_0_4_cell_expansion_15_0_threshold_0_4_facet_size_3.0.csv.tif,24307.19367557769,13822.254008648191,7828.810420266616,1.5201370377678853
labels_mask_case_id_TCGA-CC-A3MA_0_1_cell_expansion_11_0_threshold_0_4_facet_size_3.0.csv.tif,23434.199576267973,9214.00753596919,4614.2281601623245,0.5867432559984582
labels_mask_case_id_TCGA-CC-5261_0_0_cell_expansion_9_0_threshold_0_7_facet_size_3.0.csv.tif,24572.07069341811,15702.625314461806,9537.859982226084,3.566246697620265
labels_mask_case_id_TCGA-G3-A5SK_0_4_cell_expansion_9_0_threshold_0_5_facet_size_3.0.csv.tif,24287.9147307874,13629.720262845545,7577.511457426655,1.4763159855047696
labels_mask_case_id_TCGA-YA-A8S7_4_1_cell_expansion_7_0_threshold_0_6_facet_size_3.0.csv.tif,24701.461520494267,16640.925873261913,10562.74970596332,3.277073761037684
labels_mask_case_id_TCGA-K7-AAU7_1_3_cell_expansion_7_0_threshold_0_6_facet_size_3.0.csv.tif,22895.491271811465,6120.5978861814965,2402.994813235358,0.15921679703446423
labels_mask_case_id_TCGA-DD-AAED_3_3_cell_expansion_5_0_threshold_0_5_facet_size_3.0.csv.tif,24783.4238856295,17169.90106673647,10961.358332826132,3.617375389630816
labels_mask_case_id_TCGA-YA-A8S7_3_3_cell_expansion_1_0_threshold_0_4_facet_size_3.0.csv.tif,22420.862210136787,3960.058638566922,1077.374799801355,0.02211216946517975
labels_mask_case_id_TCGA-YA-A8S7_4_3_cell_expansion_11_0_threshold_0_7_facet_size_3.0.csv.tif,22295.564725834272,3345.9127204795473,555.5313772235761,0.0
labels_mask_case_id_TCGA-CC-A8HT_4_3_cell_expansion_13_0_threshold_0_4_facet_size_3.0.csv.tif,24533.94715762016,15395.171323738257,9433.665919756568,2.371422166762559
labels_mask_case_id_TCGA-BC-A69I_3_0_cell_expansion_15_0_threshold_0_8_facet_size_3.0.csv.tif,23752.61877438549,10321.150835834796,4875.759272155285,0.7308786499164484
labels_mask_case_id_TCGA-YA-A8S7_1_3_cell_expansion_1_0_threshold_0_5_facet_size_3.0.csv.tif,23531.365783664754,9733.151851542492,5729.975320926407,0.3616217992783817
labels_mask_case_id_TCGA-DD-AAED_1_2_cell_expansion_5_0_threshold_0_8_facet_size_3.0.csv.tif,23885.18479289215,11183.865302840384,5601.30776896745,0.8163683807539365
labels_mask_case_id_TCGA-BC-A69I_1_0_cell_expansion_5_0_threshold_0_8_facet_size_3.0.csv.tif,23193.03772266944,7626.755767814502,3322.074675509661,0.3053728098687872
labels_mask_case_id_TCGA-CC-A3MA_2_0_cell_expansion_9_0_threshold_0_7_facet_size_3.0.csv.tif,24427.84112820123,14405.123722902445,8062.20021306405,2.565726397246049
labels_mask_case_id_TCGA-K7-AAU7_0_0_cell_expansion_7_0_threshold_0_8_facet_size_3.0.csv.tif,22295.564725834272,3345.9127204795473,555.5313772235761,0.0
labels_mask_case_id_TCGA-BC-A69I_0_4_cell_expansion_13_0_threshold_0_6_facet_size_3.0.csv.tif,24547.28017674192,15073.219657001891,8535.504731867493,2.4601524973041857
labels_mask_case_id_TCGA-YA-A8S7_1_4_cell_expansion_5_0_threshold_0_5_facet_size_3.0.csv.tif,22476.10958397805,4179.473500607105,1125.7083540509957,0.0418198834201664
labels_mask_case_id_TCGA-K7-AAU7_0_1_cell_expansion_7_0_threshold_0_4_facet_size_3.0.csv.tif,23354.578969136943,8705.448866794588,4465.662784266216,0.37299075574655083
labels_mask_case_id_TCGA-CC-A8HT_4_3_cell_expansion_11_0_threshold_0_5_facet_size_3.0.csv.tif,24424.294202876383,14542.910571309514,8587.82824044491,1.8945876695402926
labels_mask_case_id_TCGA-CC-A8HT_0_0_cell_expansion_5_0_threshold_0_7_facet_size_3.0.csv.tif,24280.310939130755,13928.1080179566,8359.254407315544,1.3150564601864356
labels_mask_case_id_TCGA-CC-A8HT_4_0_cell_expansion_5_0_threshold_0_5_facet_size_3.0.csv.tif,24334.87372416459,14122.569098259788,8312.699325585902,1.4209636190766444
labels_mask_case_id_TCGA-DD-AAED_0_1_cell_expansion_1_0_threshold_0_4_facet_size_3.0.csv.tif,23721.14066899941,10779.09866929605,6547.598139439182,0.4357116083059842
labels_mask_case_id_TCGA-DD-AAED_1_3_cell_expansion_3_0_threshold_0_7_facet_size_3.0.csv.tif,24081.2236542753,12607.826144306662,7324.750253634936,0.795997067180202
labels_mask_case_id_TCGA-K7-AAU7_2_1_cell_expansion_3_0_threshold_0_7_facet_size_3.0.csv.tif,22598.96986934333,4812.597461167143,1617.4201468544738,0.07982845074833206
labels_mask_case_id_TCGA-YA-A8S7_0_1_cell_expansion_5_0_threshold_0_5_facet_size_3.0.csv.tif,24586.22188374364,15925.089206564044,10030.478321108989,2.041856837405699
labels_mask_case_id_TCGA-G3-A7M6_3_3_cell_expansion_15_0_threshold_0_6_facet_size_3.0.csv.tif,24425.53056128268,14373.791820084014,8146.942763146719,1.7299258598193112
labels_mask_case_id_TCGA-G3-A5SK_4_1_cell_expansion_15_0_threshold_0_7_facet_size_3.0.csv.tif,24250.002635517958,13317.918683085449,7273.783223099591,1.458471413237145
labels_mask_case_id_TCGA-CC-A8HT_1_2_cell_expansion_1_0_threshold_0_7_facet_size_3.0.csv.tif,22891.131120139733,6434.6249991693885,3224.3731713915913,0.140071365510982
labels_mask_case_id_TCGA-K7-AAU7_0_1_cell_expansion_1_0_threshold_0_7_facet_size_3.0.csv.tif,22405.876821797232,3912.32491533974,1034.3032370118615,
labels_mask_case_id_TCGA-CC-A8HT_4_1_cell_expansion_7_0_threshold_0_8_facet_size_3.0.csv.tif,22736.344150933262,5413.956054277325,1863.2622448154614,0.142192626233075
labels_mask_case_id_TCGA-CC-A8HT_2_0_cell_expansion_3_0_threshold_0_5_facet_size_3.0.csv.tif,24327.324667787583,14408.317555408083,9251.153161388349,1.0309722722362262
labels_mask_case_id_TCGA-G3-A7M6_1_1_cell_expansion_13_0_threshold_0_6_facet_size_3.0.csv.tif,24450.06764386626,14918.375994266165,9044.768387400649,1.8481001297003745
labels_mask_case_id_TCGA-CC-A1HT_2_4_cell_expansion_15_0_threshold_0_6_facet_size_3.0.csv.tif,24768.4204069068,16706.095329494237,10051.088717281951,9.876968916788405
labels_mask_case_id_TCGA-YA-A8S7_3_3_cell_expansion_7_0_threshold_0_7_facet_size_3.0.csv.tif,22645.717528993657,5024.853358457916,1639.5680457119327,0.09016864722208968
labels_mask_case_id_TCGA-CC-A8HT_1_2_cell_expansion_3_0_threshold_0_6_facet_size_3.0.csv.tif,23781.123103645245,11218.66083168115,6769.836096110847,0.5748213320898596
labels_mask_case_id_TCGA-CC-A8HT_0_0_cell_expansion_1_0_threshold_0_5_facet_size_3.0.csv.tif,23793.145273106908,11295.566461208271,7279.333111043091,0.446034980395877
labels_mask_case_id_TCGA-YA-A8S7_2_1_cell_expansion_5_0_threshold_0_4_facet_size_3.0.csv.tif,24453.003010197,14772.002275369348,8703.292543619038,2.0117085666658676
labels_mask_case_id_TCGA-YA-A8S7_1_4_cell_expansion_1_0_threshold_0_7_facet_size_3.0.csv.tif,22324.399188636828,3474.6966524015465,658.1560146232878,0.00468137346345242
labels_mask_case_id_TCGA-CC-A3MA_4_0_cell_expansion_15_0_threshold_0_4_facet_size_3.0.csv.tif,24911.566762127924,18363.436687810325,12463.35724477412,8.547989964655924
labels_mask_case_id_TCGA-BC-A69I_3_2_cell_expansion_13_0_threshold_0_4_facet_size_3.0.csv.tif,24357.873786646327,13975.423056134387,7783.348520216574,2.0164661931605465
labels_mask_case_id_TCGA-G3-A7M6_1_3_cell_expansion_9_0_threshold_0_4_facet_size_3.0.csv.tif,24659.776552595453,16163.427917226285,9905.548684408779,2.622962237807129
labels_mask_case_id_TCGA-CC-A1HT_1_1_cell_expansion_3_0_threshold_0_5_facet_size_3.0.csv.tif,23855.996330829214,11516.237059072442,6924.30098765285,0.579589573322336
labels_mask_case_id_TCGA-CC-A1HT_4_4_cell_expansion_3_0_threshold_0_7_facet_size_3.0.csv.tif,23202.550574919533,7876.187676037421,3785.9751488741053,0.29982438918854226
labels_mask_case_id_TCGA-CC-5261_4_2_cell_expansion_5_0_threshold_0_8_facet_size_3.0.csv.tif,23895.059142158087,11304.80620065916,5868.8078868578295,0.7297093043288502
labels_mask_case_id_TCGA-CC-A1HT_3_1_cell_expansion_1_0_threshold_0_5_facet_size_3.0.csv.tif,23116.987890023105,7520.7447239744,4077.373290841296,0.20004883170933324
labels_mask_case_id_TCGA-CC-A3MA_4_3_cell_expansion_5_0_threshold_0_5_facet_size_3.0.csv.tif,24718.23200494986,16719.51992145845,10642.009750650725,3.206198541256488
labels_mask_case_id_TCGA-G3-A7M6_3_0_cell_expansion_13_0_threshold_0_4_facet_size_3.0.csv.tif,24672.060026517374,16215.805382502887,9833.18241134448,2.954923025611319
labels_mask_case_id_TCGA-YA-A8S7_4_0_cell_expansion_13_0_threshold_0_7_facet_size_3.0.csv.tif,24519.473847630732,15166.37476305444,8986.814922386338,2.446802739746901
labels_mask_case_id_TCGA-CC-A1HT_4_4_cell_expansion_1_0_threshold_0_6_facet_size_3.0.csv.tif,23100.21216734857,7438.929937908998,3768.533683489751,0.21637954336680024
labels_mask_case_id_TCGA-G3-A7M6_2_3_cell_expansion_13_0_threshold_0_5_facet_size_3.0.csv.tif,24540.329275528544,15454.238697862198,9513.964266589948,2.1126222641374155
labels_mask_case_id_TCGA-BC-A69I_2_1_cell_expansion_11_0_threshold_0_4_facet_size_3.0.csv.tif,24357.301528482796,14141.247706371734,8105.497852487767,1.9507708486201634
labels_mask_case_id_TCGA-CC-A1HT_0_2_cell_expansion_5_0_threshold_0_8_facet_size_3.0.csv.tif,22354.41768650095,3640.5283532026924,759.3349417572978,0.01611199047854231
labels_mask_case_id_TCGA-CC-A3MA_3_1_cell_expansion_7_0_threshold_0_5_facet_size_3.0.csv.tif,24840.01790784859,17892.83065650392,12256.3042291843,4.846341974704773
labels_mask_case_id_TCGA-CC-A1HT_3_0_cell_expansion_11_0_threshold_0_5_facet_size_3.0.csv.tif,24801.540305581766,17506.253824506704,11762.57994384291,3.4857196826596146
labels_mask_case_id_TCGA-CC-A8HT_3_1_cell_expansion_9_0_threshold_0_5_facet_size_3.0.csv.tif,24334.73540770185,13945.217575232342,7925.82673037139,1.4628906505358303
labels_mask_case_id_TCGA-CC-A1HT_0_0_cell_expansion_13_0_threshold_0_8_facet_size_3.0.csv.tif,22295.564725834272,3345.9127204795473,555.5313772235761,0.0
labels_mask_case_id_TCGA-CC-A8HT_1_0_cell_expansion_9_0_threshold_0_8_facet_size_3.0.csv.tif,22739.162706481056,5333.85918761413,1712.3058339912839,0.14648855470026442
labels_mask_case_id_TCGA-CC-A3MA_2_4_cell_expansion_3_0_threshold_0_7_facet_size_3.0.csv.tif,23990.438000944927,12059.170688443322,6791.991895939796,0.7757245552626628
labels_mask_case_id_TCGA-YA-A8S7_4_1_cell_expansion_11_0_threshold_0_8_facet_size_3.0.csv.tif,23199.674417676193,7517.449026547865,3043.738895783765,0.3213188795388618
labels_mask_case_id_TCGA-BC-A69I_3_3_cell_expansion_9_0_threshold_0_8_facet_size_3.0.csv.tif,23989.417278701967,11529.175630515563,5497.2446680749545,1.073515016879456
labels_mask_case_id_TCGA-K7-AAU7_3_0_cell_expansion_9_0_threshold_0_7_facet_size_3.0.csv.tif,23223.16563290989,7897.580909177913,3614.9059061355683,0.33842111211238873
labels_mask_case_id_TCGA-G3-A5SK_2_0_cell_expansion_3_0_threshold_0_4_facet_size_3.0.csv.tif,24049.129618525683,12866.174285114936,8255.794043314167,0.7620887588153098
labels_mask_case_id_TCGA-CC-A3MA_0_4_cell_expansion_1_0_threshold_0_7_facet_size_3.0.csv.tif,22714.47873178828,5384.995279721774,2244.1734946953397,0.08654393339339142
labels_mask_case_id_TCGA-G3-A5SK_0_1_cell_expansion_5_0_threshold_0_6_facet_size_3.0.csv.tif,24310.69941986551,14078.936850698265,8483.146712359194,1.1940719315870911
labels_mask_case_id_TCGA-K7-AAU7_4_3_cell_expansion_15_0_threshold_0_5_facet_size_3.0.csv.tif,24699.52658904248,16803.235430703517,11148.395447519026,2.522132840729669
labels_mask_case_id_TCGA-CC-A1HT_0_0_cell_expansion_15_0_threshold_0_7_facet_size_3.0.csv.tif,23064.328041273788,6987.448047944502,2898.2262723152558,0.2481685037342688
labels_mask_case_id_TCGA-CC-5261_4_2_cell_expansion_11_0_threshold_0_5_facet_size_3.0.csv.tif,24834.73697346155,17732.66823800973,11850.418932573233,4.660655220110657
labels_mask_case_id_TCGA-CC-A1HT_3_4_cell_expansion_11_0_threshold_0_8_facet_size_3.0.csv.tif,23122.08984501041,7344.803327167212,3057.1763726551317,0.3195345839260313
labels_mask_case_id_TCGA-G3-A5SK_1_3_cell_expansion_5_0_threshold_0_4_facet_size_3.0.csv.tif,24257.323259586174,13790.83078704498,8232.921934768809,
labels_mask_case_id_TCGA-CC-A1HT_4_2_cell_expansion_7_0_threshold_0_7_facet_size_3.0.csv.tif,24301.730266546845,13649.911447833312,7542.169774430931,1.6492237652836967
labels_mask_case_id_TCGA-CC-A8HT_0_4_cell_expansion_9_0_threshold_0_8_facet_size_3.0.csv.tif,22921.33579308934,6326.264286944362,2335.171975071817,0.23319878954319248
labels_mask_case_id_TCGA-CC-5261_4_4_cell_expansion_1_0_threshold_0_8_facet_size_3.0.csv.tif,23108.989182436602,7414.512101678065,3778.221895814474,0.20707216435352166
labels_mask_case_id_TCGA-G3-A5SK_0_1_cell_expansion_1_0_threshold_0_4_facet_size_3.0.csv.tif,23370.49596751915,8922.017222248143,5368.554443462051,0.2584013199803208
labels_mask_case_id_TCGA-CC-A3MA_4_2_cell_expansion_13_0_threshold_0_4_facet_size_3.0.csv.tif,24054.540092541563,12716.037154888294,7457.240424046754,1.062682233069982
labels_mask_case_id_TCGA-CC-A8HT_4_4_cell_expansion_13_0_threshold_0_8_facet_size_3.0.csv.tif,22857.97599829837,5868.171378034764,2031.393749129697,0.18366378971116765
labels_mask_case_id_TCGA-CC-A3MA_0_2_cell_expansion_5_0_threshold_0_7_facet_size_3.0.csv.tif,24551.5851287738,15523.972372081782,9395.304330335332,
labels_mask_case_id_TCGA-G3-A7M6_1_3_cell_expansion_15_0_threshold_0_6_facet_size_3.0.csv.tif,24562.012067851465,15524.36357572982,9355.121683801357,2.2518520759239493
labels_mask_case_id_TCGA-CC-5261_4_2_cell_expansion_15_0_threshold_0_7_facet_size_3.0.csv.tif,24723.651751493908,16630.7974618959,10320.349519573343,
labels_mask_case_id_TCGA-CC-A1HT_3_0_cell_expansion_7_0_threshold_0_6_facet_size_3.0.csv.tif,24557.3442695337,15680.83478695271,9815.289099118978,2.052001655871037
labels_mask_case_id_TCGA-YA-A8S7_4_1_cell_expansion_13_0_threshold_0_5_facet_size_3.0.csv.tif,24759.167143872808,17104.647945583718,11150.358609668112,3.8665913662718774
labels_mask_case_id_TCGA-CC-A3MA_1_0_cell_expansion_5_0_threshold_0_5_facet_size_3.0.csv.tif,24786.094914806126,17107.332752020673,10761.445859014972,5.491758700268763
labels_mask_case_id_TCGA-CC-A1HT_0_4_cell_expansion_1_0_threshold_0_8_facet_size_3.0.csv.tif,22374.668111933188,3738.1499092245226,837.4762641346548,0.014977029440506813
labels_mask_case_id_TCGA-BC-A69I_1_3_cell_expansion_9_0_threshold_0_5_facet_size_3.0.csv.tif,24541.17786079616,15122.422545921956,8657.86209305748,2.930981018605525
labels_mask_case_id_TCGA-DD-AAED_1_1_cell_expansion_9_0_threshold_0_5_facet_size_3.0.csv.tif,24709.924593618343,16274.03582394236,9720.458475425416,5.200845468388388
labels_mask_case_id_TCGA-CC-A1HT_4_2_cell_expansion_3_0_threshold_0_5_facet_size_3.0.csv.tif,24273.90110837288,13899.530376883633,8527.023712171474,1.1276480117542902
labels_mask_case_id_TCGA-BC-A69I_1_1_cell_expansion_15_0_threshold_0_6_facet_size_3.0.csv.tif,24244.174176492194,13257.176632915149,7223.094009064388,1.5121145937819018
labels_mask_case_id_TCGA-CC-A1HT_3_3_cell_expansion_9_0_threshold_0_6_facet_size_3.0.csv.tif,24692.68743451672,16246.686736328014,9642.279047934728,8.901568185109921
labels_mask_case_id_TCGA-G3-A7M6_2_2_cell_expansion_1_0_threshold_0_8_facet_size_3.0.csv.tif,22675.947294111407,5271.85066202434,2166.8817277389926,0.08335741594607161
labels_mask_case_id_TCGA-G3-A5SK_4_2_cell_expansion_9_0_threshold_0_5_facet_size_3.0.csv.tif,24395.288307127,14265.951968680934,8001.487988796836,
labels_mask_case_id_TCGA-CC-A1HT_3_2_cell_expansion_11_0_threshold_0_6_facet_size_3.0.csv.tif,24682.526835886463,15971.922165064369,9194.51162756588,8.674983596292977
labels_mask_case_id_TCGA-BC-A69I_3_4_cell_expansion_11_0_threshold_0_7_facet_size_3.0.csv.tif,24311.557877676663,13806.095209235411,7826.18407071168,1.8637402225488777
labels_mask_case_id_TCGA-G3-A5SK_4_0_cell_expansion_15_0_threshold_0_5_facet_size_3.0.csv.tif,24312.501274546466,13631.20830682918,7521.161649629776,1.4972675115592509
labels_mask_case_id_TCGA-CC-A1HT_0_1_cell_expansion_9_0_threshold_0_5_facet_size_3.0.csv.tif,24875.29617574625,18136.001331551022,12480.578026785137,3.880007172004986
labels_mask_case_id_TCGA-G3-A5SK_4_1_cell_expansion_13_0_threshold_0_8_facet_size_3.0.csv.tif,23636.715595668145,9772.765668760974,4569.382474995109,0.6275335479807727
labels_mask_case_id_TCGA-CC-A8HT_1_3_cell_expansion_7_0_threshold_0_4_facet_size_3.0.csv.tif,24666.75196797711,16428.951532500112,10426.659063724528,3.038234278032653
labels_mask_case_id_TCGA-CC-A1HT_2_0_cell_expansion_9_0_threshold_0_8_facet_size_3.0.csv.tif,22339.230536879662,3582.8544309236167,742.5090430710004,
labels_mask_case_id_TCGA-BC-A69I_2_2_cell_expansion_13_0_threshold_0_8_facet_size_3.0.csv.tif,23608.759812925968,9501.697451671851,4209.585077011468,0.6085479665371132
labels_mask_case_id_TCGA-CC-A8HT_2_1_cell_expansion_5_0_threshold_0_6_facet_size_3.0.csv.tif,24611.478131795368,16006.034170715424,9966.752844253637,2.1232263109755256
labels_mask_case_id_TCGA-G3-A7M6_2_3_cell_expansion_3_0_threshold_0_5_facet_size_3.0.csv.tif,23944.41023067592,12057.321252571928,7382.106714523498,0.6292068825659656
labels_mask_case_id_TCGA-K7-AAU7_2_0_cell_expansion_7_0_threshold_0_5_facet_size_3.0.csv.tif,22688.89351330369,5154.680103519679,1684.950807278865,0.10166944111370103
labels_mask_case_id_TCGA-CC-A8HT_1_4_cell_expansion_1_0_threshold_0_5_facet_size_3.0.csv.tif,23521.67961446277,9555.946158764136,5584.847780071021,0.32196229015497285
labels_mask_case_id_TCGA-DD-AAED_1_2_cell_expansion_7_0_threshold_0_5_facet_size_3.0.csv.tif,24646.684711237882,16080.67435839633,9759.631990540482,3.485347096856286
labels_mask_case_id_TCGA-BC-A69I_0_2_cell_expansion_5_0_threshold_0_6_facet_size_3.0.csv.tif,23463.41524688599,9270.49580356066,4692.769625282705,0.47341408053848866
labels_mask_case_id_TCGA-G3-A7M6_0_3_cell_expansion_13_0_threshold_0_5_facet_size_3.0.csv.tif,24560.829270751183,15387.137750770058,9038.190977478791,2.3023466733761846
labels_mask_case_id_TCGA-BC-A69I_4_2_cell_expansion_3_0_threshold_0_7_facet_size_3.0.csv.tif,23282.221749159948,8200.037952847239,3972.290775491592,
labels_mask_case_id_TCGA-G3-A7M6_0_3_cell_expansion_1_0_threshold_0_5_facet_size_3.0.csv.tif,23140.50444583557,7612.922062759571,4168.33900564708,0.19964884759517995
labels_mask_case_id_TCGA-CC-A8HT_4_1_cell_expansion_7_0_threshold_0_4_facet_size_3.0.csv.tif,24429.934601020384,14864.600000401562,9153.382795233729,1.7255518298674788
labels_mask_case_id_TCGA-BC-A69I_4_3_cell_expansion_5_0_threshold_0_8_facet_size_3.0.csv.tif,22798.31906875164,5759.2290740396265,2025.1432575981344,0.13965792121821996
labels_mask_case_id_TCGA-CC-A1HT_2_0_cell_expansion_13_0_threshold_0_8_facet_size_3.0.csv.tif,22339.230536879662,3582.8544309236167,742.5090430710004,0.013918438999134395
labels_mask_case_id_TCGA-CC-A1HT_1_0_cell_expansion_11_0_threshold_0_5_facet_size_3.0.csv.tif,24512.20499727021,15510.830962795231,9821.969560056084,1.9547747183734092
labels_mask_case_id_TCGA-CC-A8HT_3_3_cell_expansion_3_0_threshold_0_7_facet_size_3.0.csv.tif,23326.21941864063,8545.913386863838,4456.638481580248,0.29824099016020245
labels_mask_case_id_TCGA-CC-A8HT_2_1_cell_expansion_1_0_threshold_0_4_facet_size_3.0.csv.tif,23783.750087546192,11273.924749457889,7224.688015018061,0.44220272923138365
labels_mask_case_id_TCGA-YA-A8S7_0_0_cell_expansion_5_0_threshold_0_5_facet_size_3.0.csv.tif,24406.389929233042,14677.487150576282,8975.599397104163,1.5478805545824919
labels_mask_case_id_TCGA-G3-A5SK_4_0_cell_expansion_13_0_threshold_0_6_facet_size_3.0.csv.tif,24276.836295177367,13449.255932774162,7385.638634929276,1.428108317547787
labels_mask_case_id_TCGA-CC-A8HT_0_0_cell_expansion_3_0_threshold_0_8_facet_size_3.0.csv.tif,22724.094252919647,5382.7681960102445,1968.0412148419186,
labels_mask_case_id_TCGA-G3-A7M6_4_4_cell_expansion_7_0_threshold_0_6_facet_size_3.0.csv.tif,24321.779480699926,13693.453097061014,7496.993171768971,
labels_mask_case_id_TCGA-BC-A69I_0_4_cell_expansion_5_0_threshold_0_8_facet_size_3.0.csv.tif,23311.85034171524,8161.156214754566,3656.409778841501,0.3537895168327085
labels_mask_case_id_TCGA-YA-A8S7_2_0_cell_expansion_7_0_threshold_0_5_facet_size_3.0.csv.tif,24797.17471476868,17473.994454963096,11610.545551331994,4.921321843292881
labels_mask_case_id_TCGA-CC-A8HT_0_1_cell_expansion_3_0_threshold_0_4_facet_size_3.0.csv.tif,24432.04947478688,14951.172837104485,9579.261300083941,1.1721825413222149
labels_mask_case_id_TCGA-BC-A69I_2_3_cell_expansion_3_0_threshold_0_8_facet_size_3.0.csv.tif,23153.505303562783,7386.448157472698,3244.4641656061285,0.24390893451842702
labels_mask_case_id_TCGA-BC-A69I_2_2_cell_expansion_3_0_threshold_0_4_facet_size_3.0.csv.tif,23860.598277294746,11256.504771053224,6256.170455217887,0.624368811872277
labels_mask_case_id_TCGA-DD-AAED_2_4_cell_expansion_13_0_threshold_0_8_facet_size_3.0.csv.tif,24199.58257855325,12803.358693270036,6496.931762768787,1.6597422318215902
labels_mask_case_id_TCGA-YA-A8S7_0_3_cell_expansion_13_0_threshold_0_4_facet_size_3.0.csv.tif,24800.22606521008,17322.698219475213,11283.784663793545,5.112697674921362
labels_mask_case_id_TCGA-BC-A69I_4_4_cell_expansion_9_0_threshold_0_5_facet_size_3.0.csv.tif,24601.061411413568,15684.897207432727,9337.755098622514,3.14490045637939
labels_mask_case_id_TCGA-CC-A3MA_0_1_cell_expansion_7_0_threshold_0_8_facet_size_3.0.csv.tif,22651.162834634237,4948.054865836151,1476.5889474983933,0.10656620602312603
labels_mask_case_id_TCGA-YA-A8S7_4_0_cell_expansion_9_0_threshold_0_8_facet_size_3.0.csv.tif,23102.51862631665,7157.419823412239,2908.037734121759,0.2811468845469405
labels_mask_case_id_TCGA-YA-A8S7_1_4_cell_expansion_9_0_threshold_0_6_facet_size_3.0.csv.tif,22430.501223560517,3938.0238721903747,936.2940533064751,0.030826131576596857
labels_mask_case_id_TCGA-CC-5261_4_0_cell_expansion_1_0_threshold_0_4_facet_size_3.0.csv.tif,23813.01570817136,11434.506219637406,7390.931059480059,0.45018266836399634
labels_mask_case_id_TCGA-CC-A1HT_1_2_cell_expansion_7_0_threshold_0_5_facet_size_3.0.csv.tif,24454.00323257879,14828.266368789682,8987.444866810263,1.8092548386735254
labels_mask_case_id_TCGA-CC-A3MA_3_0_cell_expansion_11_0_threshold_0_8_facet_size_3.0.csv.tif,22295.564725834272,3345.9127204795473,555.5313772235761,0.0
labels_mask_case_id_TCGA-CC-5261_2_1_cell_expansion_7_0_threshold_0_8_facet_size_3.0.csv.tif,23630.44008331214,9849.084604398393,4539.744323177703,0.6460843164709633
labels_mask_case_id_TCGA-G3-A5SK_2_4_cell_expansion_7_0_threshold_0_6_facet_size_3.0.csv.tif,24634.129449020733,15976.863436447842,9705.199299068643,2.418933593879977
labels_mask_case_id_TCGA-CC-5261_0_0_cell_expansion_15_0_threshold_0_6_facet_size_3.0.csv.tif,24714.663017214145,16620.13595910209,10337.704196043716,4.73352538071066
labels_mask_case_id_TCGA-K7-AAU7_3_1_cell_expansion_15_0_threshold_0_8_facet_size_3.0.csv.tif,22295.564725834272,3345.9127204795473,555.5313772235761,0.0
labels_mask_case_id_TCGA-CC-A3MA_3_1_cell_expansion_11_0_threshold_0_6_facet_size_3.0.csv.tif,24756.44637554125,17081.427010837506,11136.097745813113,3.726355761988451
labels_mask_case_id_TCGA-CC-5261_3_4_cell_expansion_7_0_threshold_0_8_facet_size_3.0.csv.tif,23717.99703651165,10203.165844961552,4709.825274036275,0.6821169122443327
labels_mask_case_id_TCGA-CC-A8HT_0_2_cell_expansion_13_0_threshold_0_8_facet_size_3.0.csv.tif,22893.75995381425,6181.872383045098,2348.485539797691,0.19924813229129346
labels_mask_case_id_TCGA-CC-A8HT_1_0_cell_expansion_15_0_threshold_0_4_facet_size_3.0.csv.tif,24795.02679459213,17441.700514878736,11583.585904072588,4.617637757630238
labels_mask_case_id_TCGA-G3-A5SK_2_3_cell_expansion_13_0_threshold_0_5_facet_size_3.0.csv.tif,24487.556984437142,15233.811826104817,9414.756112266667,
labels_mask_case_id_TCGA-DD-AAED_4_1_cell_expansion_9_0_threshold_0_7_facet_size_3.0.csv.tif,24589.010219225267,15446.597569531434,8920.096087916283,4.365000095123946
labels_mask_case_id_TCGA-CC-A1HT_1_2_cell_expansion_3_0_threshold_0_7_facet_size_3.0.csv.tif,23368.34876401935,8624.88057956122,4353.239407606089,
labels_mask_case_id_TCGA-CC-A1HT_0_0_cell_expansion_1_0_threshold_0_4_facet_size_3.0.csv.tif,23296.988356891154,8519.633467646996,5031.126253483159,
labels_mask_case_id_TCGA-DD-AAED_0_3_cell_expansion_13_0_threshold_0_4_facet_size_3.0.csv.tif,24735.85242051275,16715.7791702678,10451.168057045152,4.752089463190262
labels_mask_case_id_TCGA-CC-5261_3_2_cell_expansion_3_0_threshold_0_4_facet_size_3.0.csv.tif,24343.96901985546,14468.125447960902,9154.26417568104,1.1701416974878716
labels_mask_case_id_TCGA-CC-A1HT_2_0_cell_expansion_1_0_threshold_0_5_facet_size_3.0.csv.tif,23008.612133742045,7043.0155548935945,3753.238558224668,0.1697122698298631
labels_mask_case_id_TCGA-BC-A69I_4_1_cell_expansion_15_0_threshold_0_8_facet_size_3.0.csv.tif,23160.241958695373,7259.661484306198,2802.39757205516,0.3772584169241392
labels_mask_case_id_TCGA-YA-A8S7_0_1_cell_expansion_9_0_threshold_0_6_facet_size_3.0.csv.tif,24590.491442320366,15705.018789669399,9492.255117058376,3.1667498659907567
labels_mask_case_id_TCGA-G3-A5SK_2_2_cell_expansion_7_0_threshold_0_8_facet_size_3.0.csv.tif,23827.927533283204,10858.834375308748,5324.9874918859205,
labels_mask_case_id_TCGA-YA-A8S7_0_3_cell_expansion_15_0_threshold_0_7_facet_size_3.0.csv.tif,24492.478723720928,14944.730731162035,8760.715776309897,2.3004737649209686
labels_mask_case_id_TCGA-BC-A69I_0_4_cell_expansion_9_0_threshold_0_7_facet_size_3.0.csv.tif,24314.522905214042,13604.653054427175,7352.011702005307,1.7047521551724139
labels_mask_case_id_TCGA-K7-AAU7_1_2_cell_expansion_15_0_threshold_0_5_facet_size_3.0.csv.tif,24199.57771761743,13475.221725729058,8176.565566656823,1.0961429181600402
labels_mask_case_id_TCGA-DD-AAED_3_4_cell_expansion_13_0_threshold_0_8_facet_size_3.0.csv.tif,23819.85195861892,10976.696349995871,5469.594444502736,0.8559652536597782
labels_mask_case_id_TCGA-CC-5261_0_4_cell_expansion_9_0_threshold_0_7_facet_size_3.0.csv.tif,24381.012130542596,14532.20977658949,8803.359687207761,
labels_mask_case_id_TCGA-G3-A7M6_0_1_cell_expansion_5_0_threshold_0_5_facet_size_3.0.csv.tif,24272.413076506265,13812.195261523297,8061.3100851331665,1.2878402310382504
labels_mask_case_id_TCGA-CC-5261_2_1_cell_expansion_13_0_threshold_0_7_facet_size_3.0.csv.tif,24343.764974152327,13987.266068094796,7829.516172412565,2.1603231482155967
labels_mask_case_id_TCGA-K7-AAU7_4_3_cell_expansion_7_0_threshold_0_8_facet_size_3.0.csv.tif,22718.530342957794,5333.159009020529,1850.2612101415525,0.13336024274700933
labels_mask_case_id_TCGA-CC-A8HT_0_4_cell_expansion_7_0_threshold_0_6_facet_size_3.0.csv.tif,24486.2247436158,15028.30550364994,8918.653767557997,2.137928108747933
labels_mask_case_id_TCGA-CC-5261_1_4_cell_expansion_11_0_threshold_0_5_facet_size_3.0.csv.tif,24692.9350177726,16385.747928999568,10114.280870513145,3.3949080693989346
labels_mask_case_id_TCGA-CC-A8HT_1_3_cell_expansion_13_0_threshold_0_6_facet_size_3.0.csv.tif,24509.25186767717,15226.122580644838,9109.241455552286,2.4487722178654034
labels_mask_case_id_TCGA-K7-AAU7_0_3_cell_expansion_3_0_threshold_0_8_facet_size_3.0.csv.tif,22295.564725834272,3345.9127204795473,555.5313772235761,0.0
labels_mask_case_id_TCGA-CC-A8HT_2_4_cell_expansion_7_0_threshold_0_7_facet_size_3.0.csv.tif,23999.094046129347,11673.423892748579,5935.842741206658,0.854153345442292
labels_mask_case_id_TCGA-BC-A69I_1_4_cell_expansion_5_0_threshold_0_8_facet_size_3.0.csv.tif,22998.821855673526,6710.124414622818,2710.797187645432,0.2293030059304519
labels_mask_case_id_TCGA-G3-A7M6_0_1_cell_expansion_7_0_threshold_0_4_facet_size_3.0.csv.tif,24530.18051867812,15366.234393066277,9236.007678022515,
labels_mask_case_id_TCGA-K7-AAU7_2_4_cell_expansion_5_0_threshold_0_8_facet_size_3.0.csv.tif,22674.04715773252,5015.641774072059,1524.4161265270527,0.10329512004758211
labels_mask_case_id_TCGA-CC-A3MA_1_1_cell_expansion_15_0_threshold_0_8_facet_size_3.0.csv.tif,23836.450260409747,10892.022045717973,5277.808528028056,1.053825655535079
labels_mask_case_id_TCGA-CC-5261_3_2_cell_expansion_11_0_threshold_0_7_facet_size_3.0.csv.tif,24518.07507760639,14943.800179931917,8421.069117658082,2.9265465821451477
labels_mask_case_id_TCGA-CC-A8HT_0_0_cell_expansion_13_0_threshold_0_7_facet_size_3.0.csv.tif,24510.18649494397,15225.128149752441,9172.679956226435,2.432390695438245
labels_mask_case_id_TCGA-BC-A69I_1_3_cell_expansion_1_0_threshold_0_8_facet_size_3.0.csv.tif,22652.82507410712,5083.9807054550565,1929.43163121841,0.07772673557920068
labels_mask_case_id_TCGA-CC-A3MA_0_3_cell_expansion_9_0_threshold_0_4_facet_size_3.0.csv.tif,24872.547822421093,17830.792715132367,11616.378564419841,17.465340699815837
labels_mask_case_id_TCGA-CC-A8HT_0_0_cell_expansion_15_0_threshold_0_4_facet_size_3.0.csv.tif,24873.705021639904,18044.61055141837,12220.88614972712,6.297583003390006
labels_mask_case_id_TCGA-CC-A8HT_3_1_cell_expansion_11_0_threshold_0_4_facet_size_3.0.csv.tif,24421.55176738375,14553.416908698391,8528.841506883771,1.677542617808985
labels_mask_case_id_TCGA-G3-A7M6_4_1_cell_expansion_7_0_threshold_0_6_facet_size_3.0.csv.tif,24335.287768395287,13959.790519736403,7918.733584099705,1.4827652952368384
labels_mask_case_id_TCGA-G3-A5SK_0_3_cell_expansion_11_0_threshold_0_8_facet_size_3.0.csv.tif,23476.828355504684,9198.981646087574,4446.173066989825,0.4946273674000884
labels_mask_case_id_TCGA-K7-AAU7_4_2_cell_expansion_3_0_threshold_0_6_facet_size_3.0.csv.tif,24005.31280438085,12540.299409812105,7863.527174329341,0.7199375261894785
labels_mask_case_id_TCGA-YA-A8S7_0_4_cell_expansion_11_0_threshold_0_5_facet_size_3.0.csv.tif,24639.92660558532,16239.659722008711,10261.388285626605,2.6289337234970995
labels_mask_case_id_TCGA-YA-A8S7_1_0_cell_expansion_3_0_threshold_0_6_facet_size_3.0.csv.tif,23715.097927659866,10524.749430442951,5647.013382346486,0.5283726662414461
labels_mask_case_id_TCGA-DD-AAED_4_2_cell_expansion_1_0_threshold_0_4_facet_size_3.0.csv.tif,23664.785330466148,10658.004282441509,6691.3707524779375,0.4267625007510095
labels_mask_case_id_TCGA-CC-5261_3_3_cell_expansion_13_0_threshold_0_8_facet_size_3.0.csv.tif,24128.593812368734,12442.05095452775,6393.531115049861,1.310973551273946
labels_mask_case_id_TCGA-BC-A69I_4_1_cell_expansion_1_0_threshold_0_8_facet_size_3.0.csv.tif,22517.65411365252,4406.147177436299,1343.2603189602314,0.0511625674797945
labels_mask_case_id_TCGA-DD-AAED_3_0_cell_expansion_7_0_threshold_0_6_facet_size_3.0.csv.tif,24671.493631284407,16166.814455498748,9712.186497039069,3.378075824335448
labels_mask_case_id_TCGA-YA-A8S7_4_2_cell_expansion_5_0_threshold_0_5_facet_size_3.0.csv.tif,23007.47413074123,6776.134241021322,2852.076334185307,0.2150656329550112
labels_mask_case_id_TCGA-BC-A69I_3_2_cell_expansion_7_0_threshold_0_6_facet_size_3.0.csv.tif,23876.621973939215,11178.59576224261,5681.814364608161,0.8701669801568583
labels_mask_case_id_TCGA-G3-A7M6_3_4_cell_expansion_7_0_threshold_0_5_facet_size_3.0.csv.tif,24703.091627300142,16641.043357423554,10603.99664436929,
labels_mask_case_id_TCGA-CC-A3MA_2_4_cell_expansion_13_0_threshold_0_8_facet_size_3.0.csv.tif,23842.521534242213,10839.412467015414,5200.833742876338,0.9682953067212484
labels_mask_case_id_TCGA-YA-A8S7_2_2_cell_expansion_11_0_threshold_0_7_facet_size_3.0.csv.tif,24188.55211918829,12622.404843597642,6368.49838491718,1.4824528479963828
labels_mask_case_id_TCGA-G3-A5SK_2_0_cell_expansion_11_0_threshold_0_5_facet_size_3.0.csv.tif,24584.064115156518,15931.549907384957,10089.222674709232,
labels_mask_case_id_TCGA-G3-A5SK_0_2_cell_expansion_15_0_threshold_0_4_facet_size_3.0.csv.tif,24535.204873363786,15356.829538523993,9219.104108710024,
labels_mask_case_id_TCGA-YA-A8S7_0_4_cell_expansion_13_0_threshold_0_4_facet_size_3.0.csv.tif,24683.908084052047,16664.35847927641,10810.643273266332,2.9187565398767905
labels_mask_case_id_TCGA-CC-A1HT_3_0_cell_expansion_9_0_threshold_0_8_facet_size_3.0.csv.tif,22780.391916293644,5516.29535202946,1761.4881318740909,0.15247488032105783
labels_mask_case_id_TCGA-K7-AAU7_1_4_cell_expansion_11_0_threshold_0_5_facet_size_3.0.csv.tif,23589.84339987647,10200.419290816171,5804.1232051167835,0.498875264585043
labels_mask_case_id_TCGA-CC-A8HT_1_2_cell_expansion_15_0_threshold_0_7_facet_size_3.0.csv.tif,23935.53328130858,11806.070945495494,6473.862516727661,0.9051545486328683
labels_mask_case_id_TCGA-G3-A7M6_1_2_cell_expansion_5_0_threshold_0_7_facet_size_3.0.csv.tif,24377.547310485013,14591.451243482848,9119.799119703372,1.2748210838361564
labels_mask_case_id_TCGA-G3-A7M6_4_4_cell_expansion_15_0_threshold_0_4_facet_size_3.0.csv.tif,24422.24903561498,14446.456161355078,8264.47049799675,1.7537337053647515
labels_mask_case_id_TCGA-CC-A8HT_3_0_cell_expansion_11_0_threshold_0_6_facet_size_3.0.csv.tif,24535.30612310984,15363.556882706602,9178.180669457375,2.6517505224292517
labels_mask_case_id_TCGA-CC-A1HT_4_4_cell_expansion_13_0_threshold_0_7_facet_size_3.0.csv.tif,23846.35193581501,11095.117539007186,5624.255353697472,1.0115519074493908
labels_mask_case_id_TCGA-K7-AAU7_1_4_cell_expansion_13_0_threshold_0_4_facet_size_3.0.csv.tif,23793.198234640717,11238.09318826073,6632.776359741668,0.6193283260371035
labels_mask_case_id_TCGA-BC-A69I_1_4_cell_expansion_7_0_threshold_0_5_facet_size_3.0.csv.tif,24237.12144722687,13604.158353206914,7842.3643716227625,
labels_mask_case_id_TCGA-DD-AAED_4_3_cell_expansion_7_0_threshold_0_7_facet_size_3.0.csv.tif,24428.821353639083,14483.445147165774,8276.854570905245,2.0901243581086173
labels_mask_case_id_TCGA-DD-AAED_2_4_cell_expansion_7_0_threshold_0_6_facet_size_3.0.csv.tif,24674.36675795302,16113.605498180012,9556.806442135454,4.035307351848173
labels_mask_case_id_TCGA-YA-A8S7_1_1_cell_expansion_7_0_threshold_0_4_facet_size_3.0.csv.tif,24703.185958701368,16450.0956145995,10144.479368723925,3.7416748768472905
labels_mask_case_id_TCGA-CC-5261_1_1_cell_expansion_11_0_threshold_0_6_facet_size_3.0.csv.tif,23836.47607159491,11449.236031751692,6354.245882268006,0.9011383197758801
labels_mask_case_id_TCGA-BC-A69I_4_0_cell_expansion_1_0_threshold_0_8_facet_size_3.0.csv.tif,22557.248785717933,4718.834666311661,1691.6100620604846,0.062033801440428506
labels_mask_case_id_TCGA-BC-A69I_1_3_cell_expansion_5_0_threshold_0_6_facet_size_3.0.csv.tif,24186.152533507622,12973.034295753552,7122.387214873723,1.1564730208066838
labels_mask_case_id_TCGA-G3-A5SK_0_2_cell_expansion_15_0_threshold_0_8_facet_size_3.0.csv.tif,23923.50870533143,11541.104940873583,5936.511529113501,0.9320313269417694
labels_mask_case_id_TCGA-DD-AAED_2_3_cell_expansion_13_0_threshold_0_4_facet_size_3.0.csv.tif,24602.27100751696,15619.148515386667,9305.317081484927,3.4604540718376997
labels_mask_case_id_TCGA-CC-A8HT_3_0_cell_expansion_5_0_threshold_0_6_facet_size_3.0.csv.tif,24327.46139709177,14121.915255107275,8327.668543985246,1.5063230106929593
labels_mask_case_id_TCGA-YA-A8S7_3_4_cell_expansion_11_0_threshold_0_5_facet_size_3.0.csv.tif,22366.370087630068,3634.2592333246916,704.2323279877243,0.0191804621513657
labels_mask_case_id_TCGA-CC-5261_2_0_cell_expansion_13_0_threshold_0_5_facet_size_3.0.csv.tif,24749.469364294084,16899.361828088764,10737.62904591174,6.447732555264329
labels_mask_case_id_TCGA-CC-A1HT_3_0_cell_expansion_9_0_threshold_0_4_facet_size_3.0.csv.tif,24887.124655170497,18277.884892965918,12716.939187197351,4.400948037490574
labels_mask_case_id_TCGA-YA-A8S7_0_2_cell_expansion_3_0_threshold_0_8_facet_size_3.0.csv.tif,22847.309044166534,6011.155639032062,2365.3264962011635,0.14743874916872152
labels_mask_case_id_TCGA-K7-AAU7_1_0_cell_expansion_11_0_threshold_0_4_facet_size_3.0.csv.tif,23673.91326635981,10522.34047744054,5956.295706641323,0.5336263158108839
labels_mask_case_id_TCGA-CC-5261_3_0_cell_expansion_9_0_threshold_0_6_facet_size_3.0.csv.tif,24585.091609426032,15620.629000577808,9415.700102083549,2.7887197566105266
labels_mask_case_id_TCGA-G3-A7M6_3_4_cell_expansion_5_0_threshold_0_8_facet_size_3.0.csv.tif,23660.50170275203,10242.623128858551,5282.183933085937,0.5993482180494009
labels_mask_case_id_TCGA-YA-A8S7_2_3_cell_expansion_15_0_threshold_0_7_facet_size_3.0.csv.tif,23443.350701712272,8686.46483039226,3715.6131089752794,0.4604477770941169
labels_mask_case_id_TCGA-G3-A7M6_4_0_cell_expansion_7_0_threshold_0_6_facet_size_3.0.csv.tif,24648.396087449964,16804.893506656903,11527.108673914729,2.674191353825221
labels_mask_case_id_TCGA-DD-AAED_0_3_cell_expansion_5_0_threshold_0_4_facet_size_3.0.csv.tif,24569.035451758453,15730.304443865049,9770.237357116188,2.2200522115696155
labels_mask_case_id_TCGA-K7-AAU7_2_3_cell_expansion_7_0_threshold_0_7_facet_size_3.0.csv.tif,23226.99535521367,7691.9050110732605,3306.280627098516,0.2966217248513267
labels_mask_case_id_TCGA-BC-A69I_1_3_cell_expansion_7_0_threshold_0_7_facet_size_3.0.csv.tif,24119.256316961826,12519.244240491875,6536.930097423039,1.3452192599975084
labels_mask_case_id_TCGA-K7-AAU7_3_3_cell_expansion_13_0_threshold_0_8_facet_size_3.0.csv.tif,22295.564725834272,3345.9127204795473,555.5313772235761,0.0
labels_mask_case_id_TCGA-YA-A8S7_3_4_cell_expansion_13_0_threshold_0_4_facet_size_3.0.csv.tif,22366.370087630068,3634.2592333246916,704.2323279877243,0.0191804621513657
labels_mask_case_id_TCGA-YA-A8S7_4_4_cell_expansion_3_0_threshold_0_4_facet_size_3.0.csv.tif,22526.006570431226,4336.811201117274,1132.271012478941,0.05988048081311281
labels_mask_case_id_TCGA-YA-A8S7_1_1_cell_expansion_3_0_threshold_0_6_facet_size_3.0.csv.tif,24107.581855431978,12976.031696086953,7831.047439827616,0.8452662972897129
labels_mask_case_id_TCGA-CC-A3MA_4_0_cell_expansion_3_0_threshold_0_8_facet_size_3.0.csv.tif,22935.8708140496,6423.444362928551,2678.271262607657,0.16336341484446928
labels_mask_case_id_TCGA-G3-A5SK_3_0_cell_expansion_1_0_threshold_0_5_facet_size_3.0.csv.tif,23438.7512267588,9323.583867416372,5768.785667393445,0.3067496744716246
labels_mask_case_id_TCGA-CC-A3MA_0_1_cell_expansion_15_0_threshold_0_4_facet_size_3.0.csv.tif,23443.286274452257,9240.454911394309,4623.794107650387,0.6022577884468561
labels_mask_case_id_TCGA-G3-A5SK_0_4_cell_expansion_11_0_threshold_0_4_facet_size_3.0.csv.tif,24307.19367557769,13822.254008648191,7828.810420266616,1.5201370377678853
labels_mask_case_id_TCGA-CC-A3MA_1_2_cell_expansion_15_0_threshold_0_5_facet_size_3.0.csv.tif,24860.98739294956,17722.226729083734,11494.424043630064,
labels_mask_case_id_TCGA-CC-5261_0_4_cell_expansion_13_0_threshold_0_8_facet_size_3.0.csv.tif,23242.958990237043,8074.30016117477,3652.439134213064,0.3735048981458062
labels_mask_case_id_TCGA-CC-A1HT_2_1_cell_expansion_7_0_threshold_0_6_facet_size_3.0.csv.tif,24527.080351460518,15146.354994469619,8796.098677358594,3.123264612347845
labels_mask_case_id_TCGA-G3-A5SK_3_0_cell_expansion_3_0_threshold_0_4_facet_size_3.0.csv.tif,24205.71164893333,13768.038282952764,8956.704787576084,0.922341298481302
labels_mask_case_id_TCGA-CC-A3MA_3_3_cell_expansion_7_0_threshold_0_7_facet_size_3.0.csv.tif,24540.329617661202,15078.118405514952,8587.393073142704,3.0541502380614816
labels_mask_case_id_TCGA-DD-AAED_0_2_cell_expansion_11_0_threshold_0_7_facet_size_3.0.csv.tif,24470.49394378928,14951.347426781711,8767.684199472056,
labels_mask_case_id_TCGA-CC-A1HT_4_3_cell_expansion_15_0_threshold_0_4_facet_size_3.0.csv.tif,24866.525971299434,17924.47826654445,11964.737156711111,
labels_mask_case_id_TCGA-YA-A8S7_1_1_cell_expansion_15_0_threshold_0_4_facet_size_3.0.csv.tif,24751.771589026226,16821.05762289166,10525.137418082817,4.946633156845941
labels_mask_case_id_TCGA-G3-A5SK_2_2_cell_expansion_11_0_threshold_0_6_facet_size_3.0.csv.tif,24546.5655933598,15475.54263025453,9390.129064637344,2.181305912480399
labels_mask_case_id_TCGA-CC-A1HT_0_1_cell_expansion_5_0_threshold_0_6_facet_size_3.0.csv.tif,24636.986109882168,16306.084922126058,10549.264638770992,
labels_mask_case_id_TCGA-CC-5261_3_4_cell_expansion_13_0_threshold_0_4_facet_size_3.0.csv.tif,24782.472072584813,17019.094620237367,10725.441561121934,5.517117824058714
labels_mask_case_id_TCGA-CC-A3MA_3_2_cell_expansion_1_0_threshold_0_8_facet_size_3.0.csv.tif,22549.973932597593,4588.8251193841215,1505.0054107362548,0.05268727763293095
labels_mask_case_id_TCGA-DD-AAED_2_1_cell_expansion_15_0_threshold_0_8_facet_size_3.0.csv.tif,24596.57002154448,15537.097414366604,8929.087796786247,4.517709958763996
labels_mask_case_id_TCGA-K7-AAU7_0_4_cell_expansion_15_0_threshold_0_7_facet_size_3.0.csv.tif,22751.753124064693,5388.370669079724,1866.087207743758,0.11369979048174399
labels_mask_case_id_TCGA-CC-A3MA_1_4_cell_expansion_7_0_threshold_0_4_facet_size_3.0.csv.tif,24879.610469220646,17931.695533467035,11805.54845820068,12.836774122322808
labels_mask_case_id_TCGA-G3-A5SK_1_2_cell_expansion_15_0_threshold_0_8_facet_size_3.0.csv.tif,23756.224095524834,10338.526330048731,4939.700728108662,
labels_mask_case_id_TCGA-G3-A5SK_1_0_cell_expansion_7_0_threshold_0_7_facet_size_3.0.csv.tif,24322.180823631024,14056.210187528064,8158.146704900686,1.6383172804797612
labels_mask_case_id_TCGA-G3-A5SK_0_2_cell_expansion_5_0_threshold_0_4_facet_size_3.0.csv.tif,24261.894231664264,13726.056068565651,8060.15667958768,1.1331434687725748
labels_mask_case_id_TCGA-CC-A3MA_3_4_cell_expansion_5_0_threshold_0_4_facet_size_3.0.csv.tif,24666.16705023621,16601.352291188596,10818.845837148108,3.417299107142857
labels_mask_case_id_TCGA-CC-A3MA_1_2_cell_expansion_3_0_threshold_0_8_facet_size_3.0.csv.tif,23206.94505088869,7752.847622487723,3525.5020998393343,0.2935462093062806
labels_mask_case_id_TCGA-CC-A3MA_2_3_cell_expansion_15_0_threshold_0_7_facet_size_3.0.csv.tif,24585.852665183458,15572.575665795395,9248.491258158458,4.080866195393276
labels_mask_case_id_TCGA-CC-A3MA_1_3_cell_expansion_3_0_threshold_0_4_facet_size_3.0.csv.tif,24803.62395043082,17630.688401225878,12061.032477779492,2.622639240130793
labels_mask_case_id_TCGA-CC-5261_2_3_cell_expansion_11_0_threshold_0_5_facet_size_3.0.csv.tif,24789.80448035951,17061.382933953682,10612.40982965192,5.629014367208958
labels_mask_case_id_TCGA-CC-5261_0_1_cell_expansion_3_0_threshold_0_7_facet_size_3.0.csv.tif,23835.33578646382,11328.63342497866,6388.806121801507,0.6693487698558634
labels_mask_case_id_TCGA-DD-AAED_1_1_cell_expansion_15_0_threshold_0_4_facet_size_3.0.csv.tif,24764.091619476127,16677.981372056092,10098.734357807796,7.445119919741556
labels_mask_case_id_TCGA-CC-A3MA_4_1_cell_expansion_5_0_threshold_0_7_facet_size_3.0.csv.tif,24383.90735061125,14329.986589224658,8255.261265825518,1.6976743351784158
labels_mask_case_id_TCGA-G3-A7M6_4_3_cell_expansion_15_0_threshold_0_4_facet_size_3.0.csv.tif,24471.397977090684,15011.6540542051,8928.57221331324,
labels_mask_case_id_TCGA-G3-A5SK_3_1_cell_expansion_15_0_threshold_0_5_facet_size_3.0.csv.tif,24376.076443012633,14061.598924398342,7848.260764532281,1.621212262046401
labels_mask_case_id_TCGA-K7-AAU7_4_4_cell_expansion_13_0_threshold_0_8_facet_size_3.0.csv.tif,22994.73048771381,6541.484654264523,2413.435945730004,0.26990155819317097
labels_mask_case_id_TCGA-BC-A69I_0_0_cell_expansion_15_0_threshold_0_6_facet_size_3.0.csv.tif,24203.181090428818,13115.586850150341,7197.099750246951,1.4099694887769907
labels_mask_case_id_TCGA-DD-AAED_4_0_cell_expansion_1_0_threshold_0_8_facet_size_3.0.csv.tif,23090.44417801757,7329.16947820362,3661.686149848433,0.2076094246896808
labels_mask_case_id_TCGA-BC-A69I_0_4_cell_expansion_13_0_threshold_0_4_facet_size_3.0.csv.tif,24626.727988933213,15743.025818947259,9265.54784275002,2.9897721653126106
labels_mask_case_id_TCGA-G3-A7M6_2_4_cell_expansion_15_0_threshold_0_4_facet_size_3.0.csv.tif,24713.60432846648,16544.5317334188,10245.133565948132,3.234656782379357
labels_mask_case_id_TCGA-K7-AAU7_2_1_cell_expansion_5_0_threshold_0_6_facet_size_3.0.csv.tif,23360.82009614495,8876.439810316886,4666.601745984898,0.4082388236619802
labels_mask_case_id_TCGA-CC-A1HT_3_2_cell_expansion_9_0_threshold_0_4_facet_size_3.0.csv.tif,24711.44149814631,16254.74352439796,9543.564479601171,8.913707792093653
labels_mask_case_id_TCGA-G3-A7M6_3_3_cell_expansion_11_0_threshold_0_6_facet_size_3.0.csv.tif,24425.53056128268,14373.791820084014,8146.942763146719,1.7299258598193112
labels_mask_case_id_TCGA-G3-A7M6_0_2_cell_expansion_1_0_threshold_0_7_facet_size_3.0.csv.tif,23073.29494506045,7274.769626010617,3838.2920145579383,0.17932728647014362
labels_mask_case_id_TCGA-G3-A7M6_0_2_cell_expansion_15_0_threshold_0_6_facet_size_3.0.csv.tif,24629.001436533043,15847.86375621321,9392.822062967487,2.478001994485833
labels_mask_case_id_TCGA-CC-A8HT_1_2_cell_expansion_5_0_threshold_0_7_facet_size_3.0.csv.tif,23699.61271367265,10610.633450263796,5751.122249909278,0.6234238927851313
labels_mask_case_id_TCGA-CC-A8HT_0_0_cell_expansion_7_0_threshold_0_4_facet_size_3.0.csv.tif,24874.07186020043,18058.544034942268,12246.061903574358,5.6994034096814525
labels_mask_case_id_TCGA-G3-A5SK_4_1_cell_expansion_11_0_threshold_0_7_facet_size_3.0.csv.tif,24250.002635517958,13317.918683085449,7273.783223099591,1.458471413237145
labels_mask_case_id_TCGA-CC-A3MA_4_1_cell_expansion_15_0_threshold_0_8_facet_size_3.0.csv.tif,23939.72944865561,11215.884430376893,5413.423223523211,1.1539365620697621
labels_mask_case_id_TCGA-CC-A3MA_0_0_cell_expansion_9_0_threshold_0_4_facet_size_3.0.csv.tif,23908.800454997785,11798.056415477493,6514.335509858382,1.1931627475946283
labels_mask_case_id_TCGA-BC-A69I_3_4_cell_expansion_13_0_threshold_0_8_facet_size_3.0.csv.tif,23939.88408310433,11434.351668614754,5790.633345366538,0.9947187768570489
labels_mask_case_id_TCGA-DD-AAED_0_0_cell_expansion_5_0_threshold_0_8_facet_size_3.0.csv.tif,23828.866756379648,11070.610606464104,5698.784313238791,0.7703702076100672
labels_mask_case_id_TCGA-CC-A8HT_4_0_cell_expansion_1_0_threshold_0_5_facet_size_3.0.csv.tif,23345.93263814249,8692.243368033873,4869.7723937120845,0.28404637812480615
labels_mask_case_id_TCGA-BC-A69I_0_3_cell_expansion_5_0_threshold_0_4_facet_size_3.0.csv.tif,24177.374492605053,12975.335541319986,7160.020821573665,1.1807400585582846
labels_mask_case_id_TCGA-G3-A7M6_3_0_cell_expansion_1_0_threshold_0_4_facet_size_3.0.csv.tif,23268.482791507115,8291.223030620802,4735.248893568543,0.2409105955431887
labels_mask_case_id_TCGA-BC-A69I_2_4_cell_expansion_3_0_threshold_0_4_facet_size_3.0.csv.tif,23692.813030312733,10468.107615402632,5826.297885930307,0.5382999353587589
labels_mask_case_id_TCGA-K7-AAU7_1_4_cell_expansion_3_0_threshold_0_4_facet_size_3.0.csv.tif,23415.939902297134,9271.616567675806,5444.397960751876,0.3367883502136489
labels_mask_case_id_TCGA-YA-A8S7_4_1_cell_expansion_1_0_threshold_0_7_facet_size_3.0.csv.tif,23316.152721646118,8436.89596438589,4648.438177593726,
labels_mask_case_id_TCGA-DD-AAED_3_3_cell_expansion_3_0_threshold_0_4_facet_size_3.0.csv.tif,24636.509088848707,16352.77851032042,10710.622819608232,1.6803301042247174
labels_mask_case_id_TCGA-G3-A7M6_0_3_cell_expansion_15_0_threshold_0_8_facet_size_3.0.csv.tif,24076.943343236075,12226.934883348877,6210.511451243034,1.1642528379703707
labels_mask_case_id_TCGA-BC-A69I_2_2_cell_expansion_15_0_threshold_0_5_facet_size_3.0.csv.tif,24518.875255827064,15007.254799443712,8543.128921578706,2.412184021743569
labels_mask_case_id_TCGA-CC-5261_4_0_cell_expansion_13_0_threshold_0_5_facet_size_3.0.csv.tif,24856.793916798968,17886.700514524044,11937.327129322704,4.87975825154021
labels_mask_case_id_TCGA-CC-5261_4_1_cell_expansion_15_0_threshold_0_8_facet_size_3.0.csv.tif,23641.126941011367,9810.19304282428,4544.712268844655,
labels_mask_case_id_TCGA-BC-A69I_0_0_cell_expansion_13_0_threshold_0_5_facet_size_3.0.csv.tif,24279.294279190763,13566.18289849712,7578.657985188917,1.6197392331929727
labels_mask_case_id_TCGA-G3-A7M6_1_0_cell_expansion_7_0_threshold_0_6_facet_size_3.0.csv.tif,24554.45224961328,15580.030003116806,9600.447168903822,2.1553575229964257
labels_mask_case_id_TCGA-YA-A8S7_1_3_cell_expansion_7_0_threshold_0_4_facet_size_3.0.csv.tif,24689.795015081283,16513.415909889707,10415.410093476372,3.3922896638232842
labels_mask_case_id_TCGA-DD-AAED_0_1_cell_expansion_1_0_threshold_0_6_facet_size_3.0.csv.tif,23600.70854276592,10090.626500483871,5942.9410266840405,
labels_mask_case_id_TCGA-CC-5261_1_1_cell_expansion_3_0_threshold_0_5_facet_size_3.0.csv.tif,23530.62999392984,9857.816806294399,5544.377168095304,0.4313492668547178
labels_mask_case_id_TCGA-CC-A3MA_3_1_cell_expansion_1_0_threshold_0_4_facet_size_3.0.csv.tif,24047.888548259565,13088.707742905424,9218.385041594996,0.6142662263836793
labels_mask_case_id_TCGA-CC-A3MA_2_3_cell_expansion_3_0_threshold_0_7_facet_size_3.0.csv.tif,24152.94218251596,13074.529701361851,7733.811296253057,0.9413414710651898
labels_mask_case_id_TCGA-DD-AAED_4_4_cell_expansion_11_0_threshold_0_5_facet_size_3.0.csv.tif,24875.995516905707,17890.781393080233,11691.56086195206,
labels_mask_case_id_TCGA-CC-A3MA_4_3_cell_expansion_7_0_threshold_0_6_facet_size_3.0.csv.tif,24686.719054056357,16325.745521257511,9996.767874494455,4.242836426509753
labels_mask_case_id_TCGA-G3-A7M6_0_1_cell_expansion_9_0_threshold_0_4_facet_size_3.0.csv.tif,24533.594571145826,15388.631266518465,9260.939665816037,2.237400654377099
labels_mask_case_id_TCGA-CC-A1HT_1_2_cell_expansion_13_0_threshold_0_5_facet_size_3.0.csv.tif,24497.060520064915,15097.60591723453,9186.831781666178,2.0335464612033323
labels_mask_case_id_TCGA-CC-A3MA_1_0_cell_expansion_3_0_threshold_0_8_facet_size_3.0.csv.tif,23469.019274717026,9009.988082837515,4255.590735491278,0.4174202984872074
labels_mask_case_id_TCGA-CC-5261_1_0_cell_expansion_1_0_threshold_0_8_facet_size_3.0.csv.tif,22700.762498115047,5319.217547091299,2098.453301417205,0.08918985336028624
labels_mask_case_id_TCGA-CC-A3MA_0_4_cell_expansion_7_0_threshold_0_6_facet_size_3.0.csv.tif,24216.31561694749,13548.59673408673,7935.1609041669335,1.251551001155256
labels_mask_case_id_TCGA-G3-A7M6_1_3_cell_expansion_9_0_threshold_0_6_facet_size_3.0.csv.tif,24562.012067851465,15524.36357572982,9355.121683801357,2.2518520759239493
labels_mask_case_id_TCGA-CC-5261_0_4_cell_expansion_7_0_threshold_0_7_facet_size_3.0.csv.tif,24366.247565649537,14452.701282839742,8745.662461507483,1.5813292592905772
labels_mask_case_id_TCGA-CC-A1HT_4_4_cell_expansion_3_0_threshold_0_5_facet_size_3.0.csv.tif,23894.19410934883,11786.431551501602,6891.157746522898,0.6689722378397867
labels_mask_case_id_TCGA-CC-A1HT_2_4_cell_expansion_7_0_threshold_0_4_facet_size_3.0.csv.tif,24794.26858777105,17074.70542365966,10663.05448186737,8.173540713632205
labels_mask_case_id_TCGA-CC-A8HT_4_0_cell_expansion_13_0_threshold_0_7_facet_size_3.0.csv.tif,24281.927138911535,13474.280674249705,7413.823236442436,1.6529144965762648
labels_mask_case_id_TCGA-CC-A8HT_2_3_cell_expansion_9_0_threshold_0_5_facet_size_3.0.csv.tif,24565.541029922788,15846.790112603137,10079.537569008984,2.4020538959178444
labels_mask_case_id_TCGA-CC-A3MA_4_3_cell_expansion_3_0_threshold_0_4_facet_size_3.0.csv.tif,24604.78896172396,16334.072955729538,10974.01257241332,1.895950039793587
labels_mask_case_id_TCGA-CC-A1HT_2_3_cell_expansion_5_0_threshold_0_7_facet_size_3.0.csv.tif,23048.435887137963,6931.1687765610595,2867.6672992228605,0.2468003806715249
labels_mask_case_id_TCGA-BC-A69I_0_0_cell_expansion_9_0_threshold_0_5_facet_size_3.0.csv.tif,24230.858737022223,13295.929598748653,7382.9527264155395,1.4953842754963962
labels_mask_case_id_TCGA-BC-A69I_3_2_cell_expansion_15_0_threshold_0_5_facet_size_3.0.csv.tif,24328.977494743744,13790.909045124228,7591.127829957017,2.0016884475064463
labels_mask_case_id_TCGA-G3-A7M6_3_4_cell_expansion_9_0_threshold_0_5_facet_size_3.0.csv.tif,24710.060049182783,16674.770960923972,10617.492828903984,3.277050043765086
labels_mask_case_id_TCGA-CC-A1HT_2_4_cell_expansion_1_0_threshold_0_7_facet_size_3.0.csv.tif,23598.61444553369,9771.95433387146,5132.526105653145,0.4234148914489852
labels_mask_case_id_TCGA-CC-A8HT_1_1_cell_expansion_9_0_threshold_0_6_facet_size_3.0.csv.tif,24554.00565842499,15502.306993283017,9386.027349490683,2.4790511412868663
labels_mask_case_id_TCGA-CC-5261_2_4_cell_expansion_1_0_threshold_0_5_facet_size_3.0.csv.tif,23709.131398746133,10869.069493147364,6747.3312135464685,0.4414538526034761
labels_mask_case_id_TCGA-CC-A1HT_4_3_cell_expansion_3_0_threshold_0_7_facet_size_3.0.csv.tif,23893.84870225633,11387.989538101441,6204.223585316709,0.7327887739666975
labels_mask_case_id_TCGA-G3-A7M6_1_4_cell_expansion_9_0_threshold_0_4_facet_size_3.0.csv.tif,24133.243027384648,13212.940848848792,7937.707608572223,1.0742444985528552
labels_mask_case_id_TCGA-BC-A69I_1_1_cell_expansion_15_0_threshold_0_8_facet_size_3.0.csv.tif,23567.229419012183,9388.763573338205,4358.153910283073,0.5822947595362823
labels_mask_case_id_TCGA-YA-A8S7_4_0_cell_expansion_15_0_threshold_0_6_facet_size_3.0.csv.tif,24773.845836683668,17098.147228421316,10909.242748646684,4.266393337663759
labels_mask_case_id_TCGA-DD-AAED_2_2_cell_expansion_9_0_threshold_0_4_facet_size_3.0.csv.tif,24359.40271700232,14320.416723205071,8402.842815560398,2.338326015960603
labels_mask_case_id_TCGA-CC-A3MA_1_1_cell_expansion_5_0_threshold_0_7_facet_size_3.0.csv.tif,23921.74629692092,11553.739614190245,6084.975534093521,0.8908318873842089
labels_mask_case_id_TCGA-CC-5261_0_4_cell_expansion_3_0_threshold_0_5_facet_size_3.0.csv.tif,24244.655539165247,14059.568364385674,9257.392790219988,0.9591290366222981
labels_mask_case_id_TCGA-CC-5261_0_2_cell_expansion_3_0_threshold_0_7_facet_size_3.0.csv.tif,23565.08789277532,9958.057376975623,5602.972211115343,0.4608756553381891
labels_mask_case_id_TCGA-DD-AAED_4_4_cell_expansion_13_0_threshold_0_8_facet_size_3.0.csv.tif,24429.654918454296,14255.902677037404,7787.177139607967,1.9615990506096472
labels_mask_case_id_TCGA-K7-AAU7_4_2_cell_expansion_9_0_threshold_0_8_facet_size_3.0.csv.tif,23159.336418677285,7705.116200357603,3536.89747601678,0.3384416357476821
labels_mask_case_id_TCGA-K7-AAU7_2_4_cell_expansion_9_0_threshold_0_5_facet_size_3.0.csv.tif,23724.531619365465,10475.422832685364,5368.873448759552,0.6981745502196152
labels_mask_case_id_TCGA-BC-A69I_4_1_cell_expansion_9_0_threshold_0_7_facet_size_3.0.csv.tif,23625.14801996707,9708.781800257557,4639.9290475606485,0.6846177281884858
labels_mask_case_id_TCGA-CC-A1HT_1_2_cell_expansion_11_0_threshold_0_8_facet_size_3.0.csv.tif,22697.630753673555,5173.741011274255,1663.531598644306,0.13185433214662712
labels_mask_case_id_TCGA-CC-A1HT_2_2_cell_expansion_13_0_threshold_0_5_facet_size_3.0.csv.tif,24739.005868835717,16393.272791927837,9606.289412098853,8.479243174197668
labels_mask_case_id_TCGA-BC-A69I_1_1_cell_expansion_13_0_threshold_0_7_facet_size_3.0.csv.tif,24179.37742208728,12869.183075562903,6930.283216579664,1.3551215087730273
labels_mask_case_id_TCGA-CC-5261_0_2_cell_expansion_1_0_threshold_0_6_facet_size_3.0.csv.tif,23227.60251405154,8181.349441438034,4646.787514810544,0.23830236493431103
labels_mask_case_id_TCGA-YA-A8S7_0_3_cell_expansion_9_0_threshold_0_6_facet_size_3.0.csv.tif,24721.59633302295,16614.67896434903,10430.25120273717,4.078696791373012
labels_mask_case_id_TCGA-G3-A7M6_0_1_cell_expansion_9_0_threshold_0_8_facet_size_3.0.csv.tif,23964.906819650685,11640.278922552781,5993.578329561075,0.8867537883704668
labels_mask_case_id_TCGA-YA-A8S7_4_1_cell_expansion_15_0_threshold_0_4_facet_size_3.0.csv.tif,24797.227245378,17467.30968077761,11633.666088754033,4.28875411208245
labels_mask_case_id_TCGA-CC-A1HT_3_0_cell_expansion_5_0_threshold_0_5_facet_size_3.0.csv.tif,24737.06410965769,17100.614760633154,11443.10125778637,2.498237703075065
labels_mask_case_id_TCGA-DD-AAED_4_0_cell_expansion_11_0_threshold_0_8_facet_size_3.0.csv.tif,24221.09196817502,13162.424403769804,7009.4127395825035,1.9619334458936069
labels_mask_case_id_TCGA-G3-A7M6_2_3_cell_expansion_15_0_threshold_0_8_facet_size_3.0.csv.tif,23597.180633337957,9742.477862545169,4665.027021316131,0.6091110808574213
labels_mask_case_id_TCGA-CC-A1HT_4_2_cell_expansion_3_0_threshold_0_7_facet_size_3.0.csv.tif,23747.230437058995,10681.4337315776,5698.421659431814,0.587239878839064
labels_mask_case_id_TCGA-K7-AAU7_2_3_cell_expansion_9_0_threshold_0_7_facet_size_3.0.csv.tif,23248.490021610167,7801.3026605202895,3374.0816742294683,0.310377533174405
labels_mask_case_id_TCGA-CC-A3MA_1_0_cell_expansion_5_0_threshold_0_7_facet_size_3.0.csv.tif,24509.548473852217,14961.392751342111,8593.990074300804,2.3233010824283635
labels_mask_case_id_TCGA-YA-A8S7_4_4_cell_expansion_13_0_threshold_0_8_facet_size_3.0.csv.tif,22295.564725834272,3345.9127204795473,555.5313772235761,0.0
labels_mask_case_id_TCGA-CC-A3MA_2_4_cell_expansion_1_0_threshold_0_8_facet_size_3.0.csv.tif,22855.13281442537,6078.537381957285,2622.027082000241,0.13135199894487526
labels_mask_case_id_TCGA-CC-A1HT_3_0_cell_expansion_7_0_threshold_0_4_facet_size_3.0.csv.tif,24881.74810311152,18245.9609631548,12694.808320904858,4.231954303949239
labels_mask_case_id_TCGA-CC-A3MA_3_0_cell_expansion_5_0_threshold_0_6_facet_size_3.0.csv.tif,22785.98958196005,5747.7126087887755,2214.860930855968,0.13644986832109904
labels_mask_case_id_TCGA-CC-5261_2_3_cell_expansion_7_0_threshold_0_8_facet_size_3.0.csv.tif,23613.962332897157,9552.707930549008,4313.723431467788,0.602359054675763
labels_mask_case_id_TCGA-YA-A8S7_0_4_cell_expansion_9_0_threshold_0_4_facet_size_3.0.csv.tif,24670.146459461157,16586.858078325768,10760.993976645525,2.8447036267774406
labels_mask_case_id_TCGA-G3-A7M6_3_1_cell_expansion_11_0_threshold_0_5_facet_size_3.0.csv.tif,24789.85202626064,17567.898927827686,12034.751343274429,
labels_mask_case_id_TCGA-G3-A7M6_0_4_cell_expansion_13_0_threshold_0_7_facet_size_3.0.csv.tif,24508.391099743578,15020.755073626317,8690.348350931592,2.118788682581786
labels_mask_case_id_TCGA-CC-A1HT_1_1_cell_expansion_5_0_threshold_0_8_facet_size_3.0.csv.tif,22382.427314475248,3784.0639945445705,911.0054969137914,0.022211317441049615
labels_mask_case_id_TCGA-G3-A5SK_1_3_cell_expansion_3_0_threshold_0_5_facet_size_3.0.csv.tif,23759.69889838784,11051.98354772996,6592.697056623202,0.5267956905997332
labels_mask_case_id_TCGA-BC-A69I_0_4_cell_expansion_1_0_threshold_0_8_facet_size_3.0.csv.tif,22699.61215865112,5322.476586007486,2181.950173812001,0.08809749391770856
labels_mask_case_id_TCGA-G3-A7M6_0_3_cell_expansion_1_0_threshold_0_7_facet_size_3.0.csv.tif,23003.260328656816,6897.435269332646,3534.739274266833,0.16148317665986328
labels_mask_case_id_TCGA-G3-A7M6_1_1_cell_expansion_3_0_threshold_0_4_facet_size_3.0.csv.tif,23995.09942315963,12287.19023803171,7538.365224114559,0.6778843325292698
labels_mask_case_id_TCGA-K7-AAU7_4_4_cell_expansion_11_0_threshold_0_5_facet_size_3.0.csv.tif,24249.433534997792,13730.961998602155,8142.0045350076225,1.4710090674652692
labels_mask_case_id_TCGA-G3-A7M6_4_4_cell_expansion_3_0_threshold_0_6_facet_size_3.0.csv.tif,23634.327289412777,10054.855086723066,5463.943053395416,0.437660202326044
labels_mask_case_id_TCGA-BC-A69I_3_0_cell_expansion_15_0_threshold_0_6_facet_size_3.0.csv.tif,24222.99227527986,13161.556887679882,7165.188492834212,1.5971070384270025
labels_mask_case_id_TCGA-G3-A7M6_0_3_cell_expansion_13_0_threshold_0_7_facet_size_3.0.csv.tif,24332.84674562718,13858.695311706611,7652.141049761434,1.6529033228510053
labels_mask_case_id_TCGA-BC-A69I_2_3_cell_expansion_7_0_threshold_0_8_facet_size_3.0.csv.tif,23716.88086263102,10077.397394512474,4636.556627329082,0.6703004537791608
labels_mask_case_id_TCGA-CC-A3MA_0_1_cell_expansion_9_0_threshold_0_4_facet_size_3.0.csv.tif,23408.48091987185,9089.645441400298,4526.623056903509,0.5549043866027521
labels_mask_case_id_TCGA-K7-AAU7_0_0_cell_expansion_5_0_threshold_0_7_facet_size_3.0.csv.tif,22616.464665994237,4815.228847598108,1449.8482943356094,0.07734798998864077
labels_mask_case_id_TCGA-DD-AAED_3_2_cell_expansion_5_0_threshold_0_7_facet_size_3.0.csv.tif,24607.895203919972,15743.185070852172,9424.826982474962,2.3358567971194146
labels_mask_case_id_TCGA-K7-AAU7_3_2_cell_expansion_5_0_threshold_0_4_facet_size_3.0.csv.tif,24260.660453036107,14117.926517273867,8999.175328108162,1.166541744842776
labels_mask_case_id_TCGA-CC-5261_4_1_cell_expansion_13_0_threshold_0_7_facet_size_3.0.csv.tif,24564.188480283254,15414.275165739675,9088.522771749682,2.9712419796333296
labels_mask_case_id_TCGA-DD-AAED_0_0_cell_expansion_5_0_threshold_0_4_facet_size_3.0.csv.tif,24673.920035531308,16392.282529075455,10349.053089052211,2.8320752281235775
labels_mask_case_id_TCGA-CC-A1HT_3_2_cell_expansion_13_0_threshold_0_5_facet_size_3.0.csv.tif,24737.570211642666,16380.0423825183,9601.799878849431,11.308850247977173
labels_mask_case_id_TCGA-CC-5261_4_4_cell_expansion_13_0_threshold_0_8_facet_size_3.0.csv.tif,24352.398706272957,13818.023705090842,7493.544284331178,
labels_mask_case_id_TCGA-G3-A7M6_1_0_cell_expansion_13_0_threshold_0_6_facet_size_3.0.csv.tif,24555.893883376702,15591.458580055181,9612.164937188722,2.1762381402168245
labels_mask_case_id_TCGA-CC-A8HT_3_3_cell_expansion_7_0_threshold_0_7_facet_size_3.0.csv.tif,23908.360647530026,11372.154438546111,5944.083894312935,0.7860228129176088
labels_mask_case_id_TCGA-BC-A69I_4_2_cell_expansion_1_0_threshold_0_4_facet_size_3.0.csv.tif,23229.471566688408,7975.805017184076,4096.190118644954,0.23466210747128294
labels_mask_case_id_TCGA-BC-A69I_2_2_cell_expansion_5_0_threshold_0_5_facet_size_3.0.csv.tif,24253.80184359793,13412.824240453458,7405.951568176421,1.2513831617520847
labels_mask_case_id_TCGA-CC-A1HT_1_1_cell_expansion_13_0_threshold_0_8_facet_size_3.0.csv.tif,22429.001445671245,4015.1919621207458,1064.5353504301688,0.036823738820035486
labels_mask_case_id_TCGA-CC-5261_2_1_cell_expansion_9_0_threshold_0_4_facet_size_3.0.csv.tif,24635.003467873456,16160.931545979372,10052.260361780807,3.953588712156477
labels_mask_case_id_TCGA-CC-A8HT_4_1_cell_expansion_3_0_threshold_0_4_facet_size_3.0.csv.tif,23928.848035941293,12020.28745628568,7357.299646506748,0.6538038050853968
labels_mask_case_id_TCGA-CC-A1HT_0_3_cell_expansion_15_0_threshold_0_4_facet_size_3.0.csv.tif,24735.60972838988,16781.795061853605,10704.241519654412,4.494848144310337
labels_mask_case_id_TCGA-CC-5261_4_1_cell_expansion_11_0_threshold_0_6_facet_size_3.0.csv.tif,24745.394510513903,16841.94310953528,10683.804951614116,5.329921465307531
labels_mask_case_id_TCGA-K7-AAU7_4_0_cell_expansion_1_0_threshold_0_7_facet_size_3.0.csv.tif,22796.1363987682,5789.031134615639,2513.077570196367,0.1044913711611628
labels_mask_case_id_TCGA-BC-A69I_3_0_cell_expansion_1_0_threshold_0_5_facet_size_3.0.csv.tif,23101.98111743839,7397.977275044433,3781.745955421837,0.20770456673388618
labels_mask_case_id_TCGA-CC-A3MA_3_4_cell_expansion_9_0_threshold_0_5_facet_size_3.0.csv.tif,24695.5649853882,16673.1160982274,10716.164384931304,5.15748231363815
labels_mask_case_id_TCGA-G3-A7M6_0_3_cell_expansion_5_0_threshold_0_5_facet_size_3.0.csv.tif,24371.414852662892,14251.020276890064,8251.367385600151,1.3285095708536099
labels_mask_case_id_TCGA-CC-5261_3_4_cell_expansion_9_0_threshold_0_4_facet_size_3.0.csv.tif,24779.922350158122,17011.994044077826,10726.45799569964,5.350864911822008
labels_mask_case_id_TCGA-CC-5261_4_0_cell_expansion_11_0_threshold_0_8_facet_size_3.0.csv.tif,23682.15401680425,10154.204213098306,4817.25568711429,0.6337299156524299
labels_mask_case_id_TCGA-DD-AAED_1_2_cell_expansion_3_0_threshold_0_5_facet_size_3.0.csv.tif,24183.84525420625,13399.483754472622,8050.009115151977,1.0021885586131674
labels_mask_case_id_TCGA-K7-AAU7_2_0_cell_expansion_3_0_threshold_0_5_facet_size_3.0.csv.tif,22527.3661345154,4443.068105799171,1340.5421997601657,0.04913409944626333
labels_mask_case_id_TCGA-G3-A7M6_4_3_cell_expansion_3_0_threshold_0_4_facet_size_3.0.csv.tif,23932.821074588417,11899.71292923949,6982.653034397453,0.6369096637773702
labels_mask_case_id_TCGA-YA-A8S7_3_4_cell_expansion_1_0_threshold_0_8_facet_size_3.0.csv.tif,22295.564725834272,3345.9127204795473,555.5313772235761,0.0
labels_mask_case_id_TCGA-CC-A1HT_1_4_cell_expansion_9_0_threshold_0_7_facet_size_3.0.csv.tif,23419.905749599362,8795.526046817944,4013.263145220512,0.5046530132037128
labels_mask_case_id_TCGA-CC-A8HT_3_4_cell_expansion_5_0_threshold_0_4_facet_size_3.0.csv.tif,24432.778466449803,15073.056115722784,9681.236028870022,1.4685052767489317
labels_mask_case_id_TCGA-YA-A8S7_4_2_cell_expansion_11_0_threshold_0_7_facet_size_3.0.csv.tif,22862.991069915595,5823.093571376932,1878.918441911464,0.18527150752160013
labels_mask_case_id_TCGA-CC-5261_4_1_cell_expansion_9_0_threshold_0_7_facet_size_3.0.csv.tif,24559.99821616536,15379.763959559956,9054.475864280359,2.934445184671031
labels_mask_case_id_TCGA-CC-A8HT_0_1_cell_expansion_1_0_threshold_0_7_facet_size_3.0.csv.tif,23154.122774055177,7626.118501499875,3889.2461953904854,0.20109817240477865
labels_mask_case_id_TCGA-G3-A7M6_2_3_cell_expansion_5_0_threshold_0_4_facet_size_3.0.csv.tif,24475.09553206745,15148.508721060898,9484.930945422704,1.581039937163365
labels_mask_case_id_TCGA-K7-AAU7_4_0_cell_expansion_5_0_threshold_0_5_facet_size_3.0.csv.tif,24605.0600464831,16339.639867777034,10990.01602188372,
labels_mask_case_id_TCGA-DD-AAED_4_3_cell_expansion_13_0_threshold_0_8_facet_size_3.0.csv.tif,24028.921360300094,12139.714992474617,6449.17218185508,1.2344062293867477
labels_mask_case_id_TCGA-K7-AAU7_2_1_cell_expansion_1_0_threshold_0_8_facet_size_3.0.csv.tif,22326.18826238919,3486.5782964897166,664.2571095022472,0.005807586190030481
labels_mask_case_id_TCGA-K7-AAU7_3_2_cell_expansion_3_0_threshold_0_7_facet_size_3.0.csv.tif,22888.43878684024,6280.250510462409,2767.5833117164857,0.14460245479398715
