step	loss	lr	ts
50	0.6241605877876282	2.5e-06	1764301079
100	0.20235997438430786	5e-06	1764301104
150	0.07887201011180878	7.5e-06	1764301130
200	0.044731952250003815	1e-05	1764301155
250	0.07542426884174347	1.25e-05	1764301180
300	0.03439444676041603	1.5e-05	1764301205
350	0.02784685045480728	1.75e-05	1764301231
400	0.03978005051612854	2e-05	1764301256
450	0.02368418499827385	2.25e-05	1764301281
500	0.029729008674621582	2.5e-05	1764301306
550	0.03559527546167374	2.7500000000000004e-05	1764301331
600	0.03070664592087269	3e-05	1764301356
650	0.024742063134908676	3.2500000000000004e-05	1764301381
700	0.041751403361558914	3.5e-05	1764301407
750	0.017453055828809738	3.7500000000000003e-05	1764301432
800	0.017943307757377625	4e-05	1764301457
850	0.018374504521489143	4.25e-05	1764301482
900	0.018742434680461884	4.5e-05	1764301508
950	0.01267469022423029	4.75e-05	1764301533
1000	0.018112558871507645	5e-05	1764301558
1050	0.01605660654604435	4.999996853126489e-05	1764301583
1100	0.018341438844799995	4.999987412513878e-05	1764301608
1150	0.011023001745343208	4.999971678185933e-05	1764301634
1200	0.02616186998784542	4.999949650182266e-05	1764301659
1250	0.015290545299649239	4.999921328558333e-05	1764301684
1300	0.01024098414927721	4.999886713385432e-05	1764301709
1350	0.014897560700774193	4.999845804750709e-05	1764301735
1400	0.019138844683766365	4.9997986027571485e-05	1764301760
1450	0.013930532149970531	4.9997451075235834e-05	1764301785
1500	0.014587361365556717	4.9996853191846885e-05	1764301810
1550	0.023811347782611847	4.9996192378909786e-05	1764301835
1600	0.017934059724211693	4.999546863808815e-05	1764301861
1650	0.017935102805495262	4.9994681971203985e-05	1764301886
1700	0.010295497253537178	4.9993832380237735e-05	1764301911
1750	0.019680451601743698	4.999291986732823e-05	1764301936
1800	0.014799079857766628	4.9991944434772734e-05	1764301961
1850	0.013173260726034641	4.999090608502688e-05	1764301986
1900	0.009600737132132053	4.9989804820704735e-05	1764302011
1950	0.009176619350910187	4.998864064457871e-05	1764302037
2000	0.015397969633340836	4.9987413559579636e-05	1764302062
2050	0.011930827051401138	4.998612356879667e-05	1764302087
2100	0.00893863383680582	4.99847706754774e-05	1764302112
2150	0.011181412264704704	4.99833548830277e-05	1764302138
2200	0.01014179177582264	4.9981876195011844e-05	1764302163
2250	0.026573805138468742	4.998033461515242e-05	1764302188
2300	0.013667229562997818	4.9978730147330355e-05	1764302213
2350	0.014327050186693668	4.9977062795584893e-05	1764302238
2400	0.012860209681093693	4.99753325641136e-05	1764302264
2450	0.01025342382490635	4.997353945727232e-05	1764302289
2500	0.018588677048683167	4.99716834795752e-05	1764302314
2550	0.009208513423800468	4.996976463569467e-05	1764302339
2600	0.009346920996904373	4.996778293046141e-05	1764302365
2650	0.013675350695848465	4.996573836886435e-05	1764302390
2700	0.010957006365060806	4.996363095605069e-05	1764302415
2750	0.015297177247703075	4.996146069732583e-05	1764302440
2800	0.019618764519691467	4.995922759815339e-05	1764302465
2850	0.01254501286894083	4.995693166415521e-05	1764302491
2900	0.014905208721756935	4.9954572901111286e-05	1764302516
2950	0.012610562145709991	4.995215131495981e-05	1764302541
3000	0.016145244240760803	4.994966691179711e-05	1764302566
3050	0.009785566478967667	4.994711969787769e-05	1764302591
3100	0.010663101449608803	4.994450967961413e-05	1764302616
3150	0.012527473270893097	4.994183686357717e-05	1764302642
3200	0.017777439206838608	4.993910125649561e-05	1764302667
3250	0.010330619290471077	4.993630286525634e-05	1764302692
3300	0.011790260672569275	4.993344169690431e-05	1764302717
3350	0.010864787735044956	4.9930517758642503e-05	1764302742
3400	0.010923556983470917	4.992753105783194e-05	1764302768
3450	0.012519385665655136	4.992448160199162e-05	1764302793
3500	0.008700277656316757	4.992136939879856e-05	1764302818
3550	0.020448938012123108	4.991819445608772e-05	1764302843
3600	0.0150010846555233	4.991495678185202e-05	1764302869
3650	0.012171790935099125	4.991165638424229e-05	1764302894
3700	0.014437943696975708	4.9908293271567286e-05	1764302919
3750	0.011302977800369263	4.990486745229364e-05	1764302945
3800	0.011256087571382523	4.990137893504585e-05	1764302970
3850	0.013634184375405312	4.989782772860624e-05	1764302995
3900	0.012657969258725643	4.989421384191499e-05	1764303020
3950	0.005898711271584034	4.9890537284070037e-05	1764303046
4000	0.013951685279607773	4.988679806432712e-05	1764303071
4050	0.008686012588441372	4.988299619209972e-05	1764303096
4100	0.008563311770558357	4.987913167695904e-05	1764303122
4150	0.008611893281340599	4.987520452863399e-05	1764303147
4200	0.015985630452632904	4.9871214757011176e-05	1764303172
4250	0.011422794312238693	4.986716237213484e-05	1764303197
4300	0.00867705512791872	4.9863047384206835e-05	1764303222
4350	0.015016356483101845	4.985886980358666e-05	1764303247
4400	0.010753794573247433	4.985462964079137e-05	1764303273
4450	0.013889207504689693	4.985032690649556e-05	1764303298
4500	0.011401762254536152	4.984596161153136e-05	1764303323
4550	0.018443942070007324	4.9841533766888395e-05	1764303348
4600	0.013069291599094868	4.9837043383713753e-05	1764303374
4650	0.010086792521178722	4.983249047331199e-05	1764303399
4700	0.010574085637927055	4.982787504714503e-05	1764303424
4750	0.011430894024670124	4.982319711683221e-05	1764303449
4800	0.013182895258069038	4.981845669415022e-05	1764303474
4850	0.013373599387705326	4.9813653791033057e-05	1764303500
4900	0.009904376231133938	4.980878841957203e-05	1764303525
4950	0.01044259313493967	4.9803860592015704e-05	1764303550
5000	0.0109965605661273	4.9798870320769886e-05	1764303575
5050	0.012516813352704048	4.979381761839757e-05	1764303601
5100	0.012457367032766342	4.978870249761893e-05	1764303626
5150	0.010838238522410393	4.978352497131128e-05	1764303651
5200	0.010231537744402885	4.977828505250903e-05	1764303676
5250	0.010472039692103863	4.977298275440368e-05	1764303701
5300	0.010396691970527172	4.9767618090343745e-05	1764303727
5350	0.013072066940367222	4.9762191073834776e-05	1764303752
5400	0.010924573056399822	4.975670171853926e-05	1764303777
5450	0.010783471167087555	4.975115003827666e-05	1764303802
5500	0.009383944794535637	4.9745536047023324e-05	1764303828
5550	0.010660426691174507	4.973985975891245e-05	1764303853
5600	0.01381197664886713	4.973412118823412e-05	1764303878
5650	0.011974381282925606	4.972832034943514e-05	1764303903
5700	0.015774261206388474	4.972245725711914e-05	1764303928
5750	0.007560053840279579	4.9716531926046446e-05	1764303954
5800	0.011203629896044731	4.971054437113406e-05	1764303979
5850	0.00929857138544321	4.970449460745566e-05	1764304004
5900	0.009177704341709614	4.969838265024151e-05	1764304029
5950	0.013099972158670425	4.9692208514878444e-05	1764304055
6000	0.009071116335690022	4.968597221690986e-05	1764304080
6050	0.012676551938056946	4.9679673772035624e-05	1764304105
6100	0.012665508314967155	4.967331319611206e-05	1764304130
6150	0.013824304565787315	4.9666890505151906e-05	1764304155
6200	0.010429756715893745	4.96604057153243e-05	1764304181
6250	0.010137665085494518	4.965385884295467e-05	1764304206
6300	0.014127415604889393	4.964724990452476e-05	1764304232
6350	0.011411827057600021	4.964057891667259e-05	1764304257
6400	0.012024039402604103	4.963384589619233e-05	1764304282
6450	0.012648547999560833	4.962705086003437e-05	1764304307
6500	0.011565225198864937	4.962019382530521e-05	1764304333
6550	0.011790763586759567	4.9613274809267404e-05	1764304358
6600	0.009593265131115913	4.9606293829339595e-05	1764304383
6650	0.009614145383238792	4.959925090309637e-05	1764304408
6700	0.011038092896342278	4.959214604826831e-05	1764304433
6750	0.009992560371756554	4.958497928274185e-05	1764304459
6800	0.008236085996031761	4.957775062455933e-05	1764304484
6850	0.010230010375380516	4.957046009191889e-05	1764304510
6900	0.00901087373495102	4.9563107703174436e-05	1764304535
6950	0.010598740540444851	4.9555693476835597e-05	1764304560
7000	0.00808569137006998	4.9548217431567665e-05	1764304585
7050	0.009672967717051506	4.9540679586191605e-05	1764304610
7100	0.013615569099783897	4.95330799596839e-05	1764304636
7150	0.007770475000143051	4.952541857117663e-05	1764304661
7200	0.009463535621762276	4.951769543995731e-05	1764304686
7250	0.007296402007341385	4.950991058546893e-05	1764304711
7300	0.007022486068308353	4.9502064027309836e-05	1764304737
7350	0.007162203546613455	4.9494155785233743e-05	1764304762
7400	0.011776025407016277	4.948618587914963e-05	1764304787
7450	0.015690181404352188	4.947815432912174e-05	1764304813
7500	0.008847139775753021	4.947006115536947e-05	1764304838
7550	0.008369485847651958	4.946190637826739e-05	1764304863
7600	0.007969276048243046	4.9453690018345144e-05	1764304888
7650	0.007895780727267265	4.9445412096287404e-05	1764304914
7700	0.010193957015872002	4.9437072632933814e-05	1764304939
7750	0.00938500091433525	4.942867164927899e-05	1764304964
7800	0.013204577378928661	4.942020916647238e-05	1764304989
7850	0.010281285271048546	4.941168520581828e-05	1764305015
7900	0.009094294160604477	4.9403099788775754e-05	1764305040
7950	0.007511449046432972	4.939445293695857e-05	1764305065
8000	0.007975954562425613	4.938574467213518e-05	1764305090
8050	0.019651323556900024	4.937697501622862e-05	1764305116
8100	0.010002773255109787	4.936814399131648e-05	1764305141
8150	0.013481447473168373	4.9359251619630886e-05	1764305166
8200	0.008621618151664734	4.935029792355834e-05	1764305192
8250	0.010317186824977398	4.934128292563978e-05	1764305217
8300	0.007158975582569838	4.933220664857044e-05	1764305242
8350	0.009717368520796299	4.9323069115199846e-05	1764305267
8400	0.009419543668627739	4.931387034853173e-05	1764305292
8450	0.008243008516728878	4.930461037172397e-05	1764305318
8500	0.007576899603009224	4.929528920808854e-05	1764305343
8550	0.008183063939213753	4.9285906881091476e-05	1764305369
8600	0.009080648422241211	4.9276463414352757e-05	1764305394
8650	0.010969337075948715	4.9266958831646315e-05	1764305419
8700	0.008741896599531174	4.925739315689991e-05	1764305444
8750	0.01180743332952261	4.924776641419513e-05	1764305470
8800	0.009353677742183208	4.923807862776728e-05	1764305495
8850	0.01209443248808384	4.922832982200536e-05	1764305520
8900	0.007367479614913464	4.921852002145196e-05	1764305545
8950	0.015933766961097717	4.920864925080326e-05	1764305570
9000	0.011475584469735622	4.919871753490891e-05	1764305596
9050	0.0077689336612820625	4.918872489877198e-05	1764305621
9100	0.007451105862855911	4.917867136754893e-05	1764305646
9150	0.00970062892884016	4.9168556966549515e-05	1764305671
9200	0.010034706443548203	4.915838172123671e-05	1764305697
9250	0.013815158978104591	4.914814565722671e-05	1764305722
9300	0.008466379716992378	4.913784880028878e-05	1764305747
9350	0.011883769184350967	4.912749117634523e-05	1764305772
9400	0.016334673389792442	4.91170728114714e-05	1764305797
9450	0.007680016569793224	4.910659373189548e-05	1764305823
9500	0.009187104180455208	4.909605396399856e-05	1764305848
9550	0.010182848200201988	4.9085453534314476e-05	1764305873
9600	0.009782129898667336	4.9074792469529815e-05	1764305898
9650	0.008184520527720451	4.9064070796483784e-05	1764305924
9700	0.011155305430293083	4.9053288542168185e-05	1764305949
9750	0.009636223316192627	4.904244573372733e-05	1764305974
9800	0.008213832974433899	4.9031542398457974e-05	1764305999
9850	0.010848131030797958	4.9020578563809256e-05	1764306024
9900	0.010398280806839466	4.9009554257382616e-05	1764306050
9950	0.0096664447337389	4.8998469506931726e-05	1764306075
10000	0.009160026907920837	4.898732434036244e-05	1764306100
10050	0.006818692199885845	4.8976118785732695e-05	1764306128
10100	0.008760007098317146	4.896485287125246e-05	1764306153
10150	0.008136911317706108	4.8953526625283675e-05	1764306178
10200	0.008257823996245861	4.8942140076340135e-05	1764306204
10250	0.006483959034085274	4.8930693253087464e-05	1764306229
10300	0.009401100687682629	4.8919186184343046e-05	1764306254
10350	0.009795574471354485	4.890761889907589e-05	1764306279
10400	0.008466355502605438	4.889599142640663e-05	1764306304
10450	0.00951601006090641	4.888430379560742e-05	1764306330
10500	0.008057508617639542	4.887255603610185e-05	1764306355
10550	0.005203223787248135	4.886074817746489e-05	1764306380
10600	0.008851692080497742	4.8848880249422815e-05	1764306405
10650	0.010736638680100441	4.883695228185312e-05	1764306431
10700	0.009080518037080765	4.8824964304784446e-05	1764306456
10750	0.005801950581371784	4.8812916348396515e-05	1764306480
10800	0.009989622980356216	4.880080844302004e-05	1764306506
10850	0.009552815929055214	4.878864061913665e-05	1764306531
10900	0.013031808659434319	4.877641290737884e-05	1764306556
10950	0.0075330547988414764	4.8764125338529854e-05	1764306581
11000	0.007936649024486542	4.8751777943523634e-05	1764306607
11050	0.012359844520688057	4.873937075344474e-05	1764306632
11100	0.008938807994127274	4.8726903799528234e-05	1764306657
11150	0.010753795504570007	4.8714377113159684e-05	1764306682
11200	0.005122811999171972	4.870179072587499e-05	1764306707
11250	0.005985151045024395	4.8689144669360375e-05	1764306733
11300	0.00924241729080677	4.8676438975452274e-05	1764306758
11350	0.010593652725219727	4.866367367613725e-05	1764306783
11400	0.008673569187521935	4.865084880355193e-05	1764306808
11450	0.007067876402288675	4.8637964389982926e-05	1764306833
11500	0.00826023519039154	4.862502046786671e-05	1764306858
11550	0.013843262568116188	4.8612017069789614e-05	1764306884
11600	0.00821466464549303	4.859895422848767e-05	1764306909
11650	0.00954611599445343	4.8585831976846564e-05	1764306934
11700	0.010092154145240784	4.8572650347901544e-05	1764306959
11750	0.0052800653502345085	4.855940937483735e-05	1764306984
11800	0.008201101794838905	4.854610909098812e-05	1764307010
11850	0.01142927072942257	4.8532749529837294e-05	1764307035
11900	0.01015978492796421	4.851933072501756e-05	1764307060
11950	0.012539912015199661	4.850585271031074e-05	1764307085
12000	0.006990270223468542	4.849231551964771e-05	1764307110
12050	0.008728127926588058	4.8478719187108344e-05	1764307135
12100	0.00850490853190422	4.8465063746921395e-05	1764307161
12150	0.006914752535521984	4.845134923346441e-05	1764307186
12200	0.0082745011895895	4.8437575681263656e-05	1764307211
12250	0.009958300739526749	4.842374312499405e-05	1764307236
12300	0.009137708693742752	4.8409851599479015e-05	1764307261
12350	0.01320042833685875	4.839590113969047e-05	1764307287
12400	0.007370627019554377	4.838189178074867e-05	1764307312
12450	0.008009012788534164	4.8367823557922155e-05	1764307337
12500	0.008609172888100147	4.835369650662767e-05	1764307362
12550	0.008946603164076805	4.8339510662430046e-05	1764307388
12600	0.007679680362343788	4.832526606104213e-05	1764307413
12650	0.009078916162252426	4.8310962738324686e-05	1764307438
12700	0.00766935246065259	4.829660073028631e-05	1764307463
12750	0.009419472888112068	4.8282180073083346e-05	1764307488
12800	0.011847544461488724	4.826770080301978e-05	1764307513
12850	0.007754744496196508	4.8253162956547155e-05	1764307538
12900	0.0075538065284490585	4.823856657026448e-05	1764307564
12950	0.010504795238375664	4.8223911680918146e-05	1764307589
13000	0.010172981768846512	4.8209198325401815e-05	1764307614
13050	0.00844426266849041	4.819442654075635e-05	1764307639
13100	0.00565891619771719	4.817959636416969e-05	1764307664
13150	0.013315638527274132	4.8164707832976783e-05	1764307690
13200	0.005695889238268137	4.8149760984659506e-05	1764307715
13250	0.008934803307056427	4.8134755856846524e-05	1764307740
13300	0.008163340389728546	4.811969248731323e-05	1764307765
13350	0.00450967438519001	4.810457091398164e-05	1764307791
13400	0.007362525910139084	4.8089391174920275e-05	1764307815
13450	0.006415811367332935	4.807415330834414e-05	1764307841
13500	0.008940272964537144	4.805885735261454e-05	1764307866
13550	0.0064147720113396645	4.804350334623901e-05	1764307891
13600	0.004292474128305912	4.802809132787125e-05	1764307916
13650	0.008863711729645729	4.8012621336311016e-05	1764307941
13700	0.008435247465968132	4.799709341050396e-05	1764307967
13750	0.008777404204010963	4.798150758954164e-05	1764307992
13800	0.0070146434009075165	4.796586391266134e-05	1764308017
13850	0.008653363212943077	4.7950162419245994e-05	1764308042
13900	0.007497000973671675	4.793440314882408e-05	1764308068
13950	0.007936259731650352	4.791858614106957e-05	1764308093
14000	0.013624162413179874	4.790271143580174e-05	1764308118
14050	0.01000998169183731	4.7886779072985156e-05	1764308143
14100	0.00848038773983717	4.787078909272951e-05	1764308168
14150	0.0076972488313913345	4.785474153528956e-05	1764308194
14200	0.008726628497242928	4.783863644106502e-05	1764308219
14250	0.007648419588804245	4.7822473850600444e-05	1764308244
14300	0.008568490855395794	4.780625380458513e-05	1764308269
14350	0.006624525412917137	4.778997634385304e-05	1764308295
14400	0.010010567493736744	4.777364150938263e-05	1764308320
14450	0.008694660849869251	4.775724934229685e-05	1764308345
14500	0.007806137204170227	4.774079988386296e-05	1764308370
14550	0.008089425973594189	4.7724293175492454e-05	1764308395
14600	0.010115772485733032	4.770772925874093e-05	1764308420
14650	0.00778482249006629	4.7691108175308054e-05	1764308445
14700	0.007674280554056168	4.767442996703737e-05	1764308471
14750	0.008800141513347626	4.765769467591625e-05	1764308496
14800	0.011082105338573456	4.764090234407577e-05	1764308521
14850	0.011276100762188435	4.7624053013790606e-05	1764308546
14900	0.008645644411444664	4.7607146727478935e-05	1764308571
14950	0.007127182558178902	4.759018352770229e-05	1764308596
15000	0.009142864495515823	4.7573163457165534e-05	1764308621
15050	0.00562463840469718	4.755608655871665e-05	1764308647
15100	0.008158126845955849	4.753895287534673e-05	1764308672
15150	0.012728654779493809	4.752176245018979e-05	1764308697
15200	0.004590198397636414	4.75045153265227e-05	1764308722
15250	0.006039489060640335	4.748721154776508e-05	1764308748
15300	0.008163806051015854	4.7469851157479177e-05	1764308773
15350	0.009360825642943382	4.745243419936974e-05	1764308798
15400	0.005403866060078144	4.743496071728396e-05	1764308823
15450	0.008116932585835457	4.741743075521129e-05	1764308848
15500	0.008782528340816498	4.7399844357283397e-05	1764308873
15550	0.005780936684459448	4.7382201567774016e-05	1764308898
15600	0.005405571311712265	4.7364502431098844e-05	1764308924
15650	0.006145496387034655	4.734674699181544e-05	1764308949
15700	0.008964992128312588	4.73289352946231e-05	1764308974
15750	0.0077668847516179085	4.731106738436275e-05	1764308999
15800	0.0069426572881639	4.7293143306016836e-05	1764309025
15850	0.007423956412822008	4.72751631047092e-05	1764309049
15900	0.007882717996835709	4.725712682570498e-05	1764309074
15950	0.005404019262641668	4.723903451441049e-05	1764309100
16000	0.007488989271223545	4.722088621637309e-05	1764309125
16050	0.007928978651762009	4.720268197728111e-05	1764309150
16100	0.006967521272599697	4.71844218429637e-05	1764309175
16150	0.006768808234483004	4.716610585939072e-05	1764309201
16200	0.008339230902493	4.7147734072672644e-05	1764309226
16250	0.008307378739118576	4.712930652906041e-05	1764309251
16300	0.0063637178391218185	4.711082327494536e-05	1764309276
16350	0.009805476292967796	4.7092284356859046e-05	1764309301
16400	0.007686736527830362	4.707368982147318e-05	1764309326
16450	0.007686465047299862	4.705503971559947e-05	1764309351
16500	0.0059382980689406395	4.7036334086189555e-05	1764309377
16550	0.008714119903743267	4.701757298033482e-05	1764309402
16600	0.0062675392255187035	4.6998756445266336e-05	1764309427
16650	0.0065131173469126225	4.6979884528354694e-05	1764309452
16700	0.006702127866446972	4.696095727710994e-05	1764309478
16750	0.008908769115805626	4.6941974739181395e-05	1764309503
16800	0.00559727568179369	4.692293696235758e-05	1764309528
16850	0.006777581293135881	4.6903843994566064e-05	1764309553
16900	0.007062877994030714	4.688469588387339e-05	1764309578
16950	0.004966961685568094	4.6865492678484895e-05	1764309604
17000	0.006642496678978205	4.684623442674463e-05	1764309629
17050	0.00877176783978939	4.682692117713521e-05	1764309654
17100	0.006524659227579832	4.6807552978277725e-05	1764309679
17150	0.004543675109744072	4.6788129878931584e-05	1764309704
17200	0.004462253302335739	4.6768651927994434e-05	1764309729
17250	0.003738950937986374	4.6749119174501975e-05	1764309755
17300	0.006300329230725765	4.6729531667627905e-05	1764309780
17350	0.006616615690290928	4.6709889456683744e-05	1764309805
17400	0.0063825445249676704	4.6690192591118734e-05	1764309830
17450	0.004962734878063202	4.66704411205197e-05	1764309855
17500	0.006273107137531042	4.665063509461097e-05	1764309881
17550	0.010438140481710434	4.663077456325417e-05	1764309906
17600	0.006525143515318632	4.6610859576448176e-05	1764309931
17650	0.007437261287122965	4.6590890184328925e-05	1764309956
17700	0.006733943708240986	4.657086643716936e-05	1764309982
17750	0.005730311386287212	4.655078838537924e-05	1764310007
17800	0.006368833594024181	4.653065607950502e-05	1764310031
17850	0.005667400546371937	4.6510469570229766e-05	1764310057
17900	0.006916355341672897	4.649022890837298e-05	1764310082
17950	0.00749478954821825	4.646993414489053e-05	1764310107
18000	0.005735393613576889	4.644958533087443e-05	1764310132
18050	0.0061080968007445335	4.642918251755281e-05	1764310158
18100	0.00784278754144907	4.640872575628973e-05	1764310183
18150	0.006024590227752924	4.638821509858505e-05	1764310208
18200	0.007530556991696358	4.636765059607434e-05	1764310233
18250	0.006039587780833244	4.63470323005287e-05	1764310258
18300	0.006913476157933474	4.632636026385468e-05	1764310284
18350	0.011374862864613533	4.630563453809409e-05	1764310309
18400	0.008277439512312412	4.628485517542392e-05	1764310334
18450	0.004631814546883106	4.6264022228156215e-05	1764310359
18500	0.00502367690205574	4.6243135748737864e-05	1764310385
18550	0.00820885319262743	4.622219578975057e-05	1764310410
18600	0.006095401011407375	4.620120240391065e-05	1764310435
18650	0.00815950520336628	4.618015564406894e-05	1764310460
18700	0.006231467705219984	4.6159055563210604e-05	1764310485
18750	0.005923015531152487	4.613790221445511e-05	1764310511
18800	0.006630646996200085	4.611669565105596e-05	1764310536
18850	0.004215266555547714	4.609543592640066e-05	1764310561
18900	0.007444403134286404	4.607412309401054e-05	1764310586
18950	0.006749080028384924	4.605275720754063e-05	1764310612
19000	0.00845213234424591	4.6031338320779534e-05	1764310637
19050	0.004844352137297392	4.6009866487649256e-05	1764310663
19100	0.011530405841767788	4.5988341762205125e-05	1764310688
19150	0.00884479284286499	4.5966764198635606e-05	1764310713
19200	0.007964912801980972	4.594513385126218e-05	1764310738
19250	0.006209203973412514	4.5923450774539244e-05	1764310763
19300	0.009249451570212841	4.59017150230539e-05	1764310789
19350	0.005868526175618172	4.5879926651525877e-05	1764310814
19400	0.005603457801043987	4.5858085714807384e-05	1764310839
19450	0.006296354345977306	4.583619226788294e-05	1764310864
19500	0.007325966376811266	4.581424636586929e-05	1764310890
19550	0.006078161299228668	4.5792248064015196e-05	1764310915
19600	0.005904216784983873	4.5770197417701365e-05	1764310939
19650	0.005743767600506544	4.574809448244028e-05	1764310965
19700	0.006014684680849314	4.572593931387604e-05	1764310990
19750	0.006999032571911812	4.570373196778427e-05	1764311015
19800	0.006755759008228779	4.568147250007193e-05	1764311040
19850	0.008062494918704033	4.5659160966777204e-05	1764311066
19900	0.0048843929544091225	4.563679742406935e-05	1764311090
19950	0.006685432977974415	4.561438192824856e-05	1764311116
20000	0.006877137813717127	4.559191453574582e-05	1764311141
20050	0.006009611301124096	4.5569395303122765e-05	1764311169
20100	0.004904783330857754	4.554682428707153e-05	1764311194
20150	0.006964469328522682	4.552420154441462e-05	1764311219
20200	0.0059612225741147995	4.550152713210478e-05	1764311244
20250	0.0056590186432003975	4.54788011072248e-05	1764311269
20300	0.005711343139410019	4.545602352698742e-05	1764311294
20350	0.006833053193986416	4.543319444873517e-05	1764311319
20400	0.006218675523996353	4.5410313929940244e-05	1764311345
20450	0.006199937779456377	4.538738202820431e-05	1764311370
20500	0.005057272035628557	4.5364398801258396e-05	1764311395
20550	0.005613439716398716	4.5341364306962755e-05	1764311420
20600	0.005830146837979555	4.53182786033067e-05	1764311445
20650	0.008487345650792122	4.529514174840847e-05	1764311470
20700	0.005699969828128815	4.527195380051505e-05	1764311496
20750	0.006401992868632078	4.524871481800209e-05	1764311521
20800	0.007448181509971619	4.522542485937369e-05	1764311546
20850	0.00603417307138443	4.520208398326229e-05	1764311571
20900	0.003478023689240217	4.5178692248428536e-05	1764311596
20950	0.0056226011365652084	4.515524971376107e-05	1764311622
21000	0.00612484198063612	4.513175643827647e-05	1764311647
21050	0.005092518869787455	4.5108212481119006e-05	1764311672
21100	0.004756229929625988	4.508461790156056e-05	1764311697
21150	0.004984860308468342	4.506097275900049e-05	1764311722
21200	0.004424637649208307	4.503727711296538e-05	1764311748
21250	0.007733485661447048	4.5013531023109014e-05	1764311773
21300	0.005854972172528505	4.4989734549212125e-05	1764311798
21350	0.005050706677138805	4.496588775118232e-05	1764311823
21400	0.004952222108840942	4.4941990689053886e-05	1764311848
21450	0.006707526743412018	4.4918043422987644e-05	1764311873
21500	0.007802960462868214	4.489404601327081e-05	1764311898
21550	0.004824542906135321	4.4869998520316825e-05	1764311924
21600	0.00540402065962553	4.4845901004665234e-05	1764311949
21650	0.0064162020571529865	4.4821753526981504e-05	1764311974
21700	0.005303447134792805	4.479755614805688e-05	1764311999
21750	0.008574997074902058	4.4773308928808234e-05	1764312024
21800	0.005291326437145472	4.474901193027791e-05	1764312049
21850	0.00788604561239481	4.472466521363357e-05	1764312075
21900	0.004565620794892311	4.4700268840168045e-05	1764312100
21950	0.00801431480795145	4.467582287129919e-05	1764312125
22000	0.004030557814985514	4.465132736856969e-05	1764312150
22050	0.005389845930039883	4.4626782393646936e-05	1764312175
22100	0.005991464480757713	4.46021880083229e-05	1764312201
22150	0.008428502827882767	4.457754427451389e-05	1764312226
22200	0.004962744656950235	4.4552851254260484e-05	1764312251
22250	0.005652647465467453	4.4528109009727336e-05	1764312276
22300	0.003952057100832462	4.450331760320302e-05	1764312301
22350	0.00839952938258648	4.447847709709986e-05	1764312326
22400	0.007623989135026932	4.445358755395382e-05	1764312351
22450	0.004528502002358437	4.442864903642428e-05	1764312377
22500	0.0034523438662290573	4.440366160729392e-05	1764312402
22550	0.0059088668785989285	4.437862532946859e-05	1764312427
22600	0.006217821501195431	4.4353540265977064e-05	1764312452
22650	0.009615497663617134	4.432840647997097e-05	1764312478
22700	0.0053331064991652966	4.430322403472459e-05	1764312503
22750	0.006994803436100483	4.4277992993634696e-05	1764312528
22800	0.006685953587293625	4.425271342022039e-05	1764312553
22850	0.01183699257671833	4.422738537812299e-05	1764312579
22900	0.00712104607373476	4.4202008931105795e-05	1764312604
22950	0.005392388440668583	4.4176584143054e-05	1764312629
23000	0.004176778718829155	4.415111107797445e-05	1764312654
23050	0.0056256684474647045	4.412558979999558e-05	1764312679
23100	0.00570900971069932	4.4100020373367166e-05	1764312704
23150	0.006911709439009428	4.407440286246022e-05	1764312729
23200	0.006922462489455938	4.404873733176678e-05	1764312755
23250	0.00709729827940464	4.402302384589979e-05	1764312780
23300	0.0038083079271018505	4.399726246959293e-05	1764312805
23350	0.007117103785276413	4.397145326770042e-05	1764312830
23400	0.008050171658396721	4.3945596305196925e-05	1764312855
23450	0.004822453949600458	4.3919691647177286e-05	1764312881
23500	0.00565703958272934	4.389373935885646e-05	1764312906
23550	0.010026730597019196	4.386773950556931e-05	1764312931
23600	0.007741091772913933	4.384169215277041e-05	1764312956
23650	0.006556618493050337	4.381559736603397e-05	1764312981
23700	0.00488125067204237	4.378945521105357e-05	1764313006
23750	0.006175261922180653	4.3763265753642055e-05	1764313032
23800	0.008018800988793373	4.373702905973135e-05	1764313057
23850	0.004846130032092333	4.3710745195372315e-05	1764313082
23900	0.004047880414873362	4.368441422673453e-05	1764313107
23950	0.005891753360629082	4.365803622010618e-05	1764313132
24000	0.005633102729916573	4.3631611241893874e-05	1764313158
24050	0.006660075392574072	4.360513935862245e-05	1764313183
24100	0.00513819232583046	4.357862063693486e-05	1764313208
24150	0.005379645153880119	4.355205514359194e-05	1764313233
24200	0.004033221863210201	4.3525442945472294e-05	1764313258
24250	0.006152226123958826	4.34987841095721e-05	1764313283
24300	0.004556665197014809	4.347207870300494e-05	1764313308
24350	0.005684100557118654	4.344532679300165e-05	1764313334
24400	0.005616402253508568	4.341852844691012e-05	1764313359
24450	0.007770235650241375	4.3391683732195175e-05	1764313384
24500	0.004577226936817169	4.336479271643833e-05	1764313409
24550	0.004738375078886747	4.3337855467337704e-05	1764313435
24600	0.004807215183973312	4.331087205270777e-05	1764313460
24650	0.006330960430204868	4.3283842540479264e-05	1764313485
24700	0.009657831862568855	4.3256766998698936e-05	1764313510
24750	0.0034212504979223013	4.322964549552943e-05	1764313535
24800	0.005584129132330418	4.3202478099249105e-05	1764313560
24850	0.005881711840629578	4.3175264878251845e-05	1764313585
24900	0.004953769035637379	4.3148005901046905e-05	1764313611
24950	0.0070424689911305904	4.312070123625872e-05	1764313636
25000	0.009391097351908684	4.309335095262676e-05	1764313661
25050	0.0038285518530756235	4.306595511900532e-05	1764313686
25100	0.0074859848245978355	4.303851380436339e-05	1764313712
25150	0.005141173489391804	4.3011027077784444e-05	1764313737
25200	0.005904633551836014	4.2983495008466276e-05	1764313762
25250	0.007634641136974096	4.2955917665720855e-05	1764313787
25300	0.0057044136337935925	4.292829511897409e-05	1764313812
25350	0.004450324922800064	4.290062743776572e-05	1764313837
25400	0.0059996615163981915	4.2872914691749086e-05	1764313862
25450	0.0056929499842226505	4.284515695069101e-05	1764313888
25500	0.005645301192998886	4.281735428447158e-05	1764313913
25550	0.006094066891819239	4.278950676308394e-05	1764313938
25600	0.004197323694825172	4.276161445663423e-05	1764313963
25650	0.005875779315829277	4.273367743534126e-05	1764313989
25700	0.004109899513423443	4.270569576953648e-05	1764314014
25750	0.0072721377946436405	4.267766952966369e-05	1764314039
25800	0.007662886753678322	4.264959878627891e-05	1764314064
25850	0.005192832089960575	4.262148361005021e-05	1764314089
25900	0.004036745987832546	4.259332407175751e-05	1764314114
25950	0.004097780678421259	4.2565120242292424e-05	1764314139
26000	0.006334622390568256	4.2536872192658036e-05	1764314165
26050	0.0099980179220438	4.250857999396879e-05	1764314190
26100	0.004428907763212919	4.248024371745027e-05	1764314215
26150	0.004600320942699909	4.245186343443901e-05	1764314240
26200	0.004796585999429226	4.242343921638234e-05	1764314265
26250	0.0037931245751678944	4.239497113483819e-05	1764314291
26300	0.004254047758877277	4.2366459261474933e-05	1764314316
26350	0.006060570012778044	4.2337903668071164e-05	1764314341
26400	0.006722911261022091	4.230930442651557e-05	1764314366
26450	0.008537424728274345	4.2280661608806696e-05	1764314391
26500	0.005979218520224094	4.2251975287052804e-05	1764314416
26550	0.004833051469177008	4.222324553347167e-05	1764314442
26600	0.007057735696434975	4.219447242039043e-05	1764314467
26650	0.005755970254540443	4.2165656020245336e-05	1764314492
26700	0.005192723125219345	4.213679640558167e-05	1764314517
26750	0.004489883780479431	4.210789364905346e-05	1764314542
26800	0.007384376600384712	4.2078947823423364e-05	1764314568
26850	0.004527102690190077	4.2049959001562464e-05	1764314593
26900	0.0047218650579452515	4.202092725645009e-05	1764314618
26950	0.006031617056578398	4.199185266117361e-05	1764314643
27000	0.004480333998799324	4.1962735288928305e-05	1764314669
27050	0.011009816080331802	4.193357521301712e-05	1764314693
27100	0.007447025738656521	4.1904372506850484e-05	1764314718
27150	0.006107191555202007	4.187512724394621e-05	1764314744
27200	0.004288677126169205	4.1845839497929204e-05	1764314769
27250	0.008171604946255684	4.181650934253132e-05	1764314794
27300	0.0070463987067341805	4.1787136851591194e-05	1764314819
27350	0.004472843371331692	4.1757722099054034e-05	1764314845
27400	0.007486168295145035	4.172826515897146e-05	1764314870
27450	0.007262024562805891	4.169876610550126e-05	1764314895
27500	0.005172560922801495	4.166922501290729e-05	1764314920
27550	0.004079137463122606	4.1639641955559205e-05	1764314945
27600	0.005672037601470947	4.161001700793231e-05	1764314970
27650	0.0030414583161473274	4.158035024460738e-05	1764314995
27700	0.004208956379443407	4.155064174027047e-05	1764315021
27750	0.0034472057595849037	4.152089156971268e-05	1764315046
27800	0.005726746749132872	4.1491099807830044e-05	1764315071
27850	0.006388841662555933	4.146126652962328e-05	1764315096
27900	0.0077199130319058895	4.143139181019764e-05	1764315122
27950	0.009015165269374847	4.140147572476268e-05	1764315147
28000	0.0041721295565366745	4.137151834863213e-05	1764315172
28050	0.0055512934923172	4.134151975722363e-05	1764315197
28100	0.00682712160050869	4.131148002605861e-05	1764315222
28150	0.005162947811186314	4.128139923076205e-05	1764315248
28200	0.003741850610822439	4.1251277447062315e-05	1764315273
28250	0.00394133385270834	4.1221114750790966e-05	1764315298
28300	0.007980180904269218	4.119091121788256e-05	1764315323
28350	0.005294973962008953	4.1160666924374435e-05	1764315348
28400	0.0055518848821520805	4.113038194640658e-05	1764315373
28450	0.005422109737992287	4.1100056360221384e-05	1764315399
28500	0.004051944240927696	4.1069690242163484e-05	1764315424
28550	0.0036869116593152285	4.103928366867954e-05	1764315449
28600	0.003824575338512659	4.100883671631806e-05	1764315474
28650	0.005915690213441849	4.0978349461729214e-05	1764315499
28700	0.006088320165872574	4.094782198166464e-05	1764315525
28750	0.005948918405920267	4.0917254352977206e-05	1764315550
28800	0.007037622854113579	4.088664665262091e-05	1764315575
28850	0.005204635672271252	4.085599895765058e-05	1764315600
28900	0.0042487941682338715	4.082531134522176e-05	1764315625
28950	0.007994066923856735	4.079458389259048e-05	1764315650
29000	0.00297327502630651	4.0763816677113064e-05	1764315675
29050	0.004570508375763893	4.073300977624594e-05	1764315701
29100	0.005212296266108751	4.070216326754544e-05	1764315726
29150	0.005942774936556816	4.067127722866761e-05	1764315751
29200	0.003813209244981408	4.064035173736804e-05	1764315776
29250	0.004916483536362648	4.060938687150159e-05	1764315802
29300	0.003941495902836323	4.057838270902228e-05	1764315826
29350	0.008062408305704594	4.054733932798306e-05	1764315852
29400	0.003523610532283783	4.0516256806535594e-05	1764315877
29450	0.0036148244980722666	4.0485135222930105e-05	1764315902
29500	0.002739572897553444	4.045397465551513e-05	1764315927
29550	0.004993787966668606	4.042277518273737e-05	1764315952
29600	0.004553828854113817	4.039153688314145e-05	1764315978
29650	0.005299849901348352	4.036025983536977e-05	1764316003
29700	0.0029900716617703438	4.0328944118162255e-05	1764316028
29750	0.0070232488214969635	4.0297589810356165e-05	1764316053
29800	0.003716767067089677	4.0266196990885955e-05	1764316079
29850	0.004355201963335276	4.0234765738783005e-05	1764316104
29900	0.007020833436399698	4.020329613317545e-05	1764316129
29950	0.005023277830332518	4.017178825328799e-05	1764316154
30000	0.007299527525901794	4.014024217844167e-05	1764316179
30050	0.005121991969645023	4.01086579880537e-05	1764316207
30100	0.003548106411471963	4.007703576163724e-05	1764316232
30150	0.0033681821078062057	4.0045375578801214e-05	1764316257
30200	0.006572543643414974	4.001367751925008e-05	1764316282
30250	0.004283277317881584	3.9981941662783674e-05	1764316308
30300	0.003375766333192587	3.995016808929698e-05	1764316333
30350	0.00523259025067091	3.9918356878779925e-05	1764316358
30400	0.005302497185766697	3.98865081113172e-05	1764316383
30450	0.00766146183013916	3.985462186708804e-05	1764316408
30500	0.004071771167218685	3.982269822636602e-05	1764316434
30550	0.006387642584741116	3.979073726951886e-05	1764316459
30600	0.004525963217020035	3.975873907700825e-05	1764316484
30650	0.005263372324407101	3.9726703729389593e-05	1764316509
30700	0.0040448508225381374	3.969463130731183e-05	1764316535
30750	0.0043416633270680904	3.966252189151726e-05	1764316560
30800	0.006033916026353836	3.9630375562841295e-05	1764316585
30850	0.0038163140416145325	3.959819240221226e-05	1764316610
30900	0.004117036238312721	3.956597249065126e-05	1764316635
30950	0.003451176453381777	3.953371590927185e-05	1764316660
31000	0.007381059695035219	3.9501422739279956e-05	1764316685
31050	0.003927978686988354	3.9469093061973584e-05	1764316711
31100	0.00728056812658906	3.943672695874267e-05	1764316736
31150	0.004872787743806839	3.9404324511068825e-05	1764316761
31200	0.007640122435986996	3.937188580052518e-05	1764316786
31250	0.0037698838859796524	3.933941090877615e-05	1764316812
31300	0.003907924517989159	3.9306899917577245e-05	1764316837
31350	0.0053652198985219	3.927435290877483e-05	1764316862
31400	0.003267152700573206	3.9241769964305976e-05	1764316887
31450	0.004933767952024937	3.920915116619819e-05	1764316912
31500	0.0051678502932190895	3.9176496596569265e-05	1764316938
31550	0.004123593680560589	3.9143806337627054e-05	1764316963
31600	0.004270877223461866	3.911108047166924e-05	1764316988
31650	0.003377010114490986	3.9078319081083124e-05	1764317013
31700	0.0033256050664931536	3.9045522248345504e-05	1764317038
31750	0.004327368922531605	3.901269005602235e-05	1764317063
31800	0.007471688557416201	3.897982258676867e-05	1764317088
31850	0.004157154820859432	3.8946919923328285e-05	1764317114
31900	0.004822211805731058	3.89139821485336e-05	1764317139
31950	0.003615326713770628	3.888100934530542e-05	1764317164
32000	0.0057800887152552605	3.884800159665276e-05	1764317189
32050	0.00482800742611289	3.881495898567257e-05	1764317215
32100	0.004681933671236038	3.878188159554959e-05	1764317240
32150	0.0038172469940036535	3.87487695095561e-05	1764317265
32200	0.0032473925966769457	3.871562281105175e-05	1764317290
32250	0.0037902449257671833	3.8682441583483314e-05	1764317315
32300	0.003575603710487485	3.864922591038448e-05	1764317341
32350	0.003968364093452692	3.861597587537568e-05	1764317366
32400	0.0044225589372217655	3.858269156216383e-05	1764317391
32450	0.0033669285476207733	3.8549373054542146e-05	1764317416
32500	0.0030895026866346598	3.851602043638994e-05	1764317441
32550	0.005298231728374958	3.8482633791672385e-05	1764317466
32600	0.004695887677371502	3.844921320444031e-05	1764317492
32650	0.005487231537699699	3.841575875883002e-05	1764317517
32700	0.00538264773786068	3.8382270539063035e-05	1764317542
32750	0.004389863461256027	3.834874862944591e-05	1764317567
32800	0.004709551110863686	3.8315193114369996e-05	1764317592
32850	0.004761973395943642	3.8281604078311286e-05	1764317618
32900	0.003624838078394532	3.824798160583012e-05	1764317643
32950	0.004780516028404236	3.821432578157105e-05	1764317668
33000	0.004113307222723961	3.818063669026256e-05	1764317693
33050	0.0032372702844440937	3.8146914416716904e-05	1764317718
33100	0.003763902233913541	3.8113159045829864e-05	1764317743
33150	0.003681022673845291	3.8079370662580537e-05	1764317768
33200	0.0040452079847455025	3.804554935203115e-05	1764317794
33250	0.004483033437281847	3.801169519932681e-05	1764317819
33300	0.0037178967613726854	3.7977808289695306e-05	1764317844
33350	0.00465692114084959	3.794388870844688e-05	1764317869
33400	0.007242485880851746	3.790993654097405e-05	1764317895
33450	0.004622114822268486	3.787595187275136e-05	1764317920
33500	0.00456337770447135	3.7841934789335164e-05	1764317945
33550	0.0026697409339249134	3.780788537636343e-05	1764317970
33600	0.004110353067517281	3.7773803719555514e-05	1764317995
33650	0.002833770588040352	3.773968990471195e-05	1764318021
33700	0.004393819719552994	3.770554401771423e-05	1764318046
33750	0.004679603036493063	3.767136614452458e-05	1764318071
33800	0.00349433277733624	3.763715637118575e-05	1764318096
33850	0.006714825984090567	3.76029147838208e-05	1764318121
33900	0.004464995115995407	3.75686414686329e-05	1764318147
33950	0.0033037993125617504	3.7534336511905076e-05	1764318172
34000	0.005848598200827837	3.7500000000000003e-05	1764318197
34050	0.0049340068362653255	3.746563201935982e-05	1764318223
34100	0.005239403340965509	3.7431232656505885e-05	1764318248
34150	0.004330188035964966	3.7396801998038536e-05	1764318273
34200	0.0052504222840070724	3.7362340130636925e-05	1764318298
34250	0.009104732424020767	3.7327847141058755e-05	1764318324
34300	0.0033329923171550035	3.72933231161401e-05	1764318349
34350	0.003246790962293744	3.7258768142795134e-05	1764318374
34400	0.0023918715305626392	3.7224182308015975e-05	1764318400
34450	0.006552902981638908	3.718956569887241e-05	1764318425
34500	0.0034357313998043537	3.715491840251172e-05	1764318450
34550	0.00515370350331068	3.712024050615843e-05	1764318475
34600	0.003020096570253372	3.708553209711409e-05	1764318500
34650	0.005363951437175274	3.70507932627571e-05	1764318525
34700	0.003132760524749756	3.701602409054243e-05	1764318550
34750	0.005429205950349569	3.6981224668001424e-05	1764318576
34800	0.0036423071287572384	3.694639508274158e-05	1764318601
34850	0.005626950412988663	3.691153542244635e-05	1764318626
34900	0.005229843780398369	3.6876645774874876e-05	1764318651
34950	0.006557283457368612	3.684172622786181e-05	1764318676
35000	0.005730206146836281	3.680677686931707e-05	1764318701
35050	0.0033550928346812725	3.677179778722563e-05	1764318726
35100	0.006461074110120535	3.673678906964727e-05	1764318752
35150	0.003718242049217224	3.670175080471642e-05	1764318777
35200	0.007539794314652681	3.6666683080641846e-05	1764318802
35250	0.005791871342808008	3.663158598570652e-05	1764318827
35300	0.0029357029125094414	3.659645960826732e-05	1764318853
35350	0.003521587932482362	3.6561304036754877e-05	1764318878
35400	0.004296570084989071	3.6526119359673284e-05	1764318903
35450	0.005204265937209129	3.6490905665599934e-05	1764318928
35500	0.0034296694211661816	3.645566304318526e-05	1764318953
35550	0.0032694817055016756	3.642039158115252e-05	1764318978
35600	0.0034714965149760246	3.638509136829758e-05	1764319003
35650	0.007359294220805168	3.634976249348867e-05	1764319029
35700	0.009319882839918137	3.631440504566621e-05	1764319054
35750	0.0045285774394869804	3.6279019113842524e-05	1764319079
35800	0.005824267398566008	3.624360478710165e-05	1764319104
35850	0.004380526952445507	3.620816215459911e-05	1764319130
35900	0.004116221331059933	3.61726913055617e-05	1764319155
35950	0.006976861506700516	3.613719232928724e-05	1764319180
36000	0.0034831943921744823	3.610166531514436e-05	1764319205
36050	0.003907084930688143	3.6066110352572264e-05	1764319230
36100	0.005475283600389957	3.603052753108053e-05	1764319255
36150	0.004138612654060125	3.599491694024889e-05	1764319280
36200	0.0027443822473287582	3.5959278669726935e-05	1764319306
36250	0.0035270587541162968	3.592361280923399e-05	1764319331
36300	0.0033501870930194855	3.588791944855881e-05	1764319356
36350	0.002714790403842926	3.585219867755938e-05	1764319381
36400	0.0065732658840715885	3.581645058616271e-05	1764319406
36450	0.004844268783926964	3.578067526436457e-05	1764319432
36500	0.002812386956065893	3.5744872802229296e-05	1764319457
36550	0.00827733799815178	3.5709043289889536e-05	1764319482
36600	0.005436084233224392	3.567318681754605e-05	1764319507
36650	0.0035195155069231987	3.5637303475467464e-05	1764319532
36700	0.0020632317755371332	3.5601393353990046e-05	1764319557
36750	0.003711692988872528	3.556545654351749e-05	1764319583
36800	0.004084927961230278	3.552949313452067e-05	1764319608
36850	0.006135129369795322	3.5493503217537424e-05	1764319633
36900	0.004295216873288155	3.545748688317232e-05	1764319658
36950	0.0034826574847102165	3.542144422209645e-05	1764319683
37000	0.0038448364939540625	3.5385375325047166e-05	1764319709
37050	0.0030900961719453335	3.534928028282786e-05	1764319734
37100	0.003411902580410242	3.5313159186307784e-05	1764319759
37150	0.003948928322643042	3.527701212642173e-05	1764319784
37200	0.005200698971748352	3.5240839194169885e-05	1764319809
37250	0.002981935627758503	3.520464048061758e-05	1764319834
37300	0.0038567567244172096	3.516841607689501e-05	1764319860
37350	0.0031448095105588436	3.513216607419708e-05	1764319885
37400	0.0044658249244093895	3.509589056378312e-05	1764319910
37450	0.0033228592947125435	3.50595896369767e-05	1764319935
37500	0.0034723328426480293	3.502326338516534e-05	1764319960
37550	0.006571345031261444	3.4986911899800354e-05	1764319986
37600	0.0029486301355063915	3.495053527239656e-05	1764320011
37650	0.005175287835299969	3.491413359453206e-05	1764320036
37700	0.002586268587037921	3.487770695784805e-05	1764320061
37750	0.003957652021199465	3.484125545404854e-05	1764320086
37800	0.003287395928055048	3.480477917490014e-05	1764320111
37850	0.005579299293458462	3.476827821223184e-05	1764320136
37900	0.0027129785157740116	3.4731752657934794e-05	1764320162
37950	0.00487616378813982	3.469520260396201e-05	1764320187
38000	0.003929141443222761	3.465862814232822e-05	1764320212
38050	0.0029291482642292976	3.462202936510959e-05	1764320237
38100	0.003317250171676278	3.458540636444349e-05	1764320263
38150	0.003882983233779669	3.454875923252828e-05	1764320288
38200	0.002395317889750004	3.4512088061623075e-05	1764320313
38250	0.0028976749163120985	3.447539294404751e-05	1764320338
38300	0.0028001805767416954	3.44386739721815e-05	1764320363
38350	0.0033869969192892313	3.4401931238464994e-05	1764320388
38400	0.005544164218008518	3.436516483539781e-05	1764320413
38450	0.0033769230358302593	3.432837485553929e-05	1764320439
38500	0.005633306689560413	3.4291561391508185e-05	1764320464
38550	0.0028929882682859898	3.425472453598236e-05	1764320489
38600	0.00324908085167408	3.421786438169852e-05	1764320514
38650	0.0031510579865425825	3.418098102145208e-05	1764320540
38700	0.002706976141780615	3.4144074548096866e-05	1764320565
38750	0.0030454176012426615	3.4107145054544857e-05	1764320590
38800	0.005131848622113466	3.4070192633766025e-05	1764320615
38850	0.006115650292485952	3.403321737878804e-05	1764320640
38900	0.006439859978854656	3.399621938269606e-05	1764320666
38950	0.0030857648234814405	3.39591987386325e-05	1764320691
39000	0.00309168198145926	3.392215553979679e-05	1764320716
39050	0.0036490214988589287	3.3885089879445146e-05	1764320741
39100	0.0058004241436719894	3.3848001850890296e-05	1764320767
39150	0.0024350257590413094	3.3810891547501335e-05	1764320792
39200	0.00464803958311677	3.3773759062703396e-05	1764320817
39250	0.0050437599420547485	3.3736604489977466e-05	1764320842
39300	0.002110317349433899	3.369942792286013e-05	1764320867
39350	0.0037417886778712273	3.366222945494337e-05	1764320893
39400	0.006767627317458391	3.3625009179874265e-05	1764320918
39450	0.0034250966273248196	3.358776719135483e-05	1764320943
39500	0.005152679979801178	3.355050358314172e-05	1764320968
39550	0.0025273426435887814	3.3513218449046025e-05	1764320994
39600	0.004552521277219057	3.3475911882933015e-05	1764321019
39650	0.0037541515193879604	3.343858397872195e-05	1764321044
39700	0.004153101705014706	3.3401234830385756e-05	1764321069
39750	0.002715542446821928	3.336386453195088e-05	1764321094
39800	0.004077852703630924	3.332647317749702e-05	1764321119
39850	0.002969809342175722	3.328906086115685e-05	1764321144
39900	0.002530611352995038	3.325162767711583e-05	1764321170
39950	0.003191887866705656	3.321417371961196e-05	1764321195
40000	0.004171751439571381	3.3176699082935545e-05	1764321220
40050	0.0033038659021258354	3.313920386142892e-05	1764321248
40100	0.005965203978121281	3.310168814948627e-05	1764321273
40150	0.002339673927053809	3.306415204155335e-05	1764321298
40200	0.006693582516163588	3.302659563212727e-05	1764321323
40250	0.0026670589577406645	3.2989019015756254e-05	1764321349
40300	0.005243583116680384	3.295142228703938e-05	1764321374
40350	0.003031130414456129	3.291380554062636e-05	1764321399
40400	0.004166659899055958	3.2876168871217325e-05	1764321424
40450	0.0021980004385113716	3.2838512373562536e-05	1764321449
40500	0.0032470193691551685	3.280083614246218e-05	1764321474
40550	0.0034404920879751444	3.2763140272766125e-05	1764321500
40600	0.004115964286029339	3.272542485937369e-05	1764321525
40650	0.0019036277662962675	3.268768999723336e-05	1764321550
40700	0.003573151072487235	3.264993578134263e-05	1764321575
40750	0.002880007028579712	3.261216230674768e-05	1764321600
40800	0.003717096522450447	3.257436966854319e-05	1764321626
40850	0.0027725412510335445	3.2536557961872074e-05	1764321651
40900	0.004130986053496599	3.249872728192527e-05	1764321676
40950	0.002569283824414015	3.2460877723941465e-05	1764321701
41000	0.0020873364992439747	3.2423009383206876e-05	1764321727
41050	0.007555665448307991	3.2385122355055005e-05	1764321752
41100	0.002804566640406847	3.23472167348664e-05	1764321777
41150	0.005621017422527075	3.230929261806842e-05	1764321802
41200	0.002546661300584674	3.2271350100134975e-05	1764321827
41250	0.004489435814321041	3.223338927658632e-05	1764321852
41300	0.0034088920801877975	3.2195410242988776e-05	1764321877
41350	0.003015804337337613	3.215741309495451e-05	1764321903
41400	0.0031340084969997406	3.211939792814131e-05	1764321928
41450	0.004108126740902662	3.20813648382523e-05	1764321953
41500	0.0035327808000147343	3.2043313921035743e-05	1764321978
41550	0.0029669306240975857	3.2005245272284785e-05	1764322003
41600	0.004092740826308727	3.19671589878372e-05	1764322029
41650	0.0025465304497629404	3.192905516357515e-05	1764322054
41700	0.002529405988752842	3.1890933895424976e-05	1764322079
41750	0.003994779661297798	3.185279527935694e-05	1764322104
41800	0.002357760677114129	3.181463941138495e-05	1764322129
41850	0.0028092600405216217	3.177646638756635e-05	1764322154
41900	0.004304465837776661	3.17382763040017e-05	1764322180
41950	0.002826540032401681	3.170006925683448e-05	1764322205
42000	0.002898108446970582	3.166184534225087e-05	1764322230
42050	0.0030139817390590906	3.162360465647957e-05	1764322255
42100	0.003045054152607918	3.158534729579142e-05	1764322280
42150	0.0028220675885677338	3.1547073356499296e-05	1764322306
42200	0.0031608936842530966	3.15087829349578e-05	1764322330
42250	0.00417556706815958	3.147047612756302e-05	1764322356
42300	0.002094344701617956	3.1432153030752295e-05	1764322381
42350	0.004547686316072941	3.139381374100397e-05	1764322406
42400	0.003311451990157366	3.135545835483718e-05	1764322431
42450	0.002805085852742195	3.131708696881154e-05	1764322457
42500	0.0048487260937690735	3.127869967952698e-05	1764322482
42550	0.0026961215771734715	3.124029658362346e-05	1764322507
42600	0.003767462680116296	3.120187777778073e-05	1764322532
42650	0.0032501001842319965	3.1163443358718065e-05	1764322557
42700	0.0027201520279049873	3.11249934231941e-05	1764322582
42750	0.008154772222042084	3.108652806800648e-05	1764322607
42800	0.004237049724906683	3.104804738999169e-05	1764322633
42850	0.0034947069361805916	3.100955148602481e-05	1764322658
42900	0.0038267262279987335	3.097104045301922e-05	1764322683
42950	0.0026946081779897213	3.0932514387926406e-05	1764322708
43000	0.003041571471840143	3.0893973387735687e-05	1764322733
43050	0.005361627787351608	3.0855417549473975e-05	1764322759
43100	0.0028559346683323383	3.0816846970205556e-05	1764322784
43150	0.003579301293939352	3.077826174703183e-05	1764322809
43200	0.003601404372602701	3.073966197709103e-05	1764322834
43250	0.004111327230930328	3.070104775755804e-05	1764322859
43300	0.0019211180042475462	3.0662419185644115e-05	1764322884
43350	0.0031499809119850397	3.062377635859663e-05	1764322910
43400	0.003788578789681196	3.058511937369886e-05	1764322935
43450	0.0025633014738559723	3.054644832826972e-05	1764322960
43500	0.003193431766703725	3.0507763319663517e-05	1764322985
43550	0.0032673105597496033	3.0469064445269724e-05	1764323010
43600	0.00614833552390337	3.0430351802512698e-05	1764323036
43650	0.0026235647965222597	3.0391625488851476e-05	1764323061
43700	0.0028058630414307117	3.0352885601779512e-05	1764323086
43750	0.0030124152544885874	3.0314132238824415e-05	1764323111
43800	0.0028832261450588703	3.027536549754775e-05	1764323136
43850	0.0026389530394226313	3.0236585475544717e-05	1764323161
43900	0.002156575210392475	3.0197792270443982e-05	1764323186
43950	0.0068001593463122845	3.0158985979907405e-05	1764323212
44000	0.0033379343803972006	3.012016670162977e-05	1764323237
44050	0.0035713640972971916	3.0081334533338557e-05	1764323262
44100	0.0028801390435546637	3.004248957279372e-05	1764323287
44150	0.002039964310824871	3.0003631917787378e-05	1764323313
44200	0.007012615446001291	2.996476166614364e-05	1764323338
44250	0.0024791264440864325	2.992587891571833e-05	1764323363
44300	0.002471975749358535	2.9886983764398707e-05	1764323388
44350	0.0021170254331082106	2.9848076310103286e-05	1764323413
44400	0.006548407021909952	2.9809156650781528e-05	1764323439
44450	0.002241704612970352	2.9770224884413623e-05	1764323464
44500	0.0016991901211440563	2.9731281109010256e-05	1764323489
44550	0.003250556066632271	2.969232542261234e-05	1764323514
44600	0.0024576587602496147	2.9653357923290753e-05	1764323540
44650	0.00238755252212286	2.9614378709146133e-05	1764323565
44700	0.0017302373889833689	2.9575387878308615e-05	1764323590
44750	0.002519164700061083	2.9536385528937567e-05	1764323615
44800	0.003202056046575308	2.9497371759221347e-05	1764323640
44850	0.00224812189117074	2.9458346667377078e-05	1764323666
44900	0.0023683677427470684	2.9419310351650392e-05	1764323691
44950	0.0025146305561065674	2.9380262910315155e-05	1764323716
45000	0.00376973208039999	2.9341204441673266e-05	1764323741
45050	0.0026046682614833117	2.9302135044054357e-05	1764323766
45100	0.0026245967019349337	2.92630548158156e-05	1764323791
45150	0.0023134672082960606	2.9223963855341418e-05	1764323817
45200	0.003842379665002227	2.918486226104327e-05	1764323842
45250	0.0019183780532330275	2.9145750131359355e-05	1764323867
45300	0.0036626835353672504	2.910662756475443e-05	1764323892
45350	0.005706350319087505	2.90674946597195e-05	1764323917
45400	0.006006262265145779	2.9028351514771606e-05	1764323943
45450	0.003890756517648697	2.8989198228453573e-05	1764323968
45500	0.0020169606432318687	2.895003489933375e-05	1764323993
45550	0.0030407127924263477	2.8910861626005776e-05	1764324018
45600	0.0022005769424140453	2.8871678507088312e-05	1764324044
45650	0.0034487303346395493	2.8832485641224816e-05	1764324068
45700	0.004624083172529936	2.8793283127083292e-05	1764324094
45750	0.003063751384615898	2.8754071063356008e-05	1764324119
45800	0.0025524431839585304	2.8714849548759293e-05	1764324144
45850	0.0044711921364068985	2.8675618682033273e-05	1764324169
45900	0.003493937198072672	2.8636378561941592e-05	1764324194
45950	0.004595825914293528	2.8597129287271207e-05	1764324220
46000	0.004028813913464546	2.8557870956832132e-05	1764324245
46050	0.0071451375260949135	2.8518603669457162e-05	1764324270
46100	0.005358446389436722	2.8479327524001636e-05	1764324295
46150	0.004296809434890747	2.8440042619343227e-05	1764324321
46200	0.0030524362809956074	2.840074905438161e-05	1764324346
46250	0.0031252200715243816	2.8361446928038298e-05	1764324371
46300	0.0035250913351774216	2.8322136339256356e-05	1764324396
46350	0.00360474013723433	2.828281738700013e-05	1764324421
46400	0.0028066772501915693	2.8243490170255043e-05	1764324446
46450	0.0025714579969644547	2.8204154788027325e-05	1764324471
46500	0.00295674498192966	2.8164811339343732e-05	1764324497
46550	0.0022482904605567455	2.812545992325137e-05	1764324522
46600	0.003149774856865406	2.808610063881737e-05	1764324547
46650	0.005972567480057478	2.8046733585128687e-05	1764324572
46700	0.005021434277296066	2.800735886129184e-05	1764324597
46750	0.00235438602976501	2.796797656643263e-05	1764324623
46800	0.003722150344401598	2.792858679969596e-05	1764324648
46850	0.003876706585288048	2.7889189660245503e-05	1764324673
46900	0.009216709062457085	2.7849785247263515e-05	1764324698
46950	0.0030425330623984337	2.7810373659950573e-05	1764324724
47000	0.002670374233275652	2.7770954997525277e-05	1764324749
47050	0.0035729892551898956	2.7731529359224077e-05	1764324774
47100	0.0017060281243175268	2.769209684430098e-05	1764324799
47150	0.0031553488224744797	2.765265755202727e-05	1764324824
47200	0.0027710627764463425	2.761321158169134e-05	1764324849
47250	0.004847997799515724	2.7573759032598366e-05	1764324874
47300	0.004689403809607029	2.7534300004070086e-05	1764324900
47350	0.003029875922948122	2.7494834595444568e-05	1764324925
47400	0.0034985593520104885	2.7455362906075932e-05	1764324950
47450	0.0017616810509935021	2.74158850353341e-05	1764324975
47500	0.0032756172586232424	2.7376401082604564e-05	1764325001
47550	0.003579183481633663	2.7336911147288146e-05	1764325026
47600	0.002071923576295376	2.7297415328800692e-05	1764325051
47650	0.002041563857346773	2.7257913726572883e-05	1764325076
47700	0.0021317959763109684	2.7218406440049954e-05	1764325101
47750	0.0038835809100419283	2.717889356869146e-05	1764325126
47800	0.0034319052938371897	2.7139375211970996e-05	1764325151
47850	0.003129230812191963	2.7099851469375986e-05	1764325177
47900	0.002261560410261154	2.706032244040741e-05	1764325202
47950	0.0047514718025922775	2.7020788224579535e-05	1764325227
48000	0.0022137584164738655	2.698124892141971e-05	1764325252
48050	0.004074569791555405	2.6941704630468094e-05	1764325278
48100	0.0015037442790344357	2.6902155451277377e-05	1764325303
48150	0.003647823818027973	2.686260148341258e-05	1764325328
48200	0.002104349434375763	2.6823042826450774e-05	1764325353
48250	0.0023325206711888313	2.6783479579980807e-05	1764325378
48300	0.003170217853039503	2.674391184360313e-05	1764325404
48350	0.002291616518050432	2.670433971692947e-05	1764325429
48400	0.003389534540474415	2.6664763299582602e-05	1764325454
48450	0.004172961227595806	2.6625182691196105e-05	1764325479
48500	0.006269231904298067	2.6585597991414114e-05	1764325504
48550	0.0033883173018693924	2.6546009299891077e-05	1764325529
48600	0.0023815163876861334	2.6506416716291465e-05	1764325554
48650	0.004325871355831623	2.646682034028956e-05	1764325580
48700	0.003422847716137767	2.6427220271569203e-05	1764325605
48750	0.006303794682025909	2.6387616609823507e-05	1764325630
48800	0.002726589562371373	2.6348009454754653e-05	1764325655
48850	0.0024979091249406338	2.63083989060736e-05	1764325681
48900	0.009386147372424603	2.626878506349986e-05	1764325706
48950	0.003029101761057973	2.6229168026761232e-05	1764325731
49000	0.0029605492018163204	2.6189547895593562e-05	1764325756
49050	0.0033074093516916037	2.614992476974048e-05	1764325781
49100	0.003069336526095867	2.6110298748953153e-05	1764325807
49150	0.0031354553066194057	2.6070669932990067e-05	1764325832
49200	0.0016645074356347322	2.6031038421616683e-05	1764325857
49250	0.00250175385735929	2.599140431460531e-05	1764325882
49300	0.0030258079059422016	2.5951767711734753e-05	1764325908
49350	0.0032120589166879654	2.591212871279012e-05	1764325933
49400	0.0037570588756352663	2.587248741756253e-05	1764325959
49450	0.0017084567807614803	2.5832843925848904e-05	1764325984
49500	0.0038633709773421288	2.5793198337451696e-05	1764326009
49550	0.003260753583163023	2.5753550752178613e-05	1764326034
49600	0.0017512503545731306	2.5713901269842404e-05	1764326059
49650	0.0024875542148947716	2.5674249990260614e-05	1764326085
49700	0.004344391170889139	2.563459701325526e-05	1764326110
49750	0.0019709444604814053	2.5594942438652688e-05	1764326135
49800	0.002565748058259487	2.5555286366283237e-05	1764326160
49850	0.002194022061303258	2.551562889598102e-05	1764326186
49900	0.004048109985888004	2.5475970127583666e-05	1764326211
49950	0.0029075169004499912	2.5436310160932092e-05	1764326236
50000	0.002260856330394745	2.5396649095870202e-05	1764326261
50050	0.003776581259444356	2.5356987032244683e-05	1764326289
50100	0.005610525608062744	2.531732406990474e-05	1764326314
50150	0.0019167286809533834	2.5277660308701833e-05	1764326339
50200	0.0022345618344843388	2.523799584848942e-05	1764326364
50250	0.0017211699159815907	2.5198330789122742e-05	1764326389
50300	0.0023080732207745314	2.515866523045855e-05	1764326415
50350	0.0019694585353136063	2.5118999272354816e-05	1764326440
50400	0.0024158423766493797	2.507933301467056e-05	1764326465
50450	0.0019102348014712334	2.503966655726554e-05	1764326490
50500	0.002785753458738327	2.5e-05	1764326515
50550	0.0018897720146924257	2.496033344273447e-05	1764326541
50600	0.0020262179896235466	2.4920666985329443e-05	1764326566
50650	0.0037334123626351357	2.4881000727645193e-05	1764326591
50700	0.004703688435256481	2.484133476954146e-05	1764326616
50750	0.0027499920688569546	2.4801669210877264e-05	1764326642
50800	0.00271062133833766	2.4762004151510584e-05	1764326667
50850	0.0022408654913306236	2.472233969129818e-05	1764326692
50900	0.004484314471483231	2.4682675930095263e-05	1764326717
50950	0.0020484987180680037	2.4643012967755326e-05	1764326742
51000	0.001836909563280642	2.46033509041298e-05	1764326768
51050	0.0023998445831239223	2.4563689839067913e-05	1764326793
51100	0.002585526555776596	2.4524029872416333e-05	1764326818
51150	0.0014609987847507	2.4484371104018986e-05	1764326843
51200	0.0028990046121180058	2.4444713633716765e-05	1764326868
51250	0.0016698865219950676	2.4405057561347315e-05	1764326893
51300	0.0018964128103107214	2.4365402986744738e-05	1764326919
51350	0.003377930959686637	2.4325750009739395e-05	1764326944
51400	0.003587850835174322	2.42860987301576e-05	1764326969
51450	0.003316129557788372	2.4246449247821392e-05	1764326994
51500	0.002595522440969944	2.4206801662548314e-05	1764327019
51550	0.0014259866438806057	2.41671560741511e-05	1764327045
51600	0.005628427490592003	2.4127512582437485e-05	1764327070
51650	0.0018855695379897952	2.408787128720989e-05	1764327095
51700	0.0036139930598437786	2.4048232288265253e-05	1764327120
51750	0.0022245808504521847	2.4008595685394696e-05	1764327145
51800	0.0023460618685930967	2.3968961578383323e-05	1764327170
51850	0.001987265655770898	2.3929330067009942e-05	1764327195
51900	0.0032839502673596144	2.388970125104685e-05	1764327221
51950	0.002128340071067214	2.3850075230259522e-05	1764327246
52000	0.0016748702619224787	2.3810452104406444e-05	1764327271
52050	0.002217929344624281	2.377083197323877e-05	1764327296
52100	0.0028678590897470713	2.3731214936500147e-05	1764327322
52150	0.005258133169263601	2.3691601093926404e-05	1764327347
52200	0.003925740253180265	2.3651990545245356e-05	1764327372
52250	0.002266224008053541	2.3612383390176503e-05	1764327397
52300	0.0017616847762838006	2.35727797284308e-05	1764327422
52350	0.002637509722262621	2.3533179659710445e-05	1764327448
52400	0.002359165344387293	2.349358328370854e-05	1764327473
52450	0.0016368573997169733	2.3453990700108932e-05	1764327498
52500	0.001953317318111658	2.3414402008585888e-05	1764327523
52550	0.005177399143576622	2.3374817308803908e-05	1764327548
52600	0.0017238918226212263	2.3335236700417404e-05	1764327573
52650	0.00162539875600487	2.3295660283070535e-05	1764327599
52700	0.0024526286870241165	2.3256088156396868e-05	1764327624
52750	0.002435503527522087	2.3216520420019195e-05	1764327649
52800	0.0014470042660832405	2.3176957173549235e-05	1764327674
52850	0.0017503598937764764	2.3137398516587425e-05	1764327699
52900	0.001456761034205556	2.309784454872262e-05	1764327725
52950	0.0020976648665964603	2.3058295369531908e-05	1764327750
53000	0.002152217086404562	2.3018751078580287e-05	1764327775
53050	0.0021403988357633352	2.297921177542047e-05	1764327800
53100	0.004219582304358482	2.2939677559592605e-05	1764327825
53150	0.004850251600146294	2.290014853062402e-05	1764327850
53200	0.009339436888694763	2.2860624788029013e-05	1764327875
53250	0.0020065903663635254	2.2821106431308544e-05	1764327901
53300	0.0042094821110367775	2.2781593559950052e-05	1764327926
53350	0.0021641578059643507	2.2742086273427123e-05	1764327951
53400	0.0021764333359897137	2.2702584671199317e-05	1764327976
53450	0.0018043292220681906	2.266308885271186e-05	1764328002
53500	0.0048027499578893185	2.2623598917395438e-05	1764328027
53550	0.0035426635295152664	2.25841149646659e-05	1764328052
53600	0.001498874626122415	2.2544637093924074e-05	1764328077
53650	0.0020808065310120583	2.250516540455543e-05	1764328103
53700	0.0028384027536958456	2.2465699995929916e-05	1764328128
53750	0.0017877344507724047	2.242624096740164e-05	1764328153
53800	0.0016566544072702527	2.238678841830867e-05	1764328178
53850	0.0028981093782931566	2.2347342447972727e-05	1764328203
53900	0.0027447002939879894	2.2307903155699027e-05	1764328229
53950	0.005005965009331703	2.2268470640775932e-05	1764328254
54000	0.00220768665894866	2.222904500247473e-05	1764328279
54050	0.0037674761842936277	2.2189626340049437e-05	1764328304
54100	0.003730369033291936	2.2150214752736488e-05	1764328329
54150	0.0033421029802411795	2.2110810339754506e-05	1764328354
54200	0.00267411838285625	2.2071413200304043e-05	1764328379
54250	0.0026622884906828403	2.2032023433567378e-05	1764328405
54300	0.002698382828384638	2.1992641138708166e-05	1764328430
54350	0.005321380216628313	2.195326641487132e-05	1764328455
54400	0.0023853846359997988	2.1913899361182632e-05	1764328480
54450	0.002327889669686556	2.187454007674864e-05	1764328506
54500	0.0038185894954949617	2.1835188660656267e-05	1764328531
54550	0.003658111672848463	2.179584521197268e-05	1764328556
54600	0.002624174579977989	2.1756509829744956e-05	1764328581
54650	0.0021719331853091717	2.1717182612999875e-05	1764328606
54700	0.0036952937953174114	2.167786366074365e-05	1764328631
54750	0.002698904601857066	2.1638553071961708e-05	1764328656
54800	0.00222811009734869	2.1599250945618402e-05	1764328682
54850	0.0016866866499185562	2.1559957380656782e-05	1764328707
54900	0.0029545766301453114	2.1520672475998373e-05	1764328732
54950	0.003810643684118986	2.1481396330542847e-05	1764328757
55000	0.0018692601006478071	2.1442129043167874e-05	1764328783
55050	0.002283751731738448	2.14028707127288e-05	1764328808
55100	0.003420189255848527	2.136362143805842e-05	1764328833
55150	0.0018906714394688606	2.1324381317966732e-05	1764328858
55200	0.002633114578202367	2.1285150451240713e-05	1764328883
55250	0.00311594782397151	2.124592893664399e-05	1764328909
55300	0.0013564531691372395	2.1206716872916714e-05	1764328934
55350	0.002190768253058195	2.1167514358775183e-05	1764328959
55400	0.0018750191666185856	2.1128321492911697e-05	1764328984
55450	0.002929720561951399	2.1089138373994223e-05	1764329010
55500	0.002233587671071291	2.104996510066625e-05	1764329034
55550	0.0020744060166180134	2.101080177154643e-05	1764329059
55600	0.004110888112336397	2.09716484852284e-05	1764329085
55650	0.0024532489478588104	2.093250534028051e-05	1764329110
55700	0.0016918274341151118	2.089337243524558e-05	1764329135
55750	0.0023958194069564342	2.085424986864065e-05	1764329160
55800	0.003222786821424961	2.0815137738956735e-05	1764329186
55850	0.0034930091351270676	2.077603614465859e-05	1764329211
55900	0.001658405875787139	2.0736945184184405e-05	1764329236
55950	0.0021749534644186497	2.0697864955945652e-05	1764329261
56000	0.0029951315373182297	2.0658795558326743e-05	1764329286
56050	0.002288668882101774	2.061973708968485e-05	1764329312
56100	0.002195008099079132	2.0580689648349603e-05	1764329337
56150	0.0013677915558218956	2.0541653332622925e-05	1764329362
56200	0.004978429991751909	2.0502628240778655e-05	1764329387
56250	0.0017278768355026841	2.0463614471062435e-05	1764329413
56300	0.00207085395231843	2.0424612121691384e-05	1764329438
56350	0.004152266774326563	2.038562129085387e-05	1764329463
56400	0.0019394881092011929	2.034664207670925e-05	1764329488
56450	0.007759583182632923	2.0307674577387667e-05	1764329514
56500	0.0023855268955230713	2.0268718890989753e-05	1764329539
56550	0.0025215009227395058	2.022977511558638e-05	1764329564
56600	0.0019296982791274786	2.0190843349218485e-05	1764329589
56650	0.0032416400499641895	2.0151923689896723e-05	1764329614
56700	0.004892970435321331	2.0113016235601302e-05	1764329639
56750	0.0024842016864567995	2.0074121084281678e-05	1764329664
56800	0.0018044442404061556	2.003523833385637e-05	1764329690
56850	0.0017370409332215786	1.999636808221263e-05	1764329715
56900	0.0029982784762978554	1.9957510427206295e-05	1764329740
56950	0.0020736006554216146	1.9918665466661446e-05	1764329765
57000	0.002632296644151211	1.9879833298370238e-05	1764329790
57050	0.0018669564742594957	1.984101402009259e-05	1764329816
57100	0.0016644515562802553	1.980220772955602e-05	1764329841
57150	0.0020228195935487747	1.9763414524455285e-05	1764329866
57200	0.001672342885285616	1.972463450245226e-05	1764329891
57250	0.0015891457442194223	1.9685867761175584e-05	1764329917
57300	0.0030272305011749268	1.9647114398220494e-05	1764329942
57350	0.0018425323069095612	1.960837451114853e-05	1764329967
57400	0.0032657706178724766	1.956964819748731e-05	1764329992
57450	0.0018014605157077312	1.953093555473029e-05	1764330017
57500	0.002452305518090725	1.9492236680336485e-05	1764330042
57550	0.0021774116903543472	1.945355167173029e-05	1764330067
57600	0.0029664025641977787	1.9414880626301147e-05	1764330093
57650	0.0024543171748518944	1.937622364140338e-05	1764330118
57700	0.0018658695043995976	1.9337580814355888e-05	1764330143
57750	0.0017480370588600636	1.929895224244197e-05	1764330168
57800	0.003236057236790657	1.926033802290897e-05	1764330194
57850	0.002583566354587674	1.9221738252968175e-05	1764330219
57900	0.0021287179552018642	1.918315302979444e-05	1764330244
57950	0.004021326079964638	1.914458245052603e-05	1764330269
58000	0.0028168524149805307	1.9106026612264316e-05	1764330294
58050	0.0021123450715094805	1.9067485612073603e-05	1764330320
58100	0.0020550985354930162	1.9028959546980777e-05	1764330345
58150	0.002136343391612172	1.899044851397519e-05	1764330370
58200	0.002653392031788826	1.895195261000831e-05	1764330395
58250	0.0022575450129806995	1.891347193199353e-05	1764330421
58300	0.002553656231611967	1.8875006576805914e-05	1764330446
58350	0.0021999699529260397	1.883655664128194e-05	1764330471
58400	0.0020419121719896793	1.879812222221929e-05	1764330496
58450	0.0023681772872805595	1.8759703416376542e-05	1764330521
58500	0.002015329897403717	1.872130032047302e-05	1764330546
58550	0.0028597915079444647	1.8682913031188464e-05	1764330571
58600	0.0014594633830711246	1.8644541645162834e-05	1764330597
58650	0.0022087274119257927	1.8606186258996027e-05	1764330622
58700	0.0026142399292439222	1.8567846969247714e-05	1764330647
58750	0.0026825680397450924	1.852952387243698e-05	1764330672
58800	0.005606574472039938	1.84912170650422e-05	1764330697
58850	0.0013603477273136377	1.84529266435007e-05	1764330723
58900	0.0035484693944454193	1.8414652704208583e-05	1764330748
58950	0.0023229080252349377	1.8376395343520434e-05	1764330773
59000	0.004204872529953718	1.8338154657749128e-05	1764330798
59050	0.0018265973776578903	1.8299930743165535e-05	1764330824
59100	0.0015472546219825745	1.8261723695998307e-05	1764330849
59150	0.002415140625089407	1.8223533612433653e-05	1764330874
59200	0.005708031356334686	1.8185360588615058e-05	1764330899
59250	0.005041182041168213	1.8147204720643067e-05	1764330925
59300	0.0036796405911445618	1.8109066104575023e-05	1764330950
59350	0.003560455981642008	1.8070944836424863e-05	1764330975
59400	0.0020314964931458235	1.803284101216281e-05	1764331000
59450	0.002267379779368639	1.7994754727715224e-05	1764331025
59500	0.003312205895781517	1.795668607896426e-05	1764331051
59550	0.006372968200594187	1.7918635161747708e-05	1764331076
59600	0.0027018666733056307	1.7880602071858692e-05	1764331101
59650	0.0022539636120200157	1.7842586905045494e-05	1764331126
59700	0.005969634745270014	1.7804589757011226e-05	1764331152
59750	0.0024512559175491333	1.7766610723413684e-05	1764331177
59800	0.0016079411143437028	1.7728649899865024e-05	1764331202
59850	0.0024893665686249733	1.7690707381931583e-05	1764331227
59900	0.0018244290258735418	1.7652783265133606e-05	1764331252
59950	0.001568176201544702	1.7614877644945e-05	1764331278
60000	0.0018071990925818682	1.7576990616793137e-05	1764331303
60050	0.0023481552489101887	1.753912227605854e-05	1764331331
60100	0.0012332041515037417	1.7501272718074737e-05	1764331356
60150	0.0015588083770126104	1.7463442038127932e-05	1764331381
60200	0.001575935515575111	1.742563033145682e-05	1764331406
60250	0.0029142878483980894	1.7387837693252328e-05	1764331431
60300	0.00246228976175189	1.735006421865738e-05	1764331456
60350	0.0015657590702176094	1.7312310002766634e-05	1764331481
60400	0.002097560791298747	1.7274575140626318e-05	1764331507
60450	0.0015596580924466252	1.723685972723387e-05	1764331532
60500	0.001732389908283949	1.7199163857537825e-05	1764331557
60550	0.002130189212039113	1.7161487626437473e-05	1764331582
60600	0.0036988831125199795	1.7123831128782684e-05	1764331608
60650	0.0034183617681264877	1.7086194459373638e-05	1764331633
60700	0.003520925994962454	1.7048577712960627e-05	1764331658
60750	0.00314421858638525	1.7010980984243756e-05	1764331683
60800	0.0014179444406181574	1.697340436787273e-05	1764331708
60850	0.002006573136895895	1.6935847958446657e-05	1764331734
60900	0.0017121994169428945	1.6898311850513738e-05	1764331759
60950	0.0024622632190585136	1.686079613857109e-05	1764331784
61000	0.002401591744273901	1.682330091706446e-05	1764331809
61050	0.0016346658812835813	1.678582628038804e-05	1764331834
61100	0.0021800717804580927	1.674837232288417e-05	1764331859
61150	0.0013781515881419182	1.6710939138843157e-05	1764331884
61200	0.005567023530602455	1.667352682250298e-05	1764331910
61250	0.002368104411289096	1.6636135468049123e-05	1764331935
61300	0.0011241035535931587	1.6598765169614243e-05	1764331960
61350	0.002483262913301587	1.6561416021278058e-05	1764331985
61400	0.0027034198865294456	1.6524088117066984e-05	1764332011
61450	0.0021809805184602737	1.6486781550953984e-05	1764332036
61500	0.0027746323030442	1.6449496416858284e-05	1764332061
61550	0.002394096925854683	1.6412232808645173e-05	1764332086
61600	0.001873202039860189	1.637499082012574e-05	1764332111
61650	0.0023037209175527096	1.6337770545056634e-05	1764332137
61700	0.0015275735640898347	1.6300572077139874e-05	1764332162
61750	0.002531586680561304	1.6263395510022543e-05	1764332187
61800	0.0015691586304455996	1.6226240937296617e-05	1764332212
61850	0.0023378573823720217	1.618910845249867e-05	1764332238
61900	0.0010224555153399706	1.615199814910971e-05	1764332263
61950	0.0017332800198346376	1.611491012055486e-05	1764332288
62000	0.0032349389512091875	1.6077844460203206e-05	1764332313
62050	0.001760855782777071	1.6040801261367493e-05	1764332338
62100	0.0020668187644332647	1.600378061730394e-05	1764332363
62150	0.003547480795532465	1.5966782621211963e-05	1764332388
62200	0.003030732274055481	1.5929807366233977e-05	1764332414
62250	0.0031269737519323826	1.589285494545514e-05	1764332439
62300	0.0019470214610919356	1.585592545190314e-05	1764332464
62350	0.0016529446002095938	1.5819018978547916e-05	1764332489
62400	0.004623202607035637	1.5782135618301486e-05	1764332515
62450	0.0025895843282341957	1.5745275464017657e-05	1764332540
62500	0.0011701066978275776	1.5708438608491814e-05	1764332565
62550	0.0017911404138430953	1.567162514446072e-05	1764332590
62600	0.0014593021478503942	1.56348351646022e-05	1764332615
62650	0.0022741041611880064	1.559806876153501e-05	1764332641
62700	0.002341269049793482	1.5561326027818507e-05	1764332666
62750	0.0015620326157659292	1.5524607055952496e-05	1764332691
62800	0.0017704467754811049	1.5487911938376924e-05	1764332716
62850	0.0015642850194126368	1.545124076747173e-05	1764332741
62900	0.004525704775005579	1.541459363555652e-05	1764332766
62950	0.0014885368291288614	1.537797063489042e-05	1764332792
63000	0.002385552739724517	1.5341371857671782e-05	1764332817
63050	0.002112868707627058	1.5304797396037998e-05	1764332842
63100	0.0008531036437489092	1.5268247342065215e-05	1764332867
63150	0.0023178616538643837	1.523172178776816e-05	1764332892
63200	0.00196837424300611	1.5195220825099862e-05	1764332918
63250	0.0019565513357520103	1.5158744545951467e-05	1764332943
63300	0.002564592519775033	1.5122293042151953e-05	1764332968
63350	0.0021509630605578423	1.5085866405467944e-05	1764332993
63400	0.0016983752138912678	1.5049464727603452e-05	1764333019
63450	0.001442086766473949	1.5013088100199648e-05	1764333044
63500	0.003241118974983692	1.4976736614834664e-05	1764333069
63550	0.002716564340516925	1.4940410363023306e-05	1764333094
63600	0.003779837628826499	1.4904109436216884e-05	1764333119
63650	0.0015098516596481204	1.4867833925802926e-05	1764333144
63700	0.0019535934552550316	1.4831583923104999e-05	1764333169
63750	0.002658601151779294	1.479535951938243e-05	1764333195
63800	0.001958402805030346	1.4759160805830119e-05	1764333220
63850	0.001856861636042595	1.4722987873578273e-05	1764333245
63900	0.0019741221331059933	1.4686840813692224e-05	1764333270
63950	0.00355268525891006	1.4650719717172138e-05	1764333295
64000	0.0018946814816445112	1.4614624674952842e-05	1764333321
64050	0.0017051465110853314	1.4578555777903553e-05	1764333346
64100	0.0020034711342304945	1.4542513116827682e-05	1764333371
64150	0.0013363179750740528	1.450649678246258e-05	1764333396
64200	0.0015325413551181555	1.4470506865479336e-05	1764333422
64250	0.002779700793325901	1.443454345648252e-05	1764333447
64300	0.0019297981634736061	1.4398606646009963e-05	1764333472
64350	0.0015304117696359754	1.4362696524532548e-05	1764333497
64400	0.0022837412543594837	1.4326813182453958e-05	1764333522
64450	0.0019863611087203026	1.4290956710110475e-05	1764333548
64500	0.0025274644140154123	1.425512719777071e-05	1764333573
64550	0.0019671230111271143	1.4219324735635437e-05	1764333599
64600	0.002043608110398054	1.4183549413837289e-05	1764333624
64650	0.002467154059559107	1.414780132244063e-05	1764333649
64700	0.0019978941418230534	1.4112080551441199e-05	1764333674
64750	0.0013040265766903758	1.4076387190766017e-05	1764333700
64800	0.0019943006336688995	1.4040721330273062e-05	1764333725
64850	0.002083337865769863	1.4005083059751118e-05	1764333750
64900	0.002092475537210703	1.3969472468919461e-05	1764333775
64950	0.0013844859786331654	1.393388964742775e-05	1764333800
65000	0.002171518746763468	1.3898334684855647e-05	1764333826
65050	0.002260016743093729	1.3862807670712763e-05	1764333851
65100	0.0013901686761528254	1.3827308694438308e-05	1764333876
65150	0.0020263814367353916	1.379183784540089e-05	1764333901
65200	0.003623697441071272	1.3756395212898359e-05	1764333927
65250	0.002415793016552925	1.3720980886157489e-05	1764333952
65300	0.0013513173907995224	1.3685594954333802e-05	1764333977
65350	0.0016113708261400461	1.3650237506511331e-05	1764334002
65400	0.002496269065886736	1.3614908631702433e-05	1764334027
65450	0.0017355462769046426	1.357960841884748e-05	1764334052
65500	0.0018156948499381542	1.354433695681474e-05	1764334077
65550	0.001481379265896976	1.350909433440006e-05	1764334103
65600	0.0014922727132216096	1.3473880640326725e-05	1764334128
65650	0.0024670439306646585	1.343869596324513e-05	1764334153
65700	0.002210747916251421	1.3403540391732688e-05	1764334178
65750	0.0026685819029808044	1.3368414014293485e-05	1764334203
65800	0.0021403427235782146	1.3333316919358157e-05	1764334228
65850	0.0028255938086658716	1.329824919528358e-05	1764334253
65900	0.0025083799846470356	1.3263210930352737e-05	1764334279
65950	0.0016267412574961782	1.3228202212774387e-05	1764334304
66000	0.0036207609809935093	1.3193223130682936e-05	1764334329
66050	0.0031529178377240896	1.31582737721382e-05	1764334354
66100	0.0025737371761351824	1.3123354225125128e-05	1764334380
66150	0.001853374531492591	1.3088464577553659e-05	1764334405
66200	0.0023827925324440002	1.3053604917258427e-05	1764334430
66250	0.0034768241457641125	1.301877533199859e-05	1764334455
66300	0.004029087722301483	1.298397590945757e-05	1764334480
66350	0.0011635238770395517	1.2949206737242898e-05	1764334506
66400	0.0014187837950885296	1.2914467902885901e-05	1764334531
66450	0.0015762945404276252	1.2879759493841575e-05	1764334556
66500	0.0023850342258810997	1.2845081597488287e-05	1764334581
66550	0.00210717786103487	1.2810434301127599e-05	1764334607
66600	0.006157035939395428	1.2775817691984033e-05	1764334632
66650	0.001698328647762537	1.2741231857204872e-05	1764334657
66700	0.00213357200846076	1.2706676883859903e-05	1764334682
66750	0.0026907986029982567	1.2672152858941244e-05	1764334707
66800	0.0010797976283356547	1.2637659869363083e-05	1764334732
66850	0.0023621409200131893	1.2603198001961475e-05	1764334757
66900	0.002609493676573038	1.256876734349413e-05	1764334783
66950	0.002426953986287117	1.2534367980640183e-05	1764334808
67000	0.0010710407514125109	1.2500000000000006e-05	1764334833
67050	0.0019050771370530128	1.246566348809493e-05	1764334858
67100	0.0016549737192690372	1.2431358531367105e-05	1764334884
67150	0.0019755023531615734	1.2397085216179208e-05	1764334909
67200	0.001635773223824799	1.2362843628814267e-05	1764334934
67250	0.0014869438018649817	1.2328633855475429e-05	1764334959
67300	0.001567922648973763	1.2294455982285777e-05	1764334984
67350	0.0011330056004226208	1.2260310095288046e-05	1764335010
67400	0.001787720830179751	1.2226196280444488e-05	1764335035
67450	0.0015936056151986122	1.2192114623636577e-05	1764335060
67500	0.0014757760800421238	1.2158065210664848e-05	1764335085
67550	0.002127721905708313	1.2124048127248644e-05	1764335111
67600	0.0014557137619704008	1.2090063459025955e-05	1764335136
67650	0.0017951829358935356	1.205611129155313e-05	1764335161
67700	0.0014280385803431273	1.2022191710304703e-05	1764335186
67750	0.005421856418251991	1.1988304800673197e-05	1764335211
67800	0.002109657507389784	1.1954450647968856e-05	1764335236
67850	0.0013177236542105675	1.1920629337419473e-05	1764335261
67900	0.0016715775709599257	1.1886840954170142e-05	1764335287
67950	0.0018702056258916855	1.1853085583283102e-05	1764335312
68000	0.001687822863459587	1.181936330973744e-05	1764335337
68050	0.0023116918746382	1.1785674218428952e-05	1764335362
68100	0.0016980237560346723	1.175201839416988e-05	1764335388
68150	0.002116867806762457	1.1718395921688724e-05	1764335413
68200	0.0023519950918853283	1.1684806885630004e-05	1764335438
68250	0.0016010790131986141	1.1651251370554101e-05	1764335463
68300	0.0012214388698339462	1.1617729460936963e-05	1764335488
68350	0.001893986132927239	1.1584241241169977e-05	1764335514
68400	0.0018105523195117712	1.155078679555969e-05	1764335539
68450	0.0018089795485138893	1.1517366208327624e-05	1764335564
68500	0.002194600645452738	1.148397956361007e-05	1764335589
68550	0.0014905189163982868	1.1450626945457857e-05	1764335615
68600	0.0017045694403350353	1.141730843783618e-05	1764335640
68650	0.003109499579295516	1.1384024124624324e-05	1764335665
68700	0.003881925018504262	1.1350774089615524e-05	1764335690
68750	0.002221052534878254	1.1317558416516697e-05	1764335715
68800	0.0013120888033881783	1.1284377188948258e-05	1764335741
68850	0.001969984034076333	1.1251230490443903e-05	1764335766
68900	0.001486474648118019	1.1218118404450422e-05	1764335791
68950	0.0018768892623484135	1.1185041014327433e-05	1764335816
69000	0.002939893864095211	1.1151998403347244e-05	1764335841
69050	0.0032488005235791206	1.111899065469458e-05	1764335866
69100	0.00195492384955287	1.1086017851466413e-05	1764335892
69150	0.0013765065232291818	1.1053080076671721e-05	1764335917
69200	0.0010220735566690564	1.1020177413231334e-05	1764335942
69250	0.0021228466648608446	1.0987309943977647e-05	1764335967
69300	0.0015694169560447335	1.0954477751654497e-05	1764335992
69350	0.001989511540159583	1.0921680918916877e-05	1764336018
69400	0.0021746810525655746	1.0888919528330777e-05	1764336043
69450	0.0017645058687776327	1.0856193662372955e-05	1764336068
69500	0.0015993061242625117	1.0823503403430734e-05	1764336093
69550	0.0012985673965886235	1.0790848833801816e-05	1764336118
69600	0.0032991748303174973	1.0758230035694031e-05	1764336144
69650	0.0024531790986657143	1.0725647091225174e-05	1764336169
69700	0.0036724871024489403	1.0693100082422763e-05	1764336194
69750	0.0020277141593396664	1.0660589091223855e-05	1764336219
69800	0.003114006482064724	1.062811419947482e-05	1764336245
69850	0.001896386849693954	1.059567548893118e-05	1764336270
69900	0.0014012554893270135	1.0563273041257332e-05	1764336295
69950	0.0021936711855232716	1.0530906938026416e-05	1764336320
70000	0.001927524572238326	1.049857726072005e-05	1764336345
70050	0.0015173677820712328	1.0466284090728157e-05	1764336373
70100	0.0015690030995756388	1.0434027509348746e-05	1764336398
70150	0.0036404465790838003	1.0401807597787738e-05	1764336424
70200	0.0022431123070418835	1.036962443715872e-05	1764336449
70250	0.001460060477256775	1.0337478108482742e-05	1764336474
70300	0.0023817087057977915	1.0305368692688174e-05	1764336499
70350	0.0013544841203838587	1.0273296270610419e-05	1764336525
70400	0.002199443057179451	1.024126092299176e-05	1764336550
70450	0.0016042656498029828	1.0209262730481143e-05	1764336575
70500	0.00338172959163785	1.0177301773633993e-05	1764336600
70550	0.0020817210897803307	1.0145378132911964e-05	1764336625
70600	0.002014577854424715	1.0113491888682802e-05	1764336650
70650	0.0016536590410396457	1.0081643121220077e-05	1764336675
70700	0.002111164852976799	1.0049831910703028e-05	1764336701
70750	0.0015121749602258205	1.0018058337216327e-05	1764336726
70800	0.0019822793547064066	9.986322480749927e-06	1764336751
70850	0.0013208691962063313	9.954624421198792e-06	1764336776
70900	0.0016082606744021177	9.922964238362762e-06	1764336802
70950	0.0019906237721443176	9.891342011946305e-06	1764336827
71000	0.0013974381145089865	9.859757821558337e-06	1764336852
71050	0.001916985958814621	9.828211746712024e-06	1764336877
71100	0.0022111213766038418	9.796703866824555e-06	1764336902
71150	0.0013640262186527252	9.765234261217005e-06	1764336928
71200	0.0012695698533207178	9.733803009114045e-06	1764336953
71250	0.0017118852119892836	9.702410189643837e-06	1764336978
71300	0.0031685661524534225	9.671055881837756e-06	1764337003
71350	0.0021323333494365215	9.639740164630235e-06	1764337029
71400	0.001738981925882399	9.608463116858542e-06	1764337054
71450	0.0023577800020575523	9.577224817262634e-06	1764337079
71500	0.0017782896757125854	9.546025344484869e-06	1764337104
71550	0.0015010095667093992	9.514864777069899e-06	1764337129
71600	0.0020599463023245335	9.483743193464408e-06	1764337154
71650	0.0019824099726974964	9.452660672016949e-06	1764337179
71700	0.00218776473775506	9.421617290977721e-06	1764337205
71750	0.0012825406156480312	9.390613128498418e-06	1764337230
71800	0.0014066494768485427	9.359648262631961e-06	1764337255
71850	0.004238177556544542	9.328722771332386e-06	1764337280
71900	0.002846744144335389	9.297836732454564e-06	1764337305
71950	0.0015177857130765915	9.266990223754069e-06	1764337331
72000	0.0022819892037659883	9.236183322886945e-06	1764337356
72050	0.002239690162241459	9.205416107409523e-06	1764337381
72100	0.0023454702459275723	9.174688654778243e-06	1764337406
72150	0.0021313633769750595	9.14400104234942e-06	1764337432
72200	0.002874488476663828	9.113353347379097e-06	1764337457
72250	0.003134503960609436	9.082745647022797e-06	1764337482
72300	0.0013546303380280733	9.052178018335374e-06	1764337507
72350	0.0019834600389003754	9.021650538270787e-06	1764337532
72400	0.0013386030914261937	8.991163283681944e-06	1764337558
72450	0.0016273751389235258	8.96071633132046e-06	1764337583
72500	0.0015380415134131908	8.930309757836517e-06	1764337608
72550	0.002374054165557027	8.899943639778619e-06	1764337633
72600	0.001288626343011856	8.86961805359343e-06	1764337659
72650	0.0022375467233359814	8.839333075625569e-06	1764337684
72700	0.001701386645436287	8.809088782117452e-06	1764337709
72750	0.0014499416574835777	8.778885249209044e-06	1764337734
72800	0.001382200513035059	8.748722552937689e-06	1764337759
72850	0.0019738031551241875	8.718600769237958e-06	1764337785
72900	0.0018959387671202421	8.6885199739414e-06	1764337810
72950	0.0017506481381133199	8.658480242776379e-06	1764337835
73000	0.004204133991152048	8.628481651367876e-06	1764337860
73050	0.0011040492681786418	8.598524275237322e-06	1764337885
73100	0.0011014922056347132	8.568608189802363e-06	1764337910
73150	0.004239346366375685	8.538733470376722e-06	1764337936
73200	0.0017098068492487073	8.508900192169964e-06	1764337961
73250	0.004884923808276653	8.47910843028733e-06	1764337986
73300	0.0021144975908100605	8.449358259729537e-06	1764338011
73350	0.0011635604314506054	8.41964975539262e-06	1764338036
73400	0.0014507658779621124	8.389982992067688e-06	1764338062
73450	0.004694562405347824	8.360358044440797e-06	1764338087
73500	0.0015586744993925095	8.330774987092712e-06	1764338112
73550	0.0014039124362170696	8.301233894498742e-06	1764338137
73600	0.0016593673499301076	8.271734841028553e-06	1764338163
73650	0.0018056734697893262	8.242277900945969e-06	1764338188
73700	0.0015609106048941612	8.212863148408817e-06	1764338213
73750	0.001718500629067421	8.183490657468688e-06	1764338238
73800	0.0029728454537689686	8.154160502070803e-06	1764338263
73850	0.0024212554562836885	8.124872756053795e-06	1764338289
73900	0.001547337626107037	8.09562749314952e-06	1764338314
73950	0.0013201582478359342	8.06642478698289e-06	1764338339
74000	0.0007708950433880091	8.0372647110717e-06	1764338364
74050	0.002546838019043207	8.008147338826385e-06	1764338389
74100	0.0028778817504644394	7.979072743549915e-06	1764338414
74150	0.0021220126654952765	7.950040998437542e-06	1764338440
74200	0.0016158483922481537	7.921052176576644e-06	1764338465
74250	0.0013923852238804102	7.892106350946543e-06	1764338490
74300	0.001024263328872621	7.863203594418337e-06	1764338515
74350	0.0015651192516088486	7.83434397975466e-06	1764338540
74400	0.0024741694796830416	7.805527579609576e-06	1764338566
74450	0.000986946513876319	7.776754466528333e-06	1764338591
74500	0.001828960725106299	7.748024712947205e-06	1764338616
74550	0.0016557403141632676	7.719338391193315e-06	1764338641
74600	0.0018604256911203265	7.690695573484433e-06	1764338667
74650	0.0015963723417371511	7.662096331928837e-06	1764338692
74700	0.0019226832082495093	7.633540738525066e-06	1764338717
74750	0.0012240021023899317	7.605028865161809e-06	1764338742
74800	0.001198525307700038	7.576560783617668e-06	1764338767
74850	0.001522932550869882	7.548136565560998e-06	1764338793
74900	0.0021638041362166405	7.519756282549734e-06	1764338818
74950	0.002044207416474819	7.491420006031213e-06	1764338843
75000	0.0014395912876352668	7.463127807341966e-06	1764338868
75050	0.0014145397581160069	7.434879757707583e-06	1764338894
75100	0.001628326834179461	7.40667592824249e-06	1764338919
75150	0.002263707108795643	7.378516389949794e-06	1764338944
75200	0.0014883088879287243	7.350401213721089e-06	1764338969
75250	0.0021527099888771772	7.3223304703363135e-06	1764338994
75300	0.0014664602931588888	7.294304230463525e-06	1764339019
75350	0.002120570745319128	7.2663225646587395e-06	1764339044
75400	0.0009571610717102885	7.238385543365783e-06	1764339070
75450	0.0011949616018682718	7.210493236916063e-06	1764339095
75500	0.0018650013953447342	7.1826457155284355e-06	1764339120
75550	0.0014520392287522554	7.154843049308988e-06	1764339145
75600	0.0023213569074869156	7.127085308250914e-06	1764339170
75650	0.001924375188536942	7.099372562234283e-06	1764339196
75700	0.0011297796154394746	7.071704881025915e-06	1764339221
75750	0.0013307223562151194	7.04408233427915e-06	1764339246
75800	0.0014533208450302482	7.016504991533726e-06	1764339271
75850	0.0024235397577285767	6.988972922215559e-06	1764339297
75900	0.001387074706144631	6.961486195636613e-06	1764339322
75950	0.0021409308537840843	6.934044880994678e-06	1764339347
76000	0.0030404343269765377	6.906649047373246e-06	1764339372
76050	0.0016284734010696411	6.8792987637412845e-06	1764339398
76100	0.001874102745205164	6.8519940989531045e-06	1764339423
76150	0.001166799571365118	6.824735121748163e-06	1764339448
76200	0.0007321450393646955	6.797521900750897e-06	1764339473
76250	0.0012602823553606868	6.770354504470575e-06	1764339498
76300	0.0012746602296829224	6.743233001301067e-06	1764339524
76350	0.0031564640812575817	6.716157459520739e-06	1764339549
76400	0.002365358639508486	6.689127947292231e-06	1764339575
76450	0.001309048617258668	6.662144532662304e-06	1764339600
76500	0.001212631119415164	6.63520728356167e-06	1764339625
76550	0.0015325089916586876	6.608316267804832e-06	1764339650
76600	0.0018670482095330954	6.5814715530898745e-06	1764339675
76650	0.0015793577767908573	6.554673206998354e-06	1764339700
76700	0.0011479739332571626	6.5279212969950655e-06	1764339725
76750	0.001855047419667244	6.501215890427909e-06	1764339751
76800	0.0020497730001807213	6.4745570545277075e-06	1764339776
76850	0.001811066409572959	6.447944856408064e-06	1764339801
76900	0.001756217097863555	6.421379363065142e-06	1764339826
76950	0.0012320789974182844	6.394860641377551e-06	1764339852
77000	0.0014430251903831959	6.368388758106133e-06	1764339877
77050	0.0023173701483756304	6.341963779893828e-06	1764339902
77100	0.0017396081238985062	6.315585773265484e-06	1764339927
77150	0.001670020166784525	6.289254804627692e-06	1764339953
77200	0.0012012866791337729	6.2629709402686535e-06	1764339978
77250	0.0023448150604963303	6.2367342463579475e-06	1764340003
77300	0.001804304076358676	6.210544788946434e-06	1764340029
77350	0.0012710813898593187	6.184402633966035e-06	1764340054
77400	0.0016735002864152193	6.158307847229594e-06	1764340079
77450	0.003338699461892247	6.1322604944307e-06	1764340104
77500	0.0012822832213714719	6.106260641143546e-06	1764340129
77550	0.0012823415454477072	6.080308352822717e-06	1764340155
77600	0.00170160795096308	6.054403694803079e-06	1764340180
77650	0.0008476503426209092	6.028546732299578e-06	1764340205
77700	0.002259243046864867	6.0027375304070795e-06	1764340230
77750	0.0016683847643435001	5.9769761541002135e-06	1764340256
77800	0.001298696268349886	5.951262668233232e-06	1764340281
77850	0.001856272923760116	5.925597137539793e-06	1764340306
77900	0.0015151307452470064	5.899979626632834e-06	1764340331
77950	0.005698569118976593	5.874410200004421e-06	1764340356
78000	0.0012278561480343342	5.848888922025553e-06	1764340382
78050	0.0026016931515187025	5.82341585694601e-06	1764340407
78100	0.0017759469337761402	5.797991068894201e-06	1764340432
78150	0.0017948438180610538	5.772614621877015e-06	1764340457
78200	0.0015526361530646682	5.747286579779606e-06	1764340483
78250	0.0012041468871757388	5.72200700636531e-06	1764340508
78300	0.0020049531012773514	5.696775965275414e-06	1764340533
78350	0.00214302446693182	5.671593520029034e-06	1764340558
78400	0.0014850711449980736	5.646459734022938e-06	1764340583
78450	0.0017620449652895331	5.621374670531418e-06	1764340609
78500	0.0012529960367828608	5.596338392706077e-06	1764340634
78550	0.005282852798700333	5.571350963575728e-06	1764340659
78600	0.0011961207492277026	5.546412446046187e-06	1764340684
78650	0.0014276335714384913	5.521522902900142e-06	1764340710
78700	0.0012605346273630857	5.49668239679699e-06	1764340735
78750	0.0014188670320436358	5.471890990272666e-06	1764340760
78800	0.0057851532474160194	5.4471487457395225e-06	1764340785
78850	0.0016171251190826297	5.422455725486114e-06	1764340811
78900	0.0016723249573260546	5.397811991677107e-06	1764340836
78950	0.0013420421164482832	5.373217606353062e-06	1764340861
79000	0.0012820038245990872	5.348672631430318e-06	1764340886
79050	0.001227654400281608	5.324177128700811e-06	1764340911
79100	0.0011215495178475976	5.299731159831953e-06	1764340937
79150	0.0011134132510051131	5.2753347863664314e-06	1764340962
79200	0.001992983277887106	5.250988069722096e-06	1764340987
79250	0.0014167748158797622	5.226691071191772e-06	1764341012
79300	0.0010946245165541768	5.202443851943126e-06	1764341038
79350	0.0016062154900282621	5.178246473018497e-06	1764341063
79400	0.0013874303549528122	5.154098995334769e-06	1764341088
79450	0.0013721417635679245	5.130001479683174e-06	1764341113
79500	0.001317646587267518	5.105953986729195e-06	1764341138
79550	0.00106729322578758	5.081956577012362e-06	1764341164
79600	0.0012988965027034283	5.058009310946119e-06	1764341189
79650	0.0014704680070281029	5.034112248817685e-06	1764341215
79700	0.0010898893233388662	5.010265450787877e-06	1764341240
79750	0.0020497068762779236	4.986468976890993e-06	1764341265
79800	0.0018561974866315722	4.962722887034615e-06	1764341291
79850	0.0009422412258572876	4.9390272409995135e-06	1764341316
79900	0.0014714132994413376	4.915382098439436e-06	1764341341
79950	0.0015812964411452413	4.8917875188810025e-06	1764341366
80000	0.001951683545485139	4.868243561723535e-06	1764341391
80050	0.0016471302369609475	4.844750286238928e-06	1764341419
80100	0.0028758246917277575	4.821307751571463e-06	1764341444
80150	0.0008267491357401013	4.797916016737708e-06	1764341469
80200	0.0017247539944946766	4.7745751406263165e-06	1764341495
80250	0.0015628465916961432	4.751285181997919e-06	1764341520
80300	0.0015916530974209309	4.728046199484951e-06	1764341545
80350	0.0010344779584556818	4.704858251591537e-06	1764341570
80400	0.0014109223848208785	4.681721396693303e-06	1764341595
80450	0.0012998240999877453	4.658635693037244e-06	1764341621
80500	0.0018940960289910436	4.6356011987416075e-06	1764341646
80550	0.00677196029573679	4.612617971795699e-06	1764341671
80600	0.001241121208295226	4.589686070059762e-06	1764341696
80650	0.0022168876603245735	4.566805551264827e-06	1764341722
80700	0.002542328555136919	4.5439764730125875e-06	1764341747
80750	0.001993372105062008	4.521198892775203e-06	1764341771
80800	0.0012854260858148336	4.498472867895223e-06	1764341797
80850	0.0011715868022292852	4.475798455585378e-06	1764341822
80900	0.0019612647593021393	4.453175712928476e-06	1764341847
80950	0.001213098643347621	4.430604696877239e-06	1764341872
81000	0.0012374739162623882	4.408085464254183e-06	1764341898
81050	0.0023308307863771915	4.385618071751438e-06	1764341923
81100	0.001380209461785853	4.36320257593065e-06	1764341948
81150	0.001441876171156764	4.340839033222799e-06	1764341973
81200	0.0012543757911771536	4.318527499928074e-06	1764341998
81250	0.0012934472179040313	4.296268032215733e-06	1764342024
81300	0.0010257763788104057	4.274060686123959e-06	1764342048
81350	0.0021473821252584457	4.2519055175597265e-06	1764342074
81400	0.001194076263345778	4.229802582298633e-06	1764342099
81450	0.001328127458691597	4.2077519359848075e-06	1764342124
81500	0.0014285941142588854	4.185753634130718e-06	1764342149
81550	0.0017066479194909334	4.1638077321170646e-06	1764342175
81600	0.0009434416424483061	4.141914285192619e-06	1764342200
81650	0.0012929195072501898	4.120073348474127e-06	1764342225
81700	0.0017190577927976847	4.098284976946101e-06	1764342250
81750	0.0023665933404117823	4.076549225460757e-06	1764342275
81800	0.0017235360573977232	4.054866148737818e-06	1764342301
81850	0.0015296468045562506	4.0332358013644016e-06	1764342326
81900	0.0013786139898002148	4.011658237794877e-06	1764342351
81950	0.0014834377216175199	3.990133512350747e-06	1764342376
82000	0.001422432134859264	3.968661679220468e-06	1764342402
82050	0.0008918737294152379	3.947242792459368e-06	1764342427
82100	0.0025724710430949926	3.925876905989462e-06	1764342452
82150	0.001520838588476181	3.9045640735993456e-06	1764342477
82200	0.0007449003169313073	3.883304348944048e-06	1764342502
82250	0.000955045223236084	3.8620977855448935e-06	1764342527
82300	0.0012057649437338114	3.840944436789393e-06	1764342552
82350	0.0012916387058794498	3.819844355931066e-06	1764342578
82400	0.0019482278730720282	3.798797596089351e-06	1764342603
82450	0.0016546430997550488	3.777804210249436e-06	1764342628
82500	0.0009296757634729147	3.756864251262143e-06	1764342653
82550	0.001824675826355815	3.7359777718437933e-06	1764342679
82600	0.0021307305432856083	3.715144824576078e-06	1764342703
82650	0.0012536323629319668	3.6943654619059133e-06	1764342728
82700	0.0017941228579729795	3.6736397361453233e-06	1764342754
82750	0.0016866582445800304	3.652967699471299e-06	1764342779
82800	0.0021222082432359457	3.632349403925664e-06	1764342804
82850	0.0012361523695290089	3.6117849014149496e-06	1764342829
82900	0.0012450708309188485	3.591274243710277e-06	1764342855
82950	0.0014858708018437028	3.5708174824471947e-06	1764342879
83000	0.0023942592088133097	3.5504146691255736e-06	1764342905
83050	0.0020633749663829803	3.5300658551094796e-06	1764342930
83100	0.001874636858701706	3.509771091627023e-06	1764342955
83150	0.0014814952155575156	3.4895304297702464e-06	1764342980
83200	0.0013044322840869427	3.4693439204949858e-06	1764343005
83250	0.0007151763420552015	3.4492116146207675e-06	1764343030
83300	0.0017160821007564664	3.429133562830636e-06	1764343055
83350	0.0024400202091783285	3.4091098156710744e-06	1764343081
83400	0.0019068128895014524	3.3891404235518344e-06	1764343106
83450	0.0015013786032795906	3.3692254367458377e-06	1764343131
83500	0.0017117318930104375	3.3493649053890326e-06	1764343156
83550	0.0009450464276596904	3.329558879480299e-06	1764343181
83600	0.0014582325238734484	3.3098074088812686e-06	1764343206
83650	0.0013740896247327328	3.290110543316258e-06	1764343231
83700	0.0014761756174266338	3.270468332372098e-06	1764343257
83750	0.001576703041791916	3.250880825498026e-06	1764343282
83800	0.0017461762763559818	3.2313480720055745e-06	1764343307
83850	0.0015562517801299691	3.2118701210684166e-06	1764343332
83900	0.00134251918643713	3.1924470217222835e-06	1764343357
83950	0.0008616406703367829	3.1730788228647946e-06	1764343382
84000	0.002394997514784336	3.1537655732553768e-06	1764343407
84050	0.003067104844376445	3.1345073215151066e-06	1764343433
84100	0.0016623351257294416	3.1153041161266134e-06	1764343458
84150	0.0015184255316853523	3.0961560054339338e-06	1764343483
84200	0.0017015676712617278	3.0770630376424277e-06	1764343508
84250	0.0026635276153683662	3.058025260818609e-06	1764343534
84300	0.0010727646294981241	3.0390427228900646e-06	1764343559
84350	0.00177184643689543	3.02011547164531e-06	1764343584
84400	0.0022249044850468636	3.0012435547336737e-06	1764343609
84450	0.0012966319918632507	2.982427019665182e-06	1764343634
84500	0.0014637885615229607	2.9636659138104513e-06	1764343659
84550	0.0017636646516621113	2.9449602844005277e-06	1764343684
84600	0.00196890439838171	2.9263101785268254e-06	1764343710
84650	0.0011753037106245756	2.9077156431409626e-06	1764343735
84700	0.003672233782708645	2.889176725054643e-06	1764343760
84750	0.0018144015921279788	2.8706934709395892e-06	1764343785
84800	0.0011682604672387242	2.8522659273273604e-06	1764343810
84850	0.0018387610325589776	2.8338941406092835e-06	1764343835
84900	0.0015705807600170374	2.8155781570363026e-06	1764343861
84950	0.0015811700141057372	2.797318022718898e-06	1764343886
85000	0.001512062968686223	2.779113783626916e-06	1764343911
85050	0.0017239955486729741	2.76096548558952e-06	1764343936
85100	0.002278446452692151	2.742873174295024e-06	1764343961
85150	0.0017902973340824246	2.7248368952908053e-06	1764343987
85200	0.0013660346157848835	2.7068566939831645e-06	1764344012
85250	0.0019318739650771022	2.6889326156372517e-06	1764344037
85300	0.002048989525064826	2.671064705376905e-06	1764344062
85350	0.0013052783906459808	2.653253008184567e-06	1764344087
85400	0.0013582960236817598	2.6354975689011576e-06	1764344112
85450	0.0017248879885300994	2.6177984322259875e-06	1764344137
85500	0.0038324552588164806	2.6001556427166063e-06	1764344163
85550	0.0026076361536979675	2.5825692447887074e-06	1764344187
85600	0.0012286030687391758	2.565039282716045e-06	1764344213
85650	0.0013122758828103542	2.547565800630258e-06	1764344238
85700	0.0014126342721283436	2.5301488425208296e-06	1764344263
85750	0.0007525518303737044	2.512788452234921e-06	1764344288
85800	0.0012711223680526018	2.495484673477305e-06	1764344314
85850	0.002202324103564024	2.4782375498102167e-06	1764344339
85900	0.0014139704871922731	2.461047124653279e-06	1764344364
85950	0.0013811183162033558	2.443913441283349e-06	1764344389
86000	0.0012812194181606174	2.4268365428344736e-06	1764344414
86050	0.0013076176401227713	2.4098164722977073e-06	1764344440
86100	0.001236751675605774	2.39285327252107e-06	1764344465
86150	0.0009855153039097786	2.3759469862093903e-06	1764344490
86200	0.0010323228780180216	2.3590976559242278e-06	1764344515
86250	0.0025805537588894367	2.3423053240837515e-06	1764344540
86300	0.0009114226559177041	2.3255700329626347e-06	1764344565
86350	0.0013058725744485855	2.3088918246919527e-06	1764344590
86400	0.0008448640583083034	2.29227074125907e-06	1764344616
86450	0.003097452223300934	2.2757068245075564e-06	1764344641
86500	0.0027938666753470898	2.2592001161370392e-06	1764344666
86550	0.0031943675130605698	2.2427506577031547e-06	1764344691
86600	0.0013454376021400094	2.226358490617372e-06	1764344717
86650	0.0018381413538008928	2.2100236561469728e-06	1764344742
86700	0.0019959337078034878	2.193746195414867e-06	1764344767
86750	0.001176644116640091	2.177526149399556e-06	1764344792
86800	0.001489419606514275	2.1613635589349756e-06	1764344817
86850	0.001503784442320466	2.1452584647104422e-06	1764344843
86900	0.002277562627568841	2.129210907270496e-06	1764344868
86950	0.0016832305118441582	2.11322092701485e-06	1764344894
87000	0.00156890950165689	2.09728856419826e-06	1764344919
87050	0.0012916682753711939	2.0814138589304337e-06	1764344944
87100	0.0008510458283126354	2.0655968511759134e-06	1764344969
87150	0.0022313459776341915	2.0498375807540103e-06	1764344994
87200	0.0007305940380319953	2.0341360873386674e-06	1764345019
87250	0.0019463489297777414	2.0184924104583613e-06	1764345045
87300	0.00129665806889534	2.0029065894960454e-06	1764345070
87350	0.0017566157039254904	1.9873786636889906e-06	1764345095
87400	0.0015252819284796715	1.97190867212875e-06	1764345120
87450	0.0018222618382424116	1.956496653760992e-06	1764345145
87500	0.0021011056378483772	1.9411426473854688e-06	1764345171
87550	0.0008109941845759749	1.925846691655861e-06	1764345196
87600	0.0018057271372526884	1.9106088250797267e-06	1764345221
87650	0.001427152194082737	1.8954290860183687e-06	1764345246
87700	0.0019362838938832283	1.8803075126867715e-06	1764345272
87750	0.0016046849777922034	1.8652441431534717e-06	1764345297
87800	0.0014582958538085222	1.8502390153404935e-06	1764345322
87850	0.0007485706591978669	1.8352921670232143e-06	1764345347
87900	0.0011214246042072773	1.8204036358303173e-06	1764345372
87950	0.0013239826075732708	1.8055734592436536e-06	1764345398
88000	0.0014847626443952322	1.790801674598186e-06	1764345423
88050	0.0017296625301241875	1.7760883190818534e-06	1764345448
88100	0.0011367148254066706	1.7614334297355234e-06	1764345473
88150	0.00203359080478549	1.7468370434528536e-06	1764345499
88200	0.0020950008183717728	1.7322991969802248e-06	1764345524
88250	0.0008875339990481734	1.7178199269166584e-06	1764345549
88300	0.0017981413984671235	1.703399269713693e-06	1764345574
88350	0.001631739316508174	1.6890372616753193e-06	1764345599
88400	0.0018292567692697048	1.674733938957873e-06	1764345624
88450	0.0016849860548973083	1.6604893375699594e-06	1764345649
88500	0.0026257187128067017	1.6463034933723337e-06	1764345675
88550	0.001861924771219492	1.6321764420778486e-06	1764345700
88600	0.0012936971615999937	1.6181082192513353e-06	1764345725
88650	0.0018254546448588371	1.6040988603095358e-06	1764345750
88700	0.0014861011877655983	1.5901484005209855e-06	1764345775
88750	0.0019732313230633736	1.5762568750059604e-06	1764345801
88800	0.0014693745179101825	1.5624243187363441e-06	1764345826
88850	0.0015110584208741784	1.5486507665355948e-06	1764345851
88900	0.001271780114620924	1.534936253078606e-06	1764345876
88950	0.0013168621808290482	1.521280812891654e-06	1764345902
89000	0.001779451733455062	1.5076844803522922e-06	1764345927
89050	0.0022246106527745724	1.4941472896892683e-06	1764345952
89100	0.0016642867121845484	1.4806692749824464e-06	1764345977
89150	0.0024240592028945684	1.4672504701627066e-06	1764346002
89200	0.001105578150600195	1.4538909090118846e-06	1764346028
89250	0.00129471137188375	1.4405906251626494e-06	1764346053
89300	0.0010704356245696545	1.4273496520984587e-06	1764346078
89350	0.0026617618277668953	1.4141680231534393e-06	1764346103
89400	0.0019175539491698146	1.4010457715123354e-06	1764346128
89450	0.001705041155219078	1.3879829302103852e-06	1764346153
89500	0.001165309688076377	1.3749795321332887e-06	1764346179
89550	0.0012240613577887416	1.362035610017079e-06	1764346204
89600	0.0013066045939922333	1.3491511964480702e-06	1764346229
89650	0.0023227911442518234	1.3363263238627493e-06	1764346254
89700	0.002036420162767172	1.3235610245477315e-06	1764346279
89750	0.0010969755239784718	1.3108553306396265e-06	1764346305
89800	0.0016882902709767222	1.2982092741250145e-06	1764346330
89850	0.0007441038032993674	1.2856228868403236e-06	1764346355
89900	0.002805831842124462	1.2730962004717685e-06	1764346380
89950	0.0016488597029820085	1.26062924655527e-06	1764346406
90000	0.0014563067816197872	1.248222056476367e-06	1764346431
90050	0.0010402608895674348	1.2358746614701488e-06	1764346459
90100	0.001802163664251566	1.2235870926211619e-06	1764346484
90150	0.0011519133113324642	1.2113593808633527e-06	1764346509
90200	0.0010971786687150598	1.1991915569799644e-06	1764346534
90250	0.001198634970933199	1.1870836516034878e-06	1764346559
90300	0.0015995538560673594	1.1750356952155512e-06	1764346585
90350	0.0016702832654118538	1.1630477181468812e-06	1764346610
90400	0.0014600655995309353	1.1511197505771843e-06	1764346635
90450	0.0016317961271852255	1.1392518225351118e-06	1764346660
90500	0.0010921760695055127	1.1274439638981532e-06	1764346686
90550	0.0013013646239414811	1.1156962043925828e-06	1764346711
90600	0.0010851630941033363	1.104008573593368e-06	1764346736
90650	0.001457367674447596	1.0923811009241142e-06	1764346761
90700	0.0015547560760751367	1.0808138156569614e-06	1764346786
90750	0.0011037950171157718	1.0693067469125323e-06	1764346812
90800	0.002066306071355939	1.0578599236598707e-06	1764346837
90850	0.0015195958549156785	1.0464733747163307e-06	1764346862
90900	0.001715144026093185	1.0351471287475406e-06	1764346887
90950	0.001301244948990643	1.023881214267311e-06	1764346913
91000	0.001475110650062561	1.0126756596375686e-06	1764346938
91050	0.0007714341627433896	1.0015304930682783e-06	1764346963
91100	0.003306209109723568	9.904457426173907e-07	1764346988
91150	0.001752306241542101	9.794214361907473e-07	1764347013
91200	0.0025262883864343166	9.684576015420278e-07	1764347039
91250	0.001142621273174882	9.575542662726754e-07	1764347064
91300	0.0016441626939922571	9.467114578318226e-07	1764347089
91350	0.00124683219473809	9.359292035162226e-07	1764347114
91400	0.0016730912029743195	9.252075304701929e-07	1764347140
91450	0.001350582460872829	9.145464656855257e-07	1764347165
91500	0.0014453602489084005	9.03946036001449e-07	1764347190
91550	0.0018078685970976949	8.934062681045241e-07	1764347215
91600	0.0015545099740847945	8.829271885286094e-07	1764347240
91650	0.0022960412316024303	8.725088236547719e-07	1764347266
91700	0.0012799843680113554	8.62151199711228e-07	1764347291
91750	0.001792867318727076	8.51854342773295e-07	1764347316
91800	0.0014173255767673254	8.416182787632871e-07	1764347341
91850	0.002889544703066349	8.314430334504908e-07	1764347366
91900	0.0011548558250069618	8.213286324510738e-07	1764347391
91950	0.003067607060074806	8.112751012280235e-07	1764347416
92000	0.0011782287620007992	8.012824650910938e-07	1764347442
92050	0.0020563462749123573	7.91350749196737e-07	1764347467
92100	0.0014500785619020462	7.814799785480359e-07	1764347492
92150	0.0018852751236408949	7.716701779946433e-07	1764347517
92200	0.0013410820392891765	7.619213722327185e-07	1764347543
92250	0.0017406478291377425	7.522335858048707e-07	1764347568
92300	0.001258736476302147	7.426068431000882e-07	1764347593
92350	0.00199908297508955	7.330411683536876e-07	1764347618
92400	0.0012074419064447284	7.235365856472442e-07	1764347643
92450	0.00177052803337574	7.140931189085265e-07	1764347669
92500	0.0023079696111381054	7.047107919114588e-07	1764347694
92550	0.0024164090864360332	6.953896282760359e-07	1764347719
92600	0.0010654039215296507	6.86129651468273e-07	1764347744
92650	0.001098433043807745	6.769308848001532e-07	1764347770
92700	0.0014949110336601734	6.677933514295604e-07	1764347795
92750	0.0018468134803697467	6.587170743602239e-07	1764347820
92800	0.0015297558857128024	6.497020764416633e-07	1764347845
92850	0.0013652211055159569	6.407483803691216e-07	1764347871
92900	0.0013284304877743125	6.318560086835179e-07	1764347896
92950	0.0014537092065438628	6.230249837713864e-07	1764347921
93000	0.0011490511242300272	6.142553278648239e-07	1764347946
93050	0.001882340875454247	6.055470630414284e-07	1764347971
93100	0.0015738451620563865	5.969002112242494e-07	1764347997
93150	0.0008880722452886403	5.883147941817213e-07	1764348022
93200	0.0012557199224829674	5.797908335276214e-07	1764348047
93250	0.0012456198455765843	5.713283507210148e-07	1764348072
93300	0.0013909275876358151	5.629273670661849e-07	1764348097
93350	0.0011334982700645924	5.545879037126057e-07	1764348122
93400	0.0013501456705853343	5.463099816548579e-07	1764348147
93450	0.0023113670758903027	5.380936217326105e-07	1764348173
93500	0.00146380509249866	5.299388446305343e-07	1764348198
93550	0.0012834990629926324	5.218456708782682e-07	1764348223
93600	0.001173451542854309	5.1381412085037e-07	1764348248
93650	0.0011010973248630762	5.058442147662601e-07	1764348274
93700	0.0025059464387595654	4.979359726901639e-07	1764348299
93750	0.00155991583596915	4.900894145310753e-07	1764348324
93800	0.0011384342797100544	4.823045600426901e-07	1764348349
93850	0.0009135395521298051	4.7458142882337574e-07	1764348374
93900	0.0007983202813193202	4.669200403160989e-07	1764348400
93950	0.00168956711422652	4.5932041380840065e-07	1764348425
94000	0.0015751398168504238	4.517825684323324e-07	1764348450
94050	0.0010225159348919988	4.443065231644089e-07	1764348475
94100	0.0011624745093286037	4.3689229682556676e-07	1764348501
94150	0.0006986571243032813	4.2953990808111135e-07	1764348526
94200	0.0010494068264961243	4.2224937544067257e-07	1764348551
94250	0.0017251574900001287	4.1502071725815216e-07	1764348576
94300	0.0008373630698770285	4.078539517316987e-07	1764348601
94350	0.0007879488402977586	4.0074909690362707e-07	1764348627
94400	0.0019152285531163216	3.9370617066040726e-07	1764348652
94450	0.0007463454967364669	3.867251907325953e-07	1764348677
94500	0.0009456887491978705	3.7980617469479953e-07	1764348702
94550	0.002139125484973192	3.729491399656337e-07	1764348728
94600	0.0019298754632472992	3.6615410380767544e-07	1764348753
94650	0.0006329442840069532	3.5942108332741866e-07	1764348778
94700	0.0013799534644931555	3.5275009547523774e-07	1764348803
94750	0.0019573867321014404	3.4614115704533767e-07	1764348828
94800	0.0018974167760461569	3.395942846757066e-07	1764348854
94850	0.0018481777515262365	3.3310949484809117e-07	1764348879
94900	0.002466868609189987	3.266868038879434e-07	1764348905
94950	0.001227030297741294	3.2032622796438204e-07	1764348930
95000	0.0008104653097689152	3.140277830901428e-07	1764348955
95050	0.0025517328176647425	3.077914851215585e-07	1764348980
95100	0.0010010432451963425	3.016173497584984e-07	1764349006
95150	0.0016709653427824378	2.955053925443457e-07	1764349031
95200	0.0007301308214664459	2.894556288659395e-07	1764349056
95250	0.0024625633377581835	2.834680739535578e-07	1764349081
95300	0.0012035778490826488	2.7754274288085966e-07	1764349106
95350	0.0013004000065848231	2.7167965056486e-07	1764349132
95400	0.0011271547991782427	2.658788117658878e-07	1764349157
95450	0.001457543228752911	2.6014024108754755e-07	1764349182
95500	0.0005674584535881877	2.544639529766829e-07	1764349207
95550	0.0008576773107051849	2.4884996172334086e-07	1764349232
95600	0.0036766822449862957	2.4329828146074095e-07	1764349257
95650	0.0008467857260257006	2.378089261652311e-07	1764349283
95700	0.0017630105139687657	2.3238190965625684e-07	1764349308
95750	0.0009655472822487354	2.2701724559632542e-07	1764349333
95800	0.000534632767084986	2.2171494749097245e-07	1764349358
95850	0.0012508572544902563	2.1647502868872295e-07	1764349383
95900	0.0015296299243345857	2.1129750238107203e-07	1764349409
95950	0.0020864740945398808	2.061823816024322e-07	1764349433
96000	0.0010484344093129039	2.011296792301165e-07	1764349459
96050	0.0028871428221464157	1.9613940798429707e-07	1764349484
96100	0.001058510271832347	1.912115804279746e-07	1764349509
96150	0.0012849414488300681	1.8634620896695043e-07	1764349534
96200	0.000906151719391346	1.8154330584978784e-07	1764349559
96250	0.0017455269116908312	1.768028831677926e-07	1764349585
96300	0.0014438217040151358	1.7212495285497399e-07	1764349610
96350	0.0010477084433659911	1.6750952668801445e-07	1764349635
96400	0.001328810816630721	1.6295661628624447e-07	1764349660
96450	0.0014805777464061975	1.5846623311160936e-07	1764349685
96500	0.003359749913215637	1.5403838846864694e-07	1764349710
96550	0.0012287863064557314	1.4967309350444604e-07	1764349736
96600	0.001134622492827475	1.453703592086353e-07	1764349761
96650	0.001192443654872477	1.411301964133388e-07	1764349786
96700	0.0018445814494043589	1.3695261579316777e-07	1764349811
96750	0.0015292195603251457	1.328376278651705e-07	1764349836
96800	0.0023354822769761086	1.2878524298882698e-07	1764349861
96850	0.001696259481832385	1.2479547136600989e-07	1764349886
96900	0.0014848592691123486	1.2086832304096797e-07	1764349912
96950	0.0017601156141608953	1.170038079002872e-07	1764349937
97000	0.0011743279173970222	1.1320193567288529e-07	1764349962
97050	0.0009931441163644195	1.0946271592996715e-07	1764349987
97100	0.00089822500012815	1.0578615808501391e-07	1764350012
97150	0.0008240615134127438	1.0217227139376062e-07	1764350037
97200	0.0012982671614736319	9.862106495415469e-08	1764350062
97250	0.0012712926836684346	9.513254770636137e-08	1764350088
97300	0.0016025729710236192	9.170672843271666e-08	1764350113
97350	0.0008751057321205735	8.834361575771333e-08	1764350138
97400	0.0015626506647095084	8.504321814798433e-08	1764350163
97450	0.0016845016507431865	8.180554391228056e-08	1764350189
97500	0.001234319992363453	7.863060120144317e-08	1764350214
97550	0.0021277000196278095	7.551839800837846e-08	1764350238
97600	0.0016472773859277368	7.246894216806355e-08	1764350264
97650	0.0015318588120862842	6.948224135749637e-08	1764350289
97700	0.002320306608453393	6.655830309569289e-08	1764350314
97750	0.001780483522452414	6.369713474366212e-08	1764350339
97800	0.001540217432193458	6.089874350439506e-08	1764350365
97850	0.0010136148193851113	5.816313642283411e-08	1764350390
97900	0.0015372952912002802	5.54903203858731e-08	1764350415
97950	0.0010301932925358415	5.2880302122318425e-08	1764350440
98000	0.0010084358509629965	5.033308820289184e-08	1764350465
98050	0.0010867771925404668	4.784868504019435e-08	1764350490
98100	0.0013735063839703798	4.542709888871732e-08	1764350515
98150	0.001519695739261806	4.306833584479253e-08	1764350541
98200	0.004154457710683346	4.07724018466088e-08	1764350566
98250	0.0038427880499511957	3.853930267417316e-08	1764350591
98300	0.0015306000132113695	3.636904394931362e-08	1764350616
98350	0.0011086557060480118	3.426163113565417e-08	1764350642
98400	0.0016989358700811863	3.221706953860093e-08	1764350666
98450	0.0011210369411855936	3.023536430533658e-08	1764350692
98500	0.0012869104975834489	2.831652042480093e-08	1764350717
98550	0.0005375338951125741	2.6460542727682614e-08	1764350742
98600	0.0023052191827446222	2.466743588640241e-08	1764350767
98650	0.0014255234273150563	2.2937204415107717e-08	1764350792
98700	0.0011635568225756288	2.126985266964754e-08	1764350817
98750	0.0016720294952392578	1.9665384847583622e-08	1764350842
98800	0.0035352641716599464	1.812380498815991e-08	1764350868
98850	0.0016516400501132011	1.664511697230253e-08	1764350893
98900	0.004039412830024958	1.522932452260595e-08	1764350918
98950	0.0013441172195598483	1.3876431203327378e-08	1764350943
99000	0.0006961143808439374	1.2586440420372936e-08	1764350968
99050	0.0013578332727774978	1.1359355421292072e-08	1764350994
99100	0.0014335853047668934	1.0195179295269252e-08	1764351019
99150	0.0011733880965039134	9.0939149731184e-09	1764351044
99200	0.002528570592403412	8.055565227271799e-09	1764351069
99250	0.001710965414531529	7.080132671774542e-09	1764351094
99300	0.0015844020526856184	6.167619762270649e-09	1764351119
99350	0.0013283778680488467	5.318028796016949e-09	1764351145
99400	0.0007207686430774629	4.531361911855325e-09	1764351170
99450	0.0012173305731266737	3.807621090218261e-09	1764351195
99500	0.0026512709446251392	3.146808153123293e-09	1764351220
99550	0.0010290802456438541	2.5489247641674596e-09	1764351245
99600	0.0013835104182362556	2.0139724285161977e-09	1764351271
99650	0.0012474259128794074	1.5419524929172203e-09	1764351296
99700	0.0012693626340478659	1.132866145678313e-09	1764351321
99750	0.0015192788559943438	7.867144166728846e-10	1764351346
99800	0.0020490556489676237	5.034981773371916e-10	1764351372
99850	0.0010108081623911858	2.8321814067033824e-10	1764351397
99900	0.0007292529917322099	1.2587486122317416e-10	1764351422
99950	0.0015915678814053535	3.14687351121723e-11	1764351447
100000	0.0019826116040349007	0.0	1764351472
