path,text
/workspace/binary_PNG/binary_labels_mask_case_id_TCGA-DD-AAED_1_1_cell_expansion_15_0_threshold_0_4.png,"signal_b50=24764.1, signal_b800=16678"
/workspace/binary_PNG/binary_labels_mask_case_id_TCGA-CC-A1HT_3_2_cell_expansion_3_0_threshold_0_6.png,"signal_b50=24266.1, signal_b800=13602.9"
/workspace/binary_PNG/binary_labels_mask_case_id_TCGA-CC-5261_3_3_cell_expansion_9_0_threshold_0_5.png,"signal_b50=24909.1, signal_b800=18294.2"
/workspace/binary_PNG/binary_labels_mask_case_id_TCGA-DD-AAED_4_3_cell_expansion_7_0_threshold_0_4.png,"signal_b50=24630.2, signal_b800=16045.9"
/workspace/binary_PNG/binary_labels_mask_case_id_TCGA-G3-A7M6_0_2_cell_expansion_3_0_threshold_0_5.png,"signal_b50=23950.7, signal_b800=12003.9"
/workspace/binary_PNG/binary_labels_mask_case_id_TCGA-G3-A5SK_1_2_cell_expansion_3_0_threshold_0_6.png,"signal_b50=23711.2, signal_b800=10718.2"
/workspace/binary_PNG/binary_labels_mask_case_id_TCGA-K7-AAU7_1_0_cell_expansion_1_0_threshold_0_4.png,"signal_b50=22845.7, signal_b800=6078.13"
/workspace/binary_PNG/binary_labels_mask_case_id_TCGA-DD-AAED_2_4_cell_expansion_13_0_threshold_0_8.png,"signal_b50=24199.6, signal_b800=12803.4"
/workspace/binary_PNG/binary_labels_mask_case_id_TCGA-CC-A3MA_3_4_cell_expansion_5_0_threshold_0_6.png,"signal_b50=24439.5, signal_b800=14962.8"
/workspace/binary_PNG/binary_labels_mask_case_id_TCGA-G3-A7M6_0_3_cell_expansion_11_0_threshold_0_5.png,"signal_b50=24560.8, signal_b800=15387.1"
/workspace/binary_PNG/binary_labels_mask_case_id_TCGA-CC-5261_2_1_cell_expansion_5_0_threshold_0_7.png,"signal_b50=24039, signal_b800=12358"
/workspace/binary_PNG/binary_labels_mask_case_id_TCGA-BC-A69I_0_4_cell_expansion_3_0_threshold_0_6.png,"signal_b50=23841.2, signal_b800=11303.5"
/workspace/binary_PNG/binary_labels_mask_case_id_TCGA-CC-A1HT_2_4_cell_expansion_5_0_threshold_0_8.png,"signal_b50=23670.9, signal_b800=9897.33"
/workspace/binary_PNG/binary_labels_mask_case_id_TCGA-CC-A3MA_3_1_cell_expansion_7_0_threshold_0_6.png,"signal_b50=24736.1, signal_b800=16956.3"
/workspace/binary_PNG/binary_labels_mask_case_id_TCGA-G3-A7M6_4_4_cell_expansion_13_0_threshold_0_7.png,"signal_b50=24136.5, signal_b800=12583.6"
/workspace/binary_PNG/binary_labels_mask_case_id_TCGA-G3-A5SK_1_0_cell_expansion_13_0_threshold_0_8.png,"signal_b50=23603.1, signal_b800=9821.67"
/workspace/binary_PNG/binary_labels_mask_case_id_TCGA-CC-A1HT_1_3_cell_expansion_9_0_threshold_0_6.png,"signal_b50=24758, signal_b800=16695.8"
/workspace/binary_PNG/binary_labels_mask_case_id_TCGA-G3-A5SK_1_0_cell_expansion_13_0_threshold_0_6.png,"signal_b50=24562.1, signal_b800=15630.6"
/workspace/binary_PNG/binary_labels_mask_case_id_TCGA-YA-A8S7_2_1_cell_expansion_5_0_threshold_0_4.png,"signal_b50=24453, signal_b800=14772"
/workspace/binary_PNG/binary_labels_mask_case_id_TCGA-G3-A5SK_1_0_cell_expansion_7_0_threshold_0_7.png,"signal_b50=24322.2, signal_b800=14056.2"
/workspace/binary_PNG/binary_labels_mask_case_id_TCGA-YA-A8S7_0_4_cell_expansion_7_0_threshold_0_5.png,"signal_b50=24602.1, signal_b800=16024.2"
/workspace/binary_PNG/binary_labels_mask_case_id_TCGA-CC-A8HT_3_1_cell_expansion_9_0_threshold_0_5.png,"signal_b50=24334.7, signal_b800=13945.2"
/workspace/binary_PNG/binary_labels_mask_case_id_TCGA-BC-A69I_3_0_cell_expansion_1_0_threshold_0_5.png,"signal_b50=23102, signal_b800=7397.98"
/workspace/binary_PNG/binary_labels_mask_case_id_TCGA-DD-AAED_0_1_cell_expansion_7_0_threshold_0_8.png,"signal_b50=24127.8, signal_b800=12698.6"
/workspace/binary_PNG/binary_labels_mask_case_id_TCGA-BC-A69I_1_1_cell_expansion_15_0_threshold_0_8.png,"signal_b50=23567.2, signal_b800=9388.76"
/workspace/binary_PNG/binary_labels_mask_case_id_TCGA-G3-A5SK_0_1_cell_expansion_13_0_threshold_0_8.png,"signal_b50=23699.4, signal_b800=10108.1"
/workspace/binary_PNG/binary_labels_mask_case_id_TCGA-K7-AAU7_0_1_cell_expansion_9_0_threshold_0_7.png,"signal_b50=22677.9, signal_b800=5190.89"
/workspace/binary_PNG/binary_labels_mask_case_id_TCGA-K7-AAU7_4_3_cell_expansion_1_0_threshold_0_8.png,"signal_b50=22436.1, signal_b800=4057.63"
/workspace/binary_PNG/binary_labels_mask_case_id_TCGA-BC-A69I_3_4_cell_expansion_9_0_threshold_0_7.png,"signal_b50=24305, signal_b800=13773.3"
/workspace/binary_PNG/binary_labels_mask_case_id_TCGA-YA-A8S7_0_3_cell_expansion_1_0_threshold_0_7.png,"signal_b50=23283.3, signal_b800=8344.64"
/workspace/binary_PNG/binary_labels_mask_case_id_TCGA-CC-A3MA_2_2_cell_expansion_13_0_threshold_0_7.png,"signal_b50=24686.2, signal_b800=16089"
/workspace/binary_PNG/binary_labels_mask_case_id_TCGA-CC-A8HT_0_4_cell_expansion_5_0_threshold_0_4.png,"signal_b50=24666.4, signal_b800=16572.3"
/workspace/binary_PNG/binary_labels_mask_case_id_TCGA-CC-5261_0_2_cell_expansion_7_0_threshold_0_4.png,"signal_b50=24563, signal_b800=15656.1"
/workspace/binary_PNG/binary_labels_mask_case_id_TCGA-G3-A5SK_0_1_cell_expansion_9_0_threshold_0_6.png,"signal_b50=24453.6, signal_b800=14899.7"
/workspace/binary_PNG/binary_labels_mask_case_id_TCGA-YA-A8S7_4_2_cell_expansion_15_0_threshold_0_4.png,"signal_b50=23173, signal_b800=7555.17"
/workspace/binary_PNG/binary_labels_mask_case_id_TCGA-CC-A1HT_0_2_cell_expansion_15_0_threshold_0_6.png,"signal_b50=23787.5, signal_b800=10896.3"
/workspace/binary_PNG/binary_labels_mask_case_id_TCGA-G3-A5SK_0_4_cell_expansion_15_0_threshold_0_4.png,"signal_b50=24307.2, signal_b800=13822.3"
/workspace/binary_PNG/binary_labels_mask_case_id_TCGA-BC-A69I_0_0_cell_expansion_15_0_threshold_0_5.png,"signal_b50=24278.8, signal_b800=13569.3"
/workspace/binary_PNG/binary_labels_mask_case_id_TCGA-BC-A69I_2_2_cell_expansion_5_0_threshold_0_4.png,"signal_b50=24275.7, signal_b800=13550.2"
/workspace/binary_PNG/binary_labels_mask_case_id_TCGA-G3-A5SK_3_4_cell_expansion_3_0_threshold_0_8.png,"signal_b50=23287.8, signal_b800=8298.69"
/workspace/binary_PNG/binary_labels_mask_case_id_TCGA-YA-A8S7_0_4_cell_expansion_3_0_threshold_0_8.png,"signal_b50=22504.3, signal_b800=4295.79"
/workspace/binary_PNG/binary_labels_mask_case_id_TCGA-CC-5261_0_2_cell_expansion_3_0_threshold_0_7.png,"signal_b50=23565.1, signal_b800=9958.06"
/workspace/binary_PNG/binary_labels_mask_case_id_TCGA-CC-5261_1_1_cell_expansion_1_0_threshold_0_6.png,"signal_b50=23081.8, signal_b800=7336.62"
/workspace/binary_PNG/binary_labels_mask_case_id_TCGA-G3-A7M6_4_1_cell_expansion_9_0_threshold_0_7.png,"signal_b50=24228.2, signal_b800=13137.7"
/workspace/binary_PNG/binary_labels_mask_case_id_TCGA-K7-AAU7_1_1_cell_expansion_1_0_threshold_0_5.png,"signal_b50=23324.1, signal_b800=8572.52"
/workspace/binary_PNG/binary_labels_mask_case_id_TCGA-CC-A3MA_3_0_cell_expansion_7_0_threshold_0_8.png,"signal_b50=22295.6, signal_b800=3345.91"
/workspace/binary_PNG/binary_labels_mask_case_id_TCGA-G3-A5SK_3_3_cell_expansion_3_0_threshold_0_8.png,"signal_b50=23048.2, signal_b800=7063.1"
/workspace/binary_PNG/binary_labels_mask_case_id_TCGA-DD-AAED_2_2_cell_expansion_15_0_threshold_0_6.png,"signal_b50=24280.5, signal_b800=13768.7"
/workspace/binary_PNG/binary_labels_mask_case_id_TCGA-K7-AAU7_1_4_cell_expansion_9_0_threshold_0_8.png,"signal_b50=22295.6, signal_b800=3345.91"
/workspace/binary_PNG/binary_labels_mask_case_id_TCGA-CC-A8HT_4_1_cell_expansion_9_0_threshold_0_4.png,"signal_b50=24451.7, signal_b800=15015.3"
/workspace/binary_PNG/binary_labels_mask_case_id_TCGA-CC-A8HT_1_1_cell_expansion_1_0_threshold_0_7.png,"signal_b50=23054.6, signal_b800=7197.61"
/workspace/binary_PNG/binary_labels_mask_case_id_TCGA-K7-AAU7_4_3_cell_expansion_13_0_threshold_0_6.png,"signal_b50=24425.5, signal_b800=14872.1"
/workspace/binary_PNG/binary_labels_mask_case_id_TCGA-CC-5261_3_3_cell_expansion_15_0_threshold_0_4.png,"signal_b50=24923.3, signal_b800=18495.5"
/workspace/binary_PNG/binary_labels_mask_case_id_TCGA-CC-A8HT_2_0_cell_expansion_7_0_threshold_0_7.png,"signal_b50=24141.7, signal_b800=12807.8"
/workspace/binary_PNG/binary_labels_mask_case_id_TCGA-CC-A8HT_2_2_cell_expansion_1_0_threshold_0_5.png,"signal_b50=23701.9, signal_b800=10825.8"
/workspace/binary_PNG/binary_labels_mask_case_id_TCGA-G3-A5SK_2_4_cell_expansion_7_0_threshold_0_6.png,"signal_b50=24634.1, signal_b800=15976.9"
/workspace/binary_PNG/binary_labels_mask_case_id_TCGA-CC-A3MA_2_4_cell_expansion_13_0_threshold_0_5.png,"signal_b50=24856.1, signal_b800=17714.8"
/workspace/binary_PNG/binary_labels_mask_case_id_TCGA-CC-A1HT_3_3_cell_expansion_9_0_threshold_0_6.png,"signal_b50=24692.7, signal_b800=16246.7"
/workspace/binary_PNG/binary_labels_mask_case_id_TCGA-K7-AAU7_3_0_cell_expansion_13_0_threshold_0_4.png,"signal_b50=24463.1, signal_b800=15092.1"
/workspace/binary_PNG/binary_labels_mask_case_id_TCGA-CC-A3MA_2_4_cell_expansion_13_0_threshold_0_4.png,"signal_b50=24880, signal_b800=17965.9"
/workspace/binary_PNG/binary_labels_mask_case_id_TCGA-BC-A69I_1_4_cell_expansion_3_0_threshold_0_4.png,"signal_b50=23667.1, signal_b800=10546.3"
/workspace/binary_PNG/binary_labels_mask_case_id_TCGA-YA-A8S7_1_1_cell_expansion_5_0_threshold_0_8.png,"signal_b50=23209.9, signal_b800=7671.55"
/workspace/binary_PNG/binary_labels_mask_case_id_TCGA-DD-AAED_1_2_cell_expansion_5_0_threshold_0_8.png,"signal_b50=23885.2, signal_b800=11183.9"
/workspace/binary_PNG/binary_labels_mask_case_id_TCGA-G3-A5SK_0_2_cell_expansion_9_0_threshold_0_4.png,"signal_b50=24536.2, signal_b800=15361.7"
/workspace/binary_PNG/binary_labels_mask_case_id_TCGA-K7-AAU7_2_0_cell_expansion_3_0_threshold_0_5.png,"signal_b50=22527.4, signal_b800=4443.07"
/workspace/binary_PNG/binary_labels_mask_case_id_TCGA-CC-A3MA_3_2_cell_expansion_1_0_threshold_0_8.png,"signal_b50=22550, signal_b800=4588.83"
/workspace/binary_PNG/binary_labels_mask_case_id_TCGA-YA-A8S7_2_0_cell_expansion_9_0_threshold_0_8.png,"signal_b50=23318.5, signal_b800=7925.66"
/workspace/binary_PNG/binary_labels_mask_case_id_TCGA-G3-A5SK_4_3_cell_expansion_3_0_threshold_0_7.png,"signal_b50=23563.1, signal_b800=9756.48"
/workspace/binary_PNG/binary_labels_mask_case_id_TCGA-CC-A3MA_3_0_cell_expansion_11_0_threshold_0_6.png,"signal_b50=22816.7, signal_b800=5848.98"
/workspace/binary_PNG/binary_labels_mask_case_id_TCGA-CC-5261_3_2_cell_expansion_5_0_threshold_0_5.png,"signal_b50=24536, signal_b800=15538.4"
/workspace/binary_PNG/binary_labels_mask_case_id_TCGA-DD-AAED_3_0_cell_expansion_15_0_threshold_0_5.png,"signal_b50=24755.6, signal_b800=16796.3"
/workspace/binary_PNG/binary_labels_mask_case_id_TCGA-CC-A8HT_4_3_cell_expansion_3_0_threshold_0_4.png,"signal_b50=23998.2, signal_b800=12389.3"
/workspace/binary_PNG/binary_labels_mask_case_id_TCGA-CC-5261_3_1_cell_expansion_11_0_threshold_0_5.png,"signal_b50=24846.7, signal_b800=17619.5"
/workspace/binary_PNG/binary_labels_mask_case_id_TCGA-DD-AAED_3_3_cell_expansion_3_0_threshold_0_5.png,"signal_b50=24572.1, signal_b800=15824"
/workspace/binary_PNG/binary_labels_mask_case_id_TCGA-G3-A5SK_4_3_cell_expansion_9_0_threshold_0_8.png,"signal_b50=23730.4, signal_b800=10253.9"
/workspace/binary_PNG/binary_labels_mask_case_id_TCGA-CC-A3MA_1_3_cell_expansion_13_0_threshold_0_4.png,"signal_b50=24915.9, signal_b800=18352.5"
/workspace/binary_PNG/binary_labels_mask_case_id_TCGA-CC-A3MA_2_0_cell_expansion_9_0_threshold_0_7.png,"signal_b50=24427.8, signal_b800=14405.1"
/workspace/binary_PNG/binary_labels_mask_case_id_TCGA-CC-5261_1_0_cell_expansion_3_0_threshold_0_6.png,"signal_b50=23924, signal_b800=11945.9"
/workspace/binary_PNG/binary_labels_mask_case_id_TCGA-CC-5261_1_0_cell_expansion_11_0_threshold_0_8.png,"signal_b50=23538.7, signal_b800=9282.23"
/workspace/binary_PNG/binary_labels_mask_case_id_TCGA-YA-A8S7_0_2_cell_expansion_3_0_threshold_0_8.png,"signal_b50=22847.3, signal_b800=6011.16"
/workspace/binary_PNG/binary_labels_mask_case_id_TCGA-CC-A3MA_1_4_cell_expansion_5_0_threshold_0_7.png,"signal_b50=24638.5, signal_b800=15973.5"
/workspace/binary_PNG/binary_labels_mask_case_id_TCGA-DD-AAED_3_2_cell_expansion_15_0_threshold_0_6.png,"signal_b50=24793.3, signal_b800=17004.7"
/workspace/binary_PNG/binary_labels_mask_case_id_TCGA-CC-A8HT_1_0_cell_expansion_7_0_threshold_0_5.png,"signal_b50=24698.8, signal_b800=16578.1"
/workspace/binary_PNG/binary_labels_mask_case_id_TCGA-DD-AAED_3_0_cell_expansion_15_0_threshold_0_4.png,"signal_b50=24766.3, signal_b800=16886.6"
/workspace/binary_PNG/binary_labels_mask_case_id_TCGA-CC-A1HT_0_4_cell_expansion_1_0_threshold_0_8.png,"signal_b50=22374.7, signal_b800=3738.15"
/workspace/binary_PNG/binary_labels_mask_case_id_TCGA-G3-A7M6_0_0_cell_expansion_1_0_threshold_0_4.png,"signal_b50=23322.1, signal_b800=8630.77"
/workspace/binary_PNG/binary_labels_mask_case_id_TCGA-CC-A1HT_3_0_cell_expansion_9_0_threshold_0_8.png,"signal_b50=22780.4, signal_b800=5516.3"
/workspace/binary_PNG/binary_labels_mask_case_id_TCGA-BC-A69I_3_1_cell_expansion_15_0_threshold_0_8.png,"signal_b50=23609.6, signal_b800=9758.39"
/workspace/binary_PNG/binary_labels_mask_case_id_TCGA-DD-AAED_3_1_cell_expansion_3_0_threshold_0_4.png,"signal_b50=24316.4, signal_b800=14357.5"
/workspace/binary_PNG/binary_labels_mask_case_id_TCGA-YA-A8S7_1_4_cell_expansion_1_0_threshold_0_7.png,"signal_b50=22324.4, signal_b800=3474.7"
/workspace/binary_PNG/binary_labels_mask_case_id_TCGA-BC-A69I_2_0_cell_expansion_3_0_threshold_0_8.png,"signal_b50=23132.2, signal_b800=7291.03"
/workspace/binary_PNG/binary_labels_mask_case_id_TCGA-BC-A69I_2_3_cell_expansion_3_0_threshold_0_8.png,"signal_b50=23153.5, signal_b800=7386.45"
/workspace/binary_PNG/binary_labels_mask_case_id_TCGA-BC-A69I_0_4_cell_expansion_3_0_threshold_0_7.png,"signal_b50=23547.7, signal_b800=9665.53"
/workspace/binary_PNG/binary_labels_mask_case_id_TCGA-K7-AAU7_4_3_cell_expansion_1_0_threshold_0_7.png,"signal_b50=22824.7, signal_b800=6049.92"
/workspace/binary_PNG/binary_labels_mask_case_id_TCGA-BC-A69I_2_4_cell_expansion_3_0_threshold_0_4.png,"signal_b50=23692.8, signal_b800=10468.1"
/workspace/binary_PNG/binary_labels_mask_case_id_TCGA-G3-A5SK_3_0_cell_expansion_1_0_threshold_0_5.png,"signal_b50=23438.8, signal_b800=9323.58"
/workspace/binary_PNG/binary_labels_mask_case_id_TCGA-DD-AAED_0_3_cell_expansion_3_0_threshold_0_6.png,"signal_b50=24026.4, signal_b800=12527.4"
/workspace/binary_PNG/binary_labels_mask_case_id_TCGA-BC-A69I_1_4_cell_expansion_7_0_threshold_0_4.png,"signal_b50=24252.7, signal_b800=13705.9"
/workspace/binary_PNG/binary_labels_mask_case_id_TCGA-G3-A5SK_2_3_cell_expansion_1_0_threshold_0_5.png,"signal_b50=23248.7, signal_b800=8318.82"
/workspace/binary_PNG/binary_labels_mask_case_id_TCGA-BC-A69I_4_1_cell_expansion_9_0_threshold_0_7.png,"signal_b50=23625.1, signal_b800=9708.78"
/workspace/binary_PNG/binary_labels_mask_case_id_TCGA-YA-A8S7_3_0_cell_expansion_3_0_threshold_0_8.png,"signal_b50=22658.8, signal_b800=5184.66"
/workspace/binary_PNG/binary_labels_mask_case_id_TCGA-CC-A1HT_3_2_cell_expansion_3_0_threshold_0_5.png,"signal_b50=24370.4, signal_b800=14286.3"
/workspace/binary_PNG/binary_labels_mask_case_id_TCGA-CC-5261_4_3_cell_expansion_15_0_threshold_0_7.png,"signal_b50=24586.1, signal_b800=15686.6"
/workspace/binary_PNG/binary_labels_mask_case_id_TCGA-CC-5261_2_2_cell_expansion_5_0_threshold_0_6.png,"signal_b50=24621.2, signal_b800=16052.5"
/workspace/binary_PNG/binary_labels_mask_case_id_TCGA-DD-AAED_0_0_cell_expansion_1_0_threshold_0_8.png,"signal_b50=23066.7, signal_b800=7240.63"
/workspace/binary_PNG/binary_labels_mask_case_id_TCGA-K7-AAU7_3_4_cell_expansion_9_0_threshold_0_8.png,"signal_b50=22944.5, signal_b800=6259.91"
/workspace/binary_PNG/binary_labels_mask_case_id_TCGA-CC-5261_0_4_cell_expansion_15_0_threshold_0_6.png,"signal_b50=24652.8, signal_b800=16331.6"
/workspace/binary_PNG/binary_labels_mask_case_id_TCGA-BC-A69I_2_0_cell_expansion_11_0_threshold_0_6.png,"signal_b50=24297.5, signal_b800=13407.2"
/workspace/binary_PNG/binary_labels_mask_case_id_TCGA-CC-5261_1_3_cell_expansion_13_0_threshold_0_5.png,"signal_b50=24670.9, signal_b800=16302.7"
/workspace/binary_PNG/binary_labels_mask_case_id_TCGA-YA-A8S7_2_0_cell_expansion_7_0_threshold_0_6.png,"signal_b50=24733.5, signal_b800=16913.6"
/workspace/binary_PNG/binary_labels_mask_case_id_TCGA-G3-A5SK_4_1_cell_expansion_11_0_threshold_0_4.png,"signal_b50=24477.4, signal_b800=14781.7"
/workspace/binary_PNG/binary_labels_mask_case_id_TCGA-DD-AAED_2_0_cell_expansion_9_0_threshold_0_7.png,"signal_b50=24323.5, signal_b800=13955.1"
/workspace/binary_PNG/binary_labels_mask_case_id_TCGA-G3-A7M6_2_0_cell_expansion_13_0_threshold_0_7.png,"signal_b50=24506.1, signal_b800=15159.1"
/workspace/binary_PNG/binary_labels_mask_case_id_TCGA-DD-AAED_3_0_cell_expansion_7_0_threshold_0_6.png,"signal_b50=24671.5, signal_b800=16166.8"
/workspace/binary_PNG/binary_labels_mask_case_id_TCGA-G3-A7M6_1_1_cell_expansion_15_0_threshold_0_4.png,"signal_b50=24635.9, signal_b800=16058.4"
/workspace/binary_PNG/binary_labels_mask_case_id_TCGA-CC-A3MA_2_0_cell_expansion_11_0_threshold_0_4.png,"signal_b50=24872.6, signal_b800=17879.3"
/workspace/binary_PNG/binary_labels_mask_case_id_TCGA-BC-A69I_3_0_cell_expansion_3_0_threshold_0_5.png,"signal_b50=23599.7, signal_b800=9899.46"
/workspace/binary_PNG/binary_labels_mask_case_id_TCGA-CC-A3MA_1_2_cell_expansion_11_0_threshold_0_4.png,"signal_b50=24906.1, signal_b800=18225.8"
/workspace/binary_PNG/binary_labels_mask_case_id_TCGA-G3-A7M6_3_0_cell_expansion_9_0_threshold_0_7.png,"signal_b50=24468.8, signal_b800=14653.2"
/workspace/binary_PNG/binary_labels_mask_case_id_TCGA-CC-A3MA_4_0_cell_expansion_7_0_threshold_0_8.png,"signal_b50=23431.6, signal_b800=8736.8"
/workspace/binary_PNG/binary_labels_mask_case_id_TCGA-DD-AAED_0_3_cell_expansion_5_0_threshold_0_4.png,"signal_b50=24569, signal_b800=15730.3"
/workspace/binary_PNG/binary_labels_mask_case_id_TCGA-CC-A1HT_0_0_cell_expansion_9_0_threshold_0_6.png,"signal_b50=23869.4, signal_b800=11549.8"
/workspace/binary_PNG/binary_labels_mask_case_id_TCGA-CC-5261_4_2_cell_expansion_13_0_threshold_0_7.png,"signal_b50=24723.7, signal_b800=16630.8"
/workspace/binary_PNG/binary_labels_mask_case_id_TCGA-K7-AAU7_3_3_cell_expansion_3_0_threshold_0_7.png,"signal_b50=22777.7, signal_b800=5694.32"
/workspace/binary_PNG/binary_labels_mask_case_id_TCGA-K7-AAU7_0_2_cell_expansion_7_0_threshold_0_6.png,"signal_b50=23021.9, signal_b800=6829.71"
/workspace/binary_PNG/binary_labels_mask_case_id_TCGA-DD-AAED_3_1_cell_expansion_15_0_threshold_0_6.png,"signal_b50=24638.6, signal_b800=16061.6"
/workspace/binary_PNG/binary_labels_mask_case_id_TCGA-G3-A7M6_0_3_cell_expansion_7_0_threshold_0_4.png,"signal_b50=24598, signal_b800=15591.6"
/workspace/binary_PNG/binary_labels_mask_case_id_TCGA-CC-A3MA_3_3_cell_expansion_15_0_threshold_0_8.png,"signal_b50=24083.2, signal_b800=12063"
/workspace/binary_PNG/binary_labels_mask_case_id_TCGA-G3-A5SK_1_1_cell_expansion_3_0_threshold_0_8.png,"signal_b50=23039.9, signal_b800=6950.14"
/workspace/binary_PNG/binary_labels_mask_case_id_TCGA-G3-A7M6_4_1_cell_expansion_1_0_threshold_0_5.png,"signal_b50=23098.5, signal_b800=7394.48"
/workspace/binary_PNG/binary_labels_mask_case_id_TCGA-G3-A7M6_1_0_cell_expansion_7_0_threshold_0_6.png,"signal_b50=24554.5, signal_b800=15580"
/workspace/binary_PNG/binary_labels_mask_case_id_TCGA-G3-A7M6_0_2_cell_expansion_15_0_threshold_0_6.png,"signal_b50=24629, signal_b800=15847.9"
/workspace/binary_PNG/binary_labels_mask_case_id_TCGA-CC-A8HT_1_2_cell_expansion_5_0_threshold_0_8.png,"signal_b50=22717.1, signal_b800=5409.9"
/workspace/binary_PNG/binary_labels_mask_case_id_TCGA-DD-AAED_2_0_cell_expansion_7_0_threshold_0_5.png,"signal_b50=24424, signal_b800=14723.9"
/workspace/binary_PNG/binary_labels_mask_case_id_TCGA-BC-A69I_1_4_cell_expansion_13_0_threshold_0_7.png,"signal_b50=24084.9, signal_b800=12512.3"
/workspace/binary_PNG/binary_labels_mask_case_id_TCGA-BC-A69I_3_3_cell_expansion_3_0_threshold_0_5.png,"signal_b50=23965.2, signal_b800=11926.8"
/workspace/binary_PNG/binary_labels_mask_case_id_TCGA-CC-A1HT_0_3_cell_expansion_15_0_threshold_0_4.png,"signal_b50=24735.6, signal_b800=16781.8"
/workspace/binary_PNG/binary_labels_mask_case_id_TCGA-CC-A3MA_0_4_cell_expansion_7_0_threshold_0_6.png,"signal_b50=24216.3, signal_b800=13548.6"
/workspace/binary_PNG/binary_labels_mask_case_id_TCGA-CC-A1HT_3_2_cell_expansion_11_0_threshold_0_6.png,"signal_b50=24682.5, signal_b800=15971.9"
/workspace/binary_PNG/binary_labels_mask_case_id_TCGA-K7-AAU7_0_2_cell_expansion_7_0_threshold_0_4.png,"signal_b50=23228.9, signal_b800=7968.25"
/workspace/binary_PNG/binary_labels_mask_case_id_TCGA-DD-AAED_1_3_cell_expansion_1_0_threshold_0_7.png,"signal_b50=23457.5, signal_b800=9282.72"
/workspace/binary_PNG/binary_labels_mask_case_id_TCGA-CC-A8HT_1_3_cell_expansion_9_0_threshold_0_6.png,"signal_b50=24505.5, signal_b800=15210.3"
/workspace/binary_PNG/binary_labels_mask_case_id_TCGA-CC-A8HT_1_0_cell_expansion_9_0_threshold_0_8.png,"signal_b50=22739.2, signal_b800=5333.86"
/workspace/binary_PNG/binary_labels_mask_case_id_TCGA-G3-A5SK_4_4_cell_expansion_3_0_threshold_0_8.png,"signal_b50=22890.5, signal_b800=6355.54"
/workspace/binary_PNG/binary_labels_mask_case_id_TCGA-BC-A69I_4_0_cell_expansion_5_0_threshold_0_8.png,"signal_b50=22874.3, signal_b800=6260.37"
/workspace/binary_PNG/binary_labels_mask_case_id_TCGA-YA-A8S7_2_1_cell_expansion_3_0_threshold_0_8.png,"signal_b50=22937.4, signal_b800=6399.86"
/workspace/binary_PNG/binary_labels_mask_case_id_TCGA-YA-A8S7_2_2_cell_expansion_11_0_threshold_0_6.png,"signal_b50=24535.8, signal_b800=14961.4"
/workspace/binary_PNG/binary_labels_mask_case_id_TCGA-G3-A7M6_1_2_cell_expansion_15_0_threshold_0_5.png,"signal_b50=24924.2, signal_b800=18989.5"
/workspace/binary_PNG/binary_labels_mask_case_id_TCGA-K7-AAU7_1_4_cell_expansion_5_0_threshold_0_5.png,"signal_b50=23539.2, signal_b800=9928.35"
/workspace/binary_PNG/binary_labels_mask_case_id_TCGA-YA-A8S7_2_2_cell_expansion_13_0_threshold_0_8.png,"signal_b50=23563, signal_b800=9094.55"
/workspace/binary_PNG/binary_labels_mask_case_id_TCGA-G3-A7M6_2_2_cell_expansion_1_0_threshold_0_8.png,"signal_b50=22675.9, signal_b800=5271.85"
/workspace/binary_PNG/binary_labels_mask_case_id_TCGA-CC-5261_0_3_cell_expansion_9_0_threshold_0_6.png,"signal_b50=24636.5, signal_b800=16000.4"
/workspace/binary_PNG/binary_labels_mask_case_id_TCGA-CC-5261_0_0_cell_expansion_7_0_threshold_0_8.png,"signal_b50=23911.7, signal_b800=11627.5"
/workspace/binary_PNG/binary_labels_mask_case_id_TCGA-CC-A8HT_1_2_cell_expansion_9_0_threshold_0_7.png,"signal_b50=23934, signal_b800=11793.7"
/workspace/binary_PNG/binary_labels_mask_case_id_TCGA-CC-A1HT_3_2_cell_expansion_7_0_threshold_0_8.png,"signal_b50=24095.9, signal_b800=12306.1"
/workspace/binary_PNG/binary_labels_mask_case_id_TCGA-BC-A69I_4_0_cell_expansion_3_0_threshold_0_7.png,"signal_b50=23427, signal_b800=8947.46"
/workspace/binary_PNG/binary_labels_mask_case_id_TCGA-CC-A3MA_2_2_cell_expansion_3_0_threshold_0_6.png,"signal_b50=24370.8, signal_b800=14319.4"
/workspace/binary_PNG/binary_labels_mask_case_id_TCGA-G3-A5SK_0_1_cell_expansion_5_0_threshold_0_6.png,"signal_b50=24310.7, signal_b800=14078.9"
/workspace/binary_PNG/binary_labels_mask_case_id_TCGA-DD-AAED_4_1_cell_expansion_13_0_threshold_0_6.png,"signal_b50=24712.7, signal_b800=16284.1"
/workspace/binary_PNG/binary_labels_mask_case_id_TCGA-CC-A8HT_2_0_cell_expansion_3_0_threshold_0_5.png,"signal_b50=24327.3, signal_b800=14408.3"
/workspace/binary_PNG/binary_labels_mask_case_id_TCGA-BC-A69I_0_0_cell_expansion_7_0_threshold_0_8.png,"signal_b50=23241.5, signal_b800=7894.11"
/workspace/binary_PNG/binary_labels_mask_case_id_TCGA-G3-A7M6_1_4_cell_expansion_11_0_threshold_0_5.png,"signal_b50=24085.3, signal_b800=12908.6"
/workspace/binary_PNG/binary_labels_mask_case_id_TCGA-K7-AAU7_0_4_cell_expansion_11_0_threshold_0_7.png,"signal_b50=22751.8, signal_b800=5388.37"
/workspace/binary_PNG/binary_labels_mask_case_id_TCGA-CC-A3MA_3_2_cell_expansion_13_0_threshold_0_7.png,"signal_b50=24392.8, signal_b800=14196.3"
/workspace/binary_PNG/binary_labels_mask_case_id_TCGA-G3-A7M6_4_4_cell_expansion_3_0_threshold_0_6.png,"signal_b50=23634.3, signal_b800=10054.9"
/workspace/binary_PNG/binary_labels_mask_case_id_TCGA-CC-5261_0_3_cell_expansion_15_0_threshold_0_8.png,"signal_b50=23816.2, signal_b800=10942.9"
/workspace/binary_PNG/binary_labels_mask_case_id_TCGA-CC-A8HT_0_1_cell_expansion_3_0_threshold_0_4.png,"signal_b50=24432, signal_b800=14951.2"
/workspace/binary_PNG/binary_labels_mask_case_id_TCGA-CC-A8HT_3_1_cell_expansion_3_0_threshold_0_8.png,"signal_b50=22708.3, signal_b800=5332.58"
/workspace/binary_PNG/binary_labels_mask_case_id_TCGA-G3-A7M6_1_0_cell_expansion_1_0_threshold_0_7.png,"signal_b50=23087, signal_b800=7350.15"
/workspace/binary_PNG/binary_labels_mask_case_id_TCGA-CC-5261_1_4_cell_expansion_11_0_threshold_0_5.png,"signal_b50=24692.9, signal_b800=16385.7"
/workspace/binary_PNG/binary_labels_mask_case_id_TCGA-CC-A1HT_0_4_cell_expansion_15_0_threshold_0_5.png,"signal_b50=24704.1, signal_b800=16813.7"
/workspace/binary_PNG/binary_labels_mask_case_id_TCGA-CC-5261_4_3_cell_expansion_9_0_threshold_0_6.png,"signal_b50=24750.7, signal_b800=16968.9"
/workspace/binary_PNG/binary_labels_mask_case_id_TCGA-YA-A8S7_0_4_cell_expansion_9_0_threshold_0_4.png,"signal_b50=24670.1, signal_b800=16586.9"
/workspace/binary_PNG/binary_labels_mask_case_id_TCGA-CC-A1HT_2_1_cell_expansion_7_0_threshold_0_6.png,"signal_b50=24527.1, signal_b800=15146.4"
/workspace/binary_PNG/binary_labels_mask_case_id_TCGA-BC-A69I_1_0_cell_expansion_13_0_threshold_0_5.png,"signal_b50=24444.2, signal_b800=14546.3"
/workspace/binary_PNG/binary_labels_mask_case_id_TCGA-CC-A1HT_1_0_cell_expansion_15_0_threshold_0_6.png,"signal_b50=24327.9, signal_b800=14105.8"
/workspace/binary_PNG/binary_labels_mask_case_id_TCGA-DD-AAED_0_0_cell_expansion_3_0_threshold_0_4.png,"signal_b50=24366.9, signal_b800=14590"
/workspace/binary_PNG/binary_labels_mask_case_id_TCGA-CC-5261_3_4_cell_expansion_9_0_threshold_0_7.png,"signal_b50=24501.7, signal_b800=14864"
/workspace/binary_PNG/binary_labels_mask_case_id_TCGA-YA-A8S7_1_0_cell_expansion_11_0_threshold_0_7.png,"signal_b50=23958.1, signal_b800=11587.3"
/workspace/binary_PNG/binary_labels_mask_case_id_TCGA-CC-A1HT_4_4_cell_expansion_3_0_threshold_0_7.png,"signal_b50=23202.6, signal_b800=7876.19"
/workspace/binary_PNG/binary_labels_mask_case_id_TCGA-BC-A69I_0_0_cell_expansion_9_0_threshold_0_6.png,"signal_b50=24156.6, signal_b800=12836.8"
/workspace/binary_PNG/binary_labels_mask_case_id_TCGA-CC-5261_0_4_cell_expansion_7_0_threshold_0_8.png,"signal_b50=23183.5, signal_b800=7782.49"
/workspace/binary_PNG/binary_labels_mask_case_id_TCGA-CC-A1HT_3_0_cell_expansion_9_0_threshold_0_4.png,"signal_b50=24887.1, signal_b800=18277.9"
/workspace/binary_PNG/binary_labels_mask_case_id_TCGA-K7-AAU7_0_0_cell_expansion_15_0_threshold_0_7.png,"signal_b50=22674.8, signal_b800=5050.03"
/workspace/binary_PNG/binary_labels_mask_case_id_TCGA-CC-A8HT_2_4_cell_expansion_9_0_threshold_0_4.png,"signal_b50=24661.2, signal_b800=16432.7"
/workspace/binary_PNG/binary_labels_mask_case_id_TCGA-YA-A8S7_3_0_cell_expansion_11_0_threshold_0_5.png,"signal_b50=24773.1, signal_b800=17255.6"
/workspace/binary_PNG/binary_labels_mask_case_id_TCGA-CC-A1HT_1_4_cell_expansion_9_0_threshold_0_7.png,"signal_b50=23419.9, signal_b800=8795.53"
/workspace/binary_PNG/binary_labels_mask_case_id_TCGA-G3-A7M6_2_3_cell_expansion_13_0_threshold_0_5.png,"signal_b50=24540.3, signal_b800=15454.2"
/workspace/binary_PNG/binary_labels_mask_case_id_TCGA-G3-A5SK_1_1_cell_expansion_7_0_threshold_0_6.png,"signal_b50=24275.6, signal_b800=13461.6"
/workspace/binary_PNG/binary_labels_mask_case_id_TCGA-CC-A8HT_0_1_cell_expansion_15_0_threshold_0_7.png,"signal_b50=24290.9, signal_b800=13593.5"
/workspace/binary_PNG/binary_labels_mask_case_id_TCGA-BC-A69I_1_0_cell_expansion_3_0_threshold_0_8.png,"signal_b50=22942, signal_b800=6488.39"
/workspace/binary_PNG/binary_labels_mask_case_id_TCGA-K7-AAU7_0_3_cell_expansion_1_0_threshold_0_5.png,"signal_b50=23176.8, signal_b800=7856.61"
/workspace/binary_PNG/binary_labels_mask_case_id_TCGA-G3-A7M6_3_4_cell_expansion_1_0_threshold_0_5.png,"signal_b50=23390, signal_b800=9064.73"
/workspace/binary_PNG/binary_labels_mask_case_id_TCGA-BC-A69I_0_3_cell_expansion_3_0_threshold_0_5.png,"signal_b50=23737.4, signal_b800=10546.1"
/workspace/binary_PNG/binary_labels_mask_case_id_TCGA-CC-A8HT_1_0_cell_expansion_15_0_threshold_0_6.png,"signal_b50=24623.7, signal_b800=15943.8"
/workspace/binary_PNG/binary_labels_mask_case_id_TCGA-YA-A8S7_3_2_cell_expansion_7_0_threshold_0_5.png,"signal_b50=24809.8, signal_b800=17945.5"
/workspace/binary_PNG/binary_labels_mask_case_id_TCGA-CC-A8HT_1_4_cell_expansion_7_0_threshold_0_5.png,"signal_b50=24708.8, signal_b800=16442.6"
/workspace/binary_PNG/binary_labels_mask_case_id_TCGA-K7-AAU7_2_3_cell_expansion_11_0_threshold_0_6.png,"signal_b50=23871.4, signal_b800=11577.7"
/workspace/binary_PNG/binary_labels_mask_case_id_TCGA-CC-A8HT_2_4_cell_expansion_5_0_threshold_0_7.png,"signal_b50=23808.4, signal_b800=10705.8"
/workspace/binary_PNG/binary_labels_mask_case_id_TCGA-CC-A1HT_1_1_cell_expansion_9_0_threshold_0_7.png,"signal_b50=23522.2, signal_b800=9395.85"
/workspace/binary_PNG/binary_labels_mask_case_id_TCGA-G3-A7M6_0_2_cell_expansion_1_0_threshold_0_7.png,"signal_b50=23073.3, signal_b800=7274.77"
/workspace/binary_PNG/binary_labels_mask_case_id_TCGA-CC-A3MA_4_4_cell_expansion_11_0_threshold_0_4.png,"signal_b50=24649.7, signal_b800=16475.6"
/workspace/binary_PNG/binary_labels_mask_case_id_TCGA-DD-AAED_3_1_cell_expansion_9_0_threshold_0_4.png,"signal_b50=24693, signal_b800=16517.3"
/workspace/binary_PNG/binary_labels_mask_case_id_TCGA-G3-A5SK_3_1_cell_expansion_1_0_threshold_0_4.png,"signal_b50=23132.2, signal_b800=7573.42"
/workspace/binary_PNG/binary_labels_mask_case_id_TCGA-G3-A5SK_3_4_cell_expansion_3_0_threshold_0_6.png,"signal_b50=24718.6, signal_b800=17136.5"
/workspace/binary_PNG/binary_labels_mask_case_id_TCGA-DD-AAED_3_3_cell_expansion_1_0_threshold_0_7.png,"signal_b50=23649.7, signal_b800=10431.9"
/workspace/binary_PNG/binary_labels_mask_case_id_TCGA-YA-A8S7_2_3_cell_expansion_3_0_threshold_0_6.png,"signal_b50=23076.5, signal_b800=7139.25"
/workspace/binary_PNG/binary_labels_mask_case_id_TCGA-G3-A7M6_4_3_cell_expansion_1_0_threshold_0_6.png,"signal_b50=23156.9, signal_b800=7688.71"
/workspace/binary_PNG/binary_labels_mask_case_id_TCGA-BC-A69I_2_4_cell_expansion_7_0_threshold_0_7.png,"signal_b50=23891.7, signal_b800=11363.5"
/workspace/binary_PNG/binary_labels_mask_case_id_TCGA-DD-AAED_4_4_cell_expansion_5_0_threshold_0_6.png,"signal_b50=24797.4, signal_b800=17338.7"
/workspace/binary_PNG/binary_labels_mask_case_id_TCGA-CC-A8HT_0_4_cell_expansion_7_0_threshold_0_6.png,"signal_b50=24486.2, signal_b800=15028.3"
/workspace/binary_PNG/binary_labels_mask_case_id_TCGA-G3-A5SK_0_1_cell_expansion_11_0_threshold_0_5.png,"signal_b50=24607.4, signal_b800=15887.6"
/workspace/binary_PNG/binary_labels_mask_case_id_TCGA-CC-A3MA_3_2_cell_expansion_15_0_threshold_0_5.png,"signal_b50=24819.2, signal_b800=17540.2"
/workspace/binary_PNG/binary_labels_mask_case_id_TCGA-G3-A7M6_1_0_cell_expansion_7_0_threshold_0_8.png,"signal_b50=23948.5, signal_b800=11629.4"
/workspace/binary_PNG/binary_labels_mask_case_id_TCGA-CC-A3MA_4_4_cell_expansion_9_0_threshold_0_5.png,"signal_b50=24578.7, signal_b800=16003"
/workspace/binary_PNG/binary_labels_mask_case_id_TCGA-DD-AAED_2_3_cell_expansion_13_0_threshold_0_4.png,"signal_b50=24602.3, signal_b800=15619.1"
/workspace/binary_PNG/binary_labels_mask_case_id_TCGA-BC-A69I_4_3_cell_expansion_15_0_threshold_0_6.png,"signal_b50=24148.9, signal_b800=12682.8"
/workspace/binary_PNG/binary_labels_mask_case_id_TCGA-CC-A3MA_2_0_cell_expansion_1_0_threshold_0_6.png,"signal_b50=23675.4, signal_b800=10522.3"
/workspace/binary_PNG/binary_labels_mask_case_id_TCGA-G3-A7M6_2_0_cell_expansion_9_0_threshold_0_5.png,"signal_b50=24744.5, signal_b800=16980"
/workspace/binary_PNG/binary_labels_mask_case_id_TCGA-K7-AAU7_4_4_cell_expansion_5_0_threshold_0_6.png,"signal_b50=23802.4, signal_b800=11065"
/workspace/binary_PNG/binary_labels_mask_case_id_TCGA-CC-A8HT_3_0_cell_expansion_7_0_threshold_0_4.png,"signal_b50=24653.2, signal_b800=16284.5"
/workspace/binary_PNG/binary_labels_mask_case_id_TCGA-CC-A1HT_0_2_cell_expansion_13_0_threshold_0_7.png,"signal_b50=23278.7, signal_b800=8105.83"
/workspace/binary_PNG/binary_labels_mask_case_id_TCGA-CC-A1HT_0_2_cell_expansion_3_0_threshold_0_8.png,"signal_b50=22337.7, signal_b800=3557.28"
/workspace/binary_PNG/binary_labels_mask_case_id_TCGA-DD-AAED_0_4_cell_expansion_11_0_threshold_0_4.png,"signal_b50=24685.8, signal_b800=16178.8"
/workspace/binary_PNG/binary_labels_mask_case_id_TCGA-G3-A5SK_0_2_cell_expansion_15_0_threshold_0_8.png,"signal_b50=23923.5, signal_b800=11541.1"
/workspace/binary_PNG/binary_labels_mask_case_id_TCGA-BC-A69I_1_1_cell_expansion_13_0_threshold_0_7.png,"signal_b50=24179.4, signal_b800=12869.2"
/workspace/binary_PNG/binary_labels_mask_case_id_TCGA-CC-A8HT_3_0_cell_expansion_9_0_threshold_0_7.png,"signal_b50=24231.4, signal_b800=13445.2"
/workspace/binary_PNG/binary_labels_mask_case_id_TCGA-CC-A3MA_0_0_cell_expansion_3_0_threshold_0_4.png,"signal_b50=23505.2, signal_b800=9774.44"
/workspace/binary_PNG/binary_labels_mask_case_id_TCGA-CC-A1HT_3_1_cell_expansion_1_0_threshold_0_5.png,"signal_b50=23117, signal_b800=7520.74"
/workspace/binary_PNG/binary_labels_mask_case_id_TCGA-DD-AAED_0_2_cell_expansion_5_0_threshold_0_4.png,"signal_b50=24595.1, signal_b800=16045.2"
/workspace/binary_PNG/binary_labels_mask_case_id_TCGA-YA-A8S7_4_1_cell_expansion_15_0_threshold_0_4.png,"signal_b50=24797.2, signal_b800=17467.3"
/workspace/binary_PNG/binary_labels_mask_case_id_TCGA-G3-A5SK_4_4_cell_expansion_15_0_threshold_0_4.png,"signal_b50=24362, signal_b800=14236.3"
/workspace/binary_PNG/binary_labels_mask_case_id_TCGA-CC-A1HT_0_0_cell_expansion_15_0_threshold_0_7.png,"signal_b50=23064.3, signal_b800=6987.45"
/workspace/binary_PNG/binary_labels_mask_case_id_TCGA-CC-5261_0_1_cell_expansion_11_0_threshold_0_8.png,"signal_b50=24091, signal_b800=12214.9"
/workspace/binary_PNG/binary_labels_mask_case_id_TCGA-YA-A8S7_0_4_cell_expansion_11_0_threshold_0_5.png,"signal_b50=24639.9, signal_b800=16239.7"
/workspace/binary_PNG/binary_labels_mask_case_id_TCGA-YA-A8S7_3_3_cell_expansion_13_0_threshold_0_4.png,"signal_b50=22767.3, signal_b800=5574.29"
/workspace/binary_PNG/binary_labels_mask_case_id_TCGA-CC-A8HT_4_4_cell_expansion_11_0_threshold_0_6.png,"signal_b50=24454.1, signal_b800=14854.8"
/workspace/binary_PNG/binary_labels_mask_case_id_TCGA-CC-A3MA_0_2_cell_expansion_11_0_threshold_0_8.png,"signal_b50=23873.2, signal_b800=11254.6"
/workspace/binary_PNG/binary_labels_mask_case_id_TCGA-BC-A69I_0_1_cell_expansion_15_0_threshold_0_7.png,"signal_b50=24210.5, signal_b800=13140.4"
/workspace/binary_PNG/binary_labels_mask_case_id_TCGA-YA-A8S7_0_3_cell_expansion_9_0_threshold_0_7.png,"signal_b50=24463.2, signal_b800=14774.1"
/workspace/binary_PNG/binary_labels_mask_case_id_TCGA-G3-A5SK_4_3_cell_expansion_1_0_threshold_0_5.png,"signal_b50=23153.5, signal_b800=7748.53"
/workspace/binary_PNG/binary_labels_mask_case_id_TCGA-G3-A5SK_4_0_cell_expansion_9_0_threshold_0_5.png,"signal_b50=24309.3, signal_b800=13611.9"
/workspace/binary_PNG/binary_labels_mask_case_id_TCGA-K7-AAU7_1_2_cell_expansion_1_0_threshold_0_6.png,"signal_b50=22874.1, signal_b800=6229.4"
/workspace/binary_PNG/binary_labels_mask_case_id_TCGA-CC-A8HT_3_1_cell_expansion_11_0_threshold_0_7.png,"signal_b50=23872.8, signal_b800=11150.9"
/workspace/binary_PNG/binary_labels_mask_case_id_TCGA-CC-A1HT_1_1_cell_expansion_9_0_threshold_0_6.png,"signal_b50=24126.7, signal_b800=12774.1"
/workspace/binary_PNG/binary_labels_mask_case_id_TCGA-DD-AAED_0_2_cell_expansion_1_0_threshold_0_4.png,"signal_b50=23750.5, signal_b800=11119.1"
/workspace/binary_PNG/binary_labels_mask_case_id_TCGA-CC-5261_4_4_cell_expansion_15_0_threshold_0_8.png,"signal_b50=24352.4, signal_b800=13818"
/workspace/binary_PNG/binary_labels_mask_case_id_TCGA-G3-A7M6_0_1_cell_expansion_9_0_threshold_0_8.png,"signal_b50=23964.9, signal_b800=11640.3"
/workspace/binary_PNG/binary_labels_mask_case_id_TCGA-CC-5261_4_2_cell_expansion_15_0_threshold_0_6.png,"signal_b50=24812.3, signal_b800=17491.3"
/workspace/binary_PNG/binary_labels_mask_case_id_TCGA-YA-A8S7_1_3_cell_expansion_5_0_threshold_0_6.png,"signal_b50=24505.7, signal_b800=15250.3"
/workspace/binary_PNG/binary_labels_mask_case_id_TCGA-CC-A8HT_4_0_cell_expansion_11_0_threshold_0_7.png,"signal_b50=24275.7, signal_b800=13424.1"
/workspace/binary_PNG/binary_labels_mask_case_id_TCGA-CC-A3MA_3_4_cell_expansion_1_0_threshold_0_6.png,"signal_b50=23704.5, signal_b800=10788.7"
/workspace/binary_PNG/binary_labels_mask_case_id_TCGA-CC-5261_1_4_cell_expansion_9_0_threshold_0_4.png,"signal_b50=24714.1, signal_b800=16623.6"
/workspace/binary_PNG/binary_labels_mask_case_id_TCGA-G3-A7M6_0_3_cell_expansion_15_0_threshold_0_4.png,"signal_b50=24609.5, signal_b800=15673.3"
/workspace/binary_PNG/binary_labels_mask_case_id_TCGA-G3-A5SK_2_2_cell_expansion_1_0_threshold_0_4.png,"signal_b50=23408, signal_b800=9112.99"
/workspace/binary_PNG/binary_labels_mask_case_id_TCGA-CC-A1HT_3_2_cell_expansion_13_0_threshold_0_4.png,"signal_b50=24744, signal_b800=16452.5"
/workspace/binary_PNG/binary_labels_mask_case_id_TCGA-DD-AAED_4_4_cell_expansion_9_0_threshold_0_4.png,"signal_b50=24891.7, signal_b800=18051.5"
/workspace/binary_PNG/binary_labels_mask_case_id_TCGA-CC-A3MA_3_3_cell_expansion_7_0_threshold_0_6.png,"signal_b50=24675.6, signal_b800=16192.9"
/workspace/binary_PNG/binary_labels_mask_case_id_TCGA-CC-A3MA_3_1_cell_expansion_1_0_threshold_0_4.png,"signal_b50=24047.9, signal_b800=13088.7"
/workspace/binary_PNG/binary_labels_mask_case_id_TCGA-CC-A3MA_0_3_cell_expansion_1_0_threshold_0_4.png,"signal_b50=24244.7, signal_b800=13902.2"
/workspace/binary_PNG/binary_labels_mask_case_id_TCGA-YA-A8S7_2_4_cell_expansion_13_0_threshold_0_6.png,"signal_b50=22379.5, signal_b800=3769.69"
/workspace/binary_PNG/binary_labels_mask_case_id_TCGA-CC-A8HT_2_3_cell_expansion_9_0_threshold_0_5.png,"signal_b50=24565.5, signal_b800=15846.8"
/workspace/binary_PNG/binary_labels_mask_case_id_TCGA-YA-A8S7_4_4_cell_expansion_3_0_threshold_0_6.png,"signal_b50=22434.4, signal_b800=3912.76"
/workspace/binary_PNG/binary_labels_mask_case_id_TCGA-CC-A1HT_3_1_cell_expansion_9_0_threshold_0_6.png,"signal_b50=23709, signal_b800=10596.5"
/workspace/binary_PNG/binary_labels_mask_case_id_TCGA-CC-A1HT_1_0_cell_expansion_15_0_threshold_0_8.png,"signal_b50=22618.8, signal_b800=4787.42"
/workspace/binary_PNG/binary_labels_mask_case_id_TCGA-K7-AAU7_3_2_cell_expansion_13_0_threshold_0_4.png,"signal_b50=24366.2, signal_b800=14683.2"
/workspace/binary_PNG/binary_labels_mask_case_id_TCGA-G3-A5SK_4_3_cell_expansion_3_0_threshold_0_5.png,"signal_b50=23752.5, signal_b800=10887.7"
/workspace/binary_PNG/binary_labels_mask_case_id_TCGA-CC-A1HT_3_4_cell_expansion_13_0_threshold_0_5.png,"signal_b50=24895.7, signal_b800=18173.9"
/workspace/binary_PNG/binary_labels_mask_case_id_TCGA-DD-AAED_0_0_cell_expansion_3_0_threshold_0_5.png,"signal_b50=24347, signal_b800=14431.1"
/workspace/binary_PNG/binary_labels_mask_case_id_TCGA-K7-AAU7_3_4_cell_expansion_7_0_threshold_0_6.png,"signal_b50=23965.5, signal_b800=11733.8"
/workspace/binary_PNG/binary_labels_mask_case_id_TCGA-DD-AAED_2_4_cell_expansion_9_0_threshold_0_5.png,"signal_b50=24727, signal_b800=16550.5"
/workspace/binary_PNG/binary_labels_mask_case_id_TCGA-K7-AAU7_3_2_cell_expansion_5_0_threshold_0_4.png,"signal_b50=24260.7, signal_b800=14117.9"
/workspace/binary_PNG/binary_labels_mask_case_id_TCGA-DD-AAED_0_1_cell_expansion_3_0_threshold_0_7.png,"signal_b50=24120.3, signal_b800=12958.1"
/workspace/binary_PNG/binary_labels_mask_case_id_TCGA-K7-AAU7_0_0_cell_expansion_7_0_threshold_0_8.png,"signal_b50=22295.6, signal_b800=3345.91"
/workspace/binary_PNG/binary_labels_mask_case_id_TCGA-DD-AAED_3_2_cell_expansion_5_0_threshold_0_7.png,"signal_b50=24607.9, signal_b800=15743.2"
/workspace/binary_PNG/binary_labels_mask_case_id_TCGA-BC-A69I_2_3_cell_expansion_7_0_threshold_0_8.png,"signal_b50=23716.9, signal_b800=10077.4"
/workspace/binary_PNG/binary_labels_mask_case_id_TCGA-BC-A69I_4_3_cell_expansion_5_0_threshold_0_7.png,"signal_b50=23407.7, signal_b800=8766.69"
/workspace/binary_PNG/binary_labels_mask_case_id_TCGA-G3-A5SK_1_3_cell_expansion_1_0_threshold_0_4.png,"signal_b50=23181, signal_b800=7855.72"
/workspace/binary_PNG/binary_labels_mask_case_id_TCGA-K7-AAU7_3_0_cell_expansion_15_0_threshold_0_4.png,"signal_b50=24463.1, signal_b800=15092.1"
/workspace/binary_PNG/binary_labels_mask_case_id_TCGA-DD-AAED_1_4_cell_expansion_3_0_threshold_0_5.png,"signal_b50=24359.8, signal_b800=14605.4"
/workspace/binary_PNG/binary_labels_mask_case_id_TCGA-K7-AAU7_2_4_cell_expansion_9_0_threshold_0_5.png,"signal_b50=23724.5, signal_b800=10475.4"
/workspace/binary_PNG/binary_labels_mask_case_id_TCGA-G3-A5SK_1_3_cell_expansion_9_0_threshold_0_4.png,"signal_b50=24429.2, signal_b800=14761.2"
/workspace/binary_PNG/binary_labels_mask_case_id_TCGA-G3-A7M6_4_4_cell_expansion_9_0_threshold_0_5.png,"signal_b50=24385.7, signal_b800=14137.9"
/workspace/binary_PNG/binary_labels_mask_case_id_TCGA-BC-A69I_4_3_cell_expansion_15_0_threshold_0_4.png,"signal_b50=24278, signal_b800=13594.5"
/workspace/binary_PNG/binary_labels_mask_case_id_TCGA-CC-A8HT_4_1_cell_expansion_5_0_threshold_0_8.png,"signal_b50=22624, signal_b800=4918.84"
/workspace/binary_PNG/binary_labels_mask_case_id_TCGA-CC-5261_1_3_cell_expansion_3_0_threshold_0_7.png,"signal_b50=23749.8, signal_b800=10827.9"
/workspace/binary_PNG/binary_labels_mask_case_id_TCGA-CC-A8HT_2_2_cell_expansion_7_0_threshold_0_5.png,"signal_b50=24812.4, signal_b800=17589.5"
/workspace/binary_PNG/binary_labels_mask_case_id_TCGA-CC-A8HT_1_4_cell_expansion_1_0_threshold_0_5.png,"signal_b50=23521.7, signal_b800=9555.95"
/workspace/binary_PNG/binary_labels_mask_case_id_TCGA-CC-5261_4_0_cell_expansion_5_0_threshold_0_8.png,"signal_b50=23343, signal_b800=8450.3"
/workspace/binary_PNG/binary_labels_mask_case_id_TCGA-G3-A7M6_1_2_cell_expansion_15_0_threshold_0_4.png,"signal_b50=24934.8, signal_b800=19110.3"
/workspace/binary_PNG/binary_labels_mask_case_id_TCGA-CC-A1HT_2_3_cell_expansion_13_0_threshold_0_4.png,"signal_b50=24422.1, signal_b800=14871.5"
/workspace/binary_PNG/binary_labels_mask_case_id_TCGA-CC-A8HT_3_4_cell_expansion_9_0_threshold_0_7.png,"signal_b50=23682, signal_b800=10278.8"
/workspace/binary_PNG/binary_labels_mask_case_id_TCGA-DD-AAED_4_1_cell_expansion_9_0_threshold_0_8.png,"signal_b50=24277.4, signal_b800=13403"
/workspace/binary_PNG/binary_labels_mask_case_id_TCGA-G3-A5SK_0_4_cell_expansion_9_0_threshold_0_5.png,"signal_b50=24287.9, signal_b800=13629.7"
/workspace/binary_PNG/binary_labels_mask_case_id_TCGA-BC-A69I_4_4_cell_expansion_7_0_threshold_0_4.png,"signal_b50=24604.9, signal_b800=15822.6"
/workspace/binary_PNG/binary_labels_mask_case_id_TCGA-K7-AAU7_3_0_cell_expansion_15_0_threshold_0_6.png,"signal_b50=23965.9, signal_b800=11951.8"
/workspace/binary_PNG/binary_labels_mask_case_id_TCGA-CC-A3MA_0_4_cell_expansion_11_0_threshold_0_7.png,"signal_b50=23603.5, signal_b800=9783.61"
/workspace/binary_PNG/binary_labels_mask_case_id_TCGA-CC-A1HT_1_0_cell_expansion_11_0_threshold_0_5.png,"signal_b50=24512.2, signal_b800=15510.8"
/workspace/binary_PNG/binary_labels_mask_case_id_TCGA-YA-A8S7_1_1_cell_expansion_3_0_threshold_0_6.png,"signal_b50=24107.6, signal_b800=12976"
/workspace/binary_PNG/binary_labels_mask_case_id_TCGA-YA-A8S7_4_3_cell_expansion_9_0_threshold_0_4.png,"signal_b50=22613.7, signal_b800=4738.76"
/workspace/binary_PNG/binary_labels_mask_case_id_TCGA-G3-A5SK_1_2_cell_expansion_7_0_threshold_0_6.png,"signal_b50=24364.7, signal_b800=14139.5"
/workspace/binary_PNG/binary_labels_mask_case_id_TCGA-G3-A7M6_4_2_cell_expansion_9_0_threshold_0_4.png,"signal_b50=24702.9, signal_b800=17533"
/workspace/binary_PNG/binary_labels_mask_case_id_TCGA-G3-A7M6_3_4_cell_expansion_9_0_threshold_0_5.png,"signal_b50=24710.1, signal_b800=16674.8"
/workspace/binary_PNG/binary_labels_mask_case_id_TCGA-CC-5261_0_0_cell_expansion_13_0_threshold_0_6.png,"signal_b50=24714.7, signal_b800=16620.1"
/workspace/binary_PNG/binary_labels_mask_case_id_TCGA-CC-A1HT_2_4_cell_expansion_11_0_threshold_0_5.png,"signal_b50=24795.5, signal_b800=16989.6"
/workspace/binary_PNG/binary_labels_mask_case_id_TCGA-CC-5261_2_4_cell_expansion_1_0_threshold_0_5.png,"signal_b50=23709.1, signal_b800=10869.1"
/workspace/binary_PNG/binary_labels_mask_case_id_TCGA-K7-AAU7_1_2_cell_expansion_13_0_threshold_0_7.png,"signal_b50=23183.2, signal_b800=7596.47"
/workspace/binary_PNG/binary_labels_mask_case_id_TCGA-CC-A1HT_3_3_cell_expansion_9_0_threshold_0_7.png,"signal_b50=24655.1, signal_b800=15907"
/workspace/binary_PNG/binary_labels_mask_case_id_TCGA-DD-AAED_2_3_cell_expansion_1_0_threshold_0_8.png,"signal_b50=22973.7, signal_b800=6698.96"
/workspace/binary_PNG/binary_labels_mask_case_id_TCGA-K7-AAU7_0_4_cell_expansion_1_0_threshold_0_5.png,"signal_b50=23147.8, signal_b800=7535.04"
/workspace/binary_PNG/binary_labels_mask_case_id_TCGA-DD-AAED_2_0_cell_expansion_3_0_threshold_0_7.png,"signal_b50=23834.2, signal_b800=11229.1"
/workspace/binary_PNG/binary_labels_mask_case_id_TCGA-DD-AAED_3_3_cell_expansion_5_0_threshold_0_5.png,"signal_b50=24783.4, signal_b800=17169.9"
/workspace/binary_PNG/binary_labels_mask_case_id_TCGA-CC-A1HT_0_4_cell_expansion_9_0_threshold_0_8.png,"signal_b50=22592.4, signal_b800=4765.09"
/workspace/binary_PNG/binary_labels_mask_case_id_TCGA-CC-A1HT_4_3_cell_expansion_13_0_threshold_0_4.png,"signal_b50=24866.5, signal_b800=17924.5"
/workspace/binary_PNG/binary_labels_mask_case_id_TCGA-G3-A5SK_4_2_cell_expansion_9_0_threshold_0_6.png,"signal_b50=24340.9, signal_b800=13899.1"
/workspace/binary_PNG/binary_labels_mask_case_id_TCGA-CC-5261_2_2_cell_expansion_7_0_threshold_0_8.png,"signal_b50=24155.8, signal_b800=12679.4"
/workspace/binary_PNG/binary_labels_mask_case_id_TCGA-G3-A5SK_2_4_cell_expansion_15_0_threshold_0_4.png,"signal_b50=24698.5, signal_b800=16443.6"
/workspace/binary_PNG/binary_labels_mask_case_id_TCGA-BC-A69I_2_1_cell_expansion_1_0_threshold_0_5.png,"signal_b50=23096.8, signal_b800=7531.03"
/workspace/binary_PNG/binary_labels_mask_case_id_TCGA-CC-5261_1_1_cell_expansion_11_0_threshold_0_6.png,"signal_b50=23836.5, signal_b800=11449.2"
/workspace/binary_PNG/binary_labels_mask_case_id_TCGA-CC-A3MA_1_1_cell_expansion_9_0_threshold_0_8.png,"signal_b50=23784.7, signal_b800=10640.4"
/workspace/binary_PNG/binary_labels_mask_case_id_TCGA-CC-A8HT_3_2_cell_expansion_13_0_threshold_0_6.png,"signal_b50=24584.8, signal_b800=15739.9"
/workspace/binary_PNG/binary_labels_mask_case_id_TCGA-G3-A7M6_1_3_cell_expansion_15_0_threshold_0_6.png,"signal_b50=24562, signal_b800=15524.4"
/workspace/binary_PNG/binary_labels_mask_case_id_TCGA-K7-AAU7_4_2_cell_expansion_13_0_threshold_0_4.png,"signal_b50=24744.8, signal_b800=17062.8"
/workspace/binary_PNG/binary_labels_mask_case_id_TCGA-CC-5261_0_4_cell_expansion_15_0_threshold_0_7.png,"signal_b50=24381.3, signal_b800=14545.3"
/workspace/binary_PNG/binary_labels_mask_case_id_TCGA-CC-A3MA_2_1_cell_expansion_3_0_threshold_0_8.png,"signal_b50=22890.8, signal_b800=6111.17"
/workspace/binary_PNG/binary_labels_mask_case_id_TCGA-CC-A8HT_4_4_cell_expansion_13_0_threshold_0_7.png,"signal_b50=24167.1, signal_b800=12905"
/workspace/binary_PNG/binary_labels_mask_case_id_TCGA-DD-AAED_2_2_cell_expansion_9_0_threshold_0_4.png,"signal_b50=24359.4, signal_b800=14320.4"
/workspace/binary_PNG/binary_labels_mask_case_id_TCGA-CC-A1HT_1_4_cell_expansion_13_0_threshold_0_6.png,"signal_b50=23957.7, signal_b800=11785.2"
/workspace/binary_PNG/binary_labels_mask_case_id_TCGA-CC-A8HT_4_3_cell_expansion_13_0_threshold_0_4.png,"signal_b50=24533.9, signal_b800=15395.2"
/workspace/binary_PNG/binary_labels_mask_case_id_TCGA-CC-A8HT_3_3_cell_expansion_5_0_threshold_0_5.png,"signal_b50=24519.1, signal_b800=15574"
/workspace/binary_PNG/binary_labels_mask_case_id_TCGA-CC-A8HT_3_3_cell_expansion_5_0_threshold_0_6.png,"signal_b50=24220.2, signal_b800=13541.6"
/workspace/binary_PNG/binary_labels_mask_case_id_TCGA-K7-AAU7_4_3_cell_expansion_11_0_threshold_0_4.png,"signal_b50=24793.2, signal_b800=17625.7"
/workspace/binary_PNG/binary_labels_mask_case_id_TCGA-CC-5261_4_1_cell_expansion_5_0_threshold_0_8.png,"signal_b50=23324.5, signal_b800=8286.39"
/workspace/binary_PNG/binary_labels_mask_case_id_TCGA-YA-A8S7_4_3_cell_expansion_15_0_threshold_0_6.png,"signal_b50=22416, signal_b800=3834.02"
/workspace/binary_PNG/binary_labels_mask_case_id_TCGA-G3-A5SK_0_3_cell_expansion_5_0_threshold_0_4.png,"signal_b50=24713.4, signal_b800=17078.3"
/workspace/binary_PNG/binary_labels_mask_case_id_TCGA-YA-A8S7_1_4_cell_expansion_9_0_threshold_0_6.png,"signal_b50=22430.5, signal_b800=3938.02"
/workspace/binary_PNG/binary_labels_mask_case_id_TCGA-CC-A1HT_0_4_cell_expansion_9_0_threshold_0_5.png,"signal_b50=24701.5, signal_b800=16795"
/workspace/binary_PNG/binary_labels_mask_case_id_TCGA-G3-A7M6_0_2_cell_expansion_3_0_threshold_0_8.png,"signal_b50=23364, signal_b800=8542.68"
/workspace/binary_PNG/binary_labels_mask_case_id_TCGA-G3-A7M6_2_2_cell_expansion_15_0_threshold_0_7.png,"signal_b50=24260.3, signal_b800=13632.4"
/workspace/binary_PNG/binary_labels_mask_case_id_TCGA-CC-A1HT_2_0_cell_expansion_1_0_threshold_0_5.png,"signal_b50=23008.6, signal_b800=7043.02"
/workspace/binary_PNG/binary_labels_mask_case_id_TCGA-CC-5261_1_2_cell_expansion_11_0_threshold_0_4.png,"signal_b50=24642.9, signal_b800=16181"
/workspace/binary_PNG/binary_labels_mask_case_id_TCGA-G3-A5SK_0_2_cell_expansion_11_0_threshold_0_6.png,"signal_b50=24454.2, signal_b800=14741.8"
/workspace/binary_PNG/binary_labels_mask_case_id_TCGA-CC-A3MA_1_0_cell_expansion_3_0_threshold_0_8.png,"signal_b50=23469, signal_b800=9009.99"
/workspace/binary_PNG/binary_labels_mask_case_id_TCGA-K7-AAU7_4_0_cell_expansion_11_0_threshold_0_7.png,"signal_b50=23546.6, signal_b800=9529.74"
/workspace/binary_PNG/binary_labels_mask_case_id_TCGA-CC-A8HT_2_1_cell_expansion_1_0_threshold_0_7.png,"signal_b50=23078.3, signal_b800=7267.27"
/workspace/binary_PNG/binary_labels_mask_case_id_TCGA-K7-AAU7_1_3_cell_expansion_13_0_threshold_0_6.png,"signal_b50=22912.6, signal_b800=6187.23"
/workspace/binary_PNG/binary_labels_mask_case_id_TCGA-CC-A3MA_2_0_cell_expansion_3_0_threshold_0_7.png,"signal_b50=23859.6, signal_b800=11391.2"
/workspace/binary_PNG/binary_labels_mask_case_id_TCGA-CC-A1HT_1_2_cell_expansion_11_0_threshold_0_8.png,"signal_b50=22697.6, signal_b800=5173.74"
/workspace/binary_PNG/binary_labels_mask_case_id_TCGA-YA-A8S7_0_2_cell_expansion_13_0_threshold_0_8.png,"signal_b50=23385.8, signal_b800=8513.86"
/workspace/binary_PNG/binary_labels_mask_case_id_TCGA-CC-5261_1_4_cell_expansion_3_0_threshold_0_8.png,"signal_b50=23083.8, signal_b800=7186.86"
/workspace/binary_PNG/binary_labels_mask_case_id_TCGA-DD-AAED_4_1_cell_expansion_11_0_threshold_0_8.png,"signal_b50=24300.1, signal_b800=13514.6"
/workspace/binary_PNG/binary_labels_mask_case_id_TCGA-CC-A1HT_0_3_cell_expansion_11_0_threshold_0_6.png,"signal_b50=24537.4, signal_b800=15212.6"
/workspace/binary_PNG/binary_labels_mask_case_id_TCGA-G3-A7M6_1_0_cell_expansion_9_0_threshold_0_5.png,"signal_b50=24627.9, signal_b800=16143.1"
/workspace/binary_PNG/binary_labels_mask_case_id_TCGA-CC-A3MA_0_1_cell_expansion_11_0_threshold_0_4.png,"signal_b50=23434.2, signal_b800=9214.01"
/workspace/binary_PNG/binary_labels_mask_case_id_TCGA-YA-A8S7_2_2_cell_expansion_5_0_threshold_0_4.png,"signal_b50=24393.7, signal_b800=14358.1"
/workspace/binary_PNG/binary_labels_mask_case_id_TCGA-DD-AAED_1_3_cell_expansion_5_0_threshold_0_7.png,"signal_b50=24412.5, signal_b800=14471.5"
/workspace/binary_PNG/binary_labels_mask_case_id_TCGA-YA-A8S7_2_2_cell_expansion_11_0_threshold_0_7.png,"signal_b50=24188.6, signal_b800=12622.4"
/workspace/binary_PNG/binary_labels_mask_case_id_TCGA-CC-5261_3_4_cell_expansion_7_0_threshold_0_8.png,"signal_b50=23718, signal_b800=10203.2"
/workspace/binary_PNG/binary_labels_mask_case_id_TCGA-K7-AAU7_0_2_cell_expansion_13_0_threshold_0_5.png,"signal_b50=23181.3, signal_b800=7729.49"
/workspace/binary_PNG/binary_labels_mask_case_id_TCGA-K7-AAU7_0_1_cell_expansion_15_0_threshold_0_5.png,"signal_b50=23362.1, signal_b800=8643.24"
/workspace/binary_PNG/binary_labels_mask_case_id_TCGA-DD-AAED_2_1_cell_expansion_5_0_threshold_0_5.png,"signal_b50=24660.7, signal_b800=16235.6"
/workspace/binary_PNG/binary_labels_mask_case_id_TCGA-CC-A1HT_2_0_cell_expansion_5_0_threshold_0_7.png,"signal_b50=22940.5, signal_b800=6552.45"
/workspace/binary_PNG/binary_labels_mask_case_id_TCGA-YA-A8S7_4_4_cell_expansion_11_0_threshold_0_6.png,"signal_b50=22629, signal_b800=4678.82"
/workspace/binary_PNG/binary_labels_mask_case_id_TCGA-G3-A7M6_0_3_cell_expansion_7_0_threshold_0_6.png,"signal_b50=24514.3, signal_b800=15070.6"
/workspace/binary_PNG/binary_labels_mask_case_id_TCGA-CC-A8HT_0_3_cell_expansion_13_0_threshold_0_7.png,"signal_b50=24256.8, signal_b800=13252.3"
/workspace/binary_PNG/binary_labels_mask_case_id_TCGA-G3-A7M6_2_2_cell_expansion_3_0_threshold_0_7.png,"signal_b50=23509.1, signal_b800=9672.28"
/workspace/binary_PNG/binary_labels_mask_case_id_TCGA-G3-A7M6_0_3_cell_expansion_13_0_threshold_0_5.png,"signal_b50=24560.8, signal_b800=15387.1"
/workspace/binary_PNG/binary_labels_mask_case_id_TCGA-CC-A1HT_4_1_cell_expansion_5_0_threshold_0_4.png,"signal_b50=24697.9, signal_b800=16743.5"
/workspace/binary_PNG/binary_labels_mask_case_id_TCGA-CC-5261_3_4_cell_expansion_11_0_threshold_0_4.png,"signal_b50=24783.1, signal_b800=17017.7"
/workspace/binary_PNG/binary_labels_mask_case_id_TCGA-CC-A8HT_1_2_cell_expansion_13_0_threshold_0_8.png,"signal_b50=22853.7, signal_b800=6039.4"
/workspace/binary_PNG/binary_labels_mask_case_id_TCGA-K7-AAU7_1_0_cell_expansion_5_0_threshold_0_7.png,"signal_b50=22421.3, signal_b800=3914.2"
/workspace/binary_PNG/binary_labels_mask_case_id_TCGA-CC-A8HT_3_0_cell_expansion_11_0_threshold_0_6.png,"signal_b50=24535.3, signal_b800=15363.6"
/workspace/binary_PNG/binary_labels_mask_case_id_TCGA-CC-A3MA_4_1_cell_expansion_5_0_threshold_0_5.png,"signal_b50=24672.1, signal_b800=16441.7"
/workspace/binary_PNG/binary_labels_mask_case_id_TCGA-CC-5261_4_0_cell_expansion_1_0_threshold_0_4.png,"signal_b50=23813, signal_b800=11434.5"
/workspace/binary_PNG/binary_labels_mask_case_id_TCGA-CC-A1HT_4_0_cell_expansion_1_0_threshold_0_8.png,"signal_b50=22535.3, signal_b800=4558.16"
/workspace/binary_PNG/binary_labels_mask_case_id_TCGA-YA-A8S7_3_4_cell_expansion_15_0_threshold_0_5.png,"signal_b50=22366.4, signal_b800=3634.26"
/workspace/binary_PNG/binary_labels_mask_case_id_TCGA-BC-A69I_0_3_cell_expansion_7_0_threshold_0_5.png,"signal_b50=24340.2, signal_b800=13801.1"
/workspace/binary_PNG/binary_labels_mask_case_id_TCGA-YA-A8S7_0_1_cell_expansion_9_0_threshold_0_6.png,"signal_b50=24590.5, signal_b800=15705"
/workspace/binary_PNG/binary_labels_mask_case_id_TCGA-CC-A3MA_4_3_cell_expansion_3_0_threshold_0_4.png,"signal_b50=24604.8, signal_b800=16334.1"
/workspace/binary_PNG/binary_labels_mask_case_id_TCGA-CC-A1HT_0_1_cell_expansion_3_0_threshold_0_6.png,"signal_b50=24269.3, signal_b800=14068.8"
/workspace/binary_PNG/binary_labels_mask_case_id_TCGA-BC-A69I_3_3_cell_expansion_3_0_threshold_0_7.png,"signal_b50=23617.7, signal_b800=10047.1"
/workspace/binary_PNG/binary_labels_mask_case_id_TCGA-CC-A8HT_0_4_cell_expansion_11_0_threshold_0_4.png,"signal_b50=24746.2, signal_b800=17008.5"
/workspace/binary_PNG/binary_labels_mask_case_id_TCGA-G3-A7M6_2_3_cell_expansion_13_0_threshold_0_7.png,"signal_b50=24184.2, signal_b800=12980.8"
/workspace/binary_PNG/binary_labels_mask_case_id_TCGA-K7-AAU7_4_3_cell_expansion_15_0_threshold_0_5.png,"signal_b50=24699.5, signal_b800=16803.2"
/workspace/binary_PNG/binary_labels_mask_case_id_TCGA-YA-A8S7_1_2_cell_expansion_15_0_threshold_0_6.png,"signal_b50=24745.6, signal_b800=16712.6"
/workspace/binary_PNG/binary_labels_mask_case_id_TCGA-DD-AAED_4_0_cell_expansion_7_0_threshold_0_4.png,"signal_b50=24703.6, signal_b800=16656.9"
/workspace/binary_PNG/binary_labels_mask_case_id_TCGA-CC-A8HT_4_1_cell_expansion_3_0_threshold_0_5.png,"signal_b50=23842.8, signal_b800=11524.2"
/workspace/binary_PNG/binary_labels_mask_case_id_TCGA-CC-A1HT_4_1_cell_expansion_1_0_threshold_0_5.png,"signal_b50=23800.8, signal_b800=11299.4"
/workspace/binary_PNG/binary_labels_mask_case_id_TCGA-CC-5261_1_4_cell_expansion_1_0_threshold_0_7.png,"signal_b50=23238.1, signal_b800=8201.99"
/workspace/binary_PNG/binary_labels_mask_case_id_TCGA-DD-AAED_0_4_cell_expansion_5_0_threshold_0_8.png,"signal_b50=24010.2, signal_b800=11972.9"
/workspace/binary_PNG/binary_labels_mask_case_id_TCGA-G3-A5SK_0_3_cell_expansion_11_0_threshold_0_8.png,"signal_b50=23476.8, signal_b800=9198.98"
/workspace/binary_PNG/binary_labels_mask_case_id_TCGA-CC-A1HT_4_4_cell_expansion_1_0_threshold_0_6.png,"signal_b50=23100.2, signal_b800=7438.93"
/workspace/binary_PNG/binary_labels_mask_case_id_TCGA-G3-A7M6_2_4_cell_expansion_7_0_threshold_0_7.png,"signal_b50=24489.5, signal_b800=14743"
/workspace/binary_PNG/binary_labels_mask_case_id_TCGA-DD-AAED_2_4_cell_expansion_11_0_threshold_0_4.png,"signal_b50=24763.2, signal_b800=16818.4"
/workspace/binary_PNG/binary_labels_mask_case_id_TCGA-G3-A7M6_0_4_cell_expansion_3_0_threshold_0_5.png,"signal_b50=24140.7, signal_b800=13162.5"
/workspace/binary_PNG/binary_labels_mask_case_id_TCGA-G3-A7M6_2_1_cell_expansion_1_0_threshold_0_5.png,"signal_b50=23316, signal_b800=8692.17"
/workspace/binary_PNG/binary_labels_mask_case_id_TCGA-DD-AAED_4_1_cell_expansion_3_0_threshold_0_6.png,"signal_b50=24229.8, signal_b800=13523.3"
/workspace/binary_PNG/binary_labels_mask_case_id_TCGA-CC-A3MA_3_0_cell_expansion_11_0_threshold_0_8.png,"signal_b50=22295.6, signal_b800=3345.91"
/workspace/binary_PNG/binary_labels_mask_case_id_TCGA-G3-A5SK_3_2_cell_expansion_3_0_threshold_0_6.png,"signal_b50=24197, signal_b800=13646.6"
/workspace/binary_PNG/binary_labels_mask_case_id_TCGA-CC-A8HT_4_3_cell_expansion_11_0_threshold_0_6.png,"signal_b50=24235.9, signal_b800=13192.5"
/workspace/binary_PNG/binary_labels_mask_case_id_TCGA-DD-AAED_1_3_cell_expansion_9_0_threshold_0_4.png,"signal_b50=24734, signal_b800=16667.9"
/workspace/binary_PNG/binary_labels_mask_case_id_TCGA-G3-A7M6_3_0_cell_expansion_5_0_threshold_0_4.png,"signal_b50=24506.8, signal_b800=15172.8"
/workspace/binary_PNG/binary_labels_mask_case_id_TCGA-BC-A69I_3_2_cell_expansion_9_0_threshold_0_5.png,"signal_b50=24258.8, signal_b800=13389.5"
/workspace/binary_PNG/binary_labels_mask_case_id_TCGA-CC-5261_2_0_cell_expansion_11_0_threshold_0_5.png,"signal_b50=24745.6, signal_b800=16878.2"
/workspace/binary_PNG/binary_labels_mask_case_id_TCGA-DD-AAED_3_1_cell_expansion_9_0_threshold_0_6.png,"signal_b50=24631.8, signal_b800=16021"
/workspace/binary_PNG/binary_labels_mask_case_id_TCGA-CC-A3MA_3_4_cell_expansion_9_0_threshold_0_4.png,"signal_b50=24753.7, signal_b800=17092.7"
/workspace/binary_PNG/binary_labels_mask_case_id_TCGA-K7-AAU7_2_1_cell_expansion_1_0_threshold_0_8.png,"signal_b50=22326.2, signal_b800=3486.58"
/workspace/binary_PNG/binary_labels_mask_case_id_TCGA-K7-AAU7_1_0_cell_expansion_13_0_threshold_0_5.png,"signal_b50=23439.9, signal_b800=9155.28"
/workspace/binary_PNG/binary_labels_mask_case_id_TCGA-G3-A7M6_1_4_cell_expansion_9_0_threshold_0_5.png,"signal_b50=24086.7, signal_b800=12918.4"
/workspace/binary_PNG/binary_labels_mask_case_id_TCGA-DD-AAED_0_3_cell_expansion_1_0_threshold_0_7.png,"signal_b50=23394, signal_b800=9051.38"
/workspace/binary_PNG/binary_labels_mask_case_id_TCGA-DD-AAED_3_0_cell_expansion_9_0_threshold_0_7.png,"signal_b50=24609, signal_b800=15652.5"
/workspace/binary_PNG/binary_labels_mask_case_id_TCGA-YA-A8S7_2_4_cell_expansion_15_0_threshold_0_6.png,"signal_b50=22379.5, signal_b800=3769.69"
/workspace/binary_PNG/binary_labels_mask_case_id_TCGA-DD-AAED_3_4_cell_expansion_13_0_threshold_0_8.png,"signal_b50=23819.9, signal_b800=10976.7"
/workspace/binary_PNG/binary_labels_mask_case_id_TCGA-K7-AAU7_3_1_cell_expansion_3_0_threshold_0_8.png,"signal_b50=22295.6, signal_b800=3345.91"
/workspace/binary_PNG/binary_labels_mask_case_id_TCGA-G3-A5SK_2_2_cell_expansion_5_0_threshold_0_7.png,"signal_b50=24187.5, signal_b800=13235.2"
/workspace/binary_PNG/binary_labels_mask_case_id_TCGA-BC-A69I_4_0_cell_expansion_15_0_threshold_0_5.png,"signal_b50=24503, signal_b800=14807.5"
/workspace/binary_PNG/binary_labels_mask_case_id_TCGA-CC-A3MA_4_4_cell_expansion_7_0_threshold_0_6.png,"signal_b50=24406.8, signal_b800=14952.3"
/workspace/binary_PNG/binary_labels_mask_case_id_TCGA-CC-5261_1_2_cell_expansion_5_0_threshold_0_8.png,"signal_b50=23452.6, signal_b800=8900.24"
/workspace/binary_PNG/binary_labels_mask_case_id_TCGA-YA-A8S7_2_0_cell_expansion_5_0_threshold_0_4.png,"signal_b50=24742, signal_b800=17179.8"
/workspace/binary_PNG/binary_labels_mask_case_id_TCGA-BC-A69I_4_1_cell_expansion_1_0_threshold_0_8.png,"signal_b50=22517.7, signal_b800=4406.15"
/workspace/binary_PNG/binary_labels_mask_case_id_TCGA-DD-AAED_4_4_cell_expansion_1_0_threshold_0_7.png,"signal_b50=23650.6, signal_b800=10412.9"
/workspace/binary_PNG/binary_labels_mask_case_id_TCGA-YA-A8S7_2_4_cell_expansion_11_0_threshold_0_5.png,"signal_b50=22574.8, signal_b800=4695.82"
/workspace/binary_PNG/binary_labels_mask_case_id_TCGA-CC-A8HT_4_1_cell_expansion_15_0_threshold_0_5.png,"signal_b50=24403.1, signal_b800=14692.1"
/workspace/binary_PNG/binary_labels_mask_case_id_TCGA-YA-A8S7_4_1_cell_expansion_7_0_threshold_0_5.png,"signal_b50=24733.1, signal_b800=16987.2"
/workspace/binary_PNG/binary_labels_mask_case_id_TCGA-DD-AAED_1_1_cell_expansion_7_0_threshold_0_8.png,"signal_b50=24292.3, signal_b800=13273.1"
/workspace/binary_PNG/binary_labels_mask_case_id_TCGA-CC-A8HT_1_2_cell_expansion_15_0_threshold_0_7.png,"signal_b50=23935.5, signal_b800=11806.1"
/workspace/binary_PNG/binary_labels_mask_case_id_TCGA-CC-A1HT_3_3_cell_expansion_13_0_threshold_0_4.png,"signal_b50=24773.1, signal_b800=16814.8"
/workspace/binary_PNG/binary_labels_mask_case_id_TCGA-CC-A8HT_4_4_cell_expansion_15_0_threshold_0_8.png,"signal_b50=22858, signal_b800=5868.17"
/workspace/binary_PNG/binary_labels_mask_case_id_TCGA-G3-A7M6_3_0_cell_expansion_13_0_threshold_0_7.png,"signal_b50=24473.7, signal_b800=14680.4"
/workspace/binary_PNG/binary_labels_mask_case_id_TCGA-K7-AAU7_3_2_cell_expansion_5_0_threshold_0_7.png,"signal_b50=23122.2, signal_b800=7428.17"
/workspace/binary_PNG/binary_labels_mask_case_id_TCGA-G3-A7M6_3_4_cell_expansion_15_0_threshold_0_4.png,"signal_b50=24710.3, signal_b800=16733.3"
/workspace/binary_PNG/binary_labels_mask_case_id_TCGA-BC-A69I_1_3_cell_expansion_1_0_threshold_0_6.png,"signal_b50=23178, signal_b800=7785"
/workspace/binary_PNG/binary_labels_mask_case_id_TCGA-CC-A1HT_0_1_cell_expansion_9_0_threshold_0_8.png,"signal_b50=22932.4, signal_b800=6115.45"
/workspace/binary_PNG/binary_labels_mask_case_id_TCGA-CC-A8HT_2_2_cell_expansion_9_0_threshold_0_8.png,"signal_b50=22682.9, signal_b800=5096.94"
/workspace/binary_PNG/binary_labels_mask_case_id_TCGA-G3-A7M6_1_1_cell_expansion_3_0_threshold_0_4.png,"signal_b50=23995.1, signal_b800=12287.2"
/workspace/binary_PNG/binary_labels_mask_case_id_TCGA-CC-5261_2_1_cell_expansion_9_0_threshold_0_4.png,"signal_b50=24635, signal_b800=16160.9"
/workspace/binary_PNG/binary_labels_mask_case_id_TCGA-YA-A8S7_2_2_cell_expansion_7_0_threshold_0_6.png,"signal_b50=24416.6, signal_b800=14245.5"
/workspace/binary_PNG/binary_labels_mask_case_id_TCGA-DD-AAED_2_1_cell_expansion_13_0_threshold_0_8.png,"signal_b50=24596.6, signal_b800=15537.1"
/workspace/binary_PNG/binary_labels_mask_case_id_TCGA-G3-A5SK_1_0_cell_expansion_15_0_threshold_0_7.png,"signal_b50=24342.3, signal_b800=14162.5"
/workspace/binary_PNG/binary_labels_mask_case_id_TCGA-BC-A69I_4_0_cell_expansion_13_0_threshold_0_7.png,"signal_b50=24142.8, signal_b800=12495.3"
/workspace/binary_PNG/binary_labels_mask_case_id_TCGA-CC-A3MA_2_3_cell_expansion_5_0_threshold_0_8.png,"signal_b50=23146.6, signal_b800=7396.85"
/workspace/binary_PNG/binary_labels_mask_case_id_TCGA-G3-A7M6_3_1_cell_expansion_5_0_threshold_0_4.png,"signal_b50=24742.5, signal_b800=17360.9"
/workspace/binary_PNG/binary_labels_mask_case_id_TCGA-CC-A3MA_1_2_cell_expansion_13_0_threshold_0_5.png,"signal_b50=24861, signal_b800=17722.2"
/workspace/binary_PNG/binary_labels_mask_case_id_TCGA-DD-AAED_2_0_cell_expansion_9_0_threshold_0_5.png,"signal_b50=24468.2, signal_b800=14960.8"
/workspace/binary_PNG/binary_labels_mask_case_id_TCGA-DD-AAED_2_1_cell_expansion_11_0_threshold_0_4.png,"signal_b50=24799.3, signal_b800=17153.2"
/workspace/binary_PNG/binary_labels_mask_case_id_TCGA-CC-5261_4_3_cell_expansion_5_0_threshold_0_7.png,"signal_b50=24343.7, signal_b800=14232.1"
/workspace/binary_PNG/binary_labels_mask_case_id_TCGA-CC-A3MA_3_0_cell_expansion_13_0_threshold_0_6.png,"signal_b50=22816.7, signal_b800=5848.98"
/workspace/binary_PNG/binary_labels_mask_case_id_TCGA-CC-A3MA_3_0_cell_expansion_11_0_threshold_0_7.png,"signal_b50=22400.1, signal_b800=3879.23"
/workspace/binary_PNG/binary_labels_mask_case_id_TCGA-G3-A5SK_1_4_cell_expansion_13_0_threshold_0_4.png,"signal_b50=24663.6, signal_b800=16273.8"
/workspace/binary_PNG/binary_labels_mask_case_id_TCGA-CC-5261_1_1_cell_expansion_1_0_threshold_0_7.png,"signal_b50=22938, signal_b800=6581.86"
/workspace/binary_PNG/binary_labels_mask_case_id_TCGA-CC-5261_2_3_cell_expansion_9_0_threshold_0_6.png,"signal_b50=24748.9, signal_b800=16676.9"
/workspace/binary_PNG/binary_labels_mask_case_id_TCGA-CC-A1HT_1_1_cell_expansion_3_0_threshold_0_8.png,"signal_b50=22351.6, signal_b800=3627.44"
/workspace/binary_PNG/binary_labels_mask_case_id_TCGA-CC-A1HT_4_1_cell_expansion_15_0_threshold_0_5.png,"signal_b50=24778.2, signal_b800=17154.6"
/workspace/binary_PNG/binary_labels_mask_case_id_TCGA-CC-5261_4_1_cell_expansion_5_0_threshold_0_7.png,"signal_b50=24304.7, signal_b800=13930.6"
/workspace/binary_PNG/binary_labels_mask_case_id_TCGA-K7-AAU7_2_1_cell_expansion_5_0_threshold_0_6.png,"signal_b50=23360.8, signal_b800=8876.44"
/workspace/binary_PNG/binary_labels_mask_case_id_TCGA-BC-A69I_1_0_cell_expansion_5_0_threshold_0_8.png,"signal_b50=23193, signal_b800=7626.76"
/workspace/binary_PNG/binary_labels_mask_case_id_TCGA-CC-5261_3_2_cell_expansion_7_0_threshold_0_6.png,"signal_b50=24616.4, signal_b800=15818.2"
/workspace/binary_PNG/binary_labels_mask_case_id_TCGA-K7-AAU7_0_3_cell_expansion_3_0_threshold_0_8.png,"signal_b50=22295.6, signal_b800=3345.91"
/workspace/binary_PNG/binary_labels_mask_case_id_TCGA-BC-A69I_3_4_cell_expansion_3_0_threshold_0_8.png,"signal_b50=23282.3, signal_b800=8264.76"
/workspace/binary_PNG/binary_labels_mask_case_id_TCGA-G3-A7M6_1_1_cell_expansion_13_0_threshold_0_8.png,"signal_b50=23625, signal_b800=9755.44"
/workspace/binary_PNG/binary_labels_mask_case_id_TCGA-K7-AAU7_4_3_cell_expansion_7_0_threshold_0_4.png,"signal_b50=24765.1, signal_b800=17410.1"
/workspace/binary_PNG/binary_labels_mask_case_id_TCGA-K7-AAU7_0_2_cell_expansion_1_0_threshold_0_5.png,"signal_b50=22610.5, signal_b800=4906.62"
/workspace/binary_PNG/binary_labels_mask_case_id_TCGA-CC-A3MA_2_3_cell_expansion_13_0_threshold_0_5.png,"signal_b50=24878.7, signal_b800=17988.8"
/workspace/binary_PNG/binary_labels_mask_case_id_TCGA-CC-A3MA_2_2_cell_expansion_7_0_threshold_0_8.png,"signal_b50=23959.9, signal_b800=11492.1"
/workspace/binary_PNG/binary_labels_mask_case_id_TCGA-YA-A8S7_0_0_cell_expansion_3_0_threshold_0_4.png,"signal_b50=24187.5, signal_b800=13479.1"
/workspace/binary_PNG/binary_labels_mask_case_id_TCGA-G3-A7M6_1_2_cell_expansion_7_0_threshold_0_6.png,"signal_b50=24779.6, signal_b800=17709.9"
/workspace/binary_PNG/binary_labels_mask_case_id_TCGA-DD-AAED_4_0_cell_expansion_1_0_threshold_0_6.png,"signal_b50=23538.1, signal_b800=9855.37"
/workspace/binary_PNG/binary_labels_mask_case_id_TCGA-CC-A8HT_0_3_cell_expansion_1_0_threshold_0_4.png,"signal_b50=23504.2, signal_b800=9575.09"
/workspace/binary_PNG/binary_labels_mask_case_id_TCGA-CC-5261_0_4_cell_expansion_5_0_threshold_0_4.png,"signal_b50=24655.2, signal_b800=16552.5"
/workspace/binary_PNG/binary_labels_mask_case_id_TCGA-G3-A5SK_2_1_cell_expansion_11_0_threshold_0_8.png,"signal_b50=23909, signal_b800=11471.9"
/workspace/binary_PNG/binary_labels_mask_case_id_TCGA-CC-A3MA_4_4_cell_expansion_11_0_threshold_0_5.png,"signal_b50=24580.6, signal_b800=16015"
/workspace/binary_PNG/binary_labels_mask_case_id_TCGA-CC-A1HT_3_2_cell_expansion_9_0_threshold_0_5.png,"signal_b50=24704.7, signal_b800=16185.2"
/workspace/binary_PNG/binary_labels_mask_case_id_TCGA-K7-AAU7_0_2_cell_expansion_9_0_threshold_0_5.png,"signal_b50=23171.9, signal_b800=7668.6"
/workspace/binary_PNG/binary_labels_mask_case_id_TCGA-G3-A5SK_0_0_cell_expansion_1_0_threshold_0_5.png,"signal_b50=23300.5, signal_b800=8640"
/workspace/binary_PNG/binary_labels_mask_case_id_TCGA-CC-5261_4_2_cell_expansion_11_0_threshold_0_5.png,"signal_b50=24834.7, signal_b800=17732.7"
/workspace/binary_PNG/binary_labels_mask_case_id_TCGA-CC-A8HT_4_2_cell_expansion_15_0_threshold_0_7.png,"signal_b50=24237.6, signal_b800=13165.7"
/workspace/binary_PNG/binary_labels_mask_case_id_TCGA-YA-A8S7_4_2_cell_expansion_1_0_threshold_0_6.png,"signal_b50=22536.2, signal_b800=4487.59"
/workspace/binary_PNG/binary_labels_mask_case_id_TCGA-K7-AAU7_4_3_cell_expansion_13_0_threshold_0_8.png,"signal_b50=22816.9, signal_b800=5751.94"
/workspace/binary_PNG/binary_labels_mask_case_id_TCGA-YA-A8S7_2_3_cell_expansion_7_0_threshold_0_7.png,"signal_b50=23386.9, signal_b800=8439.56"
/workspace/binary_PNG/binary_labels_mask_case_id_TCGA-CC-A3MA_0_3_cell_expansion_15_0_threshold_0_8.png,"signal_b50=24198.3, signal_b800=12744.5"
/workspace/binary_PNG/binary_labels_mask_case_id_TCGA-YA-A8S7_3_4_cell_expansion_13_0_threshold_0_4.png,"signal_b50=22366.4, signal_b800=3634.26"
/workspace/binary_PNG/binary_labels_mask_case_id_TCGA-K7-AAU7_2_4_cell_expansion_7_0_threshold_0_6.png,"signal_b50=23377.9, signal_b800=8650.89"
/workspace/binary_PNG/binary_labels_mask_case_id_TCGA-CC-A3MA_2_2_cell_expansion_1_0_threshold_0_8.png,"signal_b50=23026.3, signal_b800=6867.68"
/workspace/binary_PNG/binary_labels_mask_case_id_TCGA-CC-5261_4_3_cell_expansion_11_0_threshold_0_5.png,"signal_b50=24806, signal_b800=17500.6"
/workspace/binary_PNG/binary_labels_mask_case_id_TCGA-BC-A69I_2_0_cell_expansion_3_0_threshold_0_5.png,"signal_b50=23770.5, signal_b800=10631.1"
/workspace/binary_PNG/binary_labels_mask_case_id_TCGA-DD-AAED_4_0_cell_expansion_7_0_threshold_0_8.png,"signal_b50=24110.8, signal_b800=12705.5"
/workspace/binary_PNG/binary_labels_mask_case_id_TCGA-G3-A5SK_0_3_cell_expansion_1_0_threshold_0_7.png,"signal_b50=23319.6, signal_b800=8606.8"
/workspace/binary_PNG/binary_labels_mask_case_id_TCGA-G3-A7M6_1_1_cell_expansion_9_0_threshold_0_6.png,"signal_b50=24450.1, signal_b800=14918.4"
/workspace/binary_PNG/binary_labels_mask_case_id_TCGA-K7-AAU7_1_1_cell_expansion_13_0_threshold_0_4.png,"signal_b50=24516.2, signal_b800=15727.4"
/workspace/binary_PNG/binary_labels_mask_case_id_TCGA-CC-A8HT_4_2_cell_expansion_3_0_threshold_0_8.png,"signal_b50=22770.5, signal_b800=5609.04"
/workspace/binary_PNG/binary_labels_mask_case_id_TCGA-G3-A7M6_1_2_cell_expansion_5_0_threshold_0_5.png,"signal_b50=24890.6, signal_b800=18755.6"
/workspace/binary_PNG/binary_labels_mask_case_id_TCGA-DD-AAED_0_3_cell_expansion_9_0_threshold_0_5.png,"signal_b50=24700.3, signal_b800=16431.3"
/workspace/binary_PNG/binary_labels_mask_case_id_TCGA-CC-A8HT_1_2_cell_expansion_5_0_threshold_0_7.png,"signal_b50=23699.6, signal_b800=10610.6"
/workspace/binary_PNG/binary_labels_mask_case_id_TCGA-BC-A69I_0_2_cell_expansion_3_0_threshold_0_6.png,"signal_b50=23160.6, signal_b800=7760.95"
/workspace/binary_PNG/binary_labels_mask_case_id_TCGA-YA-A8S7_3_3_cell_expansion_3_0_threshold_0_8.png,"signal_b50=22337.8, signal_b800=3557.34"
/workspace/binary_PNG/binary_labels_mask_case_id_TCGA-G3-A5SK_0_2_cell_expansion_9_0_threshold_0_6.png,"signal_b50=24452.9, signal_b800=14740.8"
/workspace/binary_PNG/binary_labels_mask_case_id_TCGA-CC-A3MA_0_4_cell_expansion_5_0_threshold_0_8.png,"signal_b50=22662.8, signal_b800=5048.44"
/workspace/binary_PNG/binary_labels_mask_case_id_TCGA-CC-A1HT_4_2_cell_expansion_5_0_threshold_0_4.png,"signal_b50=24678.5, signal_b800=16476.1"
/workspace/binary_PNG/binary_labels_mask_case_id_TCGA-K7-AAU7_1_3_cell_expansion_7_0_threshold_0_6.png,"signal_b50=22895.5, signal_b800=6120.6"
/workspace/binary_PNG/binary_labels_mask_case_id_TCGA-CC-A3MA_0_2_cell_expansion_13_0_threshold_0_7.png,"signal_b50=24727.9, signal_b800=16478"
/workspace/binary_PNG/binary_labels_mask_case_id_TCGA-CC-A1HT_1_2_cell_expansion_7_0_threshold_0_5.png,"signal_b50=24454, signal_b800=14828.3"
/workspace/binary_PNG/binary_labels_mask_case_id_TCGA-CC-A1HT_3_4_cell_expansion_15_0_threshold_0_5.png,"signal_b50=24895.7, signal_b800=18173.9"
/workspace/binary_PNG/binary_labels_mask_case_id_TCGA-K7-AAU7_2_1_cell_expansion_15_0_threshold_0_7.png,"signal_b50=22878.6, signal_b800=6051.93"
/workspace/binary_PNG/binary_labels_mask_case_id_TCGA-DD-AAED_0_0_cell_expansion_11_0_threshold_0_7.png,"signal_b50=24607.9, signal_b800=15630.4"
/workspace/binary_PNG/binary_labels_mask_case_id_TCGA-CC-A8HT_0_2_cell_expansion_11_0_threshold_0_7.png,"signal_b50=24019.4, signal_b800=11770.1"
/workspace/binary_PNG/binary_labels_mask_case_id_TCGA-CC-A1HT_3_0_cell_expansion_5_0_threshold_0_5.png,"signal_b50=24737.1, signal_b800=17100.6"
/workspace/binary_PNG/binary_labels_mask_case_id_TCGA-K7-AAU7_4_3_cell_expansion_1_0_threshold_0_4.png,"signal_b50=23614.4, signal_b800=10323.9"
/workspace/binary_PNG/binary_labels_mask_case_id_TCGA-K7-AAU7_3_2_cell_expansion_5_0_threshold_0_6.png,"signal_b50=23847.8, signal_b800=11391.2"
/workspace/binary_PNG/binary_labels_mask_case_id_TCGA-DD-AAED_4_0_cell_expansion_11_0_threshold_0_8.png,"signal_b50=24221.1, signal_b800=13162.4"
/workspace/binary_PNG/binary_labels_mask_case_id_TCGA-G3-A5SK_2_0_cell_expansion_11_0_threshold_0_4.png,"signal_b50=24612.4, signal_b800=16180.4"
/workspace/binary_PNG/binary_labels_mask_case_id_TCGA-CC-A1HT_1_2_cell_expansion_13_0_threshold_0_7.png,"signal_b50=24100.4, signal_b800=12275"
/workspace/binary_PNG/binary_labels_mask_case_id_TCGA-K7-AAU7_1_1_cell_expansion_11_0_threshold_0_6.png,"signal_b50=23915.2, signal_b800=11770.1"
/workspace/binary_PNG/binary_labels_mask_case_id_TCGA-BC-A69I_2_1_cell_expansion_11_0_threshold_0_7.png,"signal_b50=24048.2, signal_b800=12380.3"
/workspace/binary_PNG/binary_labels_mask_case_id_TCGA-K7-AAU7_0_2_cell_expansion_11_0_threshold_0_8.png,"signal_b50=22358.5, signal_b800=3617.33"
/workspace/binary_PNG/binary_labels_mask_case_id_TCGA-G3-A5SK_4_1_cell_expansion_11_0_threshold_0_7.png,"signal_b50=24250, signal_b800=13317.9"
/workspace/binary_PNG/binary_labels_mask_case_id_TCGA-CC-A1HT_1_1_cell_expansion_3_0_threshold_0_5.png,"signal_b50=23856, signal_b800=11516.2"
/workspace/binary_PNG/binary_labels_mask_case_id_TCGA-K7-AAU7_3_4_cell_expansion_5_0_threshold_0_5.png,"signal_b50=24059.1, signal_b800=12497.2"
/workspace/binary_PNG/binary_labels_mask_case_id_TCGA-CC-A8HT_0_2_cell_expansion_3_0_threshold_0_6.png,"signal_b50=23741.6, signal_b800=10818.2"
/workspace/binary_PNG/binary_labels_mask_case_id_TCGA-CC-A8HT_2_4_cell_expansion_1_0_threshold_0_6.png,"signal_b50=23184.9, signal_b800=7928.59"
/workspace/binary_PNG/binary_labels_mask_case_id_TCGA-DD-AAED_2_0_cell_expansion_5_0_threshold_0_8.png,"signal_b50=23835.2, signal_b800=11133.9"
/workspace/binary_PNG/binary_labels_mask_case_id_TCGA-K7-AAU7_3_1_cell_expansion_15_0_threshold_0_8.png,"signal_b50=22295.6, signal_b800=3345.91"
/workspace/binary_PNG/binary_labels_mask_case_id_TCGA-BC-A69I_4_2_cell_expansion_15_0_threshold_0_5.png,"signal_b50=24360.9, signal_b800=13910.8"
/workspace/binary_PNG/binary_labels_mask_case_id_TCGA-BC-A69I_3_3_cell_expansion_9_0_threshold_0_8.png,"signal_b50=23989.4, signal_b800=11529.2"
/workspace/binary_PNG/binary_labels_mask_case_id_TCGA-G3-A5SK_2_3_cell_expansion_3_0_threshold_0_7.png,"signal_b50=23578.2, signal_b800=9961.45"
/workspace/binary_PNG/binary_labels_mask_case_id_TCGA-CC-5261_3_4_cell_expansion_5_0_threshold_0_8.png,"signal_b50=23473.3, signal_b800=9009.29"
/workspace/binary_PNG/binary_labels_mask_case_id_TCGA-G3-A7M6_1_1_cell_expansion_5_0_threshold_0_4.png,"signal_b50=24472.9, signal_b800=15048.2"
/workspace/binary_PNG/binary_labels_mask_case_id_TCGA-CC-A8HT_1_4_cell_expansion_3_0_threshold_0_7.png,"signal_b50=23856.8, signal_b800=11150.6"
/workspace/binary_PNG/binary_labels_mask_case_id_TCGA-CC-A3MA_3_2_cell_expansion_5_0_threshold_0_6.png,"signal_b50=24668.9, signal_b800=16458.3"
/workspace/binary_PNG/binary_labels_mask_case_id_TCGA-G3-A5SK_1_0_cell_expansion_9_0_threshold_0_8.png,"signal_b50=23601.4, signal_b800=9811.24"
/workspace/binary_PNG/binary_labels_mask_case_id_TCGA-K7-AAU7_3_1_cell_expansion_7_0_threshold_0_4.png,"signal_b50=24243.8, signal_b800=14025.5"
/workspace/binary_PNG/binary_labels_mask_case_id_TCGA-CC-A8HT_0_0_cell_expansion_1_0_threshold_0_6.png,"signal_b50=23631.7, signal_b800=10364.2"
/workspace/binary_PNG/binary_labels_mask_case_id_TCGA-YA-A8S7_4_0_cell_expansion_15_0_threshold_0_6.png,"signal_b50=24773.8, signal_b800=17098.1"
/workspace/binary_PNG/binary_labels_mask_case_id_TCGA-CC-A3MA_1_4_cell_expansion_13_0_threshold_0_6.png,"signal_b50=24829.4, signal_b800=17358.2"
/workspace/binary_PNG/binary_labels_mask_case_id_TCGA-DD-AAED_2_2_cell_expansion_7_0_threshold_0_5.png,"signal_b50=24262.7, signal_b800=13693.5"
/workspace/binary_PNG/binary_labels_mask_case_id_TCGA-CC-A8HT_3_4_cell_expansion_11_0_threshold_0_8.png,"signal_b50=22764.2, signal_b800=5639.32"
/workspace/binary_PNG/binary_labels_mask_case_id_TCGA-CC-5261_4_1_cell_expansion_11_0_threshold_0_6.png,"signal_b50=24745.4, signal_b800=16841.9"
/workspace/binary_PNG/binary_labels_mask_case_id_TCGA-YA-A8S7_0_4_cell_expansion_5_0_threshold_0_7.png,"signal_b50=23977.6, signal_b800=12034"
/workspace/binary_PNG/binary_labels_mask_case_id_TCGA-BC-A69I_4_1_cell_expansion_7_0_threshold_0_4.png,"signal_b50=23981.1, signal_b800=11640.2"
/workspace/binary_PNG/binary_labels_mask_case_id_TCGA-K7-AAU7_4_1_cell_expansion_7_0_threshold_0_8.png,"signal_b50=23135.3, signal_b800=7186.96"
/workspace/binary_PNG/binary_labels_mask_case_id_TCGA-CC-A8HT_4_1_cell_expansion_3_0_threshold_0_4.png,"signal_b50=23928.8, signal_b800=12020.3"
/workspace/binary_PNG/binary_labels_mask_case_id_TCGA-BC-A69I_1_3_cell_expansion_15_0_threshold_0_5.png,"signal_b50=24552.5, signal_b800=15204.8"
/workspace/binary_PNG/binary_labels_mask_case_id_TCGA-CC-5261_0_4_cell_expansion_11_0_threshold_0_8.png,"signal_b50=23243, signal_b800=8074.3"
/workspace/binary_PNG/binary_labels_mask_case_id_TCGA-CC-5261_4_0_cell_expansion_13_0_threshold_0_4.png,"signal_b50=24873.1, signal_b800=18078.7"
/workspace/binary_PNG/binary_labels_mask_case_id_TCGA-K7-AAU7_1_1_cell_expansion_13_0_threshold_0_6.png,"signal_b50=23915.2, signal_b800=11770.1"
/workspace/binary_PNG/binary_labels_mask_case_id_TCGA-G3-A5SK_0_2_cell_expansion_13_0_threshold_0_4.png,"signal_b50=24535.2, signal_b800=15356.8"
/workspace/binary_PNG/binary_labels_mask_case_id_TCGA-CC-5261_2_2_cell_expansion_11_0_threshold_0_8.png,"signal_b50=24290.9, signal_b800=13394.5"
/workspace/binary_PNG/binary_labels_mask_case_id_TCGA-CC-A8HT_0_2_cell_expansion_13_0_threshold_0_5.png,"signal_b50=24491.1, signal_b800=14933.4"
/workspace/binary_PNG/binary_labels_mask_case_id_TCGA-BC-A69I_1_4_cell_expansion_5_0_threshold_0_8.png,"signal_b50=22998.8, signal_b800=6710.12"
/workspace/binary_PNG/binary_labels_mask_case_id_TCGA-CC-A1HT_2_4_cell_expansion_7_0_threshold_0_4.png,"signal_b50=24794.3, signal_b800=17074.7"
/workspace/binary_PNG/binary_labels_mask_case_id_TCGA-CC-5261_3_0_cell_expansion_9_0_threshold_0_6.png,"signal_b50=24585.1, signal_b800=15620.6"
/workspace/binary_PNG/binary_labels_mask_case_id_TCGA-BC-A69I_2_1_cell_expansion_9_0_threshold_0_5.png,"signal_b50=24276.6, signal_b800=13636.3"
/workspace/binary_PNG/binary_labels_mask_case_id_TCGA-DD-AAED_3_2_cell_expansion_9_0_threshold_0_4.png,"signal_b50=24842.9, signal_b800=17498.7"
/workspace/binary_PNG/binary_labels_mask_case_id_TCGA-YA-A8S7_1_3_cell_expansion_15_0_threshold_0_7.png,"signal_b50=24422.8, signal_b800=14330.6"
/workspace/binary_PNG/binary_labels_mask_case_id_TCGA-G3-A5SK_4_4_cell_expansion_15_0_threshold_0_7.png,"signal_b50=24130.9, signal_b800=12703.9"
/workspace/binary_PNG/binary_labels_mask_case_id_TCGA-CC-5261_3_2_cell_expansion_3_0_threshold_0_6.png,"signal_b50=24167.4, signal_b800=13297.7"
/workspace/binary_PNG/binary_labels_mask_case_id_TCGA-G3-A7M6_3_2_cell_expansion_7_0_threshold_0_6.png,"signal_b50=24532, signal_b800=15298.7"
/workspace/binary_PNG/binary_labels_mask_case_id_TCGA-CC-A8HT_2_1_cell_expansion_1_0_threshold_0_4.png,"signal_b50=23783.8, signal_b800=11273.9"
/workspace/binary_PNG/binary_labels_mask_case_id_TCGA-CC-A3MA_4_0_cell_expansion_3_0_threshold_0_8.png,"signal_b50=22935.9, signal_b800=6423.44"
/workspace/binary_PNG/binary_labels_mask_case_id_TCGA-CC-A3MA_2_0_cell_expansion_3_0_threshold_0_5.png,"signal_b50=24541.1, signal_b800=15589.8"
/workspace/binary_PNG/binary_labels_mask_case_id_TCGA-YA-A8S7_4_3_cell_expansion_11_0_threshold_0_7.png,"signal_b50=22295.6, signal_b800=3345.91"
/workspace/binary_PNG/binary_labels_mask_case_id_TCGA-G3-A7M6_0_2_cell_expansion_7_0_threshold_0_4.png,"signal_b50=24651.3, signal_b800=16056"
/workspace/binary_PNG/binary_labels_mask_case_id_TCGA-K7-AAU7_4_0_cell_expansion_1_0_threshold_0_7.png,"signal_b50=22796.1, signal_b800=5789.03"
/workspace/binary_PNG/binary_labels_mask_case_id_TCGA-G3-A5SK_0_1_cell_expansion_11_0_threshold_0_4.png,"signal_b50=24651.4, signal_b800=16244.7"
/workspace/binary_PNG/binary_labels_mask_case_id_TCGA-G3-A7M6_0_4_cell_expansion_7_0_threshold_0_5.png,"signal_b50=24675.2, signal_b800=16288.5"
/workspace/binary_PNG/binary_labels_mask_case_id_TCGA-CC-A8HT_2_1_cell_expansion_11_0_threshold_0_5.png,"signal_b50=24851.9, signal_b800=17930.6"
/workspace/binary_PNG/binary_labels_mask_case_id_TCGA-K7-AAU7_2_0_cell_expansion_1_0_threshold_0_5.png,"signal_b50=22422.2, signal_b800=3934.06"
/workspace/binary_PNG/binary_labels_mask_case_id_TCGA-CC-5261_0_2_cell_expansion_1_0_threshold_0_6.png,"signal_b50=23227.6, signal_b800=8181.35"
/workspace/binary_PNG/binary_labels_mask_case_id_TCGA-CC-A8HT_0_4_cell_expansion_9_0_threshold_0_5.png,"signal_b50=24696.2, signal_b800=16596.1"
/workspace/binary_PNG/binary_labels_mask_case_id_TCGA-BC-A69I_3_1_cell_expansion_11_0_threshold_0_7.png,"signal_b50=24130.4, signal_b800=12463.4"
/workspace/binary_PNG/binary_labels_mask_case_id_TCGA-DD-AAED_4_0_cell_expansion_9_0_threshold_0_5.png,"signal_b50=24653.5, signal_b800=16299.4"
/workspace/binary_PNG/binary_labels_mask_case_id_TCGA-CC-A8HT_4_3_cell_expansion_13_0_threshold_0_5.png,"signal_b50=24423.5, signal_b800=14536.3"
/workspace/binary_PNG/binary_labels_mask_case_id_TCGA-CC-5261_3_1_cell_expansion_5_0_threshold_0_4.png,"signal_b50=24781.4, signal_b800=17287.8"
/workspace/binary_PNG/binary_labels_mask_case_id_TCGA-CC-A8HT_3_3_cell_expansion_1_0_threshold_0_7.png,"signal_b50=22858.2, signal_b800=6191.65"
/workspace/binary_PNG/binary_labels_mask_case_id_TCGA-CC-A8HT_0_1_cell_expansion_15_0_threshold_0_5.png,"signal_b50=24762.6, signal_b800=16898.3"
/workspace/binary_PNG/binary_labels_mask_case_id_TCGA-K7-AAU7_4_0_cell_expansion_11_0_threshold_0_4.png,"signal_b50=24868.1, signal_b800=18230.4"
/workspace/binary_PNG/binary_labels_mask_case_id_TCGA-G3-A7M6_0_3_cell_expansion_13_0_threshold_0_6.png,"signal_b50=24529, signal_b800=15161.3"
/workspace/binary_PNG/binary_labels_mask_case_id_TCGA-G3-A5SK_1_2_cell_expansion_1_0_threshold_0_4.png,"signal_b50=23207.1, signal_b800=8064.28"
/workspace/binary_PNG/binary_labels_mask_case_id_TCGA-DD-AAED_3_1_cell_expansion_1_0_threshold_0_4.png,"signal_b50=23678.9, signal_b800=10684.3"
/workspace/binary_PNG/binary_labels_mask_case_id_TCGA-CC-A3MA_4_1_cell_expansion_5_0_threshold_0_7.png,"signal_b50=24383.9, signal_b800=14330"
/workspace/binary_PNG/binary_labels_mask_case_id_TCGA-YA-A8S7_3_4_cell_expansion_1_0_threshold_0_8.png,"signal_b50=22295.6, signal_b800=3345.91"
/workspace/binary_PNG/binary_labels_mask_case_id_TCGA-DD-AAED_3_1_cell_expansion_5_0_threshold_0_4.png,"signal_b50=24590.2, signal_b800=15959.4"
/workspace/binary_PNG/binary_labels_mask_case_id_TCGA-DD-AAED_4_0_cell_expansion_1_0_threshold_0_8.png,"signal_b50=23090.4, signal_b800=7329.17"
/workspace/binary_PNG/binary_labels_mask_case_id_TCGA-YA-A8S7_1_1_cell_expansion_5_0_threshold_0_6.png,"signal_b50=24434.5, signal_b800=14790.7"
/workspace/binary_PNG/binary_labels_mask_case_id_TCGA-G3-A5SK_3_4_cell_expansion_11_0_threshold_0_4.png,"signal_b50=24947.7, signal_b800=18803.6"
/workspace/binary_PNG/binary_labels_mask_case_id_TCGA-K7-AAU7_4_2_cell_expansion_1_0_threshold_0_4.png,"signal_b50=23676.7, signal_b800=10736.1"
/workspace/binary_PNG/binary_labels_mask_case_id_TCGA-CC-5261_4_3_cell_expansion_13_0_threshold_0_4.png,"signal_b50=24895.6, signal_b800=18289.4"
/workspace/binary_PNG/binary_labels_mask_case_id_TCGA-YA-A8S7_3_2_cell_expansion_1_0_threshold_0_5.png,"signal_b50=23826.6, signal_b800=11670.4"
/workspace/binary_PNG/binary_labels_mask_case_id_TCGA-BC-A69I_3_2_cell_expansion_13_0_threshold_0_4.png,"signal_b50=24357.9, signal_b800=13975.4"
/workspace/binary_PNG/binary_labels_mask_case_id_TCGA-G3-A5SK_0_2_cell_expansion_7_0_threshold_0_5.png,"signal_b50=24493, signal_b800=15079.4"
/workspace/binary_PNG/binary_labels_mask_case_id_TCGA-G3-A5SK_4_4_cell_expansion_9_0_threshold_0_7.png,"signal_b50=24126.2, signal_b800=12681.8"
/workspace/binary_PNG/binary_labels_mask_case_id_TCGA-CC-A3MA_1_3_cell_expansion_3_0_threshold_0_4.png,"signal_b50=24803.6, signal_b800=17630.7"
/workspace/binary_PNG/binary_labels_mask_case_id_TCGA-DD-AAED_2_3_cell_expansion_15_0_threshold_0_6.png,"signal_b50=24528.8, signal_b800=15050.5"
/workspace/binary_PNG/binary_labels_mask_case_id_TCGA-K7-AAU7_2_3_cell_expansion_9_0_threshold_0_7.png,"signal_b50=23248.5, signal_b800=7801.3"
/workspace/binary_PNG/binary_labels_mask_case_id_TCGA-DD-AAED_1_0_cell_expansion_3_0_threshold_0_6.png,"signal_b50=23719.2, signal_b800=10718.1"
/workspace/binary_PNG/binary_labels_mask_case_id_TCGA-YA-A8S7_1_0_cell_expansion_3_0_threshold_0_6.png,"signal_b50=23715.1, signal_b800=10524.7"
/workspace/binary_PNG/binary_labels_mask_case_id_TCGA-K7-AAU7_1_1_cell_expansion_11_0_threshold_0_8.png,"signal_b50=22295.6, signal_b800=3345.91"
/workspace/binary_PNG/binary_labels_mask_case_id_TCGA-G3-A7M6_1_3_cell_expansion_7_0_threshold_0_8.png,"signal_b50=24049.9, signal_b800=12015.2"
/workspace/binary_PNG/binary_labels_mask_case_id_TCGA-G3-A7M6_0_3_cell_expansion_1_0_threshold_0_7.png,"signal_b50=23003.3, signal_b800=6897.44"
/workspace/binary_PNG/binary_labels_mask_case_id_TCGA-CC-5261_3_2_cell_expansion_13_0_threshold_0_5.png,"signal_b50=24682.2, signal_b800=16341.1"
/workspace/binary_PNG/binary_labels_mask_case_id_TCGA-CC-A8HT_4_3_cell_expansion_7_0_threshold_0_5.png,"signal_b50=24355.1, signal_b800=14185.6"
/workspace/binary_PNG/binary_labels_mask_case_id_TCGA-BC-A69I_4_3_cell_expansion_3_0_threshold_0_6.png,"signal_b50=23395.5, signal_b800=8820.84"
/workspace/binary_PNG/binary_labels_mask_case_id_TCGA-G3-A5SK_1_2_cell_expansion_5_0_threshold_0_7.png,"signal_b50=23969, signal_b800=11773"
/workspace/binary_PNG/binary_labels_mask_case_id_TCGA-G3-A5SK_4_2_cell_expansion_15_0_threshold_0_5.png,"signal_b50=24396.6, signal_b800=14271.2"
/workspace/binary_PNG/binary_labels_mask_case_id_TCGA-CC-A8HT_1_0_cell_expansion_1_0_threshold_0_4.png,"signal_b50=23779.7, signal_b800=11183.6"
/workspace/binary_PNG/binary_labels_mask_case_id_TCGA-BC-A69I_1_1_cell_expansion_11_0_threshold_0_5.png,"signal_b50=24377, signal_b800=14105.2"
/workspace/binary_PNG/binary_labels_mask_case_id_TCGA-K7-AAU7_4_4_cell_expansion_15_0_threshold_0_4.png,"signal_b50=24392.3, signal_b800=14561.6"
/workspace/binary_PNG/binary_labels_mask_case_id_TCGA-BC-A69I_4_0_cell_expansion_1_0_threshold_0_5.png,"signal_b50=23381.3, signal_b800=8844.08"
/workspace/binary_PNG/binary_labels_mask_case_id_TCGA-CC-5261_2_3_cell_expansion_13_0_threshold_0_7.png,"signal_b50=24621.8, signal_b800=15667"
/workspace/binary_PNG/binary_labels_mask_case_id_TCGA-CC-A8HT_0_2_cell_expansion_7_0_threshold_0_4.png,"signal_b50=24512.3, signal_b800=15264.5"
/workspace/binary_PNG/binary_labels_mask_case_id_TCGA-CC-5261_1_4_cell_expansion_7_0_threshold_0_7.png,"signal_b50=24340.1, signal_b800=14173.5"
/workspace/binary_PNG/binary_labels_mask_case_id_TCGA-DD-AAED_0_1_cell_expansion_3_0_threshold_0_6.png,"signal_b50=24218.4, signal_b800=13589.7"
/workspace/binary_PNG/binary_labels_mask_case_id_TCGA-BC-A69I_0_2_cell_expansion_7_0_threshold_0_8.png,"signal_b50=22970.1, signal_b800=6533.03"
/workspace/binary_PNG/binary_labels_mask_case_id_TCGA-G3-A5SK_1_0_cell_expansion_15_0_threshold_0_8.png,"signal_b50=23603.1, signal_b800=9821.67"
/workspace/binary_PNG/binary_labels_mask_case_id_TCGA-YA-A8S7_2_3_cell_expansion_13_0_threshold_0_7.png,"signal_b50=23443.4, signal_b800=8686.46"
/workspace/binary_PNG/binary_labels_mask_case_id_TCGA-CC-A8HT_1_2_cell_expansion_1_0_threshold_0_7.png,"signal_b50=22891.1, signal_b800=6434.62"
/workspace/binary_PNG/binary_labels_mask_case_id_TCGA-CC-A1HT_3_3_cell_expansion_5_0_threshold_0_7.png,"signal_b50=24523.5, signal_b800=15119.1"
/workspace/binary_PNG/binary_labels_mask_case_id_TCGA-CC-A8HT_2_1_cell_expansion_7_0_threshold_0_8.png,"signal_b50=22983.3, signal_b800=6447.58"
/workspace/binary_PNG/binary_labels_mask_case_id_TCGA-CC-A3MA_0_2_cell_expansion_15_0_threshold_0_4.png,"signal_b50=24960.8, signal_b800=18865.3"
/workspace/binary_PNG/binary_labels_mask_case_id_TCGA-CC-A3MA_4_3_cell_expansion_7_0_threshold_0_5.png,"signal_b50=24795.5, signal_b800=17188.8"
/workspace/binary_PNG/binary_labels_mask_case_id_TCGA-CC-A8HT_0_0_cell_expansion_15_0_threshold_0_7.png,"signal_b50=24510.2, signal_b800=15225.1"
/workspace/binary_PNG/binary_labels_mask_case_id_TCGA-CC-A1HT_4_2_cell_expansion_7_0_threshold_0_7.png,"signal_b50=24301.7, signal_b800=13649.9"
/workspace/binary_PNG/binary_labels_mask_case_id_TCGA-CC-5261_4_1_cell_expansion_1_0_threshold_0_5.png,"signal_b50=24004.5, signal_b800=12616.7"
/workspace/binary_PNG/binary_labels_mask_case_id_TCGA-G3-A7M6_3_1_cell_expansion_5_0_threshold_0_5.png,"signal_b50=24729.7, signal_b800=17201.3"
/workspace/binary_PNG/binary_labels_mask_case_id_TCGA-YA-A8S7_1_2_cell_expansion_5_0_threshold_0_8.png,"signal_b50=23216.6, signal_b800=7685.54"
/workspace/binary_PNG/binary_labels_mask_case_id_TCGA-YA-A8S7_4_2_cell_expansion_11_0_threshold_0_7.png,"signal_b50=22863, signal_b800=5823.09"
/workspace/binary_PNG/binary_labels_mask_case_id_TCGA-DD-AAED_0_4_cell_expansion_7_0_threshold_0_5.png,"signal_b50=24591, signal_b800=15463.1"
/workspace/binary_PNG/binary_labels_mask_case_id_TCGA-CC-A1HT_3_4_cell_expansion_1_0_threshold_0_6.png,"signal_b50=23679.8, signal_b800=10604.4"
/workspace/binary_PNG/binary_labels_mask_case_id_TCGA-CC-A1HT_3_4_cell_expansion_13_0_threshold_0_6.png,"signal_b50=24803.1, signal_b800=17309.1"
/workspace/binary_PNG/binary_labels_mask_case_id_TCGA-BC-A69I_1_1_cell_expansion_1_0_threshold_0_4.png,"signal_b50=23280.2, signal_b800=8334.25"
/workspace/binary_PNG/binary_labels_mask_case_id_TCGA-BC-A69I_2_2_cell_expansion_11_0_threshold_0_8.png,"signal_b50=23608.8, signal_b800=9498.78"
/workspace/binary_PNG/binary_labels_mask_case_id_TCGA-DD-AAED_4_4_cell_expansion_1_0_threshold_0_6.png,"signal_b50=23800.6, signal_b800=11287.2"
/workspace/binary_PNG/binary_labels_mask_case_id_TCGA-CC-5261_3_4_cell_expansion_13_0_threshold_0_4.png,"signal_b50=24782.5, signal_b800=17019.1"
/workspace/binary_PNG/binary_labels_mask_case_id_TCGA-CC-A3MA_4_3_cell_expansion_9_0_threshold_0_6.png,"signal_b50=24756.2, signal_b800=16750.6"
/workspace/binary_PNG/binary_labels_mask_case_id_TCGA-CC-5261_2_2_cell_expansion_1_0_threshold_0_6.png,"signal_b50=23775, signal_b800=11138.7"
/workspace/binary_PNG/binary_labels_mask_case_id_TCGA-YA-A8S7_4_1_cell_expansion_3_0_threshold_0_4.png,"signal_b50=24498.5, signal_b800=15605.1"
/workspace/binary_PNG/binary_labels_mask_case_id_TCGA-G3-A5SK_1_3_cell_expansion_7_0_threshold_0_6.png,"signal_b50=24310.9, signal_b800=14079.6"
/workspace/binary_PNG/binary_labels_mask_case_id_TCGA-BC-A69I_0_4_cell_expansion_13_0_threshold_0_4.png,"signal_b50=24626.7, signal_b800=15743"
/workspace/binary_PNG/binary_labels_mask_case_id_TCGA-BC-A69I_1_3_cell_expansion_5_0_threshold_0_6.png,"signal_b50=24186.2, signal_b800=12973"
/workspace/binary_PNG/binary_labels_mask_case_id_TCGA-CC-A8HT_3_4_cell_expansion_1_0_threshold_0_8.png,"signal_b50=22445.8, signal_b800=4108.22"
/workspace/binary_PNG/binary_labels_mask_case_id_TCGA-CC-A1HT_4_1_cell_expansion_13_0_threshold_0_7.png,"signal_b50=24510.9, signal_b800=15086.1"
/workspace/binary_PNG/binary_labels_mask_case_id_TCGA-CC-A8HT_2_2_cell_expansion_3_0_threshold_0_5.png,"signal_b50=24454.7, signal_b800=15414.6"
/workspace/binary_PNG/binary_labels_mask_case_id_TCGA-K7-AAU7_1_2_cell_expansion_11_0_threshold_0_5.png,"signal_b50=24199.6, signal_b800=13475.2"
/workspace/binary_PNG/binary_labels_mask_case_id_TCGA-CC-A1HT_2_1_cell_expansion_3_0_threshold_0_5.png,"signal_b50=24174.4, signal_b800=13328"
/workspace/binary_PNG/binary_labels_mask_case_id_TCGA-G3-A7M6_0_3_cell_expansion_13_0_threshold_0_7.png,"signal_b50=24332.8, signal_b800=13858.7"
/workspace/binary_PNG/binary_labels_mask_case_id_TCGA-CC-5261_0_1_cell_expansion_3_0_threshold_0_7.png,"signal_b50=23835.3, signal_b800=11328.6"
/workspace/binary_PNG/binary_labels_mask_case_id_TCGA-YA-A8S7_3_4_cell_expansion_11_0_threshold_0_5.png,"signal_b50=22366.4, signal_b800=3634.26"
/workspace/binary_PNG/binary_labels_mask_case_id_TCGA-CC-A3MA_2_0_cell_expansion_15_0_threshold_0_6.png,"signal_b50=24726.2, signal_b800=16461.4"
/workspace/binary_PNG/binary_labels_mask_case_id_TCGA-CC-A8HT_0_2_cell_expansion_9_0_threshold_0_8.png,"signal_b50=22881.9, signal_b800=6125.37"
/workspace/binary_PNG/binary_labels_mask_case_id_TCGA-YA-A8S7_3_4_cell_expansion_11_0_threshold_0_8.png,"signal_b50=22295.6, signal_b800=3345.91"
/workspace/binary_PNG/binary_labels_mask_case_id_TCGA-CC-5261_4_3_cell_expansion_11_0_threshold_0_8.png,"signal_b50=23615.3, signal_b800=9743.95"
/workspace/binary_PNG/binary_labels_mask_case_id_TCGA-CC-A8HT_0_0_cell_expansion_5_0_threshold_0_7.png,"signal_b50=24280.3, signal_b800=13928.1"
/workspace/binary_PNG/binary_labels_mask_case_id_TCGA-CC-A3MA_1_3_cell_expansion_1_0_threshold_0_4.png,"signal_b50=24360.6, signal_b800=14826.1"
/workspace/binary_PNG/binary_labels_mask_case_id_TCGA-G3-A7M6_4_1_cell_expansion_15_0_threshold_0_6.png,"signal_b50=24335.8, signal_b800=13968.9"
/workspace/binary_PNG/binary_labels_mask_case_id_TCGA-BC-A69I_0_0_cell_expansion_9_0_threshold_0_8.png,"signal_b50=23354.9, signal_b800=8441.61"
/workspace/binary_PNG/binary_labels_mask_case_id_TCGA-K7-AAU7_1_3_cell_expansion_11_0_threshold_0_7.png,"signal_b50=22506.5, signal_b800=4273.89"
/workspace/binary_PNG/binary_labels_mask_case_id_TCGA-CC-A3MA_0_4_cell_expansion_9_0_threshold_0_4.png,"signal_b50=24440, signal_b800=14963.2"
/workspace/binary_PNG/binary_labels_mask_case_id_TCGA-K7-AAU7_0_3_cell_expansion_13_0_threshold_0_5.png,"signal_b50=24244.5, signal_b800=13854.3"
/workspace/binary_PNG/binary_labels_mask_case_id_TCGA-CC-5261_4_1_cell_expansion_9_0_threshold_0_7.png,"signal_b50=24560, signal_b800=15379.8"
/workspace/binary_PNG/binary_labels_mask_case_id_TCGA-BC-A69I_1_3_cell_expansion_11_0_threshold_0_4.png,"signal_b50=24595.1, signal_b800=15498.6"
/workspace/binary_PNG/binary_labels_mask_case_id_TCGA-YA-A8S7_0_4_cell_expansion_9_0_threshold_0_8.png,"signal_b50=22708.4, signal_b800=5176.97"
/workspace/binary_PNG/binary_labels_mask_case_id_TCGA-CC-5261_2_3_cell_expansion_11_0_threshold_0_7.png,"signal_b50=24619.3, signal_b800=15653"
/workspace/binary_PNG/binary_labels_mask_case_id_TCGA-G3-A5SK_0_2_cell_expansion_11_0_threshold_0_5.png,"signal_b50=24521, signal_b800=15261.1"
/workspace/binary_PNG/binary_labels_mask_case_id_TCGA-CC-A1HT_4_4_cell_expansion_5_0_threshold_0_7.png,"signal_b50=23482.6, signal_b800=9267.3"
/workspace/binary_PNG/binary_labels_mask_case_id_TCGA-G3-A7M6_4_1_cell_expansion_13_0_threshold_0_8.png,"signal_b50=23844, signal_b800=10693.8"
/workspace/binary_PNG/binary_labels_mask_case_id_TCGA-BC-A69I_3_3_cell_expansion_11_0_threshold_0_8.png,"signal_b50=24014.9, signal_b800=11644.7"
/workspace/binary_PNG/binary_labels_mask_case_id_TCGA-CC-A1HT_3_0_cell_expansion_7_0_threshold_0_6.png,"signal_b50=24557.3, signal_b800=15680.8"
/workspace/binary_PNG/binary_labels_mask_case_id_TCGA-YA-A8S7_4_1_cell_expansion_9_0_threshold_0_6.png,"signal_b50=24725.3, signal_b800=16744.6"
/workspace/binary_PNG/binary_labels_mask_case_id_TCGA-CC-A1HT_3_4_cell_expansion_11_0_threshold_0_8.png,"signal_b50=23122.1, signal_b800=7344.8"
/workspace/binary_PNG/binary_labels_mask_case_id_TCGA-G3-A5SK_4_4_cell_expansion_3_0_threshold_0_7.png,"signal_b50=23439.7, signal_b800=9132.89"
/workspace/binary_PNG/binary_labels_mask_case_id_TCGA-CC-5261_2_4_cell_expansion_9_0_threshold_0_8.png,"signal_b50=24241, signal_b800=13211.1"
/workspace/binary_PNG/binary_labels_mask_case_id_TCGA-G3-A7M6_1_1_cell_expansion_3_0_threshold_0_7.png,"signal_b50=23543.3, signal_b800=9750.47"
/workspace/binary_PNG/binary_labels_mask_case_id_TCGA-DD-AAED_2_3_cell_expansion_15_0_threshold_0_5.png,"signal_b50=24558.9, signal_b800=15342.6"
/workspace/binary_PNG/binary_labels_mask_case_id_TCGA-BC-A69I_1_4_cell_expansion_1_0_threshold_0_5.png,"signal_b50=23175.9, signal_b800=7832.71"
/workspace/binary_PNG/binary_labels_mask_case_id_TCGA-G3-A5SK_4_2_cell_expansion_3_0_threshold_0_6.png,"signal_b50=23629.1, signal_b800=10230.5"
/workspace/binary_PNG/binary_labels_mask_case_id_TCGA-DD-AAED_2_0_cell_expansion_7_0_threshold_0_4.png,"signal_b50=24433.2, signal_b800=14821.6"
/workspace/binary_PNG/binary_labels_mask_case_id_TCGA-YA-A8S7_1_4_cell_expansion_3_0_threshold_0_4.png,"signal_b50=22432.9, signal_b800=3994.04"
/workspace/binary_PNG/binary_labels_mask_case_id_TCGA-CC-A3MA_0_2_cell_expansion_11_0_threshold_0_4.png,"signal_b50=24961.4, signal_b800=18861"
/workspace/binary_PNG/binary_labels_mask_case_id_TCGA-BC-A69I_4_1_cell_expansion_3_0_threshold_0_5.png,"signal_b50=23365.9, signal_b800=8581.83"
/workspace/binary_PNG/binary_labels_mask_case_id_TCGA-G3-A7M6_4_1_cell_expansion_7_0_threshold_0_5.png,"signal_b50=24375.8, signal_b800=14267.2"
/workspace/binary_PNG/binary_labels_mask_case_id_TCGA-CC-5261_4_0_cell_expansion_11_0_threshold_0_8.png,"signal_b50=23682.2, signal_b800=10154.2"
/workspace/binary_PNG/binary_labels_mask_case_id_TCGA-CC-A3MA_3_0_cell_expansion_5_0_threshold_0_5.png,"signal_b50=22957.5, signal_b800=6584.39"
/workspace/binary_PNG/binary_labels_mask_case_id_TCGA-K7-AAU7_1_1_cell_expansion_11_0_threshold_0_7.png,"signal_b50=22850, signal_b800=5877.4"
/workspace/binary_PNG/binary_labels_mask_case_id_TCGA-K7-AAU7_4_2_cell_expansion_3_0_threshold_0_7.png,"signal_b50=23475.5, signal_b800=9574.81"
/workspace/binary_PNG/binary_labels_mask_case_id_TCGA-BC-A69I_0_4_cell_expansion_5_0_threshold_0_8.png,"signal_b50=23311.9, signal_b800=8161.16"
/workspace/binary_PNG/binary_labels_mask_case_id_TCGA-G3-A5SK_4_0_cell_expansion_15_0_threshold_0_5.png,"signal_b50=24312.5, signal_b800=13631.2"
/workspace/binary_PNG/binary_labels_mask_case_id_TCGA-CC-A8HT_4_3_cell_expansion_11_0_threshold_0_5.png,"signal_b50=24424.3, signal_b800=14542.9"
/workspace/binary_PNG/binary_labels_mask_case_id_TCGA-DD-AAED_2_0_cell_expansion_11_0_threshold_0_6.png,"signal_b50=24420.3, signal_b800=14670"
/workspace/binary_PNG/binary_labels_mask_case_id_TCGA-G3-A7M6_4_4_cell_expansion_11_0_threshold_0_8.png,"signal_b50=23648.1, signal_b800=9814.12"
/workspace/binary_PNG/binary_labels_mask_case_id_TCGA-G3-A5SK_0_0_cell_expansion_15_0_threshold_0_8.png,"signal_b50=23523.1, signal_b800=9441.61"
/workspace/binary_PNG/binary_labels_mask_case_id_TCGA-G3-A7M6_1_3_cell_expansion_9_0_threshold_0_4.png,"signal_b50=24659.8, signal_b800=16163.4"
/workspace/binary_PNG/binary_labels_mask_case_id_TCGA-CC-A3MA_0_0_cell_expansion_5_0_threshold_0_5.png,"signal_b50=23660.4, signal_b800=10425.4"
/workspace/binary_PNG/binary_labels_mask_case_id_TCGA-CC-A8HT_3_4_cell_expansion_1_0_threshold_0_6.png,"signal_b50=23174.3, signal_b800=7865.33"
/workspace/binary_PNG/binary_labels_mask_case_id_TCGA-CC-A1HT_3_4_cell_expansion_9_0_threshold_0_5.png,"signal_b50=24895, signal_b800=18178"
/workspace/binary_PNG/binary_labels_mask_case_id_TCGA-BC-A69I_0_1_cell_expansion_15_0_threshold_0_5.png,"signal_b50=24419.5, signal_b800=14435.4"
/workspace/binary_PNG/binary_labels_mask_case_id_TCGA-DD-AAED_4_0_cell_expansion_9_0_threshold_0_6.png,"signal_b50=24619.9, signal_b800=16064.3"
/workspace/binary_PNG/binary_labels_mask_case_id_TCGA-G3-A7M6_3_3_cell_expansion_15_0_threshold_0_6.png,"signal_b50=24425.5, signal_b800=14373.8"
/workspace/binary_PNG/binary_labels_mask_case_id_TCGA-YA-A8S7_1_4_cell_expansion_7_0_threshold_0_8.png,"signal_b50=22354.1, signal_b800=3587.42"
/workspace/binary_PNG/binary_labels_mask_case_id_TCGA-G3-A7M6_1_1_cell_expansion_1_0_threshold_0_6.png,"signal_b50=23126.9, signal_b800=7540.34"
/workspace/binary_PNG/binary_labels_mask_case_id_TCGA-CC-A8HT_1_1_cell_expansion_7_0_threshold_0_7.png,"signal_b50=24191.4, signal_b800=13174.1"
/workspace/binary_PNG/binary_labels_mask_case_id_TCGA-CC-A8HT_0_2_cell_expansion_13_0_threshold_0_6.png,"signal_b50=24437.7, signal_b800=14467.1"
/workspace/binary_PNG/binary_labels_mask_case_id_TCGA-G3-A7M6_3_0_cell_expansion_1_0_threshold_0_4.png,"signal_b50=23268.5, signal_b800=8291.22"
/workspace/binary_PNG/binary_labels_mask_case_id_TCGA-CC-A1HT_3_0_cell_expansion_7_0_threshold_0_4.png,"signal_b50=24881.7, signal_b800=18246"
/workspace/binary_PNG/binary_labels_mask_case_id_TCGA-CC-A8HT_4_3_cell_expansion_11_0_threshold_0_7.png,"signal_b50=23937.3, signal_b800=11285.4"
/workspace/binary_PNG/binary_labels_mask_case_id_TCGA-K7-AAU7_3_3_cell_expansion_13_0_threshold_0_8.png,"signal_b50=22295.6, signal_b800=3345.91"
/workspace/binary_PNG/binary_labels_mask_case_id_TCGA-G3-A5SK_3_4_cell_expansion_15_0_threshold_0_4.png,"signal_b50=24947.7, signal_b800=18803.6"
/workspace/binary_PNG/binary_labels_mask_case_id_TCGA-BC-A69I_4_0_cell_expansion_15_0_threshold_0_4.png,"signal_b50=24533.1, signal_b800=15076.4"
/workspace/binary_PNG/binary_labels_mask_case_id_TCGA-DD-AAED_0_0_cell_expansion_13_0_threshold_0_4.png,"signal_b50=24775.9, signal_b800=17009.1"
/workspace/binary_PNG/binary_labels_mask_case_id_TCGA-CC-A8HT_4_3_cell_expansion_7_0_threshold_0_7.png,"signal_b50=23811.8, signal_b800=10675.9"
/workspace/binary_PNG/binary_labels_mask_case_id_TCGA-YA-A8S7_0_1_cell_expansion_1_0_threshold_0_7.png,"signal_b50=23217.6, signal_b800=8103.78"
/workspace/binary_PNG/binary_labels_mask_case_id_TCGA-K7-AAU7_1_0_cell_expansion_11_0_threshold_0_6.png,"signal_b50=23031.5, signal_b800=6979.8"
/workspace/binary_PNG/binary_labels_mask_case_id_TCGA-CC-A1HT_1_4_cell_expansion_7_0_threshold_0_8.png,"signal_b50=22587, signal_b800=4684.45"
/workspace/binary_PNG/binary_labels_mask_case_id_TCGA-K7-AAU7_3_1_cell_expansion_3_0_threshold_0_6.png,"signal_b50=23277.5, signal_b800=8331.56"
/workspace/binary_PNG/binary_labels_mask_case_id_TCGA-G3-A5SK_2_4_cell_expansion_3_0_threshold_0_7.png,"signal_b50=23898.2, signal_b800=11577.1"
/workspace/binary_PNG/binary_labels_mask_case_id_TCGA-K7-AAU7_0_3_cell_expansion_9_0_threshold_0_4.png,"signal_b50=24378.9, signal_b800=14860.8"
/workspace/binary_PNG/binary_labels_mask_case_id_TCGA-CC-A1HT_1_4_cell_expansion_13_0_threshold_0_8.png,"signal_b50=22716, signal_b800=5213.74"
/workspace/binary_PNG/binary_labels_mask_case_id_TCGA-CC-A1HT_2_3_cell_expansion_5_0_threshold_0_6.png,"signal_b50=23702.8, signal_b800=10557"
/workspace/binary_PNG/binary_labels_mask_case_id_TCGA-G3-A5SK_0_2_cell_expansion_11_0_threshold_0_8.png,"signal_b50=23923.5, signal_b800=11541.1"
/workspace/binary_PNG/binary_labels_mask_case_id_TCGA-CC-A3MA_1_0_cell_expansion_9_0_threshold_0_4.png,"signal_b50=24865.2, signal_b800=17731.8"
/workspace/binary_PNG/binary_labels_mask_case_id_TCGA-G3-A5SK_1_4_cell_expansion_7_0_threshold_0_5.png,"signal_b50=24603.1, signal_b800=15834.1"
/workspace/binary_PNG/binary_labels_mask_case_id_TCGA-BC-A69I_0_4_cell_expansion_7_0_threshold_0_8.png,"signal_b50=23549.4, signal_b800=9311.91"
/workspace/binary_PNG/binary_labels_mask_case_id_TCGA-YA-A8S7_2_3_cell_expansion_3_0_threshold_0_5.png,"signal_b50=23161.8, signal_b800=7587.74"
/workspace/binary_PNG/binary_labels_mask_case_id_TCGA-CC-5261_2_3_cell_expansion_15_0_threshold_0_5.png,"signal_b50=24789.8, signal_b800=17060.7"
/workspace/binary_PNG/binary_labels_mask_case_id_TCGA-CC-5261_3_0_cell_expansion_7_0_threshold_0_6.png,"signal_b50=24519.1, signal_b800=15222.9"
/workspace/binary_PNG/binary_labels_mask_case_id_TCGA-YA-A8S7_0_1_cell_expansion_9_0_threshold_0_4.png,"signal_b50=24723.8, signal_b800=16870"
/workspace/binary_PNG/binary_labels_mask_case_id_TCGA-CC-A1HT_0_3_cell_expansion_15_0_threshold_0_7.png,"signal_b50=24313.2, signal_b800=13701"
/workspace/binary_PNG/binary_labels_mask_case_id_TCGA-DD-AAED_2_4_cell_expansion_1_0_threshold_0_4.png,"signal_b50=23682.1, signal_b800=10587"
/workspace/binary_PNG/binary_labels_mask_case_id_TCGA-YA-A8S7_1_3_cell_expansion_13_0_threshold_0_6.png,"signal_b50=24667.4, signal_b800=16165.4"
/workspace/binary_PNG/binary_labels_mask_case_id_TCGA-CC-5261_4_2_cell_expansion_9_0_threshold_0_8.png,"signal_b50=24233.1, signal_b800=13152"
/workspace/binary_PNG/binary_labels_mask_case_id_TCGA-G3-A5SK_3_0_cell_expansion_1_0_threshold_0_8.png,"signal_b50=22733.1, signal_b800=5508.35"
/workspace/binary_PNG/binary_labels_mask_case_id_TCGA-YA-A8S7_0_1_cell_expansion_9_0_threshold_0_5.png,"signal_b50=24710.8, signal_b800=16688.6"
/workspace/binary_PNG/binary_labels_mask_case_id_TCGA-CC-A1HT_3_2_cell_expansion_9_0_threshold_0_6.png,"signal_b50=24654.1, signal_b800=15804.8"
/workspace/binary_PNG/binary_labels_mask_case_id_TCGA-BC-A69I_1_1_cell_expansion_15_0_threshold_0_7.png,"signal_b50=24179.4, signal_b800=12869.2"
/workspace/binary_PNG/binary_labels_mask_case_id_TCGA-DD-AAED_3_2_cell_expansion_11_0_threshold_0_7.png,"signal_b50=24715, signal_b800=16314.4"
/workspace/binary_PNG/binary_labels_mask_case_id_TCGA-G3-A5SK_0_1_cell_expansion_1_0_threshold_0_7.png,"signal_b50=23057.5, signal_b800=7299.58"
/workspace/binary_PNG/binary_labels_mask_case_id_TCGA-CC-A1HT_0_0_cell_expansion_15_0_threshold_0_4.png,"signal_b50=24413, signal_b800=15053.8"
/workspace/binary_PNG/binary_labels_mask_case_id_TCGA-YA-A8S7_4_2_cell_expansion_5_0_threshold_0_4.png,"signal_b50=23058.3, signal_b800=7054.55"
/workspace/binary_PNG/binary_labels_mask_case_id_TCGA-CC-5261_4_1_cell_expansion_1_0_threshold_0_6.png,"signal_b50=23848.7, signal_b800=11630.7"
/workspace/binary_PNG/binary_labels_mask_case_id_TCGA-K7-AAU7_1_2_cell_expansion_15_0_threshold_0_4.png,"signal_b50=24331.9, signal_b800=14405.3"
/workspace/binary_PNG/binary_labels_mask_case_id_TCGA-DD-AAED_3_3_cell_expansion_11_0_threshold_0_5.png,"signal_b50=24838.3, signal_b800=17577.6"
/workspace/binary_PNG/binary_labels_mask_case_id_TCGA-CC-A1HT_4_2_cell_expansion_15_0_threshold_0_7.png,"signal_b50=24424.4, signal_b800=14262.2"
/workspace/binary_PNG/binary_labels_mask_case_id_TCGA-K7-AAU7_2_0_cell_expansion_15_0_threshold_0_8.png,"signal_b50=22295.6, signal_b800=3345.91"
/workspace/binary_PNG/binary_labels_mask_case_id_TCGA-DD-AAED_1_4_cell_expansion_7_0_threshold_0_6.png,"signal_b50=24736.1, signal_b800=16803.5"
/workspace/binary_PNG/binary_labels_mask_case_id_TCGA-CC-5261_2_4_cell_expansion_9_0_threshold_0_6.png,"signal_b50=24716.8, signal_b800=16589.3"
/workspace/binary_PNG/binary_labels_mask_case_id_TCGA-G3-A5SK_1_1_cell_expansion_1_0_threshold_0_6.png,"signal_b50=22992.3, signal_b800=6838.24"
/workspace/binary_PNG/binary_labels_mask_case_id_TCGA-CC-A1HT_4_1_cell_expansion_3_0_threshold_0_5.png,"signal_b50=24375.5, signal_b800=14681.8"
/workspace/binary_PNG/binary_labels_mask_case_id_TCGA-CC-A1HT_4_1_cell_expansion_9_0_threshold_0_5.png,"signal_b50=24758.3, signal_b800=17029.9"
/workspace/binary_PNG/binary_labels_mask_case_id_TCGA-G3-A5SK_2_1_cell_expansion_5_0_threshold_0_7.png,"signal_b50=24392, signal_b800=14438.4"
/workspace/binary_PNG/binary_labels_mask_case_id_TCGA-G3-A7M6_4_3_cell_expansion_3_0_threshold_0_7.png,"signal_b50=23561.9, signal_b800=9777.01"
/workspace/binary_PNG/binary_labels_mask_case_id_TCGA-CC-A8HT_4_2_cell_expansion_5_0_threshold_0_6.png,"signal_b50=24189.8, signal_b800=13059.5"
/workspace/binary_PNG/binary_labels_mask_case_id_TCGA-DD-AAED_1_2_cell_expansion_9_0_threshold_0_6.png,"signal_b50=24660.1, signal_b800=16114.4"
/workspace/binary_PNG/binary_labels_mask_case_id_TCGA-CC-5261_0_4_cell_expansion_11_0_threshold_0_6.png,"signal_b50=24652.8, signal_b800=16331.6"
/workspace/binary_PNG/binary_labels_mask_case_id_TCGA-CC-A3MA_4_1_cell_expansion_1_0_threshold_0_4.png,"signal_b50=24082.9, signal_b800=12960.4"
/workspace/binary_PNG/binary_labels_mask_case_id_TCGA-CC-A8HT_4_0_cell_expansion_5_0_threshold_0_5.png,"signal_b50=24334.9, signal_b800=14122.6"
/workspace/binary_PNG/binary_labels_mask_case_id_TCGA-G3-A5SK_1_2_cell_expansion_7_0_threshold_0_7.png,"signal_b50=24206.2, signal_b800=13008.3"
/workspace/binary_PNG/binary_labels_mask_case_id_TCGA-CC-5261_2_1_cell_expansion_13_0_threshold_0_7.png,"signal_b50=24343.8, signal_b800=13987.3"
/workspace/binary_PNG/binary_labels_mask_case_id_TCGA-DD-AAED_2_0_cell_expansion_7_0_threshold_0_6.png,"signal_b50=24350.4, signal_b800=14306.6"
/workspace/binary_PNG/binary_labels_mask_case_id_TCGA-CC-A8HT_2_0_cell_expansion_5_0_threshold_0_5.png,"signal_b50=24659.2, signal_b800=16411.2"
/workspace/binary_PNG/binary_labels_mask_case_id_TCGA-BC-A69I_4_1_cell_expansion_15_0_threshold_0_8.png,"signal_b50=23160.2, signal_b800=7259.66"
/workspace/binary_PNG/binary_labels_mask_case_id_TCGA-DD-AAED_0_1_cell_expansion_11_0_threshold_0_5.png,"signal_b50=24666.8, signal_b800=16177.8"
/workspace/binary_PNG/binary_labels_mask_case_id_TCGA-K7-AAU7_1_2_cell_expansion_1_0_threshold_0_8.png,"signal_b50=22310.1, signal_b800=3412.02"
/workspace/binary_PNG/binary_labels_mask_case_id_TCGA-BC-A69I_3_0_cell_expansion_15_0_threshold_0_8.png,"signal_b50=23752.6, signal_b800=10321.2"
/workspace/binary_PNG/binary_labels_mask_case_id_TCGA-CC-5261_0_1_cell_expansion_9_0_threshold_0_4.png,"signal_b50=24697.9, signal_b800=16559.3"
/workspace/binary_PNG/binary_labels_mask_case_id_TCGA-G3-A5SK_2_4_cell_expansion_3_0_threshold_0_4.png,"signal_b50=24154.6, signal_b800=13162.3"
/workspace/binary_PNG/binary_labels_mask_case_id_TCGA-CC-5261_0_2_cell_expansion_11_0_threshold_0_8.png,"signal_b50=23795.2, signal_b800=10675.6"
/workspace/binary_PNG/binary_labels_mask_case_id_TCGA-BC-A69I_3_0_cell_expansion_15_0_threshold_0_6.png,"signal_b50=24223, signal_b800=13161.6"
/workspace/binary_PNG/binary_labels_mask_case_id_TCGA-K7-AAU7_2_1_cell_expansion_7_0_threshold_0_6.png,"signal_b50=23451.3, signal_b800=9330.24"
/workspace/binary_PNG/binary_labels_mask_case_id_TCGA-CC-A8HT_3_3_cell_expansion_7_0_threshold_0_7.png,"signal_b50=23908.4, signal_b800=11372.2"
/workspace/binary_PNG/binary_labels_mask_case_id_TCGA-CC-A8HT_2_0_cell_expansion_15_0_threshold_0_7.png,"signal_b50=24184.8, signal_b800=13011"
/workspace/binary_PNG/binary_labels_mask_case_id_TCGA-BC-A69I_0_3_cell_expansion_7_0_threshold_0_4.png,"signal_b50=24372.2, signal_b800=14095.4"
/workspace/binary_PNG/binary_labels_mask_case_id_TCGA-CC-5261_0_0_cell_expansion_9_0_threshold_0_6.png,"signal_b50=24707.2, signal_b800=16578"
/workspace/binary_PNG/binary_labels_mask_case_id_TCGA-CC-A3MA_3_1_cell_expansion_1_0_threshold_0_6.png,"signal_b50=23672, signal_b800=10634.9"
/workspace/binary_PNG/binary_labels_mask_case_id_TCGA-K7-AAU7_0_0_cell_expansion_3_0_threshold_0_7.png,"signal_b50=22494.6, signal_b800=4277.22"
/workspace/binary_PNG/binary_labels_mask_case_id_TCGA-DD-AAED_4_1_cell_expansion_3_0_threshold_0_8.png,"signal_b50=23681.8, signal_b800=10324.8"
/workspace/binary_PNG/binary_labels_mask_case_id_TCGA-BC-A69I_3_3_cell_expansion_5_0_threshold_0_4.png,"signal_b50=24397.7, signal_b800=14238.2"
/workspace/binary_PNG/binary_labels_mask_case_id_TCGA-CC-5261_2_1_cell_expansion_1_0_threshold_0_7.png,"signal_b50=23279.2, signal_b800=8398.34"
/workspace/binary_PNG/binary_labels_mask_case_id_TCGA-CC-A1HT_2_3_cell_expansion_15_0_threshold_0_4.png,"signal_b50=24440.7, signal_b800=14968.7"
/workspace/binary_PNG/binary_labels_mask_case_id_TCGA-CC-A3MA_2_3_cell_expansion_3_0_threshold_0_7.png,"signal_b50=24152.9, signal_b800=13074.5"
/workspace/binary_PNG/binary_labels_mask_case_id_TCGA-CC-5261_0_1_cell_expansion_9_0_threshold_0_6.png,"signal_b50=24627.9, signal_b800=15858.3"
/workspace/binary_PNG/binary_labels_mask_case_id_TCGA-YA-A8S7_1_0_cell_expansion_15_0_threshold_0_6.png,"signal_b50=24368, signal_b800=14028.6"
/workspace/binary_PNG/binary_labels_mask_case_id_TCGA-CC-5261_4_3_cell_expansion_1_0_threshold_0_8.png,"signal_b50=22690.7, signal_b800=5320.18"
/workspace/binary_PNG/binary_labels_mask_case_id_TCGA-CC-A8HT_4_2_cell_expansion_1_0_threshold_0_4.png,"signal_b50=23334, signal_b800=8690.13"
/workspace/binary_PNG/binary_labels_mask_case_id_TCGA-BC-A69I_3_3_cell_expansion_3_0_threshold_0_8.png,"signal_b50=23177.6, signal_b800=7622.76"
/workspace/binary_PNG/binary_labels_mask_case_id_TCGA-CC-A1HT_1_0_cell_expansion_7_0_threshold_0_4.png,"signal_b50=24580.6, signal_b800=15998"
/workspace/binary_PNG/binary_labels_mask_case_id_TCGA-BC-A69I_4_4_cell_expansion_15_0_threshold_0_8.png,"signal_b50=23840.7, signal_b800=10977.4"
/workspace/binary_PNG/binary_labels_mask_case_id_TCGA-CC-5261_0_1_cell_expansion_9_0_threshold_0_7.png,"signal_b50=24536.4, signal_b800=15191.6"
/workspace/binary_PNG/binary_labels_mask_case_id_TCGA-YA-A8S7_4_4_cell_expansion_9_0_threshold_0_5.png,"signal_b50=22576.1, signal_b800=4471.86"
/workspace/binary_PNG/binary_labels_mask_case_id_TCGA-CC-5261_0_0_cell_expansion_13_0_threshold_0_4.png,"signal_b50=24771.5, signal_b800=17160.5"
/workspace/binary_PNG/binary_labels_mask_case_id_TCGA-CC-A1HT_3_1_cell_expansion_11_0_threshold_0_6.png,"signal_b50=23709.7, signal_b800=10605.2"
/workspace/binary_PNG/binary_labels_mask_case_id_TCGA-K7-AAU7_0_4_cell_expansion_11_0_threshold_0_4.png,"signal_b50=24375.6, signal_b800=14644.6"
/workspace/binary_PNG/binary_labels_mask_case_id_TCGA-CC-A3MA_2_0_cell_expansion_13_0_threshold_0_6.png,"signal_b50=24724.4, signal_b800=16460.8"
/workspace/binary_PNG/binary_labels_mask_case_id_TCGA-G3-A7M6_2_4_cell_expansion_9_0_threshold_0_4.png,"signal_b50=24713.6, signal_b800=16544.5"
/workspace/binary_PNG/binary_labels_mask_case_id_TCGA-CC-A3MA_3_3_cell_expansion_7_0_threshold_0_7.png,"signal_b50=24540.3, signal_b800=15078.1"
/workspace/binary_PNG/binary_labels_mask_case_id_TCGA-CC-A8HT_2_3_cell_expansion_11_0_threshold_0_8.png,"signal_b50=22906.1, signal_b800=6096.73"
/workspace/binary_PNG/binary_labels_mask_case_id_TCGA-G3-A7M6_4_3_cell_expansion_7_0_threshold_0_7.png,"signal_b50=24139.3, signal_b800=12904.7"
/workspace/binary_PNG/binary_labels_mask_case_id_TCGA-DD-AAED_0_4_cell_expansion_13_0_threshold_0_4.png,"signal_b50=24687, signal_b800=16186.2"
/workspace/binary_PNG/binary_labels_mask_case_id_TCGA-G3-A5SK_2_2_cell_expansion_1_0_threshold_0_8.png,"signal_b50=22775.7, signal_b800=5719.46"
/workspace/binary_PNG/binary_labels_mask_case_id_TCGA-CC-5261_4_4_cell_expansion_11_0_threshold_0_5.png,"signal_b50=24870.1, signal_b800=17884.9"
/workspace/binary_PNG/binary_labels_mask_case_id_TCGA-BC-A69I_1_1_cell_expansion_3_0_threshold_0_6.png,"signal_b50=23588.5, signal_b800=9823.45"
/workspace/binary_PNG/binary_labels_mask_case_id_TCGA-CC-5261_1_2_cell_expansion_7_0_threshold_0_6.png,"signal_b50=24474.6, signal_b800=14952"
/workspace/binary_PNG/binary_labels_mask_case_id_TCGA-CC-A8HT_0_1_cell_expansion_13_0_threshold_0_5.png,"signal_b50=24762.6, signal_b800=16898.3"
/workspace/binary_PNG/binary_labels_mask_case_id_TCGA-DD-AAED_2_3_cell_expansion_9_0_threshold_0_7.png,"signal_b50=24423.5, signal_b800=14262.4"
/workspace/binary_PNG/binary_labels_mask_case_id_TCGA-CC-A8HT_1_3_cell_expansion_3_0_threshold_0_5.png,"signal_b50=24047.2, signal_b800=12697.1"
/workspace/binary_PNG/binary_labels_mask_case_id_TCGA-G3-A5SK_0_4_cell_expansion_1_0_threshold_0_6.png,"signal_b50=23013.7, signal_b800=6941.72"
/workspace/binary_PNG/binary_labels_mask_case_id_TCGA-CC-5261_3_3_cell_expansion_13_0_threshold_0_6.png,"signal_b50=24874.4, signal_b800=17921.6"
/workspace/binary_PNG/binary_labels_mask_case_id_TCGA-G3-A7M6_2_3_cell_expansion_5_0_threshold_0_4.png,"signal_b50=24475.1, signal_b800=15148.5"
/workspace/binary_PNG/binary_labels_mask_case_id_TCGA-YA-A8S7_4_1_cell_expansion_7_0_threshold_0_7.png,"signal_b50=24412.7, signal_b800=14369.1"
/workspace/binary_PNG/binary_labels_mask_case_id_TCGA-CC-5261_1_3_cell_expansion_1_0_threshold_0_8.png,"signal_b50=22888, signal_b800=6283.21"
/workspace/binary_PNG/binary_labels_mask_case_id_TCGA-YA-A8S7_3_3_cell_expansion_1_0_threshold_0_4.png,"signal_b50=22420.9, signal_b800=3960.06"
/workspace/binary_PNG/binary_labels_mask_case_id_TCGA-CC-A8HT_0_4_cell_expansion_7_0_threshold_0_7.png,"signal_b50=24058.5, signal_b800=12385.5"
/workspace/binary_PNG/binary_labels_mask_case_id_TCGA-CC-A1HT_1_0_cell_expansion_3_0_threshold_0_8.png,"signal_b50=22451.2, signal_b800=4074.11"
/workspace/binary_PNG/binary_labels_mask_case_id_TCGA-CC-A8HT_0_4_cell_expansion_9_0_threshold_0_8.png,"signal_b50=22921.3, signal_b800=6326.26"
/workspace/binary_PNG/binary_labels_mask_case_id_TCGA-G3-A7M6_2_1_cell_expansion_11_0_threshold_0_7.png,"signal_b50=24584.1, signal_b800=15581.5"
/workspace/binary_PNG/binary_labels_mask_case_id_TCGA-BC-A69I_4_4_cell_expansion_11_0_threshold_0_7.png,"signal_b50=24337, signal_b800=13995.1"
/workspace/binary_PNG/binary_labels_mask_case_id_TCGA-DD-AAED_1_0_cell_expansion_7_0_threshold_0_5.png,"signal_b50=24257, signal_b800=13450.5"
/workspace/binary_PNG/binary_labels_mask_case_id_TCGA-BC-A69I_2_2_cell_expansion_5_0_threshold_0_5.png,"signal_b50=24253.8, signal_b800=13412.8"
/workspace/binary_PNG/binary_labels_mask_case_id_TCGA-G3-A7M6_3_2_cell_expansion_11_0_threshold_0_7.png,"signal_b50=24392.1, signal_b800=14276.9"
/workspace/binary_PNG/binary_labels_mask_case_id_TCGA-YA-A8S7_0_4_cell_expansion_13_0_threshold_0_4.png,"signal_b50=24683.9, signal_b800=16664.4"
/workspace/binary_PNG/binary_labels_mask_case_id_TCGA-K7-AAU7_1_1_cell_expansion_5_0_threshold_0_7.png,"signal_b50=22812, signal_b800=5712.16"
/workspace/binary_PNG/binary_labels_mask_case_id_TCGA-G3-A7M6_4_2_cell_expansion_13_0_threshold_0_4.png,"signal_b50=24704, signal_b800=17535.5"
/workspace/binary_PNG/binary_labels_mask_case_id_TCGA-G3-A7M6_0_0_cell_expansion_1_0_threshold_0_8.png,"signal_b50=22738.8, signal_b800=5552.56"
/workspace/binary_PNG/binary_labels_mask_case_id_TCGA-CC-A8HT_3_0_cell_expansion_5_0_threshold_0_6.png,"signal_b50=24327.5, signal_b800=14121.9"
/workspace/binary_PNG/binary_labels_mask_case_id_TCGA-G3-A7M6_4_0_cell_expansion_11_0_threshold_0_6.png,"signal_b50=24647.3, signal_b800=16805.1"
/workspace/binary_PNG/binary_labels_mask_case_id_TCGA-CC-A3MA_2_4_cell_expansion_13_0_threshold_0_8.png,"signal_b50=23842.5, signal_b800=10839.4"
/workspace/binary_PNG/binary_labels_mask_case_id_TCGA-G3-A7M6_3_2_cell_expansion_7_0_threshold_0_4.png,"signal_b50=24610.1, signal_b800=15840"
/workspace/binary_PNG/binary_labels_mask_case_id_TCGA-G3-A5SK_2_2_cell_expansion_3_0_threshold_0_5.png,"signal_b50=24115.6, signal_b800=13075.7"
/workspace/binary_PNG/binary_labels_mask_case_id_TCGA-K7-AAU7_2_3_cell_expansion_3_0_threshold_0_7.png,"signal_b50=22874.3, signal_b800=6106.37"
/workspace/binary_PNG/binary_labels_mask_case_id_TCGA-CC-A1HT_4_2_cell_expansion_3_0_threshold_0_5.png,"signal_b50=24273.9, signal_b800=13899.5"
/workspace/binary_PNG/binary_labels_mask_case_id_TCGA-CC-5261_1_3_cell_expansion_5_0_threshold_0_5.png,"signal_b50=24441.1, signal_b800=15005.2"
/workspace/binary_PNG/binary_labels_mask_case_id_TCGA-BC-A69I_3_2_cell_expansion_3_0_threshold_0_8.png,"signal_b50=22867.2, signal_b800=6091.38"
/workspace/binary_PNG/binary_labels_mask_case_id_TCGA-G3-A7M6_2_1_cell_expansion_9_0_threshold_0_6.png,"signal_b50=24697.1, signal_b800=16500.8"
/workspace/binary_PNG/binary_labels_mask_case_id_TCGA-DD-AAED_4_0_cell_expansion_5_0_threshold_0_5.png,"signal_b50=24500.8, signal_b800=15477.5"
/workspace/binary_PNG/binary_labels_mask_case_id_TCGA-CC-A8HT_4_3_cell_expansion_3_0_threshold_0_8.png,"signal_b50=22648.8, signal_b800=4924.78"
/workspace/binary_PNG/binary_labels_mask_case_id_TCGA-BC-A69I_1_0_cell_expansion_5_0_threshold_0_5.png,"signal_b50=24104.9, signal_b800=12612.2"
/workspace/binary_PNG/binary_labels_mask_case_id_TCGA-CC-A3MA_2_1_cell_expansion_7_0_threshold_0_4.png,"signal_b50=24898.5, signal_b800=18392.2"
/workspace/binary_PNG/binary_labels_mask_case_id_TCGA-G3-A5SK_1_4_cell_expansion_15_0_threshold_0_5.png,"signal_b50=24616.9, signal_b800=15924.9"
/workspace/binary_PNG/binary_labels_mask_case_id_TCGA-K7-AAU7_0_0_cell_expansion_9_0_threshold_0_5.png,"signal_b50=23322.3, signal_b800=8303.56"
/workspace/binary_PNG/binary_labels_mask_case_id_TCGA-YA-A8S7_0_3_cell_expansion_7_0_threshold_0_8.png,"signal_b50=23063.5, signal_b800=7002.61"
/workspace/binary_PNG/binary_labels_mask_case_id_TCGA-DD-AAED_3_2_cell_expansion_13_0_threshold_0_7.png,"signal_b50=24714.9, signal_b800=16309.5"
/workspace/binary_PNG/binary_labels_mask_case_id_TCGA-CC-A8HT_1_4_cell_expansion_15_0_threshold_0_5.png,"signal_b50=24731.1, signal_b800=16594.3"
/workspace/binary_PNG/binary_labels_mask_case_id_TCGA-YA-A8S7_4_2_cell_expansion_13_0_threshold_0_7.png,"signal_b50=22864, signal_b800=5826.34"
/workspace/binary_PNG/binary_labels_mask_case_id_TCGA-YA-A8S7_4_2_cell_expansion_13_0_threshold_0_5.png,"signal_b50=23139.7, signal_b800=7336.88"
/workspace/binary_PNG/binary_labels_mask_case_id_TCGA-CC-A8HT_1_2_cell_expansion_15_0_threshold_0_4.png,"signal_b50=24672.4, signal_b800=16553.8"
/workspace/binary_PNG/binary_labels_mask_case_id_TCGA-K7-AAU7_4_4_cell_expansion_13_0_threshold_0_8.png,"signal_b50=22994.7, signal_b800=6541.48"
/workspace/binary_PNG/binary_labels_mask_case_id_TCGA-CC-A1HT_2_1_cell_expansion_7_0_threshold_0_5.png,"signal_b50=24568.6, signal_b800=15495.1"
/workspace/binary_PNG/binary_labels_mask_case_id_TCGA-G3-A7M6_4_0_cell_expansion_5_0_threshold_0_4.png,"signal_b50=24833.4, signal_b800=18256.6"
/workspace/binary_PNG/binary_labels_mask_case_id_TCGA-DD-AAED_2_2_cell_expansion_3_0_threshold_0_7.png,"signal_b50=23608.3, signal_b800=10163.6"
/workspace/binary_PNG/binary_labels_mask_case_id_TCGA-CC-A3MA_0_0_cell_expansion_9_0_threshold_0_6.png,"signal_b50=23797.3, signal_b800=11049.6"
/workspace/binary_PNG/binary_labels_mask_case_id_TCGA-CC-A8HT_3_1_cell_expansion_11_0_threshold_0_4.png,"signal_b50=24421.6, signal_b800=14553.4"
/workspace/binary_PNG/binary_labels_mask_case_id_TCGA-CC-A3MA_4_3_cell_expansion_5_0_threshold_0_4.png,"signal_b50=24796.7, signal_b800=17477.6"
/workspace/binary_PNG/binary_labels_mask_case_id_TCGA-CC-A8HT_4_0_cell_expansion_15_0_threshold_0_6.png,"signal_b50=24469.1, signal_b800=14682.9"
/workspace/binary_PNG/binary_labels_mask_case_id_TCGA-CC-A8HT_4_0_cell_expansion_7_0_threshold_0_7.png,"signal_b50=24176.4, signal_b800=12893.3"
/workspace/binary_PNG/binary_labels_mask_case_id_TCGA-CC-5261_2_3_cell_expansion_15_0_threshold_0_4.png,"signal_b50=24829.1, signal_b800=17471.3"
/workspace/binary_PNG/binary_labels_mask_case_id_TCGA-G3-A5SK_4_0_cell_expansion_13_0_threshold_0_7.png,"signal_b50=24133.2, signal_b800=12402.7"
/workspace/binary_PNG/binary_labels_mask_case_id_TCGA-CC-A3MA_1_4_cell_expansion_5_0_threshold_0_4.png,"signal_b50=24846.6, signal_b800=17711.8"
/workspace/binary_PNG/binary_labels_mask_case_id_TCGA-CC-A1HT_2_0_cell_expansion_13_0_threshold_0_7.png,"signal_b50=23036.9, signal_b800=7008.55"
/workspace/binary_PNG/binary_labels_mask_case_id_TCGA-CC-5261_3_4_cell_expansion_11_0_threshold_0_6.png,"signal_b50=24679.5, signal_b800=16050.2"
/workspace/binary_PNG/binary_labels_mask_case_id_TCGA-CC-A8HT_1_0_cell_expansion_15_0_threshold_0_4.png,"signal_b50=24795, signal_b800=17441.7"
/workspace/binary_PNG/binary_labels_mask_case_id_TCGA-G3-A7M6_3_1_cell_expansion_3_0_threshold_0_8.png,"signal_b50=22801.8, signal_b800=5817.39"
/workspace/binary_PNG/binary_labels_mask_case_id_TCGA-CC-5261_4_1_cell_expansion_11_0_threshold_0_8.png,"signal_b50=23641.1, signal_b800=9810.19"
/workspace/binary_PNG/binary_labels_mask_case_id_TCGA-K7-AAU7_4_2_cell_expansion_3_0_threshold_0_6.png,"signal_b50=24005.3, signal_b800=12540.3"
/workspace/binary_PNG/binary_labels_mask_case_id_TCGA-CC-A1HT_0_1_cell_expansion_5_0_threshold_0_5.png,"signal_b50=24838.8, signal_b800=17906.5"
/workspace/binary_PNG/binary_labels_mask_case_id_TCGA-G3-A5SK_1_3_cell_expansion_5_0_threshold_0_6.png,"signal_b50=24154.8, signal_b800=13205.6"
/workspace/binary_PNG/binary_labels_mask_case_id_TCGA-G3-A5SK_4_3_cell_expansion_1_0_threshold_0_6.png,"signal_b50=23143.8, signal_b800=7687.15"
/workspace/binary_PNG/binary_labels_mask_case_id_TCGA-CC-A1HT_2_2_cell_expansion_1_0_threshold_0_8.png,"signal_b50=22981.2, signal_b800=6689.66"
/workspace/binary_PNG/binary_labels_mask_case_id_TCGA-DD-AAED_0_3_cell_expansion_11_0_threshold_0_7.png,"signal_b50=24579.4, signal_b800=15436.1"
/workspace/binary_PNG/binary_labels_mask_case_id_TCGA-G3-A5SK_0_1_cell_expansion_7_0_threshold_0_7.png,"signal_b50=24247, signal_b800=13529.6"
/workspace/binary_PNG/binary_labels_mask_case_id_TCGA-CC-A1HT_2_3_cell_expansion_3_0_threshold_0_8.png,"signal_b50=22437.7, signal_b800=3966.14"
/workspace/binary_PNG/binary_labels_mask_case_id_TCGA-G3-A7M6_4_4_cell_expansion_15_0_threshold_0_4.png,"signal_b50=24422.2, signal_b800=14446.5"
/workspace/binary_PNG/binary_labels_mask_case_id_TCGA-CC-A8HT_4_1_cell_expansion_3_0_threshold_0_8.png,"signal_b50=22520, signal_b800=4456.07"
/workspace/binary_PNG/binary_labels_mask_case_id_TCGA-CC-A3MA_1_2_cell_expansion_3_0_threshold_0_8.png,"signal_b50=23206.9, signal_b800=7752.85"
/workspace/binary_PNG/binary_labels_mask_case_id_TCGA-G3-A7M6_1_2_cell_expansion_3_0_threshold_0_5.png,"signal_b50=24716.4, signal_b800=17603.5"
/workspace/binary_PNG/binary_labels_mask_case_id_TCGA-BC-A69I_4_0_cell_expansion_11_0_threshold_0_7.png,"signal_b50=24102.3, signal_b800=12301.9"
/workspace/binary_PNG/binary_labels_mask_case_id_TCGA-G3-A7M6_3_3_cell_expansion_11_0_threshold_0_6.png,"signal_b50=24425.5, signal_b800=14373.8"
/workspace/binary_PNG/binary_labels_mask_case_id_TCGA-CC-A1HT_4_0_cell_expansion_9_0_threshold_0_6.png,"signal_b50=24458, signal_b800=14790.2"
/workspace/binary_PNG/binary_labels_mask_case_id_TCGA-YA-A8S7_0_0_cell_expansion_1_0_threshold_0_5.png,"signal_b50=23455.7, signal_b800=9275.49"
/workspace/binary_PNG/binary_labels_mask_case_id_TCGA-G3-A7M6_0_0_cell_expansion_15_0_threshold_0_8.png,"signal_b50=23715.6, signal_b800=10304.4"
/workspace/binary_PNG/binary_labels_mask_case_id_TCGA-K7-AAU7_1_2_cell_expansion_7_0_threshold_0_6.png,"signal_b50=23812.5, signal_b800=11129.9"
/workspace/binary_PNG/binary_labels_mask_case_id_TCGA-CC-A8HT_4_4_cell_expansion_7_0_threshold_0_4.png,"signal_b50=24511.9, signal_b800=15390.9"
/workspace/binary_PNG/binary_labels_mask_case_id_TCGA-BC-A69I_3_3_cell_expansion_11_0_threshold_0_4.png,"signal_b50=24666.1, signal_b800=15905.9"
/workspace/binary_PNG/binary_labels_mask_case_id_TCGA-K7-AAU7_1_1_cell_expansion_7_0_threshold_0_7.png,"signal_b50=22850, signal_b800=5878.16"
/workspace/binary_PNG/binary_labels_mask_case_id_TCGA-BC-A69I_2_2_cell_expansion_13_0_threshold_0_8.png,"signal_b50=23608.8, signal_b800=9501.7"
/workspace/binary_PNG/binary_labels_mask_case_id_TCGA-CC-5261_3_2_cell_expansion_9_0_threshold_0_5.png,"signal_b50=24680.5, signal_b800=16318.9"
/workspace/binary_PNG/binary_labels_mask_case_id_TCGA-CC-A8HT_1_2_cell_expansion_3_0_threshold_0_6.png,"signal_b50=23781.1, signal_b800=11218.7"
/workspace/binary_PNG/binary_labels_mask_case_id_TCGA-CC-5261_0_2_cell_expansion_7_0_threshold_0_8.png,"signal_b50=23743.1, signal_b800=10413.7"
/workspace/binary_PNG/binary_labels_mask_case_id_TCGA-CC-A1HT_0_2_cell_expansion_7_0_threshold_0_8.png,"signal_b50=22365.8, signal_b800=3698.57"
/workspace/binary_PNG/binary_labels_mask_case_id_TCGA-G3-A7M6_4_0_cell_expansion_7_0_threshold_0_6.png,"signal_b50=24648.4, signal_b800=16804.9"
/workspace/binary_PNG/binary_labels_mask_case_id_TCGA-G3-A5SK_3_1_cell_expansion_7_0_threshold_0_5.png,"signal_b50=24335.5, signal_b800=13831.6"
/workspace/binary_PNG/binary_labels_mask_case_id_TCGA-K7-AAU7_1_3_cell_expansion_1_0_threshold_0_8.png,"signal_b50=22308.6, signal_b800=3407.21"
/workspace/binary_PNG/binary_labels_mask_case_id_TCGA-CC-A8HT_4_3_cell_expansion_1_0_threshold_0_8.png,"signal_b50=22511.2, signal_b800=4324.55"
/workspace/binary_PNG/binary_labels_mask_case_id_TCGA-G3-A7M6_4_4_cell_expansion_15_0_threshold_0_6.png,"signal_b50=24333, signal_b800=13754.6"
/workspace/binary_PNG/binary_labels_mask_case_id_TCGA-CC-A1HT_0_0_cell_expansion_1_0_threshold_0_6.png,"signal_b50=22891.5, signal_b800=6359.21"
/workspace/binary_PNG/binary_labels_mask_case_id_TCGA-CC-A1HT_0_0_cell_expansion_7_0_threshold_0_8.png,"signal_b50=22295.6, signal_b800=3345.91"
/workspace/binary_PNG/binary_labels_mask_case_id_TCGA-CC-A1HT_0_1_cell_expansion_7_0_threshold_0_4.png,"signal_b50=24914.8, signal_b800=18565.5"
/workspace/binary_PNG/binary_labels_mask_case_id_TCGA-CC-A3MA_0_2_cell_expansion_5_0_threshold_0_5.png,"signal_b50=24908.6, signal_b800=18354.4"
/workspace/binary_PNG/binary_labels_mask_case_id_TCGA-YA-A8S7_3_2_cell_expansion_15_0_threshold_0_4.png,"signal_b50=24886.1, signal_b800=18600.3"
/workspace/binary_PNG/binary_labels_mask_case_id_TCGA-YA-A8S7_0_3_cell_expansion_13_0_threshold_0_7.png,"signal_b50=24488, signal_b800=14905.8"
/workspace/binary_PNG/binary_labels_mask_case_id_TCGA-CC-A1HT_4_2_cell_expansion_1_0_threshold_0_5.png,"signal_b50=23699.2, signal_b800=10552.8"
/workspace/binary_PNG/binary_labels_mask_case_id_TCGA-G3-A5SK_0_3_cell_expansion_3_0_threshold_0_4.png,"signal_b50=24363.3, signal_b800=14974.6"
/workspace/binary_PNG/binary_labels_mask_case_id_TCGA-K7-AAU7_3_4_cell_expansion_15_0_threshold_0_6.png,"signal_b50=24039.4, signal_b800=12074"
/workspace/binary_PNG/binary_labels_mask_case_id_TCGA-G3-A7M6_4_0_cell_expansion_5_0_threshold_0_7.png,"signal_b50=23987.8, signal_b800=12405.7"
/workspace/binary_PNG/binary_labels_mask_case_id_TCGA-CC-A8HT_3_0_cell_expansion_5_0_threshold_0_5.png,"signal_b50=24510.7, signal_b800=15368.8"
/workspace/binary_PNG/binary_labels_mask_case_id_TCGA-CC-A1HT_1_3_cell_expansion_13_0_threshold_0_8.png,"signal_b50=24321.4, signal_b800=13170"
/workspace/binary_PNG/binary_labels_mask_case_id_TCGA-CC-A1HT_1_2_cell_expansion_13_0_threshold_0_5.png,"signal_b50=24497.1, signal_b800=15097.6"
/workspace/binary_PNG/binary_labels_mask_case_id_TCGA-G3-A7M6_0_4_cell_expansion_9_0_threshold_0_8.png,"signal_b50=23951.6, signal_b800=11712.8"
/workspace/binary_PNG/binary_labels_mask_case_id_TCGA-CC-A8HT_1_2_cell_expansion_9_0_threshold_0_8.png,"signal_b50=22849.3, signal_b800=6021.1"
/workspace/binary_PNG/binary_labels_mask_case_id_TCGA-G3-A7M6_1_2_cell_expansion_5_0_threshold_0_7.png,"signal_b50=24377.5, signal_b800=14591.5"
/workspace/binary_PNG/binary_labels_mask_case_id_TCGA-CC-A1HT_2_2_cell_expansion_13_0_threshold_0_5.png,"signal_b50=24739, signal_b800=16393.3"
/workspace/binary_PNG/binary_labels_mask_case_id_TCGA-K7-AAU7_1_0_cell_expansion_7_0_threshold_0_6.png,"signal_b50=23027.7, signal_b800=6960.61"
/workspace/binary_PNG/binary_labels_mask_case_id_TCGA-CC-5261_0_3_cell_expansion_1_0_threshold_0_7.png,"signal_b50=23232.4, signal_b800=8236.93"
/workspace/binary_PNG/binary_labels_mask_case_id_TCGA-DD-AAED_0_2_cell_expansion_5_0_threshold_0_5.png,"signal_b50=24533.5, signal_b800=15637.9"
/workspace/binary_PNG/binary_labels_mask_case_id_TCGA-BC-A69I_3_0_cell_expansion_1_0_threshold_0_4.png,"signal_b50=23128.5, signal_b800=7553.07"
/workspace/binary_PNG/binary_labels_mask_case_id_TCGA-CC-A3MA_3_4_cell_expansion_5_0_threshold_0_4.png,"signal_b50=24666.2, signal_b800=16601.4"
/workspace/binary_PNG/binary_labels_mask_case_id_TCGA-G3-A7M6_2_3_cell_expansion_7_0_threshold_0_6.png,"signal_b50=24469.6, signal_b800=14908.8"
/workspace/binary_PNG/binary_labels_mask_case_id_TCGA-CC-5261_0_0_cell_expansion_7_0_threshold_0_7.png,"signal_b50=24534.1, signal_b800=15522.7"
/workspace/binary_PNG/binary_labels_mask_case_id_TCGA-CC-5261_4_2_cell_expansion_13_0_threshold_0_8.png,"signal_b50=24247.3, signal_b800=13231.8"
/workspace/binary_PNG/binary_labels_mask_case_id_TCGA-CC-A1HT_0_0_cell_expansion_5_0_threshold_0_7.png,"signal_b50=22956.5, signal_b800=6483.33"
/workspace/binary_PNG/binary_labels_mask_case_id_TCGA-DD-AAED_2_2_cell_expansion_7_0_threshold_0_8.png,"signal_b50=23690.5, signal_b800=10325.2"
/workspace/binary_PNG/binary_labels_mask_case_id_TCGA-CC-A3MA_2_2_cell_expansion_15_0_threshold_0_8.png,"signal_b50=24171.5, signal_b800=12580.2"
/workspace/binary_PNG/binary_labels_mask_case_id_TCGA-G3-A5SK_2_2_cell_expansion_1_0_threshold_0_5.png,"signal_b50=23359.2, signal_b800=8847.03"
/workspace/binary_PNG/binary_labels_mask_case_id_TCGA-CC-5261_1_1_cell_expansion_3_0_threshold_0_5.png,"signal_b50=23530.6, signal_b800=9857.82"
/workspace/binary_PNG/binary_labels_mask_case_id_TCGA-G3-A7M6_1_1_cell_expansion_13_0_threshold_0_6.png,"signal_b50=24450.1, signal_b800=14918.4"
/workspace/binary_PNG/binary_labels_mask_case_id_TCGA-CC-5261_2_4_cell_expansion_5_0_threshold_0_8.png,"signal_b50=23879.5, signal_b800=11283.5"
/workspace/binary_PNG/binary_labels_mask_case_id_TCGA-YA-A8S7_2_0_cell_expansion_5_0_threshold_0_5.png,"signal_b50=24717.4, signal_b800=16957"
/workspace/binary_PNG/binary_labels_mask_case_id_TCGA-K7-AAU7_2_0_cell_expansion_7_0_threshold_0_8.png,"signal_b50=22295.6, signal_b800=3345.91"
/workspace/binary_PNG/binary_labels_mask_case_id_TCGA-CC-A8HT_4_0_cell_expansion_9_0_threshold_0_6.png,"signal_b50=24451.3, signal_b800=14564"
/workspace/binary_PNG/binary_labels_mask_case_id_TCGA-CC-A3MA_1_0_cell_expansion_5_0_threshold_0_7.png,"signal_b50=24509.5, signal_b800=14961.4"
/workspace/binary_PNG/binary_labels_mask_case_id_TCGA-CC-A3MA_4_3_cell_expansion_13_0_threshold_0_5.png,"signal_b50=24837.7, signal_b800=17483.8"
/workspace/binary_PNG/binary_labels_mask_case_id_TCGA-BC-A69I_4_2_cell_expansion_11_0_threshold_0_8.png,"signal_b50=23352, signal_b800=8420.38"
/workspace/binary_PNG/binary_labels_mask_case_id_TCGA-CC-5261_3_4_cell_expansion_15_0_threshold_0_4.png,"signal_b50=24782.5, signal_b800=17019.1"
/workspace/binary_PNG/binary_labels_mask_case_id_TCGA-CC-A1HT_2_3_cell_expansion_5_0_threshold_0_7.png,"signal_b50=23048.4, signal_b800=6931.17"
/workspace/binary_PNG/binary_labels_mask_case_id_TCGA-K7-AAU7_2_3_cell_expansion_7_0_threshold_0_4.png,"signal_b50=24313.7, signal_b800=14381.2"
/workspace/binary_PNG/binary_labels_mask_case_id_TCGA-CC-A3MA_0_1_cell_expansion_15_0_threshold_0_6.png,"signal_b50=23313.8, signal_b800=8452.47"
/workspace/binary_PNG/binary_labels_mask_case_id_TCGA-CC-A8HT_4_3_cell_expansion_15_0_threshold_0_6.png,"signal_b50=24238.2, signal_b800=13199.2"
/workspace/binary_PNG/binary_labels_mask_case_id_TCGA-G3-A5SK_2_2_cell_expansion_11_0_threshold_0_6.png,"signal_b50=24546.6, signal_b800=15475.5"
/workspace/binary_PNG/binary_labels_mask_case_id_TCGA-K7-AAU7_1_4_cell_expansion_13_0_threshold_0_6.png,"signal_b50=23401.3, signal_b800=9069.05"
/workspace/binary_PNG/binary_labels_mask_case_id_TCGA-YA-A8S7_4_0_cell_expansion_1_0_threshold_0_7.png,"signal_b50=23320.6, signal_b800=8488.05"
/workspace/binary_PNG/binary_labels_mask_case_id_TCGA-BC-A69I_2_0_cell_expansion_3_0_threshold_0_6.png,"signal_b50=23552.9, signal_b800=9497.64"
/workspace/binary_PNG/binary_labels_mask_case_id_TCGA-G3-A7M6_0_3_cell_expansion_7_0_threshold_0_7.png,"signal_b50=24319.2, signal_b800=13768.5"
/workspace/binary_PNG/binary_labels_mask_case_id_TCGA-DD-AAED_3_3_cell_expansion_13_0_threshold_0_4.png,"signal_b50=24870.8, signal_b800=17894.2"
/workspace/binary_PNG/binary_labels_mask_case_id_TCGA-CC-5261_2_3_cell_expansion_9_0_threshold_0_5.png,"signal_b50=24789, signal_b800=17053.5"
/workspace/binary_PNG/binary_labels_mask_case_id_TCGA-K7-AAU7_1_2_cell_expansion_15_0_threshold_0_5.png,"signal_b50=24199.6, signal_b800=13475.2"
/workspace/binary_PNG/binary_labels_mask_case_id_TCGA-DD-AAED_0_3_cell_expansion_3_0_threshold_0_4.png,"signal_b50=24238.8, signal_b800=13781"
/workspace/binary_PNG/binary_labels_mask_case_id_TCGA-CC-5261_1_0_cell_expansion_7_0_threshold_0_8.png,"signal_b50=23401.2, signal_b800=8633.85"
/workspace/binary_PNG/binary_labels_mask_case_id_TCGA-DD-AAED_4_1_cell_expansion_11_0_threshold_0_7.png,"signal_b50=24604.8, signal_b800=15523.2"
/workspace/binary_PNG/binary_labels_mask_case_id_TCGA-CC-5261_2_3_cell_expansion_3_0_threshold_0_7.png,"signal_b50=23951.2, signal_b800=11941"
/workspace/binary_PNG/binary_labels_mask_case_id_TCGA-CC-A3MA_2_3_cell_expansion_15_0_threshold_0_7.png,"signal_b50=24585.9, signal_b800=15572.6"
/workspace/binary_PNG/binary_labels_mask_case_id_TCGA-G3-A5SK_1_3_cell_expansion_3_0_threshold_0_5.png,"signal_b50=23759.7, signal_b800=11052"
/workspace/binary_PNG/binary_labels_mask_case_id_TCGA-CC-A3MA_1_4_cell_expansion_7_0_threshold_0_4.png,"signal_b50=24879.6, signal_b800=17931.7"
/workspace/binary_PNG/binary_labels_mask_case_id_TCGA-YA-A8S7_0_2_cell_expansion_5_0_threshold_0_8.png,"signal_b50=23039.2, signal_b800=6904.95"
/workspace/binary_PNG/binary_labels_mask_case_id_TCGA-K7-AAU7_4_2_cell_expansion_9_0_threshold_0_8.png,"signal_b50=23159.3, signal_b800=7705.12"
/workspace/binary_PNG/binary_labels_mask_case_id_TCGA-CC-A1HT_0_2_cell_expansion_7_0_threshold_0_6.png,"signal_b50=23744.2, signal_b800=10682.7"
/workspace/binary_PNG/binary_labels_mask_case_id_TCGA-CC-5261_4_0_cell_expansion_3_0_threshold_0_5.png,"signal_b50=24426.9, signal_b800=15060.4"
/workspace/binary_PNG/binary_labels_mask_case_id_TCGA-CC-A8HT_2_4_cell_expansion_3_0_threshold_0_8.png,"signal_b50=22475.3, signal_b800=4165.71"
/workspace/binary_PNG/binary_labels_mask_case_id_TCGA-BC-A69I_4_4_cell_expansion_11_0_threshold_0_5.png,"signal_b50=24607.2, signal_b800=15722"
/workspace/binary_PNG/binary_labels_mask_case_id_TCGA-YA-A8S7_4_1_cell_expansion_13_0_threshold_0_5.png,"signal_b50=24759.2, signal_b800=17104.6"
/workspace/binary_PNG/binary_labels_mask_case_id_TCGA-CC-5261_3_0_cell_expansion_3_0_threshold_0_7.png,"signal_b50=23646.6, signal_b800=10222.5"
/workspace/binary_PNG/binary_labels_mask_case_id_TCGA-YA-A8S7_0_3_cell_expansion_13_0_threshold_0_4.png,"signal_b50=24800.2, signal_b800=17322.7"
/workspace/binary_PNG/binary_labels_mask_case_id_TCGA-K7-AAU7_3_1_cell_expansion_9_0_threshold_0_7.png,"signal_b50=22870.2, signal_b800=6078.22"
/workspace/binary_PNG/binary_labels_mask_case_id_TCGA-BC-A69I_0_1_cell_expansion_1_0_threshold_0_4.png,"signal_b50=23297.5, signal_b800=8461.94"
/workspace/binary_PNG/binary_labels_mask_case_id_TCGA-CC-5261_0_4_cell_expansion_3_0_threshold_0_5.png,"signal_b50=24244.7, signal_b800=14059.6"
/workspace/binary_PNG/binary_labels_mask_case_id_TCGA-G3-A5SK_4_3_cell_expansion_15_0_threshold_0_8.png,"signal_b50=23730.4, signal_b800=10253.9"
/workspace/binary_PNG/binary_labels_mask_case_id_TCGA-YA-A8S7_0_4_cell_expansion_11_0_threshold_0_4.png,"signal_b50=24682.4, signal_b800=16656"
/workspace/binary_PNG/binary_labels_mask_case_id_TCGA-YA-A8S7_3_3_cell_expansion_5_0_threshold_0_5.png,"signal_b50=22684.1, signal_b800=5203.37"
/workspace/binary_PNG/binary_labels_mask_case_id_TCGA-CC-A1HT_2_2_cell_expansion_13_0_threshold_0_7.png,"signal_b50=24644, signal_b800=15559.1"
/workspace/binary_PNG/binary_labels_mask_case_id_TCGA-CC-A1HT_1_3_cell_expansion_11_0_threshold_0_5.png,"signal_b50=24806.3, signal_b800=17172.9"
/workspace/binary_PNG/binary_labels_mask_case_id_TCGA-YA-A8S7_3_0_cell_expansion_15_0_threshold_0_8.png,"signal_b50=23079.9, signal_b800=7133.84"
/workspace/binary_PNG/binary_labels_mask_case_id_TCGA-CC-A8HT_0_2_cell_expansion_3_0_threshold_0_5.png,"signal_b50=23817.9, signal_b800=11294"
/workspace/binary_PNG/binary_labels_mask_case_id_TCGA-G3-A7M6_4_0_cell_expansion_5_0_threshold_0_6.png,"signal_b50=24630.1, signal_b800=16709.1"
/workspace/binary_PNG/binary_labels_mask_case_id_TCGA-G3-A5SK_2_1_cell_expansion_3_0_threshold_0_8.png,"signal_b50=23219.7, signal_b800=7925.81"
/workspace/binary_PNG/binary_labels_mask_case_id_TCGA-YA-A8S7_1_3_cell_expansion_3_0_threshold_0_5.png,"signal_b50=24200.1, signal_b800=13507.7"
/workspace/binary_PNG/binary_labels_mask_case_id_TCGA-YA-A8S7_1_4_cell_expansion_11_0_threshold_0_6.png,"signal_b50=22430.5, signal_b800=3938.02"
/workspace/binary_PNG/binary_labels_mask_case_id_TCGA-K7-AAU7_1_4_cell_expansion_11_0_threshold_0_5.png,"signal_b50=23589.8, signal_b800=10200.4"
/workspace/binary_PNG/binary_labels_mask_case_id_TCGA-YA-A8S7_0_2_cell_expansion_1_0_threshold_0_7.png,"signal_b50=23239, signal_b800=8050.8"
/workspace/binary_PNG/binary_labels_mask_case_id_TCGA-YA-A8S7_2_2_cell_expansion_11_0_threshold_0_4.png,"signal_b50=24664.9, signal_b800=16015.5"
/workspace/binary_PNG/binary_labels_mask_case_id_TCGA-CC-5261_0_4_cell_expansion_13_0_threshold_0_8.png,"signal_b50=23243, signal_b800=8074.3"
/workspace/binary_PNG/binary_labels_mask_case_id_TCGA-CC-A1HT_1_0_cell_expansion_1_0_threshold_0_7.png,"signal_b50=22782.5, signal_b800=5798.85"
/workspace/binary_PNG/binary_labels_mask_case_id_TCGA-G3-A7M6_4_2_cell_expansion_15_0_threshold_0_6.png,"signal_b50=24570.4, signal_b800=16298.3"
/workspace/binary_PNG/binary_labels_mask_case_id_TCGA-DD-AAED_0_3_cell_expansion_1_0_threshold_0_8.png,"signal_b50=23042.9, signal_b800=7111.88"
/workspace/binary_PNG/binary_labels_mask_case_id_TCGA-K7-AAU7_1_4_cell_expansion_13_0_threshold_0_4.png,"signal_b50=23793.2, signal_b800=11238.1"
/workspace/binary_PNG/binary_labels_mask_case_id_TCGA-CC-A3MA_0_4_cell_expansion_15_0_threshold_0_6.png,"signal_b50=24222.8, signal_b800=13579.6"
/workspace/binary_PNG/binary_labels_mask_case_id_TCGA-K7-AAU7_4_3_cell_expansion_9_0_threshold_0_5.png,"signal_b50=24688.9, signal_b800=16715.9"
/workspace/binary_PNG/binary_labels_mask_case_id_TCGA-K7-AAU7_2_1_cell_expansion_11_0_threshold_0_4.png,"signal_b50=24210.6, signal_b800=13584.1"
/workspace/binary_PNG/binary_labels_mask_case_id_TCGA-CC-A3MA_0_1_cell_expansion_7_0_threshold_0_8.png,"signal_b50=22651.2, signal_b800=4948.05"
/workspace/binary_PNG/binary_labels_mask_case_id_TCGA-DD-AAED_4_3_cell_expansion_11_0_threshold_0_4.png,"signal_b50=24662.6, signal_b800=16244.6"
/workspace/binary_PNG/binary_labels_mask_case_id_TCGA-CC-5261_4_1_cell_expansion_11_0_threshold_0_4.png,"signal_b50=24863, signal_b800=17949.8"
/workspace/binary_PNG/binary_labels_mask_case_id_TCGA-CC-A8HT_0_0_cell_expansion_9_0_threshold_0_5.png,"signal_b50=24853, signal_b800=17797.5"
/workspace/binary_PNG/binary_labels_mask_case_id_TCGA-BC-A69I_1_0_cell_expansion_13_0_threshold_0_6.png,"signal_b50=24381.4, signal_b800=14056.5"
/workspace/binary_PNG/binary_labels_mask_case_id_TCGA-BC-A69I_4_3_cell_expansion_5_0_threshold_0_8.png,"signal_b50=22798.3, signal_b800=5759.23"
/workspace/binary_PNG/binary_labels_mask_case_id_TCGA-K7-AAU7_4_2_cell_expansion_9_0_threshold_0_5.png,"signal_b50=24670.6, signal_b800=16487.1"
/workspace/binary_PNG/binary_labels_mask_case_id_TCGA-G3-A7M6_2_3_cell_expansion_15_0_threshold_0_4.png,"signal_b50=24599.9, signal_b800=15902.6"
/workspace/binary_PNG/binary_labels_mask_case_id_TCGA-G3-A5SK_3_0_cell_expansion_5_0_threshold_0_7.png,"signal_b50=24296.3, signal_b800=13828.6"
/workspace/binary_PNG/binary_labels_mask_case_id_TCGA-K7-AAU7_4_3_cell_expansion_7_0_threshold_0_8.png,"signal_b50=22718.5, signal_b800=5333.16"
/workspace/binary_PNG/binary_labels_mask_case_id_TCGA-YA-A8S7_0_3_cell_expansion_3_0_threshold_0_4.png,"signal_b50=24416.1, signal_b800=14968"
/workspace/binary_PNG/binary_labels_mask_case_id_TCGA-G3-A5SK_1_2_cell_expansion_7_0_threshold_0_4.png,"signal_b50=24510.9, signal_b800=15267"
/workspace/binary_PNG/binary_labels_mask_case_id_TCGA-YA-A8S7_4_4_cell_expansion_13_0_threshold_0_8.png,"signal_b50=22295.6, signal_b800=3345.91"
/workspace/binary_PNG/binary_labels_mask_case_id_TCGA-CC-A1HT_4_1_cell_expansion_11_0_threshold_0_7.png,"signal_b50=24507.6, signal_b800=15094"
/workspace/binary_PNG/binary_labels_mask_case_id_TCGA-CC-5261_2_3_cell_expansion_11_0_threshold_0_5.png,"signal_b50=24789.8, signal_b800=17061.4"
/workspace/binary_PNG/binary_labels_mask_case_id_TCGA-YA-A8S7_0_0_cell_expansion_13_0_threshold_0_8.png,"signal_b50=22944.4, signal_b800=6370.58"
/workspace/binary_PNG/binary_labels_mask_case_id_TCGA-CC-A8HT_0_4_cell_expansion_9_0_threshold_0_7.png,"signal_b50=24105.6, signal_b800=12631.9"
/workspace/binary_PNG/binary_labels_mask_case_id_TCGA-CC-5261_1_4_cell_expansion_9_0_threshold_0_7.png,"signal_b50=24420.8, signal_b800=14627.5"
/workspace/binary_PNG/binary_labels_mask_case_id_TCGA-CC-5261_4_4_cell_expansion_15_0_threshold_0_7.png,"signal_b50=24793.8, signal_b800=17143.3"
/workspace/binary_PNG/binary_labels_mask_case_id_TCGA-G3-A5SK_4_1_cell_expansion_5_0_threshold_0_7.png,"signal_b50=23997, signal_b800=11987.6"
/workspace/binary_PNG/binary_labels_mask_case_id_TCGA-BC-A69I_4_3_cell_expansion_15_0_threshold_0_8.png,"signal_b50=23011.2, signal_b800=6775.64"
/workspace/binary_PNG/binary_labels_mask_case_id_TCGA-CC-5261_4_0_cell_expansion_7_0_threshold_0_4.png,"signal_b50=24848, signal_b800=17898.9"
/workspace/binary_PNG/binary_labels_mask_case_id_TCGA-G3-A5SK_3_2_cell_expansion_5_0_threshold_0_7.png,"signal_b50=24398.4, signal_b800=14595.3"
/workspace/binary_PNG/binary_labels_mask_case_id_TCGA-DD-AAED_3_2_cell_expansion_1_0_threshold_0_8.png,"signal_b50=23042, signal_b800=7093.79"
/workspace/binary_PNG/binary_labels_mask_case_id_TCGA-CC-A8HT_4_1_cell_expansion_7_0_threshold_0_4.png,"signal_b50=24429.9, signal_b800=14864.6"
/workspace/binary_PNG/binary_labels_mask_case_id_TCGA-CC-A8HT_2_3_cell_expansion_7_0_threshold_0_4.png,"signal_b50=24587.6, signal_b800=16048.6"
/workspace/binary_PNG/binary_labels_mask_case_id_TCGA-DD-AAED_4_2_cell_expansion_1_0_threshold_0_4.png,"signal_b50=23664.8, signal_b800=10658"
/workspace/binary_PNG/binary_labels_mask_case_id_TCGA-DD-AAED_0_0_cell_expansion_3_0_threshold_0_8.png,"signal_b50=23504.9, signal_b800=9441.94"
/workspace/binary_PNG/binary_labels_mask_case_id_TCGA-K7-AAU7_2_0_cell_expansion_11_0_threshold_0_6.png,"signal_b50=22560.9, signal_b800=4510.11"
/workspace/binary_PNG/binary_labels_mask_case_id_TCGA-DD-AAED_3_3_cell_expansion_5_0_threshold_0_4.png,"signal_b50=24819.2, signal_b800=17497.7"
/workspace/binary_PNG/binary_labels_mask_case_id_TCGA-CC-A1HT_4_1_cell_expansion_11_0_threshold_0_8.png,"signal_b50=23998.8, signal_b800=11563.1"
/workspace/binary_PNG/binary_labels_mask_case_id_TCGA-YA-A8S7_1_2_cell_expansion_7_0_threshold_0_4.png,"signal_b50=24829.7, signal_b800=17552.8"
/workspace/binary_PNG/binary_labels_mask_case_id_TCGA-CC-5261_1_3_cell_expansion_3_0_threshold_0_5.png,"signal_b50=24129.7, signal_b800=13193.8"
/workspace/binary_PNG/binary_labels_mask_case_id_TCGA-G3-A5SK_2_0_cell_expansion_11_0_threshold_0_7.png,"signal_b50=24461.2, signal_b800=14925.3"
/workspace/binary_PNG/binary_labels_mask_case_id_TCGA-K7-AAU7_4_1_cell_expansion_3_0_threshold_0_4.png,"signal_b50=24401, signal_b800=14952.4"
/workspace/binary_PNG/binary_labels_mask_case_id_TCGA-CC-5261_1_0_cell_expansion_5_0_threshold_0_5.png,"signal_b50=24391.4, signal_b800=14747.3"
/workspace/binary_PNG/binary_labels_mask_case_id_TCGA-CC-A1HT_3_0_cell_expansion_13_0_threshold_0_7.png,"signal_b50=23920.6, signal_b800=11495.5"
/workspace/binary_PNG/binary_labels_mask_case_id_TCGA-G3-A7M6_0_3_cell_expansion_11_0_threshold_0_4.png,"signal_b50=24609.5, signal_b800=15673.3"
/workspace/binary_PNG/binary_labels_mask_case_id_TCGA-CC-A3MA_3_0_cell_expansion_15_0_threshold_0_8.png,"signal_b50=22295.6, signal_b800=3345.91"
/workspace/binary_PNG/binary_labels_mask_case_id_TCGA-CC-A1HT_1_1_cell_expansion_11_0_threshold_0_4.png,"signal_b50=24547.9, signal_b800=15607.1"
/workspace/binary_PNG/binary_labels_mask_case_id_TCGA-CC-5261_4_4_cell_expansion_3_0_threshold_0_5.png,"signal_b50=24557.8, signal_b800=15918"
/workspace/binary_PNG/binary_labels_mask_case_id_TCGA-K7-AAU7_4_4_cell_expansion_3_0_threshold_0_7.png,"signal_b50=23029.8, signal_b800=6916.38"
/workspace/binary_PNG/binary_labels_mask_case_id_TCGA-K7-AAU7_2_4_cell_expansion_7_0_threshold_0_8.png,"signal_b50=22789.5, signal_b800=5506.81"
/workspace/binary_PNG/binary_labels_mask_case_id_TCGA-K7-AAU7_3_1_cell_expansion_1_0_threshold_0_5.png,"signal_b50=23163.5, signal_b800=7772.93"
/workspace/binary_PNG/binary_labels_mask_case_id_TCGA-G3-A7M6_2_4_cell_expansion_15_0_threshold_0_4.png,"signal_b50=24713.6, signal_b800=16544.5"
/workspace/binary_PNG/binary_labels_mask_case_id_TCGA-BC-A69I_4_4_cell_expansion_7_0_threshold_0_6.png,"signal_b50=24489, signal_b800=14932.3"
/workspace/binary_PNG/binary_labels_mask_case_id_TCGA-CC-A3MA_0_4_cell_expansion_13_0_threshold_0_7.png,"signal_b50=23603.5, signal_b800=9783.61"
/workspace/binary_PNG/binary_labels_mask_case_id_TCGA-CC-5261_4_2_cell_expansion_5_0_threshold_0_8.png,"signal_b50=23895.1, signal_b800=11304.8"
/workspace/binary_PNG/binary_labels_mask_case_id_TCGA-CC-A1HT_3_2_cell_expansion_13_0_threshold_0_5.png,"signal_b50=24737.6, signal_b800=16380"
/workspace/binary_PNG/binary_labels_mask_case_id_TCGA-CC-5261_0_3_cell_expansion_9_0_threshold_0_8.png,"signal_b50=23811.5, signal_b800=10924"
/workspace/binary_PNG/binary_labels_mask_case_id_TCGA-G3-A7M6_0_3_cell_expansion_9_0_threshold_0_5.png,"signal_b50=24560.8, signal_b800=15387.1"
/workspace/binary_PNG/binary_labels_mask_case_id_TCGA-G3-A5SK_4_3_cell_expansion_1_0_threshold_0_8.png,"signal_b50=22717.7, signal_b800=5455.38"
/workspace/binary_PNG/binary_labels_mask_case_id_TCGA-YA-A8S7_4_2_cell_expansion_3_0_threshold_0_7.png,"signal_b50=22582.4, signal_b800=4657.81"
/workspace/binary_PNG/binary_labels_mask_case_id_TCGA-DD-AAED_1_4_cell_expansion_11_0_threshold_0_7.png,"signal_b50=24688.2, signal_b800=16324.8"
/workspace/binary_PNG/binary_labels_mask_case_id_TCGA-CC-5261_0_3_cell_expansion_5_0_threshold_0_8.png,"signal_b50=23413.2, signal_b800=8965.61"
/workspace/binary_PNG/binary_labels_mask_case_id_TCGA-CC-5261_3_2_cell_expansion_9_0_threshold_0_7.png,"signal_b50=24516.1, signal_b800=14921.2"
/workspace/binary_PNG/binary_labels_mask_case_id_TCGA-CC-A3MA_0_1_cell_expansion_9_0_threshold_0_4.png,"signal_b50=23408.5, signal_b800=9089.65"
/workspace/binary_PNG/binary_labels_mask_case_id_TCGA-CC-A1HT_3_2_cell_expansion_5_0_threshold_0_8.png,"signal_b50=23917.5, signal_b800=11368.7"
/workspace/binary_PNG/binary_labels_mask_case_id_TCGA-CC-A8HT_0_3_cell_expansion_11_0_threshold_0_6.png,"signal_b50=24500.5, signal_b800=15036.1"
/workspace/binary_PNG/binary_labels_mask_case_id_TCGA-CC-A3MA_4_0_cell_expansion_13_0_threshold_0_4.png,"signal_b50=24912.6, signal_b800=18358.6"
/workspace/binary_PNG/binary_labels_mask_case_id_TCGA-BC-A69I_2_3_cell_expansion_1_0_threshold_0_5.png,"signal_b50=23226.6, signal_b800=7930.7"
/workspace/binary_PNG/binary_labels_mask_case_id_TCGA-CC-5261_3_0_cell_expansion_1_0_threshold_0_4.png,"signal_b50=23569.7, signal_b800=9993.36"
/workspace/binary_PNG/binary_labels_mask_case_id_TCGA-CC-A1HT_2_1_cell_expansion_13_0_threshold_0_7.png,"signal_b50=24392.8, signal_b800=13881.6"
/workspace/binary_PNG/binary_labels_mask_case_id_TCGA-DD-AAED_2_0_cell_expansion_1_0_threshold_0_8.png,"signal_b50=23095.1, signal_b800=7380.59"
/workspace/binary_PNG/binary_labels_mask_case_id_TCGA-CC-5261_3_0_cell_expansion_15_0_threshold_0_8.png,"signal_b50=23584.5, signal_b800=9551"
/workspace/binary_PNG/binary_labels_mask_case_id_TCGA-G3-A7M6_4_0_cell_expansion_5_0_threshold_0_5.png,"signal_b50=24780.6, signal_b800=17822.9"
/workspace/binary_PNG/binary_labels_mask_case_id_TCGA-CC-A1HT_0_3_cell_expansion_9_0_threshold_0_5.png,"signal_b50=24657.4, signal_b800=16156.3"
/workspace/binary_PNG/binary_labels_mask_case_id_TCGA-CC-A1HT_2_1_cell_expansion_11_0_threshold_0_8.png,"signal_b50=23197.2, signal_b800=7380.53"
/workspace/binary_PNG/binary_labels_mask_case_id_TCGA-G3-A5SK_3_2_cell_expansion_7_0_threshold_0_5.png,"signal_b50=24750.2, signal_b800=17024.4"
/workspace/binary_PNG/binary_labels_mask_case_id_TCGA-CC-5261_0_2_cell_expansion_13_0_threshold_0_5.png,"signal_b50=24481.8, signal_b800=15144.8"
/workspace/binary_PNG/binary_labels_mask_case_id_TCGA-K7-AAU7_1_3_cell_expansion_9_0_threshold_0_6.png,"signal_b50=22910.3, signal_b800=6179.47"
/workspace/binary_PNG/binary_labels_mask_case_id_TCGA-BC-A69I_2_1_cell_expansion_11_0_threshold_0_4.png,"signal_b50=24357.3, signal_b800=14141.2"
/workspace/binary_PNG/binary_labels_mask_case_id_TCGA-CC-A8HT_0_0_cell_expansion_1_0_threshold_0_5.png,"signal_b50=23793.1, signal_b800=11295.6"
/workspace/binary_PNG/binary_labels_mask_case_id_TCGA-CC-A1HT_4_4_cell_expansion_13_0_threshold_0_7.png,"signal_b50=23846.4, signal_b800=11095.1"
/workspace/binary_PNG/binary_labels_mask_case_id_TCGA-CC-5261_2_0_cell_expansion_13_0_threshold_0_5.png,"signal_b50=24749.5, signal_b800=16899.4"
/workspace/binary_PNG/binary_labels_mask_case_id_TCGA-BC-A69I_4_1_cell_expansion_1_0_threshold_0_6.png,"signal_b50=22849, signal_b800=6074.55"
/workspace/binary_PNG/binary_labels_mask_case_id_TCGA-CC-A8HT_3_0_cell_expansion_3_0_threshold_0_8.png,"signal_b50=22912.4, signal_b800=6407.6"
/workspace/binary_PNG/binary_labels_mask_case_id_TCGA-BC-A69I_0_0_cell_expansion_3_0_threshold_0_7.png,"signal_b50=23288.2, signal_b800=8359.61"
/workspace/binary_PNG/binary_labels_mask_case_id_TCGA-CC-5261_0_0_cell_expansion_9_0_threshold_0_7.png,"signal_b50=24572.1, signal_b800=15702.6"
/workspace/binary_PNG/binary_labels_mask_case_id_TCGA-BC-A69I_0_0_cell_expansion_15_0_threshold_0_6.png,"signal_b50=24203.2, signal_b800=13115.6"
/workspace/binary_PNG/binary_labels_mask_case_id_TCGA-G3-A7M6_1_2_cell_expansion_11_0_threshold_0_5.png,"signal_b50=24924.2, signal_b800=18989.5"
/workspace/binary_PNG/binary_labels_mask_case_id_TCGA-CC-A3MA_1_2_cell_expansion_9_0_threshold_0_7.png,"signal_b50=24552.6, signal_b800=15178.8"
/workspace/binary_PNG/binary_labels_mask_case_id_TCGA-DD-AAED_1_3_cell_expansion_3_0_threshold_0_6.png,"signal_b50=24246.9, signal_b800=13738.8"
/workspace/binary_PNG/binary_labels_mask_case_id_TCGA-DD-AAED_4_1_cell_expansion_11_0_threshold_0_5.png,"signal_b50=24738.1, signal_b800=16516.4"
/workspace/binary_PNG/binary_labels_mask_case_id_TCGA-BC-A69I_2_2_cell_expansion_3_0_threshold_0_4.png,"signal_b50=23860.6, signal_b800=11256.5"
/workspace/binary_PNG/binary_labels_mask_case_id_TCGA-DD-AAED_3_1_cell_expansion_5_0_threshold_0_6.png,"signal_b50=24505.6, signal_b800=15346.4"
/workspace/binary_PNG/binary_labels_mask_case_id_TCGA-G3-A5SK_1_4_cell_expansion_15_0_threshold_0_6.png,"signal_b50=24587.8, signal_b800=15676.5"
/workspace/binary_PNG/binary_labels_mask_case_id_TCGA-BC-A69I_1_1_cell_expansion_9_0_threshold_0_5.png,"signal_b50=24367.8, signal_b800=14047.2"
/workspace/binary_PNG/binary_labels_mask_case_id_TCGA-CC-5261_3_0_cell_expansion_9_0_threshold_0_4.png,"signal_b50=24701, signal_b800=16458.6"
/workspace/binary_PNG/binary_labels_mask_case_id_TCGA-CC-A3MA_0_1_cell_expansion_3_0_threshold_0_5.png,"signal_b50=23027.1, signal_b800=7177.09"
/workspace/binary_PNG/binary_labels_mask_case_id_TCGA-CC-A8HT_1_4_cell_expansion_1_0_threshold_0_6.png,"signal_b50=23429.7, signal_b800=9046.55"
/workspace/binary_PNG/binary_labels_mask_case_id_TCGA-CC-A3MA_0_1_cell_expansion_15_0_threshold_0_4.png,"signal_b50=23443.3, signal_b800=9240.45"
/workspace/binary_PNG/binary_labels_mask_case_id_TCGA-K7-AAU7_3_4_cell_expansion_15_0_threshold_0_5.png,"signal_b50=24225.6, signal_b800=13372.4"
/workspace/binary_PNG/binary_labels_mask_case_id_TCGA-G3-A5SK_1_0_cell_expansion_7_0_threshold_0_6.png,"signal_b50=24540.7, signal_b800=15525"
/workspace/binary_PNG/binary_labels_mask_case_id_TCGA-DD-AAED_1_2_cell_expansion_9_0_threshold_0_7.png,"signal_b50=24547.6, signal_b800=15190.1"
/workspace/binary_PNG/binary_labels_mask_case_id_TCGA-CC-A8HT_3_3_cell_expansion_15_0_threshold_0_4.png,"signal_b50=24665.2, signal_b800=16496.9"
/workspace/binary_PNG/binary_labels_mask_case_id_TCGA-DD-AAED_0_1_cell_expansion_9_0_threshold_0_8.png,"signal_b50=24219.9, signal_b800=13180.3"
/workspace/binary_PNG/binary_labels_mask_case_id_TCGA-YA-A8S7_0_1_cell_expansion_11_0_threshold_0_8.png,"signal_b50=23478.8, signal_b800=9045.84"
/workspace/binary_PNG/binary_labels_mask_case_id_TCGA-CC-5261_4_4_cell_expansion_3_0_threshold_0_4.png,"signal_b50=24615.4, signal_b800=16338"
/workspace/binary_PNG/binary_labels_mask_case_id_TCGA-G3-A7M6_4_2_cell_expansion_7_0_threshold_0_7.png,"signal_b50=23934.5, signal_b800=12015.6"
/workspace/binary_PNG/binary_labels_mask_case_id_TCGA-CC-A3MA_0_0_cell_expansion_7_0_threshold_0_4.png,"signal_b50=23840.2, signal_b800=11459.6"
/workspace/binary_PNG/binary_labels_mask_case_id_TCGA-G3-A7M6_4_3_cell_expansion_9_0_threshold_0_4.png,"signal_b50=24471.4, signal_b800=15011.7"
/workspace/binary_PNG/binary_labels_mask_case_id_TCGA-G3-A7M6_0_1_cell_expansion_5_0_threshold_0_5.png,"signal_b50=24272.4, signal_b800=13812.2"
/workspace/binary_PNG/binary_labels_mask_case_id_TCGA-CC-5261_3_4_cell_expansion_11_0_threshold_0_7.png,"signal_b50=24509.3, signal_b800=14906.4"
/workspace/binary_PNG/binary_labels_mask_case_id_TCGA-CC-A8HT_1_1_cell_expansion_15_0_threshold_0_6.png,"signal_b50=24557.3, signal_b800=15515.3"
/workspace/binary_PNG/binary_labels_mask_case_id_TCGA-YA-A8S7_3_2_cell_expansion_3_0_threshold_0_6.png,"signal_b50=24431.5, signal_b800=15462.6"
/workspace/binary_PNG/binary_labels_mask_case_id_TCGA-G3-A7M6_0_2_cell_expansion_15_0_threshold_0_8.png,"signal_b50=24111.7, signal_b800=12262.1"
/workspace/binary_PNG/binary_labels_mask_case_id_TCGA-G3-A7M6_3_0_cell_expansion_3_0_threshold_0_7.png,"signal_b50=23712.8, signal_b800=10553.2"
/workspace/binary_PNG/binary_labels_mask_case_id_TCGA-CC-5261_3_2_cell_expansion_11_0_threshold_0_7.png,"signal_b50=24518.1, signal_b800=14943.8"
/workspace/binary_PNG/binary_labels_mask_case_id_TCGA-DD-AAED_1_0_cell_expansion_3_0_threshold_0_4.png,"signal_b50=23833.3, signal_b800=11336.2"
/workspace/binary_PNG/binary_labels_mask_case_id_TCGA-G3-A5SK_3_2_cell_expansion_5_0_threshold_0_8.png,"signal_b50=23433.8, signal_b800=9071.02"
/workspace/binary_PNG/binary_labels_mask_case_id_TCGA-G3-A7M6_4_3_cell_expansion_11_0_threshold_0_4.png,"signal_b50=24471.4, signal_b800=15011.7"
/workspace/binary_PNG/binary_labels_mask_case_id_TCGA-YA-A8S7_1_4_cell_expansion_9_0_threshold_0_8.png,"signal_b50=22355.2, signal_b800=3590.9"
/workspace/binary_PNG/binary_labels_mask_case_id_TCGA-G3-A5SK_2_0_cell_expansion_3_0_threshold_0_4.png,"signal_b50=24049.1, signal_b800=12866.2"
/workspace/binary_PNG/binary_labels_mask_case_id_TCGA-CC-A1HT_3_3_cell_expansion_13_0_threshold_0_6.png,"signal_b50=24728.5, signal_b800=16457.7"
/workspace/binary_PNG/binary_labels_mask_case_id_TCGA-G3-A7M6_2_2_cell_expansion_5_0_threshold_0_6.png,"signal_b50=24213.5, signal_b800=13557.3"
/workspace/binary_PNG/binary_labels_mask_case_id_TCGA-BC-A69I_3_4_cell_expansion_5_0_threshold_0_4.png,"signal_b50=24459.4, signal_b800=15243"
/workspace/binary_PNG/binary_labels_mask_case_id_TCGA-G3-A5SK_2_4_cell_expansion_3_0_threshold_0_6.png,"signal_b50=24089.5, signal_b800=12723.9"
/workspace/binary_PNG/binary_labels_mask_case_id_TCGA-YA-A8S7_4_2_cell_expansion_15_0_threshold_0_8.png,"signal_b50=22561.3, signal_b800=4478.55"
/workspace/binary_PNG/binary_labels_mask_case_id_TCGA-G3-A7M6_2_3_cell_expansion_15_0_threshold_0_8.png,"signal_b50=23597.2, signal_b800=9742.48"
/workspace/binary_PNG/binary_labels_mask_case_id_TCGA-CC-A8HT_3_2_cell_expansion_3_0_threshold_0_4.png,"signal_b50=24305, signal_b800=14315.1"
/workspace/binary_PNG/binary_labels_mask_case_id_TCGA-BC-A69I_4_2_cell_expansion_3_0_threshold_0_6.png,"signal_b50=23465.9, signal_b800=9110.92"
/workspace/binary_PNG/binary_labels_mask_case_id_TCGA-CC-5261_4_1_cell_expansion_13_0_threshold_0_6.png,"signal_b50=24745.2, signal_b800=16841.1"
/workspace/binary_PNG/binary_labels_mask_case_id_TCGA-K7-AAU7_3_3_cell_expansion_1_0_threshold_0_5.png,"signal_b50=23141.8, signal_b800=7549.36"
/workspace/binary_PNG/binary_labels_mask_case_id_TCGA-G3-A5SK_4_2_cell_expansion_3_0_threshold_0_7.png,"signal_b50=23517.8, signal_b800=9570.67"
/workspace/binary_PNG/binary_labels_mask_case_id_TCGA-CC-5261_4_3_cell_expansion_7_0_threshold_0_4.png,"signal_b50=24876.9, signal_b800=18163"
/workspace/binary_PNG/binary_labels_mask_case_id_TCGA-G3-A5SK_2_3_cell_expansion_3_0_threshold_0_4.png,"signal_b50=23938.3, signal_b800=12155"
/workspace/binary_PNG/binary_labels_mask_case_id_TCGA-CC-A8HT_3_1_cell_expansion_15_0_threshold_0_7.png,"signal_b50=23871.3, signal_b800=11148.8"
/workspace/binary_PNG/binary_labels_mask_case_id_TCGA-BC-A69I_1_2_cell_expansion_1_0_threshold_0_8.png,"signal_b50=22739.4, signal_b800=5478.13"
/workspace/binary_PNG/binary_labels_mask_case_id_TCGA-G3-A5SK_2_1_cell_expansion_7_0_threshold_0_5.png,"signal_b50=24739.3, signal_b800=16821.4"
/workspace/binary_PNG/binary_labels_mask_case_id_TCGA-G3-A7M6_2_0_cell_expansion_5_0_threshold_0_8.png,"signal_b50=23693.1, signal_b800=10424.5"
/workspace/binary_PNG/binary_labels_mask_case_id_TCGA-G3-A7M6_0_0_cell_expansion_15_0_threshold_0_4.png,"signal_b50=24724.1, signal_b800=16706.4"
/workspace/binary_PNG/binary_labels_mask_case_id_TCGA-CC-A3MA_4_0_cell_expansion_1_0_threshold_0_4.png,"signal_b50=24070.1, signal_b800=12878.6"
/workspace/binary_PNG/binary_labels_mask_case_id_TCGA-DD-AAED_3_3_cell_expansion_1_0_threshold_0_6.png,"signal_b50=23771.7, signal_b800=11097"
/workspace/binary_PNG/binary_labels_mask_case_id_TCGA-G3-A7M6_4_1_cell_expansion_1_0_threshold_0_7.png,"signal_b50=22934.8, signal_b800=6506.25"
/workspace/binary_PNG/binary_labels_mask_case_id_TCGA-G3-A7M6_0_2_cell_expansion_9_0_threshold_0_6.png,"signal_b50=24629, signal_b800=15847.9"
/workspace/binary_PNG/binary_labels_mask_case_id_TCGA-DD-AAED_2_1_cell_expansion_15_0_threshold_0_6.png,"signal_b50=24766.9, signal_b800=16832.4"
/workspace/binary_PNG/binary_labels_mask_case_id_TCGA-CC-A3MA_3_3_cell_expansion_15_0_threshold_0_5.png,"signal_b50=24807.2, signal_b800=17124"
/workspace/binary_PNG/binary_labels_mask_case_id_TCGA-YA-A8S7_0_1_cell_expansion_7_0_threshold_0_8.png,"signal_b50=23272.5, signal_b800=7978.39"
/workspace/binary_PNG/binary_labels_mask_case_id_TCGA-CC-A8HT_1_4_cell_expansion_13_0_threshold_0_4.png,"signal_b50=24767, signal_b800=16915.1"
/workspace/binary_PNG/binary_labels_mask_case_id_TCGA-CC-5261_4_0_cell_expansion_15_0_threshold_0_7.png,"signal_b50=24575.9, signal_b800=15534.4"
/workspace/binary_PNG/binary_labels_mask_case_id_TCGA-CC-A3MA_1_3_cell_expansion_11_0_threshold_0_7.png,"signal_b50=24542, signal_b800=15089.9"
/workspace/binary_PNG/binary_labels_mask_case_id_TCGA-CC-5261_2_1_cell_expansion_7_0_threshold_0_8.png,"signal_b50=23630.4, signal_b800=9849.08"
/workspace/binary_PNG/binary_labels_mask_case_id_TCGA-CC-A3MA_3_1_cell_expansion_9_0_threshold_0_5.png,"signal_b50=24846.9, signal_b800=17947.2"
/workspace/binary_PNG/binary_labels_mask_case_id_TCGA-CC-A3MA_1_2_cell_expansion_9_0_threshold_0_8.png,"signal_b50=23889.1, signal_b800=11047.9"
/workspace/binary_PNG/binary_labels_mask_case_id_TCGA-YA-A8S7_1_1_cell_expansion_3_0_threshold_0_8.png,"signal_b50=22971.6, signal_b800=6586.46"
/workspace/binary_PNG/binary_labels_mask_case_id_TCGA-DD-AAED_1_3_cell_expansion_13_0_threshold_0_7.png,"signal_b50=24621.8, signal_b800=15705.6"
/workspace/binary_PNG/binary_labels_mask_case_id_TCGA-G3-A7M6_3_0_cell_expansion_11_0_threshold_0_4.png,"signal_b50=24672.1, signal_b800=16215.8"
/workspace/binary_PNG/binary_labels_mask_case_id_TCGA-BC-A69I_3_2_cell_expansion_5_0_threshold_0_5.png,"signal_b50=23929.5, signal_b800=11615.5"
/workspace/binary_PNG/binary_labels_mask_case_id_TCGA-DD-AAED_3_3_cell_expansion_11_0_threshold_0_7.png,"signal_b50=24766.4, signal_b800=16893.2"
/workspace/binary_PNG/binary_labels_mask_case_id_TCGA-DD-AAED_1_2_cell_expansion_3_0_threshold_0_5.png,"signal_b50=24183.8, signal_b800=13399.5"
/workspace/binary_PNG/binary_labels_mask_case_id_TCGA-G3-A7M6_4_1_cell_expansion_5_0_threshold_0_5.png,"signal_b50=24215, signal_b800=13292.4"
/workspace/binary_PNG/binary_labels_mask_case_id_TCGA-CC-A1HT_4_0_cell_expansion_9_0_threshold_0_8.png,"signal_b50=23117.5, signal_b800=7256.33"
/workspace/binary_PNG/binary_labels_mask_case_id_TCGA-YA-A8S7_4_1_cell_expansion_11_0_threshold_0_8.png,"signal_b50=23199.7, signal_b800=7517.45"
/workspace/binary_PNG/binary_labels_mask_case_id_TCGA-K7-AAU7_2_2_cell_expansion_11_0_threshold_0_4.png,"signal_b50=24239.1, signal_b800=13865.1"
/workspace/binary_PNG/binary_labels_mask_case_id_TCGA-BC-A69I_2_1_cell_expansion_9_0_threshold_0_6.png,"signal_b50=24239.1, signal_b800=13430.6"
/workspace/binary_PNG/binary_labels_mask_case_id_TCGA-CC-A1HT_2_3_cell_expansion_11_0_threshold_0_8.png,"signal_b50=22600.7, signal_b800=4628.5"
/workspace/binary_PNG/binary_labels_mask_case_id_TCGA-G3-A7M6_4_3_cell_expansion_7_0_threshold_0_6.png,"signal_b50=24367.9, signal_b800=14301.7"
/workspace/binary_PNG/binary_labels_mask_case_id_TCGA-CC-5261_1_2_cell_expansion_3_0_threshold_0_7.png,"signal_b50=23865.8, signal_b800=11470.9"
/workspace/binary_PNG/binary_labels_mask_case_id_TCGA-DD-AAED_0_3_cell_expansion_11_0_threshold_0_6.png,"signal_b50=24642.6, signal_b800=15940"
/workspace/binary_PNG/binary_labels_mask_case_id_TCGA-CC-A8HT_1_1_cell_expansion_11_0_threshold_0_5.png,"signal_b50=24763.5, signal_b800=17026.5"
/workspace/binary_PNG/binary_labels_mask_case_id_TCGA-K7-AAU7_0_4_cell_expansion_13_0_threshold_0_6.png,"signal_b50=23858.5, signal_b800=11257.2"
/workspace/binary_PNG/binary_labels_mask_case_id_TCGA-BC-A69I_4_2_cell_expansion_1_0_threshold_0_4.png,"signal_b50=23229.5, signal_b800=7975.81"
/workspace/binary_PNG/binary_labels_mask_case_id_TCGA-CC-5261_1_3_cell_expansion_3_0_threshold_0_8.png,"signal_b50=23228.7, signal_b800=7914.15"
/workspace/binary_PNG/binary_labels_mask_case_id_TCGA-DD-AAED_4_4_cell_expansion_7_0_threshold_0_4.png,"signal_b50=24888.8, signal_b800=18047.8"
/workspace/binary_PNG/binary_labels_mask_case_id_TCGA-YA-A8S7_2_4_cell_expansion_15_0_threshold_0_5.png,"signal_b50=22621.3, signal_b800=4905.26"
/workspace/binary_PNG/binary_labels_mask_case_id_TCGA-CC-5261_4_4_cell_expansion_5_0_threshold_0_8.png,"signal_b50=23951.3, signal_b800=11641.3"
/workspace/binary_PNG/binary_labels_mask_case_id_TCGA-CC-5261_2_2_cell_expansion_13_0_threshold_0_4.png,"signal_b50=24819.2, signal_b800=17349.7"
/workspace/binary_PNG/binary_labels_mask_case_id_TCGA-BC-A69I_3_2_cell_expansion_7_0_threshold_0_6.png,"signal_b50=23876.6, signal_b800=11178.6"
/workspace/binary_PNG/binary_labels_mask_case_id_TCGA-G3-A5SK_0_0_cell_expansion_9_0_threshold_0_8.png,"signal_b50=23523.1, signal_b800=9441.61"
/workspace/binary_PNG/binary_labels_mask_case_id_TCGA-DD-AAED_1_3_cell_expansion_15_0_threshold_0_4.png,"signal_b50=24738.7, signal_b800=16691.7"
/workspace/binary_PNG/binary_labels_mask_case_id_TCGA-DD-AAED_1_2_cell_expansion_7_0_threshold_0_5.png,"signal_b50=24646.7, signal_b800=16080.7"
/workspace/binary_PNG/binary_labels_mask_case_id_TCGA-K7-AAU7_3_0_cell_expansion_9_0_threshold_0_7.png,"signal_b50=23223.2, signal_b800=7897.58"
/workspace/binary_PNG/binary_labels_mask_case_id_TCGA-YA-A8S7_1_3_cell_expansion_1_0_threshold_0_5.png,"signal_b50=23531.4, signal_b800=9733.15"
/workspace/binary_PNG/binary_labels_mask_case_id_TCGA-BC-A69I_4_2_cell_expansion_7_0_threshold_0_4.png,"signal_b50=24341, signal_b800=13910.2"
/workspace/binary_PNG/binary_labels_mask_case_id_TCGA-BC-A69I_4_1_cell_expansion_13_0_threshold_0_4.png,"signal_b50=24185.1, signal_b800=12681.7"
/workspace/binary_PNG/binary_labels_mask_case_id_TCGA-YA-A8S7_3_1_cell_expansion_15_0_threshold_0_8.png,"signal_b50=22955.8, signal_b800=6306.82"
/workspace/binary_PNG/binary_labels_mask_case_id_TCGA-G3-A7M6_0_2_cell_expansion_5_0_threshold_0_7.png,"signal_b50=24239.7, signal_b800=13375.8"
/workspace/binary_PNG/binary_labels_mask_case_id_TCGA-CC-5261_2_1_cell_expansion_3_0_threshold_0_8.png,"signal_b50=23083.5, signal_b800=7162.97"
/workspace/binary_PNG/binary_labels_mask_case_id_TCGA-CC-A1HT_4_2_cell_expansion_9_0_threshold_0_5.png,"signal_b50=24736.2, signal_b800=16812.5"
/workspace/binary_PNG/binary_labels_mask_case_id_TCGA-CC-5261_0_0_cell_expansion_1_0_threshold_0_7.png,"signal_b50=23425.7, signal_b800=9323.96"
/workspace/binary_PNG/binary_labels_mask_case_id_TCGA-G3-A5SK_2_4_cell_expansion_15_0_threshold_0_8.png,"signal_b50=23678.9, signal_b800=10025.2"
/workspace/binary_PNG/binary_labels_mask_case_id_TCGA-G3-A5SK_3_0_cell_expansion_5_0_threshold_0_5.png,"signal_b50=24512.6, signal_b800=15512.2"
/workspace/binary_PNG/binary_labels_mask_case_id_TCGA-K7-AAU7_3_3_cell_expansion_15_0_threshold_0_6.png,"signal_b50=23980, signal_b800=11933.2"
/workspace/binary_PNG/binary_labels_mask_case_id_TCGA-G3-A5SK_4_0_cell_expansion_1_0_threshold_0_6.png,"signal_b50=23013.3, signal_b800=6925.37"
/workspace/binary_PNG/binary_labels_mask_case_id_TCGA-G3-A7M6_0_0_cell_expansion_5_0_threshold_0_6.png,"signal_b50=24526.5, signal_b800=15349.1"
/workspace/binary_PNG/binary_labels_mask_case_id_TCGA-CC-A8HT_0_1_cell_expansion_1_0_threshold_0_7.png,"signal_b50=23154.1, signal_b800=7626.12"
/workspace/binary_PNG/binary_labels_mask_case_id_TCGA-BC-A69I_4_1_cell_expansion_15_0_threshold_0_6.png,"signal_b50=23812, signal_b800=10645.1"
/workspace/binary_PNG/binary_labels_mask_case_id_TCGA-DD-AAED_3_0_cell_expansion_15_0_threshold_0_8.png,"signal_b50=24221.7, signal_b800=12951"
/workspace/binary_PNG/binary_labels_mask_case_id_TCGA-DD-AAED_0_4_cell_expansion_7_0_threshold_0_4.png,"signal_b50=24634.4, signal_b800=15853.1"
/workspace/binary_PNG/binary_labels_mask_case_id_TCGA-CC-A3MA_2_4_cell_expansion_3_0_threshold_0_7.png,"signal_b50=23990.4, signal_b800=12059.2"
/workspace/binary_PNG/binary_labels_mask_case_id_TCGA-CC-A8HT_2_0_cell_expansion_5_0_threshold_0_8.png,"signal_b50=22818.7, signal_b800=5829.69"
/workspace/binary_PNG/binary_labels_mask_case_id_TCGA-CC-5261_2_3_cell_expansion_13_0_threshold_0_5.png,"signal_b50=24789.8, signal_b800=17060.7"
/workspace/binary_PNG/binary_labels_mask_case_id_TCGA-YA-A8S7_1_1_cell_expansion_7_0_threshold_0_4.png,"signal_b50=24703.2, signal_b800=16450.1"
/workspace/binary_PNG/binary_labels_mask_case_id_TCGA-CC-A8HT_2_1_cell_expansion_11_0_threshold_0_6.png,"signal_b50=24728, signal_b800=16763.6"
/workspace/binary_PNG/binary_labels_mask_case_id_TCGA-YA-A8S7_3_1_cell_expansion_7_0_threshold_0_7.png,"signal_b50=24090, signal_b800=12296.9"
/workspace/binary_PNG/binary_labels_mask_case_id_TCGA-CC-5261_1_4_cell_expansion_13_0_threshold_0_7.png,"signal_b50=24426.9, signal_b800=14657.1"
/workspace/binary_PNG/binary_labels_mask_case_id_TCGA-CC-A8HT_4_3_cell_expansion_15_0_threshold_0_8.png,"signal_b50=23029.2, signal_b800=6563.33"
/workspace/binary_PNG/binary_labels_mask_case_id_TCGA-G3-A7M6_2_0_cell_expansion_9_0_threshold_0_4.png,"signal_b50=24794.2, signal_b800=17414.5"
/workspace/binary_PNG/binary_labels_mask_case_id_TCGA-DD-AAED_1_1_cell_expansion_1_0_threshold_0_5.png,"signal_b50=23556, signal_b800=9885.9"
/workspace/binary_PNG/binary_labels_mask_case_id_TCGA-CC-A3MA_0_0_cell_expansion_15_0_threshold_0_8.png,"signal_b50=23276.3, signal_b800=8008.1"
/workspace/binary_PNG/binary_labels_mask_case_id_TCGA-CC-A1HT_0_0_cell_expansion_9_0_threshold_0_4.png,"signal_b50=24411.3, signal_b800=15051.6"
/workspace/binary_PNG/binary_labels_mask_case_id_TCGA-CC-A3MA_1_1_cell_expansion_11_0_threshold_0_7.png,"signal_b50=24211.4, signal_b800=13047.9"
/workspace/binary_PNG/binary_labels_mask_case_id_TCGA-CC-A1HT_4_3_cell_expansion_3_0_threshold_0_7.png,"signal_b50=23893.8, signal_b800=11388"
/workspace/binary_PNG/binary_labels_mask_case_id_TCGA-K7-AAU7_4_1_cell_expansion_3_0_threshold_0_7.png,"signal_b50=23485.7, signal_b800=9269.52"
/workspace/binary_PNG/binary_labels_mask_case_id_TCGA-BC-A69I_3_1_cell_expansion_13_0_threshold_0_4.png,"signal_b50=24421.2, signal_b800=14436.2"
/workspace/binary_PNG/binary_labels_mask_case_id_TCGA-CC-A3MA_2_4_cell_expansion_1_0_threshold_0_8.png,"signal_b50=22855.1, signal_b800=6078.54"
/workspace/binary_PNG/binary_labels_mask_case_id_TCGA-BC-A69I_1_0_cell_expansion_7_0_threshold_0_8.png,"signal_b50=23439.8, signal_b800=8772.14"
/workspace/binary_PNG/binary_labels_mask_case_id_TCGA-CC-5261_3_0_cell_expansion_15_0_threshold_0_4.png,"signal_b50=24705.5, signal_b800=16484.8"
/workspace/binary_PNG/binary_labels_mask_case_id_TCGA-CC-A8HT_1_4_cell_expansion_15_0_threshold_0_7.png,"signal_b50=24521.4, signal_b800=14816.3"
/workspace/binary_PNG/binary_labels_mask_case_id_TCGA-CC-A3MA_0_2_cell_expansion_1_0_threshold_0_7.png,"signal_b50=23695.2, signal_b800=10723.7"
/workspace/binary_PNG/binary_labels_mask_case_id_TCGA-YA-A8S7_2_0_cell_expansion_7_0_threshold_0_5.png,"signal_b50=24797.2, signal_b800=17474"
/workspace/binary_PNG/binary_labels_mask_case_id_TCGA-G3-A7M6_4_2_cell_expansion_3_0_threshold_0_7.png,"signal_b50=23500.4, signal_b800=9753.31"
/workspace/binary_PNG/binary_labels_mask_case_id_TCGA-CC-A8HT_1_3_cell_expansion_3_0_threshold_0_7.png,"signal_b50=23570.1, signal_b800=9950.23"
/workspace/binary_PNG/binary_labels_mask_case_id_TCGA-CC-5261_3_1_cell_expansion_11_0_threshold_0_8.png,"signal_b50=24031.8, signal_b800=11824.6"
/workspace/binary_PNG/binary_labels_mask_case_id_TCGA-G3-A5SK_0_0_cell_expansion_9_0_threshold_0_4.png,"signal_b50=24626.1, signal_b800=16367.7"
/workspace/binary_PNG/binary_labels_mask_case_id_TCGA-BC-A69I_4_4_cell_expansion_3_0_threshold_0_4.png,"signal_b50=24113.6, signal_b800=13026"
/workspace/binary_PNG/binary_labels_mask_case_id_TCGA-DD-AAED_2_2_cell_expansion_9_0_threshold_0_7.png,"signal_b50=24159.1, signal_b800=13064.6"
/workspace/binary_PNG/binary_labels_mask_case_id_TCGA-CC-A3MA_2_1_cell_expansion_3_0_threshold_0_5.png,"signal_b50=24549.8, signal_b800=16081.5"
/workspace/binary_PNG/binary_labels_mask_case_id_TCGA-YA-A8S7_0_0_cell_expansion_5_0_threshold_0_8.png,"signal_b50=22721.8, signal_b800=5321.23"
/workspace/binary_PNG/binary_labels_mask_case_id_TCGA-G3-A7M6_2_2_cell_expansion_15_0_threshold_0_5.png,"signal_b50=24477.8, signal_b800=15042.1"
/workspace/binary_PNG/binary_labels_mask_case_id_TCGA-CC-A1HT_2_1_cell_expansion_9_0_threshold_0_8.png,"signal_b50=23122.2, signal_b800=7052.26"
/workspace/binary_PNG/binary_labels_mask_case_id_TCGA-G3-A5SK_2_1_cell_expansion_13_0_threshold_0_4.png,"signal_b50=24753.7, signal_b800=16955.9"
/workspace/binary_PNG/binary_labels_mask_case_id_TCGA-G3-A5SK_0_3_cell_expansion_9_0_threshold_0_8.png,"signal_b50=23474.9, signal_b800=9197.95"
/workspace/binary_PNG/binary_labels_mask_case_id_TCGA-K7-AAU7_2_2_cell_expansion_3_0_threshold_0_5.png,"signal_b50=23564, signal_b800=10051"
/workspace/binary_PNG/binary_labels_mask_case_id_TCGA-CC-A3MA_1_3_cell_expansion_5_0_threshold_0_4.png,"signal_b50=24913.5, signal_b800=18351.6"
/workspace/binary_PNG/binary_labels_mask_case_id_TCGA-CC-A3MA_0_4_cell_expansion_9_0_threshold_0_7.png,"signal_b50=23603.5, signal_b800=9783.61"
/workspace/binary_PNG/binary_labels_mask_case_id_TCGA-K7-AAU7_2_3_cell_expansion_7_0_threshold_0_7.png,"signal_b50=23227, signal_b800=7691.91"
/workspace/binary_PNG/binary_labels_mask_case_id_TCGA-G3-A5SK_1_3_cell_expansion_15_0_threshold_0_8.png,"signal_b50=23533.5, signal_b800=9393.79"
/workspace/binary_PNG/binary_labels_mask_case_id_TCGA-DD-AAED_3_3_cell_expansion_13_0_threshold_0_6.png,"signal_b50=24796.7, signal_b800=17199.6"
/workspace/binary_PNG/binary_labels_mask_case_id_TCGA-CC-A3MA_2_3_cell_expansion_5_0_threshold_0_7.png,"signal_b50=24412, signal_b800=14550.4"
/workspace/binary_PNG/binary_labels_mask_case_id_TCGA-YA-A8S7_2_4_cell_expansion_3_0_threshold_0_5.png,"signal_b50=22449.2, signal_b800=4127.23"
/workspace/binary_PNG/binary_labels_mask_case_id_TCGA-K7-AAU7_1_4_cell_expansion_3_0_threshold_0_8.png,"signal_b50=22295.6, signal_b800=3345.91"
/workspace/binary_PNG/binary_labels_mask_case_id_TCGA-CC-5261_2_0_cell_expansion_15_0_threshold_0_7.png,"signal_b50=24631, signal_b800=15775.6"
/workspace/binary_PNG/binary_labels_mask_case_id_TCGA-CC-5261_2_3_cell_expansion_1_0_threshold_0_5.png,"signal_b50=23639.5, signal_b800=10384.9"
/workspace/binary_PNG/binary_labels_mask_case_id_TCGA-CC-A8HT_0_3_cell_expansion_13_0_threshold_0_5.png,"signal_b50=24559.5, signal_b800=15471.7"
/workspace/binary_PNG/binary_labels_mask_case_id_TCGA-CC-A8HT_0_1_cell_expansion_15_0_threshold_0_6.png,"signal_b50=24675.2, signal_b800=16097.7"
/workspace/binary_PNG/binary_labels_mask_case_id_TCGA-DD-AAED_2_4_cell_expansion_7_0_threshold_0_5.png,"signal_b50=24710.2, signal_b800=16447.8"
/workspace/binary_PNG/binary_labels_mask_case_id_TCGA-K7-AAU7_4_2_cell_expansion_1_0_threshold_0_8.png,"signal_b50=22578.9, signal_b800=4813.99"
/workspace/binary_PNG/binary_labels_mask_case_id_TCGA-G3-A5SK_4_1_cell_expansion_13_0_threshold_0_8.png,"signal_b50=23636.7, signal_b800=9772.77"
/workspace/binary_PNG/binary_labels_mask_case_id_TCGA-K7-AAU7_4_3_cell_expansion_5_0_threshold_0_4.png,"signal_b50=24660.5, signal_b800=16748"
/workspace/binary_PNG/binary_labels_mask_case_id_TCGA-G3-A7M6_2_4_cell_expansion_1_0_threshold_0_4.png,"signal_b50=23338, signal_b800=8784.85"
/workspace/binary_PNG/binary_labels_mask_case_id_TCGA-CC-A1HT_0_3_cell_expansion_5_0_threshold_0_5.png,"signal_b50=24514, signal_b800=15376.6"
/workspace/binary_PNG/binary_labels_mask_case_id_TCGA-BC-A69I_0_4_cell_expansion_9_0_threshold_0_7.png,"signal_b50=24314.5, signal_b800=13604.7"
/workspace/binary_PNG/binary_labels_mask_case_id_TCGA-BC-A69I_4_0_cell_expansion_15_0_threshold_0_7.png,"signal_b50=24169, signal_b800=12629.6"
/workspace/binary_PNG/binary_labels_mask_case_id_TCGA-G3-A5SK_4_1_cell_expansion_9_0_threshold_0_8.png,"signal_b50=23633.3, signal_b800=9760.51"
/workspace/binary_PNG/binary_labels_mask_case_id_TCGA-G3-A5SK_4_0_cell_expansion_3_0_threshold_0_5.png,"signal_b50=23596.1, signal_b800=9935.42"
/workspace/binary_PNG/binary_labels_mask_case_id_TCGA-K7-AAU7_3_4_cell_expansion_11_0_threshold_0_8.png,"signal_b50=22958.9, signal_b800=6333.19"
/workspace/binary_PNG/binary_labels_mask_case_id_TCGA-K7-AAU7_0_4_cell_expansion_15_0_threshold_0_7.png,"signal_b50=22751.8, signal_b800=5388.37"
/workspace/binary_PNG/binary_labels_mask_case_id_TCGA-YA-A8S7_3_3_cell_expansion_15_0_threshold_0_8.png,"signal_b50=22385.6, signal_b800=3758.62"
/workspace/binary_PNG/binary_labels_mask_case_id_TCGA-K7-AAU7_3_4_cell_expansion_9_0_threshold_0_6.png,"signal_b50=24031.7, signal_b800=12041.6"
/workspace/binary_PNG/binary_labels_mask_case_id_TCGA-BC-A69I_2_2_cell_expansion_11_0_threshold_0_6.png,"signal_b50=24369.5, signal_b800=13966.4"
/workspace/binary_PNG/binary_labels_mask_case_id_TCGA-YA-A8S7_3_3_cell_expansion_11_0_threshold_0_4.png,"signal_b50=22767.3, signal_b800=5574.29"
/workspace/binary_PNG/binary_labels_mask_case_id_TCGA-CC-A3MA_2_3_cell_expansion_9_0_threshold_0_4.png,"signal_b50=24932.1, signal_b800=18551.2"
/workspace/binary_PNG/binary_labels_mask_case_id_TCGA-DD-AAED_4_2_cell_expansion_3_0_threshold_0_6.png,"signal_b50=24206, signal_b800=13762.7"
/workspace/binary_PNG/binary_labels_mask_case_id_TCGA-YA-A8S7_0_0_cell_expansion_11_0_threshold_0_7.png,"signal_b50=24220.3, signal_b800=13047.5"
/workspace/binary_PNG/binary_labels_mask_case_id_TCGA-BC-A69I_4_0_cell_expansion_5_0_threshold_0_7.png,"signal_b50=23729.3, signal_b800=10406.2"
/workspace/binary_PNG/binary_labels_mask_case_id_TCGA-CC-A1HT_1_1_cell_expansion_13_0_threshold_0_5.png,"signal_b50=24470.7, signal_b800=14887.5"
/workspace/binary_PNG/binary_labels_mask_case_id_TCGA-G3-A5SK_1_0_cell_expansion_11_0_threshold_0_5.png,"signal_b50=24582.3, signal_b800=15764.4"
/workspace/binary_PNG/binary_labels_mask_case_id_TCGA-CC-A8HT_0_2_cell_expansion_7_0_threshold_0_5.png,"signal_b50=24447.1, signal_b800=14708.1"
/workspace/binary_PNG/binary_labels_mask_case_id_TCGA-CC-5261_0_2_cell_expansion_13_0_threshold_0_8.png,"signal_b50=23795.2, signal_b800=10675.6"
/workspace/binary_PNG/binary_labels_mask_case_id_TCGA-K7-AAU7_4_1_cell_expansion_9_0_threshold_0_4.png,"signal_b50=24771.6, signal_b800=17267.3"
/workspace/binary_PNG/binary_labels_mask_case_id_TCGA-G3-A5SK_4_3_cell_expansion_5_0_threshold_0_5.png,"signal_b50=24217.2, signal_b800=13307.9"
/workspace/binary_PNG/binary_labels_mask_case_id_TCGA-CC-A8HT_4_4_cell_expansion_11_0_threshold_0_4.png,"signal_b50=24529.7, signal_b800=15491.7"
/workspace/binary_PNG/binary_labels_mask_case_id_TCGA-YA-A8S7_0_1_cell_expansion_9_0_threshold_0_7.png,"signal_b50=24350.8, signal_b800=14110.4"
/workspace/binary_PNG/binary_labels_mask_case_id_TCGA-BC-A69I_4_3_cell_expansion_1_0_threshold_0_5.png,"signal_b50=23034.8, signal_b800=6997.98"
/workspace/binary_PNG/binary_labels_mask_case_id_TCGA-BC-A69I_4_4_cell_expansion_9_0_threshold_0_6.png,"signal_b50=24554.1, signal_b800=15294.5"
/workspace/binary_PNG/binary_labels_mask_case_id_TCGA-CC-A3MA_1_0_cell_expansion_13_0_threshold_0_7.png,"signal_b50=24663.1, signal_b800=15821.1"
/workspace/binary_PNG/binary_labels_mask_case_id_TCGA-CC-A8HT_1_1_cell_expansion_15_0_threshold_0_8.png,"signal_b50=23223.2, signal_b800=7609.31"
/workspace/binary_PNG/binary_labels_mask_case_id_TCGA-G3-A5SK_2_0_cell_expansion_9_0_threshold_0_6.png,"signal_b50=24567.2, signal_b800=15794.4"
/workspace/binary_PNG/binary_labels_mask_case_id_TCGA-G3-A5SK_0_4_cell_expansion_5_0_threshold_0_4.png,"signal_b50=24056.5, signal_b800=12483.8"
/workspace/binary_PNG/binary_labels_mask_case_id_TCGA-CC-A1HT_2_4_cell_expansion_15_0_threshold_0_6.png,"signal_b50=24768.4, signal_b800=16706.1"
/workspace/binary_PNG/binary_labels_mask_case_id_TCGA-K7-AAU7_1_1_cell_expansion_7_0_threshold_0_5.png,"signal_b50=24402.1, signal_b800=14820"
/workspace/binary_PNG/binary_labels_mask_case_id_TCGA-DD-AAED_1_1_cell_expansion_9_0_threshold_0_5.png,"signal_b50=24709.9, signal_b800=16274"
/workspace/binary_PNG/binary_labels_mask_case_id_TCGA-DD-AAED_4_1_cell_expansion_9_0_threshold_0_7.png,"signal_b50=24589, signal_b800=15446.6"
/workspace/binary_PNG/binary_labels_mask_case_id_TCGA-CC-A1HT_4_0_cell_expansion_15_0_threshold_0_4.png,"signal_b50=24712.5, signal_b800=16788.5"
/workspace/binary_PNG/binary_labels_mask_case_id_TCGA-CC-A3MA_3_4_cell_expansion_15_0_threshold_0_8.png,"signal_b50=24015.9, signal_b800=11932.8"
/workspace/binary_PNG/binary_labels_mask_case_id_TCGA-CC-5261_3_4_cell_expansion_3_0_threshold_0_8.png,"signal_b50=23174, signal_b800=7603.94"
/workspace/binary_PNG/binary_labels_mask_case_id_TCGA-CC-5261_0_4_cell_expansion_11_0_threshold_0_4.png,"signal_b50=24766.4, signal_b800=17245.8"
/workspace/binary_PNG/binary_labels_mask_case_id_TCGA-CC-5261_0_4_cell_expansion_7_0_threshold_0_4.png,"signal_b50=24759.7, signal_b800=17216.1"
/workspace/binary_PNG/binary_labels_mask_case_id_TCGA-K7-AAU7_0_1_cell_expansion_5_0_threshold_0_4.png,"signal_b50=23257, signal_b800=8240.89"
/workspace/binary_PNG/binary_labels_mask_case_id_TCGA-CC-A8HT_0_4_cell_expansion_1_0_threshold_0_8.png,"signal_b50=22509.5, signal_b800=4393.23"
/workspace/binary_PNG/binary_labels_mask_case_id_TCGA-YA-A8S7_2_2_cell_expansion_7_0_threshold_0_5.png,"signal_b50=24513, signal_b800=14950.6"
/workspace/binary_PNG/binary_labels_mask_case_id_TCGA-BC-A69I_4_0_cell_expansion_11_0_threshold_0_6.png,"signal_b50=24273.3, signal_b800=13385.9"
/workspace/binary_PNG/binary_labels_mask_case_id_TCGA-CC-A8HT_0_0_cell_expansion_11_0_threshold_0_8.png,"signal_b50=23157, signal_b800=7342.7"
/workspace/binary_PNG/binary_labels_mask_case_id_TCGA-BC-A69I_1_3_cell_expansion_3_0_threshold_0_8.png,"signal_b50=22900, signal_b800=6247.22"
/workspace/binary_PNG/binary_labels_mask_case_id_TCGA-YA-A8S7_2_2_cell_expansion_7_0_threshold_0_4.png,"signal_b50=24572, signal_b800=15437.4"
/workspace/binary_PNG/binary_labels_mask_case_id_TCGA-CC-A8HT_4_4_cell_expansion_13_0_threshold_0_8.png,"signal_b50=22858, signal_b800=5868.17"
/workspace/binary_PNG/binary_labels_mask_case_id_TCGA-BC-A69I_3_3_cell_expansion_15_0_threshold_0_4.png,"signal_b50=24666.6, signal_b800=15906.2"
/workspace/binary_PNG/binary_labels_mask_case_id_TCGA-G3-A5SK_0_4_cell_expansion_3_0_threshold_0_8.png,"signal_b50=22977.5, signal_b800=6561.71"
/workspace/binary_PNG/binary_labels_mask_case_id_TCGA-CC-A8HT_4_1_cell_expansion_13_0_threshold_0_5.png,"signal_b50=24403.1, signal_b800=14692.1"
/workspace/binary_PNG/binary_labels_mask_case_id_TCGA-CC-A3MA_1_1_cell_expansion_15_0_threshold_0_8.png,"signal_b50=23836.5, signal_b800=10892"
/workspace/binary_PNG/binary_labels_mask_case_id_TCGA-YA-A8S7_1_0_cell_expansion_11_0_threshold_0_8.png,"signal_b50=23054.7, signal_b800=6995.85"
/workspace/binary_PNG/binary_labels_mask_case_id_TCGA-YA-A8S7_0_2_cell_expansion_3_0_threshold_0_4.png,"signal_b50=24344.7, signal_b800=14211.7"
/workspace/binary_PNG/binary_labels_mask_case_id_TCGA-CC-A3MA_2_3_cell_expansion_5_0_threshold_0_5.png,"signal_b50=24853, signal_b800=17851.4"
/workspace/binary_PNG/binary_labels_mask_case_id_TCGA-G3-A7M6_4_0_cell_expansion_1_0_threshold_0_6.png,"signal_b50=23584.1, signal_b800=10241.6"
/workspace/binary_PNG/binary_labels_mask_case_id_TCGA-K7-AAU7_0_1_cell_expansion_7_0_threshold_0_5.png,"signal_b50=23315.8, signal_b800=8446.17"
/workspace/binary_PNG/binary_labels_mask_case_id_TCGA-BC-A69I_0_0_cell_expansion_13_0_threshold_0_5.png,"signal_b50=24279.3, signal_b800=13566.2"
/workspace/binary_PNG/binary_labels_mask_case_id_TCGA-K7-AAU7_1_2_cell_expansion_7_0_threshold_0_8.png,"signal_b50=22336.3, signal_b800=3529.95"
/workspace/binary_PNG/binary_labels_mask_case_id_TCGA-CC-A3MA_0_2_cell_expansion_13_0_threshold_0_5.png,"signal_b50=24914.8, signal_b800=18319"
/workspace/binary_PNG/binary_labels_mask_case_id_TCGA-CC-A1HT_4_2_cell_expansion_9_0_threshold_0_6.png,"signal_b50=24690, signal_b800=16357.8"
/workspace/binary_PNG/binary_labels_mask_case_id_TCGA-CC-5261_3_2_cell_expansion_7_0_threshold_0_8.png,"signal_b50=24002.6, signal_b800=11793.5"
/workspace/binary_PNG/binary_labels_mask_case_id_TCGA-DD-AAED_3_1_cell_expansion_15_0_threshold_0_5.png,"signal_b50=24654.7, signal_b800=16245.2"
/workspace/binary_PNG/binary_labels_mask_case_id_TCGA-CC-A1HT_4_4_cell_expansion_5_0_threshold_0_8.png,"signal_b50=22639.7, signal_b800=5109.02"
/workspace/binary_PNG/binary_labels_mask_case_id_TCGA-CC-A8HT_2_4_cell_expansion_7_0_threshold_0_6.png,"signal_b50=24427.8, signal_b800=14710.8"
/workspace/binary_PNG/binary_labels_mask_case_id_TCGA-CC-A3MA_3_1_cell_expansion_13_0_threshold_0_5.png,"signal_b50=24847.8, signal_b800=17955.9"
/workspace/binary_PNG/binary_labels_mask_case_id_TCGA-G3-A5SK_3_2_cell_expansion_11_0_threshold_0_7.png,"signal_b50=24570.5, signal_b800=15561.4"
/workspace/binary_PNG/binary_labels_mask_case_id_TCGA-CC-A1HT_4_0_cell_expansion_1_0_threshold_0_4.png,"signal_b50=23518.2, signal_b800=9832.33"
/workspace/binary_PNG/binary_labels_mask_case_id_TCGA-YA-A8S7_0_3_cell_expansion_9_0_threshold_0_6.png,"signal_b50=24721.6, signal_b800=16614.7"
/workspace/binary_PNG/binary_labels_mask_case_id_TCGA-YA-A8S7_1_0_cell_expansion_13_0_threshold_0_8.png,"signal_b50=23099.7, signal_b800=7219.46"
/workspace/binary_PNG/binary_labels_mask_case_id_TCGA-CC-A1HT_2_1_cell_expansion_1_0_threshold_0_6.png,"signal_b50=23497, signal_b800=9504.05"
/workspace/binary_PNG/binary_labels_mask_case_id_TCGA-G3-A5SK_1_3_cell_expansion_7_0_threshold_0_4.png,"signal_b50=24406.9, signal_b800=14648.2"
/workspace/binary_PNG/binary_labels_mask_case_id_TCGA-BC-A69I_2_2_cell_expansion_15_0_threshold_0_5.png,"signal_b50=24518.9, signal_b800=15007.3"
/workspace/binary_PNG/binary_labels_mask_case_id_TCGA-K7-AAU7_0_0_cell_expansion_1_0_threshold_0_4.png,"signal_b50=22705.9, signal_b800=5398.9"
/workspace/binary_PNG/binary_labels_mask_case_id_TCGA-CC-A8HT_0_4_cell_expansion_13_0_threshold_0_7.png,"signal_b50=24115.9, signal_b800=12692.2"
/workspace/binary_PNG/binary_labels_mask_case_id_TCGA-G3-A7M6_4_1_cell_expansion_7_0_threshold_0_6.png,"signal_b50=24335.3, signal_b800=13959.8"
/workspace/binary_PNG/binary_labels_mask_case_id_TCGA-K7-AAU7_4_4_cell_expansion_11_0_threshold_0_5.png,"signal_b50=24249.4, signal_b800=13731"
/workspace/binary_PNG/binary_labels_mask_case_id_TCGA-G3-A7M6_1_3_cell_expansion_15_0_threshold_0_4.png,"signal_b50=24659.8, signal_b800=16163.4"
/workspace/binary_PNG/binary_labels_mask_case_id_TCGA-CC-A3MA_0_4_cell_expansion_13_0_threshold_0_8.png,"signal_b50=22769, signal_b800=5525.7"
/workspace/binary_PNG/binary_labels_mask_case_id_TCGA-CC-A8HT_4_0_cell_expansion_9_0_threshold_0_7.png,"signal_b50=24254.1, signal_b800=13311.9"
/workspace/binary_PNG/binary_labels_mask_case_id_TCGA-YA-A8S7_0_0_cell_expansion_13_0_threshold_0_7.png,"signal_b50=24224.4, signal_b800=13072.5"
/workspace/binary_PNG/binary_labels_mask_case_id_TCGA-CC-5261_3_0_cell_expansion_11_0_threshold_0_5.png,"signal_b50=24624.3, signal_b800=15961"
/workspace/binary_PNG/binary_labels_mask_case_id_TCGA-CC-5261_2_2_cell_expansion_11_0_threshold_0_4.png,"signal_b50=24815.7, signal_b800=17336.5"
/workspace/binary_PNG/binary_labels_mask_case_id_TCGA-K7-AAU7_1_0_cell_expansion_11_0_threshold_0_4.png,"signal_b50=23673.9, signal_b800=10522.3"
/workspace/binary_PNG/binary_labels_mask_case_id_TCGA-YA-A8S7_3_0_cell_expansion_11_0_threshold_0_7.png,"signal_b50=24361.9, signal_b800=14312.1"
/workspace/binary_PNG/binary_labels_mask_case_id_TCGA-G3-A5SK_1_4_cell_expansion_7_0_threshold_0_7.png,"signal_b50=24480.2, signal_b800=14886.2"
/workspace/binary_PNG/binary_labels_mask_case_id_TCGA-CC-A3MA_3_4_cell_expansion_3_0_threshold_0_8.png,"signal_b50=23310, signal_b800=8400.62"
/workspace/binary_PNG/binary_labels_mask_case_id_TCGA-K7-AAU7_2_2_cell_expansion_13_0_threshold_0_7.png,"signal_b50=23013.3, signal_b800=6833.03"
/workspace/binary_PNG/binary_labels_mask_case_id_TCGA-BC-A69I_1_4_cell_expansion_3_0_threshold_0_6.png,"signal_b50=23546.2, signal_b800=9797"
/workspace/binary_PNG/binary_labels_mask_case_id_TCGA-YA-A8S7_4_1_cell_expansion_7_0_threshold_0_6.png,"signal_b50=24701.5, signal_b800=16640.9"
/workspace/binary_PNG/binary_labels_mask_case_id_TCGA-BC-A69I_4_1_cell_expansion_1_0_threshold_0_7.png,"signal_b50=22786.1, signal_b800=5773.83"
/workspace/binary_PNG/binary_labels_mask_case_id_TCGA-YA-A8S7_3_2_cell_expansion_5_0_threshold_0_8.png,"signal_b50=22962.8, signal_b800=6540.91"
/workspace/binary_PNG/binary_labels_mask_case_id_TCGA-CC-A8HT_0_4_cell_expansion_3_0_threshold_0_7.png,"signal_b50=23483.6, signal_b800=9419.52"
/workspace/binary_PNG/binary_labels_mask_case_id_TCGA-G3-A7M6_2_4_cell_expansion_3_0_threshold_0_4.png,"signal_b50=24070.1, signal_b800=12825.1"
/workspace/binary_PNG/binary_labels_mask_case_id_TCGA-K7-AAU7_1_2_cell_expansion_5_0_threshold_0_8.png,"signal_b50=22328.4, signal_b800=3492.13"
/workspace/binary_PNG/binary_labels_mask_case_id_TCGA-BC-A69I_2_4_cell_expansion_11_0_threshold_0_4.png,"signal_b50=24470.1, signal_b800=14654.6"
/workspace/binary_PNG/binary_labels_mask_case_id_TCGA-G3-A5SK_0_4_cell_expansion_9_0_threshold_0_8.png,"signal_b50=23598.2, signal_b800=9419.3"
/workspace/binary_PNG/binary_labels_mask_case_id_TCGA-CC-5261_2_0_cell_expansion_13_0_threshold_0_8.png,"signal_b50=23986.6, signal_b800=11735.1"
/workspace/binary_PNG/binary_labels_mask_case_id_TCGA-K7-AAU7_4_1_cell_expansion_5_0_threshold_0_7.png,"signal_b50=23807.9, signal_b800=10883.2"
/workspace/binary_PNG/binary_labels_mask_case_id_TCGA-CC-A3MA_0_1_cell_expansion_15_0_threshold_0_5.png,"signal_b50=23390.1, signal_b800=8899.41"
/workspace/binary_PNG/binary_labels_mask_case_id_TCGA-G3-A7M6_4_3_cell_expansion_3_0_threshold_0_4.png,"signal_b50=23932.8, signal_b800=11899.7"
/workspace/binary_PNG/binary_labels_mask_case_id_TCGA-DD-AAED_1_3_cell_expansion_3_0_threshold_0_7.png,"signal_b50=24081.2, signal_b800=12607.8"
/workspace/binary_PNG/binary_labels_mask_case_id_TCGA-G3-A7M6_4_1_cell_expansion_7_0_threshold_0_7.png,"signal_b50=24224.6, signal_b800=13108.2"
/workspace/binary_PNG/binary_labels_mask_case_id_TCGA-YA-A8S7_3_1_cell_expansion_13_0_threshold_0_8.png,"signal_b50=22955.8, signal_b800=6305.94"
/workspace/binary_PNG/binary_labels_mask_case_id_TCGA-K7-AAU7_0_0_cell_expansion_15_0_threshold_0_5.png,"signal_b50=23323.8, signal_b800=8307.53"
/workspace/binary_PNG/binary_labels_mask_case_id_TCGA-K7-AAU7_0_1_cell_expansion_7_0_threshold_0_4.png,"signal_b50=23354.6, signal_b800=8705.45"
/workspace/binary_PNG/binary_labels_mask_case_id_TCGA-G3-A7M6_0_1_cell_expansion_5_0_threshold_0_6.png,"signal_b50=24188.6, signal_b800=13252.5"
/workspace/binary_PNG/binary_labels_mask_case_id_TCGA-BC-A69I_4_1_cell_expansion_15_0_threshold_0_5.png,"signal_b50=24058.4, signal_b800=11911.5"
/workspace/binary_PNG/binary_labels_mask_case_id_TCGA-G3-A7M6_3_0_cell_expansion_5_0_threshold_0_7.png,"signal_b50=24217.7, signal_b800=13219.9"
/workspace/binary_PNG/binary_labels_mask_case_id_TCGA-CC-A8HT_0_3_cell_expansion_13_0_threshold_0_8.png,"signal_b50=23121.4, signal_b800=7038.4"
/workspace/binary_PNG/binary_labels_mask_case_id_TCGA-DD-AAED_3_1_cell_expansion_7_0_threshold_0_8.png,"signal_b50=24024.2, signal_b800=12197.2"
/workspace/binary_PNG/binary_labels_mask_case_id_TCGA-DD-AAED_4_0_cell_expansion_15_0_threshold_0_7.png,"signal_b50=24549.7, signal_b800=15542"
/workspace/binary_PNG/binary_labels_mask_case_id_TCGA-CC-A3MA_3_1_cell_expansion_15_0_threshold_0_5.png,"signal_b50=24847.8, signal_b800=17955.9"
/workspace/binary_PNG/binary_labels_mask_case_id_TCGA-CC-5261_3_1_cell_expansion_13_0_threshold_0_6.png,"signal_b50=24796.2, signal_b800=17203.9"
/workspace/binary_PNG/binary_labels_mask_case_id_TCGA-G3-A7M6_1_2_cell_expansion_5_0_threshold_0_4.png,"signal_b50=24901.4, signal_b800=18877.8"
/workspace/binary_PNG/binary_labels_mask_case_id_TCGA-K7-AAU7_1_0_cell_expansion_7_0_threshold_0_7.png,"signal_b50=22435.8, signal_b800=3969.99"
/workspace/binary_PNG/binary_labels_mask_case_id_TCGA-CC-5261_0_0_cell_expansion_9_0_threshold_0_4.png,"signal_b50=24765.3, signal_b800=17125.2"
/workspace/binary_PNG/binary_labels_mask_case_id_TCGA-BC-A69I_0_3_cell_expansion_15_0_threshold_0_8.png,"signal_b50=23465.1, signal_b800=8624.39"
/workspace/binary_PNG/binary_labels_mask_case_id_TCGA-BC-A69I_1_3_cell_expansion_1_0_threshold_0_8.png,"signal_b50=22652.8, signal_b800=5083.98"
/workspace/binary_PNG/binary_labels_mask_case_id_TCGA-BC-A69I_4_2_cell_expansion_13_0_threshold_0_5.png,"signal_b50=24353.6, signal_b800=13869.7"
/workspace/binary_PNG/binary_labels_mask_case_id_TCGA-G3-A5SK_1_0_cell_expansion_5_0_threshold_0_5.png,"signal_b50=24445.6, signal_b800=14973.4"
/workspace/binary_PNG/binary_labels_mask_case_id_TCGA-CC-A3MA_0_4_cell_expansion_1_0_threshold_0_7.png,"signal_b50=22714.5, signal_b800=5385"
/workspace/binary_PNG/binary_labels_mask_case_id_TCGA-K7-AAU7_4_1_cell_expansion_7_0_threshold_0_7.png,"signal_b50=24001.9, signal_b800=11879.5"
/workspace/binary_PNG/binary_labels_mask_case_id_TCGA-CC-A1HT_2_1_cell_expansion_1_0_threshold_0_8.png,"signal_b50=22588.5, signal_b800=4696.09"
/workspace/binary_PNG/binary_labels_mask_case_id_TCGA-G3-A5SK_2_4_cell_expansion_7_0_threshold_0_7.png,"signal_b50=24524.1, signal_b800=15076.8"
/workspace/binary_PNG/binary_labels_mask_case_id_TCGA-K7-AAU7_4_1_cell_expansion_13_0_threshold_0_7.png,"signal_b50=24082.7, signal_b800=12333.1"
/workspace/binary_PNG/binary_labels_mask_case_id_TCGA-K7-AAU7_4_4_cell_expansion_9_0_threshold_0_8.png,"signal_b50=22959, signal_b800=6405.23"
/workspace/binary_PNG/binary_labels_mask_case_id_TCGA-DD-AAED_2_1_cell_expansion_13_0_threshold_0_5.png,"signal_b50=24791.8, signal_b800=17050.2"
/workspace/binary_PNG/binary_labels_mask_case_id_TCGA-YA-A8S7_4_0_cell_expansion_13_0_threshold_0_7.png,"signal_b50=24519.5, signal_b800=15166.4"
/workspace/binary_PNG/binary_labels_mask_case_id_TCGA-BC-A69I_3_0_cell_expansion_11_0_threshold_0_8.png,"signal_b50=23752.6, signal_b800=10321.2"
/workspace/binary_PNG/binary_labels_mask_case_id_TCGA-CC-5261_0_2_cell_expansion_11_0_threshold_0_7.png,"signal_b50=24161.6, signal_b800=13142.1"
/workspace/binary_PNG/binary_labels_mask_case_id_TCGA-G3-A5SK_3_4_cell_expansion_5_0_threshold_0_7.png,"signal_b50=24709.4, signal_b800=16817.6"
/workspace/binary_PNG/binary_labels_mask_case_id_TCGA-DD-AAED_0_0_cell_expansion_7_0_threshold_0_8.png,"signal_b50=24047.6, signal_b800=12261.9"
/workspace/binary_PNG/binary_labels_mask_case_id_TCGA-YA-A8S7_4_0_cell_expansion_9_0_threshold_0_8.png,"signal_b50=23102.5, signal_b800=7157.42"
/workspace/binary_PNG/binary_labels_mask_case_id_TCGA-YA-A8S7_1_4_cell_expansion_15_0_threshold_0_4.png,"signal_b50=22541.1, signal_b800=4444.87"
/workspace/binary_PNG/binary_labels_mask_case_id_TCGA-CC-A8HT_0_0_cell_expansion_11_0_threshold_0_5.png,"signal_b50=24853.3, signal_b800=17806.3"
/workspace/binary_PNG/binary_labels_mask_case_id_TCGA-YA-A8S7_2_0_cell_expansion_3_0_threshold_0_8.png,"signal_b50=22848, signal_b800=5844.71"
/workspace/binary_PNG/binary_labels_mask_case_id_TCGA-CC-5261_0_4_cell_expansion_13_0_threshold_0_6.png,"signal_b50=24652.8, signal_b800=16331.6"
/workspace/binary_PNG/binary_labels_mask_case_id_TCGA-K7-AAU7_4_1_cell_expansion_13_0_threshold_0_4.png,"signal_b50=24772.5, signal_b800=17284.8"
/workspace/binary_PNG/binary_labels_mask_case_id_TCGA-G3-A5SK_0_3_cell_expansion_3_0_threshold_0_8.png,"signal_b50=23026, signal_b800=6998.42"
/workspace/binary_PNG/binary_labels_mask_case_id_TCGA-CC-A3MA_0_0_cell_expansion_13_0_threshold_0_7.png,"signal_b50=23801.5, signal_b800=10971.6"
/workspace/binary_PNG/binary_labels_mask_case_id_TCGA-CC-A3MA_0_0_cell_expansion_9_0_threshold_0_4.png,"signal_b50=23908.8, signal_b800=11798.1"
/workspace/binary_PNG/binary_labels_mask_case_id_TCGA-DD-AAED_0_0_cell_expansion_11_0_threshold_0_4.png,"signal_b50=24775.3, signal_b800=17006.8"
/workspace/binary_PNG/binary_labels_mask_case_id_TCGA-CC-A8HT_2_1_cell_expansion_13_0_threshold_0_7.png,"signal_b50=24269.8, signal_b800=13503.9"
/workspace/binary_PNG/binary_labels_mask_case_id_TCGA-CC-A1HT_1_1_cell_expansion_13_0_threshold_0_8.png,"signal_b50=22429, signal_b800=4015.19"
/workspace/binary_PNG/binary_labels_mask_case_id_TCGA-DD-AAED_0_3_cell_expansion_5_0_threshold_0_5.png,"signal_b50=24503.5, signal_b800=15304.6"
/workspace/binary_PNG/binary_labels_mask_case_id_TCGA-CC-A1HT_1_1_cell_expansion_5_0_threshold_0_8.png,"signal_b50=22382.4, signal_b800=3784.06"
/workspace/binary_PNG/binary_labels_mask_case_id_TCGA-YA-A8S7_0_3_cell_expansion_15_0_threshold_0_8.png,"signal_b50=23145.9, signal_b800=7406.05"
/workspace/binary_PNG/binary_labels_mask_case_id_TCGA-BC-A69I_0_3_cell_expansion_9_0_threshold_0_6.png,"signal_b50=24182, signal_b800=12835.8"
/workspace/binary_PNG/binary_labels_mask_case_id_TCGA-BC-A69I_0_1_cell_expansion_5_0_threshold_0_6.png,"signal_b50=23973.5, signal_b800=11959.3"
/workspace/binary_PNG/binary_labels_mask_case_id_TCGA-CC-5261_1_2_cell_expansion_3_0_threshold_0_4.png,"signal_b50=24175.5, signal_b800=13579.6"
/workspace/binary_PNG/binary_labels_mask_case_id_TCGA-G3-A5SK_3_1_cell_expansion_9_0_threshold_0_8.png,"signal_b50=23768.6, signal_b800=10352.4"
/workspace/binary_PNG/binary_labels_mask_case_id_TCGA-K7-AAU7_2_3_cell_expansion_5_0_threshold_0_5.png,"signal_b50=24063, signal_b800=12887.1"
/workspace/binary_PNG/binary_labels_mask_case_id_TCGA-YA-A8S7_4_3_cell_expansion_13_0_threshold_0_4.png,"signal_b50=22699.2, signal_b800=5108.04"
/workspace/binary_PNG/binary_labels_mask_case_id_TCGA-BC-A69I_4_1_cell_expansion_1_0_threshold_0_5.png,"signal_b50=23042.6, signal_b800=6988.91"
/workspace/binary_PNG/binary_labels_mask_case_id_TCGA-CC-A8HT_1_3_cell_expansion_1_0_threshold_0_6.png,"signal_b50=23267.8, signal_b800=8388.71"
/workspace/binary_PNG/binary_labels_mask_case_id_TCGA-DD-AAED_4_3_cell_expansion_7_0_threshold_0_7.png,"signal_b50=24428.8, signal_b800=14483.4"
/workspace/binary_PNG/binary_labels_mask_case_id_TCGA-CC-5261_4_1_cell_expansion_7_0_threshold_0_5.png,"signal_b50=24779.7, signal_b800=17262.9"
/workspace/binary_PNG/binary_labels_mask_case_id_TCGA-YA-A8S7_2_0_cell_expansion_15_0_threshold_0_7.png,"signal_b50=24470.5, signal_b800=14839.5"
/workspace/binary_PNG/binary_labels_mask_case_id_TCGA-CC-A1HT_0_4_cell_expansion_15_0_threshold_0_8.png,"signal_b50=22620.4, signal_b800=4887.25"
/workspace/binary_PNG/binary_labels_mask_case_id_TCGA-BC-A69I_0_2_cell_expansion_1_0_threshold_0_7.png,"signal_b50=22735.9, signal_b800=5517.3"
/workspace/binary_PNG/binary_labels_mask_case_id_TCGA-CC-A1HT_3_1_cell_expansion_13_0_threshold_0_7.png,"signal_b50=23175.2, signal_b800=7648.12"
/workspace/binary_PNG/binary_labels_mask_case_id_TCGA-CC-A8HT_4_1_cell_expansion_7_0_threshold_0_8.png,"signal_b50=22736.3, signal_b800=5413.96"
/workspace/binary_PNG/binary_labels_mask_case_id_TCGA-CC-A1HT_3_4_cell_expansion_1_0_threshold_0_4.png,"signal_b50=23938.3, signal_b800=12222.5"
/workspace/binary_PNG/binary_labels_mask_case_id_TCGA-CC-A3MA_1_0_cell_expansion_15_0_threshold_0_8.png,"signal_b50=24215, signal_b800=12768.7"
/workspace/binary_PNG/binary_labels_mask_case_id_TCGA-CC-A1HT_2_2_cell_expansion_3_0_threshold_0_4.png,"signal_b50=24411.3, signal_b800=14388.4"
/workspace/binary_PNG/binary_labels_mask_case_id_TCGA-CC-A8HT_4_0_cell_expansion_13_0_threshold_0_7.png,"signal_b50=24281.9, signal_b800=13474.3"
/workspace/binary_PNG/binary_labels_mask_case_id_TCGA-CC-A1HT_4_1_cell_expansion_3_0_threshold_0_8.png,"signal_b50=23236.7, signal_b800=7770.25"
/workspace/binary_PNG/binary_labels_mask_case_id_TCGA-CC-A8HT_0_0_cell_expansion_3_0_threshold_0_7.png,"signal_b50=23849, signal_b800=11575.5"
/workspace/binary_PNG/binary_labels_mask_case_id_TCGA-CC-A8HT_1_1_cell_expansion_9_0_threshold_0_6.png,"signal_b50=24554, signal_b800=15502.3"
/workspace/binary_PNG/binary_labels_mask_case_id_TCGA-BC-A69I_0_3_cell_expansion_9_0_threshold_0_7.png,"signal_b50=23981.3, signal_b800=11630.3"
/workspace/binary_PNG/binary_labels_mask_case_id_TCGA-G3-A7M6_1_0_cell_expansion_13_0_threshold_0_5.png,"signal_b50=24627.9, signal_b800=16143.1"
/workspace/binary_PNG/binary_labels_mask_case_id_TCGA-BC-A69I_1_2_cell_expansion_1_0_threshold_0_6.png,"signal_b50=23310, signal_b800=8303.83"
/workspace/binary_PNG/binary_labels_mask_case_id_TCGA-CC-A1HT_2_4_cell_expansion_1_0_threshold_0_7.png,"signal_b50=23598.6, signal_b800=9771.95"
/workspace/binary_PNG/binary_labels_mask_case_id_TCGA-YA-A8S7_4_0_cell_expansion_5_0_threshold_0_6.png,"signal_b50=24571.4, signal_b800=15746.5"
/workspace/binary_PNG/binary_labels_mask_case_id_TCGA-G3-A7M6_0_4_cell_expansion_11_0_threshold_0_6.png,"signal_b50=24612.9, signal_b800=15740.6"
/workspace/binary_PNG/binary_labels_mask_case_id_TCGA-CC-A8HT_2_3_cell_expansion_9_0_threshold_0_6.png,"signal_b50=24467, signal_b800=15003.6"
/workspace/binary_PNG/binary_labels_mask_case_id_TCGA-K7-AAU7_0_0_cell_expansion_7_0_threshold_0_5.png,"signal_b50=23310.1, signal_b800=8247.25"
/workspace/binary_PNG/binary_labels_mask_case_id_TCGA-BC-A69I_1_3_cell_expansion_3_0_threshold_0_7.png,"signal_b50=23509.4, signal_b800=9447.55"
/workspace/binary_PNG/binary_labels_mask_case_id_TCGA-CC-A1HT_4_1_cell_expansion_13_0_threshold_0_8.png,"signal_b50=24024.9, signal_b800=11715"
/workspace/binary_PNG/binary_labels_mask_case_id_TCGA-DD-AAED_4_3_cell_expansion_3_0_threshold_0_5.png,"signal_b50=24105.3, signal_b800=13005"
/workspace/binary_PNG/binary_labels_mask_case_id_TCGA-CC-A8HT_3_3_cell_expansion_3_0_threshold_0_8.png,"signal_b50=22432.9, signal_b800=3985.04"
/workspace/binary_PNG/binary_labels_mask_case_id_TCGA-G3-A7M6_4_3_cell_expansion_13_0_threshold_0_6.png,"signal_b50=24371.3, signal_b800=14325.7"
/workspace/binary_PNG/binary_labels_mask_case_id_TCGA-CC-A3MA_3_1_cell_expansion_11_0_threshold_0_6.png,"signal_b50=24756.4, signal_b800=17081.4"
/workspace/binary_PNG/binary_labels_mask_case_id_TCGA-K7-AAU7_3_2_cell_expansion_15_0_threshold_0_4.png,"signal_b50=24366.2, signal_b800=14683.2"
/workspace/binary_PNG/binary_labels_mask_case_id_TCGA-DD-AAED_0_3_cell_expansion_13_0_threshold_0_4.png,"signal_b50=24735.9, signal_b800=16715.8"
/workspace/binary_PNG/binary_labels_mask_case_id_TCGA-CC-A8HT_0_0_cell_expansion_7_0_threshold_0_4.png,"signal_b50=24874.1, signal_b800=18058.5"
/workspace/binary_PNG/binary_labels_mask_case_id_TCGA-CC-A8HT_0_3_cell_expansion_3_0_threshold_0_7.png,"signal_b50=23550.5, signal_b800=9708.06"
/workspace/binary_PNG/binary_labels_mask_case_id_TCGA-YA-A8S7_0_1_cell_expansion_5_0_threshold_0_4.png,"signal_b50=24624.5, signal_b800=16269.7"
/workspace/binary_PNG/binary_labels_mask_case_id_TCGA-CC-A3MA_4_2_cell_expansion_7_0_threshold_0_4.png,"signal_b50=24013.2, signal_b800=12510.5"
/workspace/binary_PNG/binary_labels_mask_case_id_TCGA-CC-5261_3_2_cell_expansion_15_0_threshold_0_6.png,"signal_b50=24657, signal_b800=16074.2"
/workspace/binary_PNG/binary_labels_mask_case_id_TCGA-DD-AAED_0_4_cell_expansion_3_0_threshold_0_7.png,"signal_b50=24044.5, signal_b800=12324.1"
/workspace/binary_PNG/binary_labels_mask_case_id_TCGA-BC-A69I_4_0_cell_expansion_9_0_threshold_0_5.png,"signal_b50=24407.3, signal_b800=14253.4"
/workspace/binary_PNG/binary_labels_mask_case_id_TCGA-G3-A5SK_1_3_cell_expansion_13_0_threshold_0_5.png,"signal_b50=24343.2, signal_b800=14306.7"
/workspace/binary_PNG/binary_labels_mask_case_id_TCGA-BC-A69I_3_4_cell_expansion_13_0_threshold_0_8.png,"signal_b50=23939.9, signal_b800=11434.4"
/workspace/binary_PNG/binary_labels_mask_case_id_TCGA-G3-A7M6_3_0_cell_expansion_3_0_threshold_0_4.png,"signal_b50=24022.8, signal_b800=12373.7"
/workspace/binary_PNG/binary_labels_mask_case_id_TCGA-CC-A1HT_4_3_cell_expansion_1_0_threshold_0_6.png,"signal_b50=23753.5, signal_b800=10922"
/workspace/binary_PNG/binary_labels_mask_case_id_TCGA-G3-A7M6_0_3_cell_expansion_5_0_threshold_0_6.png,"signal_b50=24321.4, signal_b800=13961.5"
/workspace/binary_PNG/binary_labels_mask_case_id_TCGA-DD-AAED_4_0_cell_expansion_13_0_threshold_0_4.png,"signal_b50=24727.3, signal_b800=16753.4"
/workspace/binary_PNG/binary_labels_mask_case_id_TCGA-K7-AAU7_3_2_cell_expansion_1_0_threshold_0_5.png,"signal_b50=23174.5, signal_b800=7871.77"
/workspace/binary_PNG/binary_labels_mask_case_id_TCGA-CC-A8HT_0_2_cell_expansion_13_0_threshold_0_8.png,"signal_b50=22893.8, signal_b800=6181.87"
/workspace/binary_PNG/binary_labels_mask_case_id_TCGA-CC-A1HT_3_3_cell_expansion_15_0_threshold_0_7.png,"signal_b50=24692.1, signal_b800=16127.3"
/workspace/binary_PNG/binary_labels_mask_case_id_TCGA-DD-AAED_2_2_cell_expansion_5_0_threshold_0_8.png,"signal_b50=23510.9, signal_b800=9465.89"
/workspace/binary_PNG/binary_labels_mask_case_id_TCGA-CC-A3MA_1_4_cell_expansion_1_0_threshold_0_6.png,"signal_b50=23954.1, signal_b800=12219.9"
/workspace/binary_PNG/binary_labels_mask_case_id_TCGA-CC-A8HT_0_3_cell_expansion_1_0_threshold_0_8.png,"signal_b50=22539, signal_b800=4478.26"
/workspace/binary_PNG/binary_labels_mask_case_id_TCGA-G3-A7M6_0_3_cell_expansion_5_0_threshold_0_5.png,"signal_b50=24371.4, signal_b800=14251"
/workspace/binary_PNG/binary_labels_mask_case_id_TCGA-DD-AAED_3_2_cell_expansion_7_0_threshold_0_7.png,"signal_b50=24716.4, signal_b800=16349.6"
/workspace/binary_PNG/binary_labels_mask_case_id_TCGA-CC-A8HT_3_1_cell_expansion_5_0_threshold_0_8.png,"signal_b50=22908.9, signal_b800=6245.54"
/workspace/binary_PNG/binary_labels_mask_case_id_TCGA-G3-A5SK_1_3_cell_expansion_15_0_threshold_0_6.png,"signal_b50=24332.1, signal_b800=14184.5"
/workspace/binary_PNG/binary_labels_mask_case_id_TCGA-CC-A3MA_4_3_cell_expansion_3_0_threshold_0_7.png,"signal_b50=23851.5, signal_b800=11341.4"
/workspace/binary_PNG/binary_labels_mask_case_id_TCGA-YA-A8S7_3_4_cell_expansion_3_0_threshold_0_6.png,"signal_b50=22331.5, signal_b800=3497.55"
/workspace/binary_PNG/binary_labels_mask_case_id_TCGA-G3-A5SK_0_1_cell_expansion_1_0_threshold_0_4.png,"signal_b50=23370.5, signal_b800=8922.02"
/workspace/binary_PNG/binary_labels_mask_case_id_TCGA-DD-AAED_0_2_cell_expansion_15_0_threshold_0_5.png,"signal_b50=24643.5, signal_b800=16249.7"
/workspace/binary_PNG/binary_labels_mask_case_id_TCGA-CC-5261_4_2_cell_expansion_1_0_threshold_0_4.png,"signal_b50=23862.2, signal_b800=11801.3"
/workspace/binary_PNG/binary_labels_mask_case_id_TCGA-G3-A7M6_2_1_cell_expansion_13_0_threshold_0_4.png,"signal_b50=24776.8, signal_b800=17186.1"
/workspace/binary_PNG/binary_labels_mask_case_id_TCGA-BC-A69I_3_1_cell_expansion_5_0_threshold_0_5.png,"signal_b50=23969.3, signal_b800=11900.3"
/workspace/binary_PNG/binary_labels_mask_case_id_TCGA-K7-AAU7_2_3_cell_expansion_3_0_threshold_0_6.png,"signal_b50=23416.6, signal_b800=9178.41"
/workspace/binary_PNG/binary_labels_mask_case_id_TCGA-YA-A8S7_3_0_cell_expansion_13_0_threshold_0_4.png,"signal_b50=24809.5, signal_b800=17639.5"
/workspace/binary_PNG/binary_labels_mask_case_id_TCGA-G3-A5SK_3_0_cell_expansion_7_0_threshold_0_4.png,"signal_b50=24638.9, signal_b800=16256.7"
/workspace/binary_PNG/binary_labels_mask_case_id_TCGA-CC-A3MA_1_0_cell_expansion_1_0_threshold_0_8.png,"signal_b50=23113.2, signal_b800=7343.34"
/workspace/binary_PNG/binary_labels_mask_case_id_TCGA-CC-5261_2_3_cell_expansion_7_0_threshold_0_8.png,"signal_b50=23614, signal_b800=9552.71"
/workspace/binary_PNG/binary_labels_mask_case_id_TCGA-CC-A1HT_0_0_cell_expansion_7_0_threshold_0_5.png,"signal_b50=24247.6, signal_b800=13924.5"
/workspace/binary_PNG/binary_labels_mask_case_id_TCGA-BC-A69I_1_4_cell_expansion_11_0_threshold_0_4.png,"signal_b50=24348, signal_b800=14234.3"
/workspace/binary_PNG/binary_labels_mask_case_id_TCGA-G3-A7M6_1_0_cell_expansion_13_0_threshold_0_7.png,"signal_b50=24324.8, signal_b800=13894.6"
/workspace/binary_PNG/binary_labels_mask_case_id_TCGA-CC-A8HT_3_4_cell_expansion_7_0_threshold_0_4.png,"signal_b50=24515.5, signal_b800=15559.1"
/workspace/binary_PNG/binary_labels_mask_case_id_TCGA-BC-A69I_0_0_cell_expansion_9_0_threshold_0_5.png,"signal_b50=24230.9, signal_b800=13295.9"
/workspace/binary_PNG/binary_labels_mask_case_id_TCGA-CC-A3MA_4_4_cell_expansion_11_0_threshold_0_6.png,"signal_b50=24453.5, signal_b800=15211.6"
/workspace/binary_PNG/binary_labels_mask_case_id_TCGA-YA-A8S7_1_3_cell_expansion_11_0_threshold_0_8.png,"signal_b50=22981.5, signal_b800=6408.7"
/workspace/binary_PNG/binary_labels_mask_case_id_TCGA-BC-A69I_1_3_cell_expansion_7_0_threshold_0_7.png,"signal_b50=24119.3, signal_b800=12519.2"
/workspace/binary_PNG/binary_labels_mask_case_id_TCGA-CC-A1HT_0_0_cell_expansion_3_0_threshold_0_6.png,"signal_b50=23422.6, signal_b800=9173.84"
/workspace/binary_PNG/binary_labels_mask_case_id_TCGA-CC-A1HT_2_2_cell_expansion_3_0_threshold_0_6.png,"signal_b50=24213.4, signal_b800=13189.5"
/workspace/binary_PNG/binary_labels_mask_case_id_TCGA-YA-A8S7_1_2_cell_expansion_7_0_threshold_0_5.png,"signal_b50=24778.8, signal_b800=17091.4"
/workspace/binary_PNG/binary_labels_mask_case_id_TCGA-CC-A1HT_2_0_cell_expansion_13_0_threshold_0_8.png,"signal_b50=22339.2, signal_b800=3582.85"
/workspace/binary_PNG/binary_labels_mask_case_id_TCGA-DD-AAED_4_3_cell_expansion_13_0_threshold_0_8.png,"signal_b50=24028.9, signal_b800=12139.7"
/workspace/binary_PNG/binary_labels_mask_case_id_TCGA-G3-A5SK_2_1_cell_expansion_7_0_threshold_0_7.png,"signal_b50=24559.6, signal_b800=15450.8"
/workspace/binary_PNG/binary_labels_mask_case_id_TCGA-CC-5261_4_3_cell_expansion_7_0_threshold_0_6.png,"signal_b50=24724.5, signal_b800=16778.2"
/workspace/binary_PNG/binary_labels_mask_case_id_TCGA-BC-A69I_4_2_cell_expansion_11_0_threshold_0_6.png,"signal_b50=24218.9, signal_b800=13012.1"
/workspace/binary_PNG/binary_labels_mask_case_id_TCGA-G3-A7M6_4_3_cell_expansion_15_0_threshold_0_5.png,"signal_b50=24418.1, signal_b800=14635.3"
/workspace/binary_PNG/binary_labels_mask_case_id_TCGA-G3-A7M6_4_4_cell_expansion_1_0_threshold_0_8.png,"signal_b50=22684.1, signal_b800=5270.41"
/workspace/binary_PNG/binary_labels_mask_case_id_TCGA-CC-A1HT_0_0_cell_expansion_13_0_threshold_0_8.png,"signal_b50=22295.6, signal_b800=3345.91"
/workspace/binary_PNG/binary_labels_mask_case_id_TCGA-BC-A69I_1_4_cell_expansion_11_0_threshold_0_6.png,"signal_b50=24268.4, signal_b800=13695.4"
/workspace/binary_PNG/binary_labels_mask_case_id_TCGA-G3-A7M6_4_3_cell_expansion_3_0_threshold_0_8.png,"signal_b50=23247.4, signal_b800=8057.91"
/workspace/binary_PNG/binary_labels_mask_case_id_TCGA-G3-A7M6_2_3_cell_expansion_13_0_threshold_0_6.png,"signal_b50=24473.1, signal_b800=14936.9"
/workspace/binary_PNG/binary_labels_mask_case_id_TCGA-K7-AAU7_0_2_cell_expansion_13_0_threshold_0_7.png,"signal_b50=22567, signal_b800=4598.78"
/workspace/binary_PNG/binary_labels_mask_case_id_TCGA-BC-A69I_1_0_cell_expansion_13_0_threshold_0_8.png,"signal_b50=23566, signal_b800=9403.29"
/workspace/binary_PNG/binary_labels_mask_case_id_TCGA-CC-5261_3_1_cell_expansion_5_0_threshold_0_8.png,"signal_b50=23658, signal_b800=9946.87"
/workspace/binary_PNG/binary_labels_mask_case_id_TCGA-DD-AAED_4_1_cell_expansion_11_0_threshold_0_6.png,"signal_b50=24711.9, signal_b800=16286.5"
/workspace/binary_PNG/binary_labels_mask_case_id_TCGA-G3-A7M6_2_2_cell_expansion_9_0_threshold_0_8.png,"signal_b50=23584.4, signal_b800=9756.88"
/workspace/binary_PNG/binary_labels_mask_case_id_TCGA-G3-A7M6_1_4_cell_expansion_9_0_threshold_0_4.png,"signal_b50=24133.2, signal_b800=13212.9"
/workspace/binary_PNG/binary_labels_mask_case_id_TCGA-CC-5261_3_3_cell_expansion_13_0_threshold_0_8.png,"signal_b50=24128.6, signal_b800=12442.1"
/workspace/binary_PNG/binary_labels_mask_case_id_TCGA-K7-AAU7_2_4_cell_expansion_1_0_threshold_0_8.png,"signal_b50=22468.3, signal_b800=4131.62"
/workspace/binary_PNG/binary_labels_mask_case_id_TCGA-G3-A7M6_4_0_cell_expansion_1_0_threshold_0_8.png,"signal_b50=22382.3, signal_b800=3782.94"
/workspace/binary_PNG/binary_labels_mask_case_id_TCGA-BC-A69I_3_2_cell_expansion_15_0_threshold_0_6.png,"signal_b50=24053.1, signal_b800=12069.1"
/workspace/binary_PNG/binary_labels_mask_case_id_TCGA-CC-A8HT_4_3_cell_expansion_5_0_threshold_0_5.png,"signal_b50=24170.7, signal_b800=13211.2"
/workspace/binary_PNG/binary_labels_mask_case_id_TCGA-G3-A7M6_1_0_cell_expansion_9_0_threshold_0_7.png,"signal_b50=24324.8, signal_b800=13894.6"
/workspace/binary_PNG/binary_labels_mask_case_id_TCGA-CC-A3MA_1_0_cell_expansion_5_0_threshold_0_5.png,"signal_b50=24786.1, signal_b800=17107.3"
/workspace/binary_PNG/binary_labels_mask_case_id_TCGA-CC-A1HT_3_3_cell_expansion_9_0_threshold_0_5.png,"signal_b50=24712.9, signal_b800=16452"
/workspace/binary_PNG/binary_labels_mask_case_id_TCGA-YA-A8S7_3_4_cell_expansion_7_0_threshold_0_4.png,"signal_b50=22357.1, signal_b800=3600.66"
/workspace/binary_PNG/binary_labels_mask_case_id_TCGA-CC-A3MA_2_4_cell_expansion_11_0_threshold_0_7.png,"signal_b50=24604, signal_b800=15487.5"
/workspace/binary_PNG/binary_labels_mask_case_id_TCGA-G3-A5SK_1_3_cell_expansion_9_0_threshold_0_6.png,"signal_b50=24329.1, signal_b800=14170.3"
/workspace/binary_PNG/binary_labels_mask_case_id_TCGA-CC-5261_0_4_cell_expansion_7_0_threshold_0_7.png,"signal_b50=24366.2, signal_b800=14452.7"
/workspace/binary_PNG/binary_labels_mask_case_id_TCGA-YA-A8S7_1_0_cell_expansion_13_0_threshold_0_4.png,"signal_b50=24485.3, signal_b800=14895.6"
/workspace/binary_PNG/binary_labels_mask_case_id_TCGA-K7-AAU7_0_2_cell_expansion_3_0_threshold_0_4.png,"signal_b50=22951.3, signal_b800=6657.05"
/workspace/binary_PNG/binary_labels_mask_case_id_TCGA-BC-A69I_1_3_cell_expansion_3_0_threshold_0_5.png,"signal_b50=23891.6, signal_b800=11576.7"
/workspace/binary_PNG/binary_labels_mask_case_id_TCGA-CC-A8HT_0_2_cell_expansion_1_0_threshold_0_6.png,"signal_b50=23144.9, signal_b800=7650.73"
/workspace/binary_PNG/binary_labels_mask_case_id_TCGA-G3-A5SK_3_2_cell_expansion_15_0_threshold_0_7.png,"signal_b50=24570.5, signal_b800=15561.4"
/workspace/binary_PNG/binary_labels_mask_case_id_TCGA-CC-A8HT_4_0_cell_expansion_13_0_threshold_0_8.png,"signal_b50=23138.1, signal_b800=7291.79"
/workspace/binary_PNG/binary_labels_mask_case_id_TCGA-K7-AAU7_2_3_cell_expansion_13_0_threshold_0_7.png,"signal_b50=23249.9, signal_b800=7811.89"
/workspace/binary_PNG/binary_labels_mask_case_id_TCGA-YA-A8S7_2_0_cell_expansion_15_0_threshold_0_8.png,"signal_b50=23364.9, signal_b800=8132.01"
/workspace/binary_PNG/binary_labels_mask_case_id_TCGA-K7-AAU7_2_3_cell_expansion_9_0_threshold_0_4.png,"signal_b50=24336.2, signal_b800=14515.3"
/workspace/binary_PNG/binary_labels_mask_case_id_TCGA-G3-A7M6_2_3_cell_expansion_3_0_threshold_0_5.png,"signal_b50=23944.4, signal_b800=12057.3"
/workspace/binary_PNG/binary_labels_mask_case_id_TCGA-CC-5261_0_1_cell_expansion_13_0_threshold_0_4.png,"signal_b50=24707.4, signal_b800=16612.2"
/workspace/binary_PNG/binary_labels_mask_case_id_TCGA-G3-A7M6_3_1_cell_expansion_9_0_threshold_0_4.png,"signal_b50=24801.7, signal_b800=17712.7"
/workspace/binary_PNG/binary_labels_mask_case_id_TCGA-CC-A3MA_4_4_cell_expansion_15_0_threshold_0_4.png,"signal_b50=24650.1, signal_b800=16476.1"
/workspace/binary_PNG/binary_labels_mask_case_id_TCGA-CC-A3MA_3_4_cell_expansion_7_0_threshold_0_4.png,"signal_b50=24735.2, signal_b800=16998.8"
/workspace/binary_PNG/binary_labels_mask_case_id_TCGA-K7-AAU7_3_2_cell_expansion_3_0_threshold_0_7.png,"signal_b50=22888.4, signal_b800=6280.25"
/workspace/binary_PNG/binary_labels_mask_case_id_TCGA-G3-A7M6_2_0_cell_expansion_5_0_threshold_0_6.png,"signal_b50=24562, signal_b800=15844.6"
/workspace/binary_PNG/binary_labels_mask_case_id_TCGA-CC-A1HT_2_4_cell_expansion_5_0_threshold_0_4.png,"signal_b50=24753.1, signal_b800=16794.8"
/workspace/binary_PNG/binary_labels_mask_case_id_TCGA-G3-A5SK_4_0_cell_expansion_13_0_threshold_0_6.png,"signal_b50=24276.8, signal_b800=13449.3"
/workspace/binary_PNG/binary_labels_mask_case_id_TCGA-DD-AAED_4_1_cell_expansion_13_0_threshold_0_5.png,"signal_b50=24737.3, signal_b800=16513.7"
/workspace/binary_PNG/binary_labels_mask_case_id_TCGA-CC-5261_1_1_cell_expansion_15_0_threshold_0_6.png,"signal_b50=23836.5, signal_b800=11449.2"
/workspace/binary_PNG/binary_labels_mask_case_id_TCGA-YA-A8S7_4_4_cell_expansion_3_0_threshold_0_4.png,"signal_b50=22526, signal_b800=4336.81"
/workspace/binary_PNG/binary_labels_mask_case_id_TCGA-BC-A69I_0_2_cell_expansion_5_0_threshold_0_4.png,"signal_b50=23629.4, signal_b800=10188.6"
/workspace/binary_PNG/binary_labels_mask_case_id_TCGA-CC-A3MA_2_3_cell_expansion_3_0_threshold_0_6.png,"signal_b50=24609.7, signal_b800=16150.2"
/workspace/binary_PNG/binary_labels_mask_case_id_TCGA-K7-AAU7_1_2_cell_expansion_5_0_threshold_0_4.png,"signal_b50=24251.4, signal_b800=13966.9"
/workspace/binary_PNG/binary_labels_mask_case_id_TCGA-CC-A8HT_0_0_cell_expansion_7_0_threshold_0_7.png,"signal_b50=24459.4, signal_b800=14962.3"
/workspace/binary_PNG/binary_labels_mask_case_id_TCGA-YA-A8S7_4_2_cell_expansion_5_0_threshold_0_5.png,"signal_b50=23007.5, signal_b800=6776.13"
/workspace/binary_PNG/binary_labels_mask_case_id_TCGA-YA-A8S7_3_2_cell_expansion_11_0_threshold_0_7.png,"signal_b50=24549.9, signal_b800=15558.8"
/workspace/binary_PNG/binary_labels_mask_case_id_TCGA-CC-A3MA_0_2_cell_expansion_5_0_threshold_0_6.png,"signal_b50=24817.3, signal_b800=17525.2"
/workspace/binary_PNG/binary_labels_mask_case_id_TCGA-K7-AAU7_0_3_cell_expansion_1_0_threshold_0_7.png,"signal_b50=22610.3, signal_b800=4853.66"
/workspace/binary_PNG/binary_labels_mask_case_id_TCGA-G3-A5SK_0_1_cell_expansion_13_0_threshold_0_6.png,"signal_b50=24453.6, signal_b800=14899.7"
/workspace/binary_PNG/binary_labels_mask_case_id_TCGA-CC-A8HT_4_3_cell_expansion_3_0_threshold_0_6.png,"signal_b50=23590.7, signal_b800=9883.84"
/workspace/binary_PNG/binary_labels_mask_case_id_TCGA-K7-AAU7_2_4_cell_expansion_13_0_threshold_0_5.png,"signal_b50=23776.9, signal_b800=10693.9"
/workspace/binary_PNG/binary_labels_mask_case_id_TCGA-CC-A1HT_4_0_cell_expansion_7_0_threshold_0_8.png,"signal_b50=23061.9, signal_b800=6989.02"
/workspace/binary_PNG/binary_labels_mask_case_id_TCGA-CC-A1HT_4_2_cell_expansion_3_0_threshold_0_6.png,"signal_b50=24118.6, signal_b800=12936"
/workspace/binary_PNG/binary_labels_mask_case_id_TCGA-G3-A7M6_4_2_cell_expansion_9_0_threshold_0_8.png,"signal_b50=22723.3, signal_b800=5456.76"
/workspace/binary_PNG/binary_labels_mask_case_id_TCGA-K7-AAU7_0_3_cell_expansion_15_0_threshold_0_5.png,"signal_b50=24244.5, signal_b800=13854.3"
/workspace/binary_PNG/binary_labels_mask_case_id_TCGA-G3-A5SK_0_0_cell_expansion_11_0_threshold_0_4.png,"signal_b50=24626.1, signal_b800=16367.7"
/workspace/binary_PNG/binary_labels_mask_case_id_TCGA-CC-A1HT_0_3_cell_expansion_13_0_threshold_0_4.png,"signal_b50=24735.7, signal_b800=16783.3"
/workspace/binary_PNG/binary_labels_mask_case_id_TCGA-BC-A69I_2_1_cell_expansion_1_0_threshold_0_8.png,"signal_b50=22794.1, signal_b800=5892.89"
/workspace/binary_PNG/binary_labels_mask_case_id_TCGA-G3-A5SK_1_4_cell_expansion_3_0_threshold_0_6.png,"signal_b50=23965, signal_b800=12156"
/workspace/binary_PNG/binary_labels_mask_case_id_TCGA-CC-A8HT_3_1_cell_expansion_13_0_threshold_0_4.png,"signal_b50=24422.6, signal_b800=14558.8"
/workspace/binary_PNG/binary_labels_mask_case_id_TCGA-YA-A8S7_0_1_cell_expansion_1_0_threshold_0_5.png,"signal_b50=23620.5, signal_b800=10273.3"
/workspace/binary_PNG/binary_labels_mask_case_id_TCGA-DD-AAED_1_4_cell_expansion_15_0_threshold_0_8.png,"signal_b50=24178.7, signal_b800=12808.6"
/workspace/binary_PNG/binary_labels_mask_case_id_TCGA-K7-AAU7_2_0_cell_expansion_11_0_threshold_0_5.png,"signal_b50=22730.1, signal_b800=5332.01"
/workspace/binary_PNG/binary_labels_mask_case_id_TCGA-YA-A8S7_2_3_cell_expansion_11_0_threshold_0_5.png,"signal_b50=23544.5, signal_b800=9394.83"
/workspace/binary_PNG/binary_labels_mask_case_id_TCGA-CC-A3MA_2_2_cell_expansion_5_0_threshold_0_8.png,"signal_b50=23713, signal_b800=10244"
/workspace/binary_PNG/binary_labels_mask_case_id_TCGA-G3-A5SK_0_4_cell_expansion_1_0_threshold_0_8.png,"signal_b50=22681, signal_b800=5182.37"
/workspace/binary_PNG/binary_labels_mask_case_id_TCGA-CC-A8HT_3_0_cell_expansion_11_0_threshold_0_8.png,"signal_b50=23497.6, signal_b800=9080.48"
/workspace/binary_PNG/binary_labels_mask_case_id_TCGA-CC-A3MA_2_4_cell_expansion_11_0_threshold_0_4.png,"signal_b50=24880, signal_b800=17965.9"
/workspace/binary_PNG/binary_labels_mask_case_id_TCGA-CC-A1HT_4_1_cell_expansion_1_0_threshold_0_4.png,"signal_b50=23855.5, signal_b800=11672.5"
/workspace/binary_PNG/binary_labels_mask_case_id_TCGA-YA-A8S7_3_1_cell_expansion_5_0_threshold_0_7.png,"signal_b50=23931.5, signal_b800=11474.6"
/workspace/binary_PNG/binary_labels_mask_case_id_TCGA-CC-A3MA_0_3_cell_expansion_9_0_threshold_0_4.png,"signal_b50=24872.5, signal_b800=17830.8"
/workspace/binary_PNG/binary_labels_mask_case_id_TCGA-CC-A3MA_4_4_cell_expansion_5_0_threshold_0_6.png,"signal_b50=24261.2, signal_b800=14140.3"
/workspace/binary_PNG/binary_labels_mask_case_id_TCGA-G3-A5SK_0_2_cell_expansion_5_0_threshold_0_4.png,"signal_b50=24261.9, signal_b800=13726.1"
/workspace/binary_PNG/binary_labels_mask_case_id_TCGA-CC-A3MA_3_1_cell_expansion_1_0_threshold_0_8.png,"signal_b50=22417.6, signal_b800=3926.73"
/workspace/binary_PNG/binary_labels_mask_case_id_TCGA-DD-AAED_0_3_cell_expansion_7_0_threshold_0_6.png,"signal_b50=24583.1, signal_b800=15600"
/workspace/binary_PNG/binary_labels_mask_case_id_TCGA-G3-A7M6_3_1_cell_expansion_7_0_threshold_0_6.png,"signal_b50=24732.5, signal_b800=16982.7"
/workspace/binary_PNG/binary_labels_mask_case_id_TCGA-BC-A69I_1_2_cell_expansion_11_0_threshold_0_8.png,"signal_b50=23742.9, signal_b800=10289.4"
/workspace/binary_PNG/binary_labels_mask_case_id_TCGA-CC-5261_1_0_cell_expansion_1_0_threshold_0_8.png,"signal_b50=22700.8, signal_b800=5319.22"
/workspace/binary_PNG/binary_labels_mask_case_id_TCGA-CC-A1HT_4_0_cell_expansion_9_0_threshold_0_4.png,"signal_b50=24711.7, signal_b800=16785.6"
/workspace/binary_PNG/binary_labels_mask_case_id_TCGA-G3-A5SK_0_4_cell_expansion_13_0_threshold_0_4.png,"signal_b50=24307.2, signal_b800=13822.3"
/workspace/binary_PNG/binary_labels_mask_case_id_TCGA-YA-A8S7_4_4_cell_expansion_9_0_threshold_0_8.png,"signal_b50=22295.6, signal_b800=3345.91"
/workspace/binary_PNG/binary_labels_mask_case_id_TCGA-CC-A1HT_3_4_cell_expansion_5_0_threshold_0_8.png,"signal_b50=22885.6, signal_b800=6235.21"
/workspace/binary_PNG/binary_labels_mask_case_id_TCGA-G3-A7M6_3_4_cell_expansion_9_0_threshold_0_8.png,"signal_b50=23922.7, signal_b800=11532.5"
/workspace/binary_PNG/binary_labels_mask_case_id_TCGA-G3-A5SK_1_4_cell_expansion_1_0_threshold_0_5.png,"signal_b50=23296.5, signal_b800=8552.26"
/workspace/binary_PNG/binary_labels_mask_case_id_TCGA-CC-5261_0_0_cell_expansion_15_0_threshold_0_6.png,"signal_b50=24714.7, signal_b800=16620.1"
/workspace/binary_PNG/binary_labels_mask_case_id_TCGA-K7-AAU7_0_1_cell_expansion_1_0_threshold_0_5.png,"signal_b50=22647.9, signal_b800=5118.79"
/workspace/binary_PNG/binary_labels_mask_case_id_TCGA-CC-A1HT_3_0_cell_expansion_1_0_threshold_0_5.png,"signal_b50=23588.5, signal_b800=10182.8"
/workspace/binary_PNG/binary_labels_mask_case_id_TCGA-BC-A69I_0_0_cell_expansion_7_0_threshold_0_6.png,"signal_b50=24032.1, signal_b800=12141.2"
/workspace/binary_PNG/binary_labels_mask_case_id_TCGA-G3-A5SK_4_1_cell_expansion_11_0_threshold_0_8.png,"signal_b50=23636.7, signal_b800=9772.77"
/workspace/binary_PNG/binary_labels_mask_case_id_TCGA-G3-A7M6_3_0_cell_expansion_7_0_threshold_0_4.png,"signal_b50=24651.9, signal_b800=16082.6"
/workspace/binary_PNG/binary_labels_mask_case_id_TCGA-G3-A5SK_2_3_cell_expansion_11_0_threshold_0_5.png,"signal_b50=24487.6, signal_b800=15233.8"
/workspace/binary_PNG/binary_labels_mask_case_id_TCGA-CC-A8HT_2_2_cell_expansion_11_0_threshold_0_8.png,"signal_b50=22683.8, signal_b800=5098.92"
/workspace/binary_PNG/binary_labels_mask_case_id_TCGA-YA-A8S7_1_1_cell_expansion_5_0_threshold_0_7.png,"signal_b50=24187.9, signal_b800=13140.2"
/workspace/binary_PNG/binary_labels_mask_case_id_TCGA-K7-AAU7_1_1_cell_expansion_9_0_threshold_0_5.png,"signal_b50=24404.1, signal_b800=14826.3"
/workspace/binary_PNG/binary_labels_mask_case_id_TCGA-CC-A1HT_4_4_cell_expansion_3_0_threshold_0_5.png,"signal_b50=23894.2, signal_b800=11786.4"
/workspace/binary_PNG/binary_labels_mask_case_id_TCGA-DD-AAED_0_4_cell_expansion_15_0_threshold_0_5.png,"signal_b50=24656.5, signal_b800=15862.4"
/workspace/binary_PNG/binary_labels_mask_case_id_TCGA-K7-AAU7_3_0_cell_expansion_3_0_threshold_0_5.png,"signal_b50=23754.5, signal_b800=11058.3"
/workspace/binary_PNG/binary_labels_mask_case_id_TCGA-DD-AAED_0_0_cell_expansion_1_0_threshold_0_5.png,"signal_b50=23617.3, signal_b800=10261.9"
/workspace/binary_PNG/binary_labels_mask_case_id_TCGA-CC-A3MA_3_1_cell_expansion_5_0_threshold_0_5.png,"signal_b50=24774.8, signal_b800=17518.9"
/workspace/binary_PNG/binary_labels_mask_case_id_TCGA-DD-AAED_0_0_cell_expansion_5_0_threshold_0_4.png,"signal_b50=24673.9, signal_b800=16392.3"
/workspace/binary_PNG/binary_labels_mask_case_id_TCGA-K7-AAU7_3_1_cell_expansion_5_0_threshold_0_7.png,"signal_b50=22797.7, signal_b800=5740.41"
/workspace/binary_PNG/binary_labels_mask_case_id_TCGA-CC-A3MA_2_0_cell_expansion_1_0_threshold_0_5.png,"signal_b50=23970.1, signal_b800=12175.2"
/workspace/binary_PNG/binary_labels_mask_case_id_TCGA-K7-AAU7_0_0_cell_expansion_5_0_threshold_0_7.png,"signal_b50=22616.5, signal_b800=4815.23"
/workspace/binary_PNG/binary_labels_mask_case_id_TCGA-G3-A7M6_1_0_cell_expansion_13_0_threshold_0_8.png,"signal_b50=23957, signal_b800=11678.6"
/workspace/binary_PNG/binary_labels_mask_case_id_TCGA-DD-AAED_0_2_cell_expansion_1_0_threshold_0_7.png,"signal_b50=23475.9, signal_b800=9545.67"
/workspace/binary_PNG/binary_labels_mask_case_id_TCGA-CC-A3MA_1_2_cell_expansion_15_0_threshold_0_6.png,"signal_b50=24813.4, signal_b800=17225.2"
/workspace/binary_PNG/binary_labels_mask_case_id_TCGA-BC-A69I_0_4_cell_expansion_1_0_threshold_0_8.png,"signal_b50=22699.6, signal_b800=5322.48"
/workspace/binary_PNG/binary_labels_mask_case_id_TCGA-G3-A7M6_3_0_cell_expansion_13_0_threshold_0_4.png,"signal_b50=24672.1, signal_b800=16215.8"
/workspace/binary_PNG/binary_labels_mask_case_id_TCGA-DD-AAED_2_1_cell_expansion_3_0_threshold_0_7.png,"signal_b50=24146.5, signal_b800=13107.7"
/workspace/binary_PNG/binary_labels_mask_case_id_TCGA-CC-A1HT_0_2_cell_expansion_15_0_threshold_0_4.png,"signal_b50=24137.9, signal_b800=13223.8"
/workspace/binary_PNG/binary_labels_mask_case_id_TCGA-K7-AAU7_0_2_cell_expansion_11_0_threshold_0_7.png,"signal_b50=22567, signal_b800=4598.78"
/workspace/binary_PNG/binary_labels_mask_case_id_TCGA-YA-A8S7_3_3_cell_expansion_7_0_threshold_0_5.png,"signal_b50=22764.1, signal_b800=5556.76"
/workspace/binary_PNG/binary_labels_mask_case_id_TCGA-CC-A8HT_3_3_cell_expansion_3_0_threshold_0_7.png,"signal_b50=23326.2, signal_b800=8545.91"
/workspace/binary_PNG/binary_labels_mask_case_id_TCGA-K7-AAU7_2_0_cell_expansion_7_0_threshold_0_5.png,"signal_b50=22688.9, signal_b800=5154.68"
/workspace/binary_PNG/binary_labels_mask_case_id_TCGA-DD-AAED_3_3_cell_expansion_3_0_threshold_0_4.png,"signal_b50=24636.5, signal_b800=16352.8"
/workspace/binary_PNG/binary_labels_mask_case_id_TCGA-CC-A8HT_3_4_cell_expansion_5_0_threshold_0_4.png,"signal_b50=24432.8, signal_b800=15073.1"
/workspace/binary_PNG/binary_labels_mask_case_id_TCGA-CC-A3MA_4_4_cell_expansion_13_0_threshold_0_5.png,"signal_b50=24582.6, signal_b800=16021.3"
/workspace/binary_PNG/binary_labels_mask_case_id_TCGA-CC-5261_3_4_cell_expansion_9_0_threshold_0_4.png,"signal_b50=24779.9, signal_b800=17012"
/workspace/binary_PNG/binary_labels_mask_case_id_TCGA-K7-AAU7_4_0_cell_expansion_3_0_threshold_0_7.png,"signal_b50=23120, signal_b800=7424.61"
/workspace/binary_PNG/binary_labels_mask_case_id_TCGA-CC-5261_1_2_cell_expansion_9_0_threshold_0_7.png,"signal_b50=24386.9, signal_b800=14241.2"
/workspace/binary_PNG/binary_labels_mask_case_id_TCGA-CC-5261_2_4_cell_expansion_7_0_threshold_0_8.png,"signal_b50=24133.9, signal_b800=12629.2"
/workspace/binary_PNG/binary_labels_mask_case_id_TCGA-K7-AAU7_1_1_cell_expansion_5_0_threshold_0_4.png,"signal_b50=24497.6, signal_b800=15622.7"
/workspace/binary_PNG/binary_labels_mask_case_id_TCGA-CC-5261_1_4_cell_expansion_3_0_threshold_0_6.png,"signal_b50=24039, signal_b800=12622.5"
/workspace/binary_PNG/binary_labels_mask_case_id_TCGA-CC-A3MA_0_4_cell_expansion_9_0_threshold_0_8.png,"signal_b50=22769, signal_b800=5525.7"
/workspace/binary_PNG/binary_labels_mask_case_id_TCGA-DD-AAED_1_3_cell_expansion_11_0_threshold_0_7.png,"signal_b50=24621.3, signal_b800=15702.7"
/workspace/binary_PNG/binary_labels_mask_case_id_TCGA-CC-A8HT_2_1_cell_expansion_5_0_threshold_0_5.png,"signal_b50=24775.5, signal_b800=17405.5"
/workspace/binary_PNG/binary_labels_mask_case_id_TCGA-G3-A7M6_1_0_cell_expansion_13_0_threshold_0_6.png,"signal_b50=24555.9, signal_b800=15591.5"
/workspace/binary_PNG/binary_labels_mask_case_id_TCGA-BC-A69I_2_2_cell_expansion_3_0_threshold_0_7.png,"signal_b50=23375.8, signal_b800=8593.46"
/workspace/binary_PNG/binary_labels_mask_case_id_TCGA-G3-A7M6_2_0_cell_expansion_1_0_threshold_0_8.png,"signal_b50=22849.5, signal_b800=6154.34"
/workspace/binary_PNG/binary_labels_mask_case_id_TCGA-K7-AAU7_3_3_cell_expansion_11_0_threshold_0_4.png,"signal_b50=24362.2, signal_b800=14335.8"
/workspace/binary_PNG/binary_labels_mask_case_id_TCGA-BC-A69I_0_4_cell_expansion_13_0_threshold_0_6.png,"signal_b50=24547.3, signal_b800=15073.2"
/workspace/binary_PNG/binary_labels_mask_case_id_TCGA-CC-A3MA_1_1_cell_expansion_7_0_threshold_0_7.png,"signal_b50=24107.7, signal_b800=12494.6"
/workspace/binary_PNG/binary_labels_mask_case_id_TCGA-CC-A3MA_3_1_cell_expansion_7_0_threshold_0_5.png,"signal_b50=24840, signal_b800=17892.8"
/workspace/binary_PNG/binary_labels_mask_case_id_TCGA-DD-AAED_3_2_cell_expansion_15_0_threshold_0_7.png,"signal_b50=24714.9, signal_b800=16309.5"
/workspace/binary_PNG/binary_labels_mask_case_id_TCGA-CC-A8HT_4_3_cell_expansion_3_0_threshold_0_7.png,"signal_b50=23265.7, signal_b800=8071.04"
/workspace/binary_PNG/binary_labels_mask_case_id_TCGA-CC-A8HT_4_0_cell_expansion_1_0_threshold_0_5.png,"signal_b50=23345.9, signal_b800=8692.24"
