step	loss	lr	ts
50	0.6989613771438599	2.5e-06	1764287064
100	0.3057411313056946	5e-06	1764287070
150	0.3225253224372864	7.5e-06	1764287077
200	0.17702816426753998	1e-05	1764287083
250	0.19142594933509827	1.25e-05	1764287091
300	0.1912343055009842	1.5e-05	1764287098
350	0.14713376760482788	1.75e-05	1764287105
400	0.18939413130283356	2e-05	1764287111
450	0.19408173859119415	2.25e-05	1764287119
500	0.1665041744709015	2.5e-05	1764287125
550	0.17266878485679626	2.7500000000000004e-05	1764287132
600	0.13579589128494263	3e-05	1764287139
650	0.12940683960914612	3.2500000000000004e-05	1764287146
700	0.2155103236436844	3.5e-05	1764287153
750	0.07521197199821472	3.7500000000000003e-05	1764287160
800	0.2479642629623413	4e-05	1764287168
850	0.1996544897556305	4.25e-05	1764287174
900	0.13459843397140503	4.5e-05	1764287181
950	0.1385798454284668	4.75e-05	1764287188
1000	0.23040449619293213	5e-05	1764287195
1050	0.14457140862941742	4.999996853126489e-05	1764287202
1100	0.18050840497016907	4.999987412513878e-05	1764287208
1150	0.17120671272277832	4.999971678185933e-05	1764287214
1200	0.128485769033432	4.999949650182266e-05	1764287220
1250	0.17503252625465393	4.999921328558333e-05	1764287227
1300	0.12292496860027313	4.999886713385432e-05	1764287233
1350	0.16765502095222473	4.999845804750709e-05	1764287239
1400	0.13634338974952698	4.9997986027571485e-05	1764287246
1450	0.11808861792087555	4.9997451075235834e-05	1764287252
1500	0.11631207168102264	4.9996853191846885e-05	1764287258
1550	0.15404759347438812	4.9996192378909786e-05	1764287264
1600	0.1268884241580963	4.999546863808815e-05	1764287271
1650	0.05835229903459549	4.9994681971203985e-05	1764287278
1700	0.18140888214111328	4.9993832380237735e-05	1764287285
1750	0.16035233438014984	4.999291986732823e-05	1764287291
1800	0.11073969304561615	4.9991944434772734e-05	1764287298
1850	0.1292019486427307	4.999090608502688e-05	1764287305
1900	0.17501187324523926	4.9989804820704735e-05	1764287312
1950	0.10932950675487518	4.998864064457871e-05	1764287319
2000	0.1372503638267517	4.9987413559579636e-05	1764287325
2050	0.1544177234172821	4.998612356879667e-05	1764287331
2100	0.1747722029685974	4.99847706754774e-05	1764287338
2150	0.11168821156024933	4.99833548830277e-05	1764287345
2200	0.12269239127635956	4.9981876195011844e-05	1764287351
2250	0.12040325999259949	4.998033461515242e-05	1764287358
2300	0.08127869665622711	4.9978730147330355e-05	1764287365
2350	0.09166184067726135	4.9977062795584893e-05	1764287372
2400	0.19014498591423035	4.99753325641136e-05	1764287379
2450	0.1191897988319397	4.997353945727232e-05	1764287385
2500	0.08295119553804398	4.99716834795752e-05	1764287392
2550	0.14203312993049622	4.996976463569467e-05	1764287399
2600	0.07462829351425171	4.996778293046141e-05	1764287406
2650	0.14404095709323883	4.996573836886435e-05	1764287413
2700	0.15934884548187256	4.996363095605069e-05	1764287420
2750	0.1272525042295456	4.996146069732583e-05	1764287427
2800	0.12192876636981964	4.995922759815339e-05	1764287433
2850	0.11685310304164886	4.995693166415521e-05	1764287440
2900	0.1002027615904808	4.9954572901111286e-05	1764287447
2950	0.11938835680484772	4.995215131495981e-05	1764287455
3000	0.10176930576562881	4.994966691179711e-05	1764287462
3050	0.08813490718603134	4.994711969787769e-05	1764287469
3100	0.1153106763958931	4.994450967961413e-05	1764287476
3150	0.10070520639419556	4.994183686357717e-05	1764287483
3200	0.21098777651786804	4.993910125649561e-05	1764287490
3250	0.1320277452468872	4.993630286525634e-05	1764287497
3300	0.08868522942066193	4.993344169690431e-05	1764287504
3350	0.08897871524095535	4.9930517758642503e-05	1764287511
3400	0.2214653193950653	4.992753105783194e-05	1764287518
3450	0.14677250385284424	4.992448160199162e-05	1764287525
3500	0.11892476677894592	4.992136939879856e-05	1764287532
3550	0.13377797603607178	4.991819445608772e-05	1764287539
3600	0.11322371661663055	4.991495678185202e-05	1764287547
3650	0.1629558950662613	4.991165638424229e-05	1764287553
3700	0.15339295566082	4.9908293271567286e-05	1764287561
3750	0.17333796620368958	4.990486745229364e-05	1764287568
3800	0.07689721137285233	4.990137893504585e-05	1764287574
3850	0.15667696297168732	4.989782772860624e-05	1764287581
3900	0.10782663524150848	4.989421384191499e-05	1764287588
3950	0.14666548371315002	4.9890537284070037e-05	1764287595
4000	0.08539333939552307	4.988679806432712e-05	1764287602
4050	0.09079112112522125	4.988299619209972e-05	1764287609
4100	0.11738849431276321	4.987913167695904e-05	1764287615
4150	0.13835236430168152	4.987520452863399e-05	1764287622
4200	0.17062997817993164	4.9871214757011176e-05	1764287629
4250	0.10118748992681503	4.986716237213484e-05	1764287636
4300	0.14695245027542114	4.9863047384206835e-05	1764287643
4350	0.10485595464706421	4.985886980358666e-05	1764287649
4400	0.07014723122119904	4.985462964079137e-05	1764287656
4450	0.06793688237667084	4.985032690649556e-05	1764287663
4500	0.15139448642730713	4.984596161153136e-05	1764287670
4550	0.07811195403337479	4.9841533766888395e-05	1764287677
4600	0.12793171405792236	4.9837043383713753e-05	1764287684
4650	0.08685395866632462	4.983249047331199e-05	1764287690
4700	0.09279579669237137	4.982787504714503e-05	1764287697
4750	0.10379970818758011	4.982319711683221e-05	1764287704
4800	0.07277388125658035	4.981845669415022e-05	1764287711
4850	0.0967058539390564	4.9813653791033057e-05	1764287718
4900	0.0904797613620758	4.980878841957203e-05	1764287725
4950	0.05582132935523987	4.9803860592015704e-05	1764287732
5000	0.12955275177955627	4.9798870320769886e-05	1764287738
5050	0.11593062430620193	4.979381761839757e-05	1764287745
5100	0.15497055649757385	4.978870249761893e-05	1764287752
5150	0.11628393828868866	4.978352497131128e-05	1764287759
5200	0.0718570426106453	4.977828505250903e-05	1764287766
5250	0.09508310258388519	4.977298275440368e-05	1764287773
5300	0.09137699007987976	4.9767618090343745e-05	1764287780
5350	0.09677976369857788	4.9762191073834776e-05	1764287787
5400	0.08069045096635818	4.975670171853926e-05	1764287794
5450	0.08168389648199081	4.975115003827666e-05	1764287800
5500	0.07166681438684464	4.9745536047023324e-05	1764287807
5550	0.11365087330341339	4.973985975891245e-05	1764287814
5600	0.05281297490000725	4.973412118823412e-05	1764287821
5650	0.09571617841720581	4.972832034943514e-05	1764287828
5700	0.08418057858943939	4.972245725711914e-05	1764287835
5750	0.10491667687892914	4.9716531926046446e-05	1764287842
5800	0.09665161371231079	4.971054437113406e-05	1764287849
5850	0.08671151101589203	4.970449460745566e-05	1764287856
5900	0.040343910455703735	4.969838265024151e-05	1764287863
5950	0.09124410897493362	4.9692208514878444e-05	1764287870
6000	0.06816825270652771	4.968597221690986e-05	1764287877
6050	0.09599073976278305	4.9679673772035624e-05	1764287884
6100	0.06877630203962326	4.967331319611206e-05	1764287890
6150	0.18922221660614014	4.9666890505151906e-05	1764287897
6200	0.06306397914886475	4.96604057153243e-05	1764287904
6250	0.054158374667167664	4.965385884295467e-05	1764287911
6300	0.06945358961820602	4.964724990452476e-05	1764287918
6350	0.03650598227977753	4.964057891667259e-05	1764287924
6400	0.054618850350379944	4.963384589619233e-05	1764287931
6450	0.09675219655036926	4.962705086003437e-05	1764287938
6500	0.071259044110775	4.962019382530521e-05	1764287945
6550	0.08889146149158478	4.9613274809267404e-05	1764287952
6600	0.08884716033935547	4.9606293829339595e-05	1764287958
6650	0.06518219411373138	4.959925090309637e-05	1764287965
6700	0.07690586894750595	4.959214604826831e-05	1764287972
6750	0.09012646973133087	4.958497928274185e-05	1764287979
6800	0.08421347290277481	4.957775062455933e-05	1764287986
6850	0.0797513872385025	4.957046009191889e-05	1764287993
6900	0.09806246310472488	4.9563107703174436e-05	1764287999
6950	0.09323593974113464	4.9555693476835597e-05	1764288006
7000	0.05539339408278465	4.9548217431567665e-05	1764288013
7050	0.08366168290376663	4.9540679586191605e-05	1764288020
7100	0.037627194076776505	4.95330799596839e-05	1764288027
7150	0.07531220465898514	4.952541857117663e-05	1764288034
7200	0.04540267586708069	4.951769543995731e-05	1764288041
7250	0.048635613173246384	4.950991058546893e-05	1764288048
7300	0.06560033559799194	4.9502064027309836e-05	1764288055
7350	0.18599611520767212	4.9494155785233743e-05	1764288061
7400	0.03994722664356232	4.948618587914963e-05	1764288068
7450	0.10744467377662659	4.947815432912174e-05	1764288074
7500	0.07888643443584442	4.947006115536947e-05	1764288081
7550	0.07024899870157242	4.946190637826739e-05	1764288088
7600	0.07031996548175812	4.9453690018345144e-05	1764288095
7650	0.039367541670799255	4.9445412096287404e-05	1764288102
7700	0.054654378443956375	4.9437072632933814e-05	1764288109
7750	0.13172823190689087	4.942867164927899e-05	1764288116
7800	0.06665059924125671	4.942020916647238e-05	1764288122
7850	0.0863247886300087	4.941168520581828e-05	1764288129
7900	0.06701101362705231	4.9403099788775754e-05	1764288136
7950	0.04919310659170151	4.939445293695857e-05	1764288143
8000	0.040521468967199326	4.938574467213518e-05	1764288150
8050	0.06045423075556755	4.937697501622862e-05	1764288156
8100	0.056499265134334564	4.936814399131648e-05	1764288163
8150	0.04789895564317703	4.9359251619630886e-05	1764288170
8200	0.05761417746543884	4.935029792355834e-05	1764288177
8250	0.15177342295646667	4.934128292563978e-05	1764288184
8300	0.06447864323854446	4.933220664857044e-05	1764288191
8350	0.080575130879879	4.9323069115199846e-05	1764288197
8400	0.061656154692173004	4.931387034853173e-05	1764288204
8450	0.05084127560257912	4.930461037172397e-05	1764288211
8500	0.0657348707318306	4.929528920808854e-05	1764288218
8550	0.037951502948999405	4.9285906881091476e-05	1764288225
8600	0.032384101301431656	4.9276463414352757e-05	1764288232
8650	0.06677176803350449	4.9266958831646315e-05	1764288239
8700	0.05965157970786095	4.925739315689991e-05	1764288246
8750	0.04866056889295578	4.924776641419513e-05	1764288253
8800	0.038106519728899	4.923807862776728e-05	1764288260
8850	0.0713929682970047	4.922832982200536e-05	1764288267
8900	0.03966217488050461	4.921852002145196e-05	1764288274
8950	0.026460006833076477	4.920864925080326e-05	1764288281
9000	0.06555405259132385	4.919871753490891e-05	1764288288
9050	0.05022414028644562	4.918872489877198e-05	1764288294
9100	0.045393142849206924	4.917867136754893e-05	1764288301
9150	0.04896409809589386	4.9168556966549515e-05	1764288308
9200	0.05874330550432205	4.915838172123671e-05	1764288315
9250	0.06049637496471405	4.914814565722671e-05	1764288322
9300	0.025368455797433853	4.913784880028878e-05	1764288329
9350	0.05778293311595917	4.912749117634523e-05	1764288336
9400	0.029341604560613632	4.91170728114714e-05	1764288343
9450	0.09561143815517426	4.910659373189548e-05	1764288350
9500	0.04067292809486389	4.909605396399856e-05	1764288356
9550	0.03331851586699486	4.9085453534314476e-05	1764288363
9600	0.0373416431248188	4.9074792469529815e-05	1764288370
9650	0.054537802934646606	4.9064070796483784e-05	1764288377
9700	0.02998693287372589	4.9053288542168185e-05	1764288384
9750	0.04002145305275917	4.904244573372733e-05	1764288391
9800	0.025653351098299026	4.9031542398457974e-05	1764288398
9850	0.06154513359069824	4.9020578563809256e-05	1764288405
9900	0.05560149624943733	4.9009554257382616e-05	1764288412
9950	0.026022911071777344	4.8998469506931726e-05	1764288418
10000	0.08530125021934509	4.898732434036244e-05	1764288425
10050	0.03955341875553131	4.8976118785732695e-05	1764288434
10100	0.04544214904308319	4.896485287125246e-05	1764288441
10150	0.09707344323396683	4.8953526625283675e-05	1764288448
10200	0.03682158142328262	4.8942140076340135e-05	1764288455
10250	0.0589916855096817	4.8930693253087464e-05	1764288462
10300	0.08158226311206818	4.8919186184343046e-05	1764288469
10350	0.04573675990104675	4.890761889907589e-05	1764288476
10400	0.08362455666065216	4.889599142640663e-05	1764288483
10450	0.04206191748380661	4.888430379560742e-05	1764288490
10500	0.025102026760578156	4.887255603610185e-05	1764288497
10550	0.027405939996242523	4.886074817746489e-05	1764288504
10600	0.03140401840209961	4.8848880249422815e-05	1764288511
10650	0.09017722308635712	4.883695228185312e-05	1764288518
10700	0.056907739490270615	4.8824964304784446e-05	1764288525
10750	0.0553947314620018	4.8812916348396515e-05	1764288532
10800	0.06738650053739548	4.880080844302004e-05	1764288539
10850	0.040465809404850006	4.878864061913665e-05	1764288546
10900	0.047641169279813766	4.877641290737884e-05	1764288553
10950	0.07756181061267853	4.8764125338529854e-05	1764288560
11000	0.05777565389871597	4.8751777943523634e-05	1764288567
11050	0.031061334535479546	4.873937075344474e-05	1764288574
11100	0.04218682274222374	4.8726903799528234e-05	1764288581
11150	0.029726602137088776	4.8714377113159684e-05	1764288588
11200	0.046477168798446655	4.870179072587499e-05	1764288595
11250	0.05054100602865219	4.8689144669360375e-05	1764288602
11300	0.03023342415690422	4.8676438975452274e-05	1764288609
11350	0.0797484964132309	4.866367367613725e-05	1764288616
11400	0.04451815038919449	4.865084880355193e-05	1764288623
11450	0.043282970786094666	4.8637964389982926e-05	1764288630
11500	0.04772957041859627	4.862502046786671e-05	1764288637
11550	0.015546854585409164	4.8612017069789614e-05	1764288644
11600	0.028700103983283043	4.859895422848767e-05	1764288650
11650	0.09523063153028488	4.8585831976846564e-05	1764288656
11700	0.03924528509378433	4.8572650347901544e-05	1764288662
11750	0.033432140946388245	4.855940937483735e-05	1764288669
11800	0.01921601966023445	4.854610909098812e-05	1764288676
11850	0.0544210784137249	4.8532749529837294e-05	1764288683
11900	0.03286425769329071	4.851933072501756e-05	1764288690
11950	0.03184259682893753	4.850585271031074e-05	1764288697
12000	0.037882909178733826	4.849231551964771e-05	1764288704
12050	0.08259616792201996	4.8478719187108344e-05	1764288711
12100	0.04161962866783142	4.8465063746921395e-05	1764288718
12150	0.018560796976089478	4.845134923346441e-05	1764288725
12200	0.03666282445192337	4.8437575681263656e-05	1764288732
12250	0.03360942006111145	4.842374312499405e-05	1764288739
12300	0.03652217984199524	4.8409851599479015e-05	1764288746
12350	0.09167487174272537	4.839590113969047e-05	1764288753
12400	0.03776773810386658	4.838189178074867e-05	1764288760
12450	0.021101541817188263	4.8367823557922155e-05	1764288768
12500	0.03495258837938309	4.835369650662767e-05	1764288774
12550	0.018576379865407944	4.8339510662430046e-05	1764288781
12600	0.030707860365509987	4.832526606104213e-05	1764288788
12650	0.047383975237607956	4.8310962738324686e-05	1764288795
12700	0.03644233196973801	4.829660073028631e-05	1764288802
12750	0.023396093398332596	4.8282180073083346e-05	1764288809
12800	0.048134610056877136	4.826770080301978e-05	1764288816
12850	0.05779355764389038	4.8253162956547155e-05	1764288823
12900	0.03993549942970276	4.823856657026448e-05	1764288830
12950	0.030121590942144394	4.8223911680918146e-05	1764288837
13000	0.06375616788864136	4.8209198325401815e-05	1764288845
13050	0.0245487280189991	4.819442654075635e-05	1764288852
13100	0.03550191968679428	4.817959636416969e-05	1764288858
13150	0.05366958677768707	4.8164707832976783e-05	1764288866
13200	0.04452233016490936	4.8149760984659506e-05	1764288873
13250	0.047884635627269745	4.8134755856846524e-05	1764288880
13300	0.028067696839571	4.811969248731323e-05	1764288887
13350	0.022754497826099396	4.810457091398164e-05	1764288894
13400	0.05420287698507309	4.8089391174920275e-05	1764288901
13450	0.07625040411949158	4.807415330834414e-05	1764288909
13500	0.025715235620737076	4.805885735261454e-05	1764288915
13550	0.07557284832000732	4.804350334623901e-05	1764288922
13600	0.029799900949001312	4.802809132787125e-05	1764288929
13650	0.03981715813279152	4.8012621336311016e-05	1764288936
13700	0.03254878893494606	4.799709341050396e-05	1764288944
13750	0.06695716083049774	4.798150758954164e-05	1764288950
13800	0.049185141921043396	4.796586391266134e-05	1764288958
13850	0.0213947556912899	4.7950162419245994e-05	1764288965
13900	0.05477023497223854	4.793440314882408e-05	1764288972
13950	0.04972723871469498	4.791858614106957e-05	1764288979
14000	0.038276899605989456	4.790271143580174e-05	1764288986
14050	0.024920254945755005	4.7886779072985156e-05	1764288993
14100	0.02784605883061886	4.787078909272951e-05	1764289000
14150	0.03798850625753403	4.785474153528956e-05	1764289007
14200	0.03987651690840721	4.783863644106502e-05	1764289014
14250	0.0683232992887497	4.7822473850600444e-05	1764289021
14300	0.04154650866985321	4.780625380458513e-05	1764289028
14350	0.027082346379756927	4.778997634385304e-05	1764289035
14400	0.040298789739608765	4.777364150938263e-05	1764289042
14450	0.0370432510972023	4.775724934229685e-05	1764289049
14500	0.048345860093832016	4.774079988386296e-05	1764289056
14550	0.047200679779052734	4.7724293175492454e-05	1764289063
14600	0.036484140902757645	4.770772925874093e-05	1764289070
14650	0.023208703845739365	4.7691108175308054e-05	1764289077
14700	0.03751617670059204	4.767442996703737e-05	1764289084
14750	0.04112640768289566	4.765769467591625e-05	1764289091
14800	0.03763756901025772	4.764090234407577e-05	1764289098
14850	0.027163133025169373	4.7624053013790606e-05	1764289105
14900	0.035139672458171844	4.7607146727478935e-05	1764289112
14950	0.03177955374121666	4.759018352770229e-05	1764289119
15000	0.0918157771229744	4.7573163457165534e-05	1764289126
15050	0.025690939277410507	4.755608655871665e-05	1764289133
15100	0.06167597696185112	4.753895287534673e-05	1764289140
15150	0.08008705079555511	4.752176245018979e-05	1764289147
15200	0.06836502254009247	4.75045153265227e-05	1764289154
15250	0.036176897585392	4.748721154776508e-05	1764289161
15300	0.045230623334646225	4.7469851157479177e-05	1764289168
15350	0.05958443135023117	4.745243419936974e-05	1764289175
15400	0.02333895117044449	4.743496071728396e-05	1764289182
15450	0.033195652067661285	4.741743075521129e-05	1764289188
15500	0.01783451810479164	4.7399844357283397e-05	1764289196
15550	0.021690115332603455	4.7382201567774016e-05	1764289202
15600	0.039372846484184265	4.7364502431098844e-05	1764289210
15650	0.07511275261640549	4.734674699181544e-05	1764289217
15700	0.029953600838780403	4.73289352946231e-05	1764289224
15750	0.014855645596981049	4.731106738436275e-05	1764289231
15800	0.029901500791311264	4.7293143306016836e-05	1764289238
15850	0.015377945266664028	4.72751631047092e-05	1764289245
15900	0.021226026117801666	4.725712682570498e-05	1764289252
15950	0.014675790444016457	4.723903451441049e-05	1764289259
16000	0.039993058890104294	4.722088621637309e-05	1764289265
16050	0.03513780236244202	4.720268197728111e-05	1764289273
16100	0.028461026027798653	4.71844218429637e-05	1764289279
16150	0.01998463086783886	4.716610585939072e-05	1764289287
16200	0.02434932067990303	4.7147734072672644e-05	1764289293
16250	0.06418992578983307	4.712930652906041e-05	1764289300
16300	0.03182459995150566	4.711082327494536e-05	1764289307
16350	0.03885660693049431	4.7092284356859046e-05	1764289314
16400	0.02741973102092743	4.707368982147318e-05	1764289322
16450	0.01911354809999466	4.705503971559947e-05	1764289328
16500	0.08392491936683655	4.7036334086189555e-05	1764289336
16550	0.024129075929522514	4.701757298033482e-05	1764289342
16600	0.023546041920781136	4.6998756445266336e-05	1764289350
16650	0.01767927035689354	4.6979884528354694e-05	1764289356
16700	0.030529208481311798	4.696095727710994e-05	1764289363
16750	0.04410162568092346	4.6941974739181395e-05	1764289369
16800	0.0368821807205677	4.692293696235758e-05	1764289375
16850	0.013522043824195862	4.6903843994566064e-05	1764289382
16900	0.03617740049958229	4.688469588387339e-05	1764289389
16950	0.027494661509990692	4.6865492678484895e-05	1764289396
17000	0.017788179218769073	4.684623442674463e-05	1764289403
17050	0.03991693630814552	4.682692117713521e-05	1764289410
17100	0.02349676936864853	4.6807552978277725e-05	1764289417
17150	0.04290023073554039	4.6788129878931584e-05	1764289424
17200	0.019900713115930557	4.6768651927994434e-05	1764289431
17250	0.02270534634590149	4.6749119174501975e-05	1764289438
17300	0.04323690012097359	4.6729531667627905e-05	1764289445
17350	0.03505721688270569	4.6709889456683744e-05	1764289452
17400	0.02883152663707733	4.6690192591118734e-05	1764289459
17450	0.03261703625321388	4.66704411205197e-05	1764289466
17500	0.01725483313202858	4.665063509461097e-05	1764289473
17550	0.07510527968406677	4.663077456325417e-05	1764289480
17600	0.02986190840601921	4.6610859576448176e-05	1764289488
17650	0.014730404131114483	4.6590890184328925e-05	1764289494
17700	0.02052352763712406	4.657086643716936e-05	1764289502
17750	0.03050515055656433	4.655078838537924e-05	1764289508
17800	0.029391296207904816	4.653065607950502e-05	1764289515
17850	0.026202760636806488	4.6510469570229766e-05	1764289522
17900	0.061055738478899	4.649022890837298e-05	1764289529
17950	0.017951222136616707	4.646993414489053e-05	1764289536
18000	0.038586609065532684	4.644958533087443e-05	1764289543
18050	0.02193133346736431	4.642918251755281e-05	1764289551
18100	0.03690824285149574	4.640872575628973e-05	1764289558
18150	0.017728235572576523	4.638821509858505e-05	1764289565
18200	0.10088794678449631	4.636765059607434e-05	1764289572
18250	0.02539953961968422	4.63470323005287e-05	1764289579
18300	0.022644774988293648	4.632636026385468e-05	1764289586
18350	0.11092890053987503	4.630563453809409e-05	1764289593
18400	0.022263329476118088	4.628485517542392e-05	1764289600
18450	0.029952533543109894	4.6264022228156215e-05	1764289607
18500	0.027054592967033386	4.6243135748737864e-05	1764289614
18550	0.03318626433610916	4.622219578975057e-05	1764289621
18600	0.025948774069547653	4.620120240391065e-05	1764289628
18650	0.06119522824883461	4.618015564406894e-05	1764289635
18700	0.019333377480506897	4.6159055563210604e-05	1764289642
18750	0.02346942014992237	4.613790221445511e-05	1764289649
18800	0.023257464170455933	4.611669565105596e-05	1764289656
18850	0.10840332508087158	4.609543592640066e-05	1764289663
18900	0.04971956089138985	4.607412309401054e-05	1764289670
18950	0.02049134112894535	4.605275720754063e-05	1764289677
19000	0.03718190640211105	4.6031338320779534e-05	1764289684
19050	0.03188805282115936	4.6009866487649256e-05	1764289691
19100	0.01494399830698967	4.5988341762205125e-05	1764289698
19150	0.023414289578795433	4.5966764198635606e-05	1764289705
19200	0.010669047944247723	4.594513385126218e-05	1764289713
19250	0.028854547068476677	4.5923450774539244e-05	1764289720
19300	0.021258236840367317	4.59017150230539e-05	1764289727
19350	0.012299408204853535	4.5879926651525877e-05	1764289734
19400	0.03323695808649063	4.5858085714807384e-05	1764289741
19450	0.030246712267398834	4.583619226788294e-05	1764289748
19500	0.02053648792207241	4.581424636586929e-05	1764289755
19550	0.016602855175733566	4.5792248064015196e-05	1764289762
19600	0.0462946891784668	4.5770197417701365e-05	1764289769
19650	0.022526338696479797	4.574809448244028e-05	1764289776
19700	0.045998454093933105	4.572593931387604e-05	1764289783
19750	0.014780225232243538	4.570373196778427e-05	1764289790
19800	0.017740502953529358	4.568147250007193e-05	1764289797
19850	0.028006158769130707	4.5659160966777204e-05	1764289804
19900	0.02163878083229065	4.563679742406935e-05	1764289811
19950	0.11692802608013153	4.561438192824856e-05	1764289819
20000	0.021093491464853287	4.559191453574582e-05	1764289825
20050	0.033452071249485016	4.5569395303122765e-05	1764289834
20100	0.03570286184549332	4.554682428707153e-05	1764289841
20150	0.09801985323429108	4.552420154441462e-05	1764289848
20200	0.06455034017562866	4.550152713210478e-05	1764289855
20250	0.03471102565526962	4.54788011072248e-05	1764289862
20300	0.022380582988262177	4.545602352698742e-05	1764289869
20350	0.02335919439792633	4.543319444873517e-05	1764289876
20400	0.0642985850572586	4.5410313929940244e-05	1764289883
20450	0.05629283934831619	4.538738202820431e-05	1764289890
20500	0.029985591769218445	4.5364398801258396e-05	1764289897
20550	0.04075535386800766	4.5341364306962755e-05	1764289904
20600	0.01592930033802986	4.53182786033067e-05	1764289911
20650	0.02581358514726162	4.529514174840847e-05	1764289918
20700	0.025219425559043884	4.527195380051505e-05	1764289925
20750	0.027568422257900238	4.524871481800209e-05	1764289932
20800	0.025724483653903008	4.522542485937369e-05	1764289939
20850	0.03224179148674011	4.520208398326229e-05	1764289946
20900	0.017948150634765625	4.5178692248428536e-05	1764289953
20950	0.028076935559511185	4.515524971376107e-05	1764289960
21000	0.015218143351376057	4.513175643827647e-05	1764289967
21050	0.05017542093992233	4.5108212481119006e-05	1764289974
21100	0.03840478137135506	4.508461790156056e-05	1764289981
21150	0.02656654827296734	4.506097275900049e-05	1764289988
21200	0.014705492183566093	4.503727711296538e-05	1764289996
21250	0.02987319976091385	4.5013531023109014e-05	1764290002
21300	0.01878223568201065	4.4989734549212125e-05	1764290009
21350	0.042229339480400085	4.496588775118232e-05	1764290016
21400	0.03492599353194237	4.4941990689053886e-05	1764290023
21450	0.023103732615709305	4.4918043422987644e-05	1764290030
21500	0.06016649305820465	4.489404601327081e-05	1764290037
21550	0.020774438977241516	4.4869998520316825e-05	1764290044
21600	0.02448558248579502	4.4845901004665234e-05	1764290051
21650	0.018500329926609993	4.4821753526981504e-05	1764290058
21700	0.049018263816833496	4.479755614805688e-05	1764290065
21750	0.019883988425135612	4.4773308928808234e-05	1764290072
21800	0.01434338092803955	4.474901193027791e-05	1764290079
21850	0.04449823871254921	4.472466521363357e-05	1764290086
21900	0.01978345215320587	4.4700268840168045e-05	1764290093
21950	0.019930662587285042	4.467582287129919e-05	1764290100
22000	0.03784782066941261	4.465132736856969e-05	1764290107
22050	0.07279117405414581	4.4626782393646936e-05	1764290114
22100	0.03092329576611519	4.46021880083229e-05	1764290121
22150	0.03180698677897453	4.457754427451389e-05	1764290128
22200	0.01662704348564148	4.4552851254260484e-05	1764290135
22250	0.04560517892241478	4.4528109009727336e-05	1764290142
22300	0.029010452330112457	4.450331760320302e-05	1764290149
22350	0.013695312663912773	4.447847709709986e-05	1764290156
22400	0.015591537579894066	4.445358755395382e-05	1764290163
22450	0.019670497626066208	4.442864903642428e-05	1764290170
22500	0.030178189277648926	4.440366160729392e-05	1764290177
22550	0.041003089398145676	4.437862532946859e-05	1764290184
22600	0.016568027436733246	4.4353540265977064e-05	1764290191
22650	0.015741635113954544	4.432840647997097e-05	1764290198
22700	0.024289151653647423	4.430322403472459e-05	1764290204
22750	0.01934202015399933	4.4277992993634696e-05	1764290211
22800	0.06732040643692017	4.425271342022039e-05	1764290218
22850	0.03895048052072525	4.422738537812299e-05	1764290225
22900	0.01741885021328926	4.4202008931105795e-05	1764290232
22950	0.034065112471580505	4.4176584143054e-05	1764290239
23000	0.018556123599410057	4.415111107797445e-05	1764290246
23050	0.025826727971434593	4.412558979999558e-05	1764290253
23100	0.02214965969324112	4.4100020373367166e-05	1764290260
23150	0.03608548268675804	4.407440286246022e-05	1764290267
23200	0.015694335103034973	4.404873733176678e-05	1764290274
23250	0.0466226264834404	4.402302384589979e-05	1764290281
23300	0.02116142213344574	4.399726246959293e-05	1764290288
23350	0.020712947472929955	4.397145326770042e-05	1764290295
23400	0.02942824363708496	4.3945596305196925e-05	1764290302
23450	0.026583697646856308	4.3919691647177286e-05	1764290309
23500	0.026121675968170166	4.389373935885646e-05	1764290316
23550	0.034009844064712524	4.386773950556931e-05	1764290323
23600	0.014769833534955978	4.384169215277041e-05	1764290330
23650	0.013393297791481018	4.381559736603397e-05	1764290337
23700	0.025189656764268875	4.378945521105357e-05	1764290344
23750	0.03823874890804291	4.3763265753642055e-05	1764290351
23800	0.016924504190683365	4.373702905973135e-05	1764290358
23850	0.02405592054128647	4.3710745195372315e-05	1764290365
23900	0.017700470983982086	4.368441422673453e-05	1764290372
23950	0.01514770183712244	4.365803622010618e-05	1764290379
24000	0.057757191359996796	4.3631611241893874e-05	1764290386
24050	0.023380247876048088	4.360513935862245e-05	1764290393
24100	0.02515248954296112	4.357862063693486e-05	1764290400
24150	0.021223682910203934	4.355205514359194e-05	1764290407
24200	0.015847112983465195	4.3525442945472294e-05	1764290414
24250	0.04128735139966011	4.34987841095721e-05	1764290421
24300	0.010127365589141846	4.347207870300494e-05	1764290428
24350	0.044819045811891556	4.344532679300165e-05	1764290436
24400	0.012862022966146469	4.341852844691012e-05	1764290443
24450	0.019967008382081985	4.3391683732195175e-05	1764290450
24500	0.031821392476558685	4.336479271643833e-05	1764290457
24550	0.021315045654773712	4.3337855467337704e-05	1764290464
24600	0.018380839377641678	4.331087205270777e-05	1764290471
24650	0.038091812282800674	4.3283842540479264e-05	1764290478
24700	0.024982787668704987	4.3256766998698936e-05	1764290485
24750	0.04617149755358696	4.322964549552943e-05	1764290492
24800	0.01693955436348915	4.3202478099249105e-05	1764290499
24850	0.020470261573791504	4.3175264878251845e-05	1764290506
24900	0.0324631929397583	4.3148005901046905e-05	1764290513
24950	0.02842038869857788	4.312070123625872e-05	1764290520
25000	0.05186085030436516	4.309335095262676e-05	1764290527
25050	0.014653557911515236	4.306595511900532e-05	1764290534
25100	0.016398292034864426	4.303851380436339e-05	1764290542
25150	0.02101432904601097	4.3011027077784444e-05	1764290549
25200	0.031226379796862602	4.2983495008466276e-05	1764290555
25250	0.026140229776501656	4.2955917665720855e-05	1764290563
25300	0.021357759833335876	4.292829511897409e-05	1764290569
25350	0.016809314489364624	4.290062743776572e-05	1764290577
25400	0.0174966249614954	4.2872914691749086e-05	1764290583
25450	0.022661283612251282	4.284515695069101e-05	1764290590
25500	0.024550948292016983	4.281735428447158e-05	1764290597
25550	0.019074590876698494	4.278950676308394e-05	1764290604
25600	0.022096797823905945	4.276161445663423e-05	1764290611
25650	0.017391448840498924	4.273367743534126e-05	1764290618
25700	0.03585691377520561	4.270569576953648e-05	1764290625
25750	0.03018311783671379	4.267766952966369e-05	1764290632
25800	0.03729448467493057	4.264959878627891e-05	1764290639
25850	0.01294548436999321	4.262148361005021e-05	1764290646
25900	0.019483622163534164	4.259332407175751e-05	1764290653
25950	0.024905309081077576	4.2565120242292424e-05	1764290660
26000	0.018452785909175873	4.2536872192658036e-05	1764290667
26050	0.018908105790615082	4.250857999396879e-05	1764290674
26100	0.026173319667577744	4.248024371745027e-05	1764290681
26150	0.01135988999158144	4.245186343443901e-05	1764290688
26200	0.025699347257614136	4.242343921638234e-05	1764290695
26250	0.01377193909138441	4.239497113483819e-05	1764290702
26300	0.048258669674396515	4.2366459261474933e-05	1764290708
26350	0.03591417521238327	4.2337903668071164e-05	1764290715
26400	0.07025497406721115	4.230930442651557e-05	1764290722
26450	0.013516820035874844	4.2280661608806696e-05	1764290729
26500	0.03775008022785187	4.2251975287052804e-05	1764290736
26550	0.013102419674396515	4.222324553347167e-05	1764290743
26600	0.03540576994419098	4.219447242039043e-05	1764290750
26650	0.013448044657707214	4.2165656020245336e-05	1764290757
26700	0.010454434901475906	4.213679640558167e-05	1764290764
26750	0.025687867775559425	4.210789364905346e-05	1764290771
26800	0.023496612906455994	4.2078947823423364e-05	1764290778
26850	0.011693920940160751	4.2049959001562464e-05	1764290785
26900	0.04525480419397354	4.202092725645009e-05	1764290792
26950	0.03201510012149811	4.199185266117361e-05	1764290798
27000	0.02813347429037094	4.1962735288928305e-05	1764290805
27050	0.05358356237411499	4.193357521301712e-05	1764290811
27100	0.015007203444838524	4.1904372506850484e-05	1764290818
27150	0.02671586349606514	4.187512724394621e-05	1764290825
27200	0.029228169471025467	4.1845839497929204e-05	1764290832
27250	0.016056882217526436	4.181650934253132e-05	1764290839
27300	0.01716902107000351	4.1787136851591194e-05	1764290846
27350	0.030500177294015884	4.1757722099054034e-05	1764290853
27400	0.02278747595846653	4.172826515897146e-05	1764290860
27450	0.027900032699108124	4.169876610550126e-05	1764290867
27500	0.02516399882733822	4.166922501290729e-05	1764290874
27550	0.0196427870541811	4.1639641955559205e-05	1764290881
27600	0.014776508323848248	4.161001700793231e-05	1764290888
27650	0.024345993995666504	4.158035024460738e-05	1764290895
27700	0.03237082436680794	4.155064174027047e-05	1764290902
27750	0.028129281476140022	4.152089156971268e-05	1764290909
27800	0.016971757635474205	4.1491099807830044e-05	1764290916
27850	0.024197323247790337	4.146126652962328e-05	1764290923
27900	0.025810204446315765	4.143139181019764e-05	1764290930
27950	0.018879324197769165	4.140147572476268e-05	1764290937
28000	0.018802311271429062	4.137151834863213e-05	1764290944
28050	0.02751323953270912	4.134151975722363e-05	1764290951
28100	0.014299655333161354	4.131148002605861e-05	1764290958
28150	0.013257386162877083	4.128139923076205e-05	1764290965
28200	0.030571529641747475	4.1251277447062315e-05	1764290972
28250	0.022000392898917198	4.1221114750790966e-05	1764290979
28300	0.028918545693159103	4.119091121788256e-05	1764290986
28350	0.019402991980314255	4.1160666924374435e-05	1764290993
28400	0.029028812423348427	4.113038194640658e-05	1764291000
28450	0.016703825443983078	4.1100056360221384e-05	1764291007
28500	0.04104303568601608	4.1069690242163484e-05	1764291014
28550	0.03495366871356964	4.103928366867954e-05	1764291021
28600	0.016301237046718597	4.100883671631806e-05	1764291028
28650	0.045843977481126785	4.0978349461729214e-05	1764291035
28700	0.008386447094380856	4.094782198166464e-05	1764291042
28750	0.03595711663365364	4.0917254352977206e-05	1764291049
28800	0.010189865715801716	4.088664665262091e-05	1764291056
28850	0.04370799660682678	4.085599895765058e-05	1764291063
28900	0.02019326202571392	4.082531134522176e-05	1764291070
28950	0.02541089616715908	4.079458389259048e-05	1764291076
29000	0.01989205740392208	4.0763816677113064e-05	1764291083
29050	0.021312378346920013	4.073300977624594e-05	1764291090
29100	0.01879989728331566	4.070216326754544e-05	1764291097
29150	0.025603825226426125	4.067127722866761e-05	1764291104
29200	0.013362916186451912	4.064035173736804e-05	1764291111
29250	0.012614013627171516	4.060938687150159e-05	1764291118
29300	0.0364890992641449	4.057838270902228e-05	1764291125
29350	0.019572943449020386	4.054733932798306e-05	1764291132
29400	0.019927166402339935	4.0516256806535594e-05	1764291139
29450	0.02525174245238304	4.0485135222930105e-05	1764291146
29500	0.01728120818734169	4.045397465551513e-05	1764291153
29550	0.016004860401153564	4.042277518273737e-05	1764291160
29600	0.014643538743257523	4.039153688314145e-05	1764291167
29650	0.040817152708768845	4.036025983536977e-05	1764291174
29700	0.065607950091362	4.0328944118162255e-05	1764291181
29750	0.010977836325764656	4.0297589810356165e-05	1764291188
29800	0.0574520081281662	4.0266196990885955e-05	1764291196
29850	0.04535413160920143	4.0234765738783005e-05	1764291202
29900	0.011329314671456814	4.020329613317545e-05	1764291209
29950	0.041489601135253906	4.017178825328799e-05	1764291217
30000	0.04892680421471596	4.014024217844167e-05	1764291224
30050	0.016265220940113068	4.01086579880537e-05	1764291232
30100	0.011426873505115509	4.007703576163724e-05	1764291239
30150	0.02165396697819233	4.0045375578801214e-05	1764291246
30200	0.01779637485742569	4.001367751925008e-05	1764291253
30250	0.05685373395681381	3.9981941662783674e-05	1764291260
30300	0.03060673363506794	3.995016808929698e-05	1764291267
30350	0.00943102315068245	3.9918356878779925e-05	1764291274
30400	0.022185849025845528	3.98865081113172e-05	1764291281
30450	0.02020997554063797	3.985462186708804e-05	1764291288
30500	0.030346687883138657	3.982269822636602e-05	1764291295
30550	0.03199533745646477	3.979073726951886e-05	1764291301
30600	0.025259768590331078	3.975873907700825e-05	1764291309
30650	0.042400866746902466	3.9726703729389593e-05	1764291316
30700	0.03267660737037659	3.969463130731183e-05	1764291323
30750	0.015778671950101852	3.966252189151726e-05	1764291330
30800	0.026340682059526443	3.9630375562841295e-05	1764291337
30850	0.048269301652908325	3.959819240221226e-05	1764291344
30900	0.02079937793314457	3.956597249065126e-05	1764291351
30950	0.018621664494276047	3.953371590927185e-05	1764291358
31000	0.04230249673128128	3.9501422739279956e-05	1764291365
31050	0.0120360367000103	3.9469093061973584e-05	1764291372
31100	0.018218394368886948	3.943672695874267e-05	1764291379
31150	0.036810386925935745	3.9404324511068825e-05	1764291386
31200	0.01659255288541317	3.937188580052518e-05	1764291393
31250	0.021144874393939972	3.933941090877615e-05	1764291400
31300	0.021470174193382263	3.9306899917577245e-05	1764291407
31350	0.01377320010215044	3.927435290877483e-05	1764291414
31400	0.0124527458101511	3.9241769964305976e-05	1764291421
31450	0.011971418745815754	3.920915116619819e-05	1764291428
31500	0.01596372202038765	3.9176496596569265e-05	1764291435
31550	0.0238727405667305	3.9143806337627054e-05	1764291442
31600	0.021880652755498886	3.911108047166924e-05	1764291450
31650	0.028135724365711212	3.9078319081083124e-05	1764291456
31700	0.029483456164598465	3.9045522248345504e-05	1764291464
31750	0.037206195294857025	3.901269005602235e-05	1764291470
31800	0.014203956350684166	3.897982258676867e-05	1764291477
31850	0.027506571263074875	3.8946919923328285e-05	1764291484
31900	0.014616020023822784	3.89139821485336e-05	1764291491
31950	0.019651897251605988	3.888100934530542e-05	1764291499
32000	0.014441295526921749	3.884800159665276e-05	1764291506
32050	0.01570848561823368	3.881495898567257e-05	1764291513
32100	0.026058807969093323	3.878188159554959e-05	1764291520
32150	0.0333220399916172	3.87487695095561e-05	1764291527
32200	0.018572326749563217	3.871562281105175e-05	1764291534
32250	0.012681219726800919	3.8682441583483314e-05	1764291540
32300	0.011225264519453049	3.864922591038448e-05	1764291548
32350	0.018457181751728058	3.861597587537568e-05	1764291555
32400	0.02905327081680298	3.858269156216383e-05	1764291562
32450	0.0214656051248312	3.8549373054542146e-05	1764291569
32500	0.017928097397089005	3.851602043638994e-05	1764291576
32550	0.018614741042256355	3.8482633791672385e-05	1764291583
32600	0.01828761398792267	3.844921320444031e-05	1764291590
32650	0.01933029294013977	3.841575875883002e-05	1764291597
32700	0.018799487501382828	3.8382270539063035e-05	1764291604
32750	0.021177168935537338	3.834874862944591e-05	1764291611
32800	0.060036417096853256	3.8315193114369996e-05	1764291618
32850	0.02832755073904991	3.8281604078311286e-05	1764291626
32900	0.01873502880334854	3.824798160583012e-05	1764291633
32950	0.014890965074300766	3.821432578157105e-05	1764291640
33000	0.017751634120941162	3.818063669026256e-05	1764291647
33050	0.01266974676400423	3.8146914416716904e-05	1764291654
33100	0.027844827622175217	3.8113159045829864e-05	1764291661
33150	0.019722867757081985	3.8079370662580537e-05	1764291668
33200	0.0175681971013546	3.804554935203115e-05	1764291675
33250	0.02078920230269432	3.801169519932681e-05	1764291682
33300	0.04880514368414879	3.7977808289695306e-05	1764291689
33350	0.013780188746750355	3.794388870844688e-05	1764291696
33400	0.03032262623310089	3.790993654097405e-05	1764291703
33450	0.030564401298761368	3.787595187275136e-05	1764291710
33500	0.01911788247525692	3.7841934789335164e-05	1764291717
33550	0.01139785721898079	3.780788537636343e-05	1764291724
33600	0.015942243859171867	3.7773803719555514e-05	1764291731
33650	0.02907666563987732	3.773968990471195e-05	1764291738
33700	0.013925477862358093	3.770554401771423e-05	1764291745
33750	0.015873605385422707	3.767136614452458e-05	1764291752
33800	0.05434056371450424	3.763715637118575e-05	1764291759
33850	0.04475351423025131	3.76029147838208e-05	1764291766
33900	0.015147772617638111	3.75686414686329e-05	1764291773
33950	0.02353106439113617	3.7534336511905076e-05	1764291780
34000	0.02221379056572914	3.7500000000000003e-05	1764291787
34050	0.013209512457251549	3.746563201935982e-05	1764291794
34100	0.012844637036323547	3.7431232656505885e-05	1764291801
34150	0.012380294501781464	3.7396801998038536e-05	1764291808
34200	0.014700843952596188	3.7362340130636925e-05	1764291815
34250	0.011657829396426678	3.7327847141058755e-05	1764291822
34300	0.032289739698171616	3.72933231161401e-05	1764291829
34350	0.017573805525898933	3.7258768142795134e-05	1764291836
34400	0.011849997565150261	3.7224182308015975e-05	1764291843
34450	0.018617909401655197	3.718956569887241e-05	1764291850
34500	0.017658408731222153	3.715491840251172e-05	1764291857
34550	0.012492089532315731	3.712024050615843e-05	1764291864
34600	0.015574990771710873	3.708553209711409e-05	1764291871
34650	0.015086565166711807	3.70507932627571e-05	1764291878
34700	0.009409473277628422	3.701602409054243e-05	1764291885
34750	0.016712013632059097	3.6981224668001424e-05	1764291892
34800	0.08119689673185349	3.694639508274158e-05	1764291899
34850	0.016597779467701912	3.691153542244635e-05	1764291906
34900	0.012769066728651524	3.6876645774874876e-05	1764291913
34950	0.016861597076058388	3.684172622786181e-05	1764291920
35000	0.014406352303922176	3.680677686931707e-05	1764291927
35050	0.014602355659008026	3.677179778722563e-05	1764291933
35100	0.029400575906038284	3.673678906964727e-05	1764291941
35150	0.030644774436950684	3.670175080471642e-05	1764291947
35200	0.026527039706707	3.6666683080641846e-05	1764291954
35250	0.02760225161910057	3.663158598570652e-05	1764291960
35300	0.012940366752445698	3.659645960826732e-05	1764291968
35350	0.019710902124643326	3.6561304036754877e-05	1764291974
35400	0.014157755300402641	3.6526119359673284e-05	1764291981
35450	0.015317492187023163	3.6490905665599934e-05	1764291987
35500	0.03773990646004677	3.645566304318526e-05	1764291994
35550	0.013558365404605865	3.642039158115252e-05	1764292001
35600	0.024598687887191772	3.638509136829758e-05	1764292008
35650	0.014194784685969353	3.634976249348867e-05	1764292015
35700	0.02132418006658554	3.631440504566621e-05	1764292022
35750	0.022502519190311432	3.6279019113842524e-05	1764292029
35800	0.01394732017070055	3.624360478710165e-05	1764292036
35850	0.014445699751377106	3.620816215459911e-05	1764292043
35900	0.008925411850214005	3.61726913055617e-05	1764292050
35950	0.010209551081061363	3.613719232928724e-05	1764292057
36000	0.010286819189786911	3.610166531514436e-05	1764292064
36050	0.017709869891405106	3.6066110352572264e-05	1764292071
36100	0.012769999913871288	3.603052753108053e-05	1764292078
36150	0.016700878739356995	3.599491694024889e-05	1764292085
36200	0.008754001930356026	3.5959278669726935e-05	1764292093
36250	0.01319260522723198	3.592361280923399e-05	1764292099
36300	0.02605011686682701	3.588791944855881e-05	1764292107
36350	0.01752985268831253	3.585219867755938e-05	1764292114
36400	0.02990558184683323	3.581645058616271e-05	1764292121
36450	0.010222963988780975	3.578067526436457e-05	1764292128
36500	0.01136451493948698	3.5744872802229296e-05	1764292135
36550	0.013853422366082668	3.5709043289889536e-05	1764292142
36600	0.01509076077491045	3.567318681754605e-05	1764292149
36650	0.034018903970718384	3.5637303475467464e-05	1764292156
36700	0.03897497057914734	3.5601393353990046e-05	1764292163
36750	0.010974383912980556	3.556545654351749e-05	1764292170
36800	0.01038117241114378	3.552949313452067e-05	1764292177
36850	0.013818143866956234	3.5493503217537424e-05	1764292184
36900	0.03017938882112503	3.545748688317232e-05	1764292191
36950	0.013152286410331726	3.542144422209645e-05	1764292198
37000	0.036082923412323	3.5385375325047166e-05	1764292205
37050	0.03522020950913429	3.534928028282786e-05	1764292212
37100	0.0334547683596611	3.5313159186307784e-05	1764292219
37150	0.05839143320918083	3.527701212642173e-05	1764292226
37200	0.05561922490596771	3.5240839194169885e-05	1764292234
37250	0.014197051525115967	3.520464048061758e-05	1764292240
37300	0.022825969383120537	3.516841607689501e-05	1764292248
37350	0.01256508193910122	3.513216607419708e-05	1764292254
37400	0.014146418310701847	3.509589056378312e-05	1764292261
37450	0.008364243432879448	3.50595896369767e-05	1764292268
37500	0.021067481487989426	3.502326338516534e-05	1764292275
37550	0.01770816743373871	3.4986911899800354e-05	1764292282
37600	0.03760399669408798	3.495053527239656e-05	1764292289
37650	0.009834595024585724	3.491413359453206e-05	1764292296
37700	0.016504578292369843	3.487770695784805e-05	1764292303
37750	0.01860792748630047	3.484125545404854e-05	1764292310
37800	0.014620818197727203	3.480477917490014e-05	1764292317
37850	0.027468115091323853	3.476827821223184e-05	1764292324
37900	0.012913110665977001	3.4731752657934794e-05	1764292331
37950	0.0433073416352272	3.469520260396201e-05	1764292338
38000	0.010155257768929005	3.465862814232822e-05	1764292345
38050	0.04878632724285126	3.462202936510959e-05	1764292352
38100	0.013754741288721561	3.458540636444349e-05	1764292359
38150	0.011659517884254456	3.454875923252828e-05	1764292366
38200	0.0121447229757905	3.4512088061623075e-05	1764292373
38250	0.03199861943721771	3.447539294404751e-05	1764292380
38300	0.009818429127335548	3.44386739721815e-05	1764292387
38350	0.062243372201919556	3.4401931238464994e-05	1764292394
38400	0.012789487838745117	3.436516483539781e-05	1764292401
38450	0.010818415321409702	3.432837485553929e-05	1764292408
38500	0.01079753041267395	3.4291561391508185e-05	1764292415
38550	0.014596639201045036	3.425472453598236e-05	1764292422
38600	0.02659393846988678	3.421786438169852e-05	1764292429
38650	0.02232573926448822	3.418098102145208e-05	1764292437
38700	0.028252897784113884	3.4144074548096866e-05	1764292443
38750	0.014694842509925365	3.4107145054544857e-05	1764292450
38800	0.01200653426349163	3.4070192633766025e-05	1764292458
38850	0.011888953857123852	3.403321737878804e-05	1764292465
38900	0.012101124972105026	3.399621938269606e-05	1764292472
38950	0.014229688793420792	3.39591987386325e-05	1764292479
39000	0.03412865102291107	3.392215553979679e-05	1764292486
39050	0.015552663244307041	3.3885089879445146e-05	1764292493
39100	0.01483876258134842	3.3848001850890296e-05	1764292500
39150	0.01805170066654682	3.3810891547501335e-05	1764292507
39200	0.008662493899464607	3.3773759062703396e-05	1764292514
39250	0.010581794194877148	3.3736604489977466e-05	1764292521
39300	0.01896430179476738	3.369942792286013e-05	1764292528
39350	0.01680079661309719	3.366222945494337e-05	1764292535
39400	0.013703465461730957	3.3625009179874265e-05	1764292542
39450	0.027721814811229706	3.358776719135483e-05	1764292549
39500	0.01880449242889881	3.355050358314172e-05	1764292556
39550	0.012064740061759949	3.3513218449046025e-05	1764292563
39600	0.012731632217764854	3.3475911882933015e-05	1764292570
39650	0.010089686140418053	3.343858397872195e-05	1764292577
39700	0.019354742020368576	3.3401234830385756e-05	1764292584
39750	0.012266673147678375	3.336386453195088e-05	1764292591
39800	0.014707032591104507	3.332647317749702e-05	1764292598
39850	0.01694662868976593	3.328906086115685e-05	1764292605
39900	0.015046291053295135	3.325162767711583e-05	1764292612
39950	0.008439658209681511	3.321417371961196e-05	1764292619
40000	0.008745801635086536	3.3176699082935545e-05	1764292626
40050	0.008388243615627289	3.313920386142892e-05	1764292634
40100	0.016611307859420776	3.310168814948627e-05	1764292641
40150	0.017781905829906464	3.306415204155335e-05	1764292648
40200	0.02396109700202942	3.302659563212727e-05	1764292655
40250	0.03919010981917381	3.2989019015756254e-05	1764292662
40300	0.010950710624456406	3.295142228703938e-05	1764292669
40350	0.016901127994060516	3.291380554062636e-05	1764292676
40400	0.00904225092381239	3.2876168871217325e-05	1764292683
40450	0.03335238993167877	3.2838512373562536e-05	1764292690
40500	0.013458299450576305	3.280083614246218e-05	1764292697
40550	0.015658359974622726	3.2763140272766125e-05	1764292704
40600	0.01665898784995079	3.272542485937369e-05	1764292711
40650	0.024626998230814934	3.268768999723336e-05	1764292718
40700	0.01620938628911972	3.264993578134263e-05	1764292725
40750	0.012013982981443405	3.261216230674768e-05	1764292732
40800	0.008582381531596184	3.257436966854319e-05	1764292740
40850	0.010891444981098175	3.2536557961872074e-05	1764292747
40900	0.008876608684659004	3.249872728192527e-05	1764292754
40950	0.025766383856534958	3.2460877723941465e-05	1764292761
41000	0.03373291343450546	3.2423009383206876e-05	1764292768
41050	0.010345193557441235	3.2385122355055005e-05	1764292775
41100	0.013686396181583405	3.23472167348664e-05	1764292782
41150	0.01010065246373415	3.230929261806842e-05	1764292789
41200	0.011638910509645939	3.2271350100134975e-05	1764292796
41250	0.020455559715628624	3.223338927658632e-05	1764292803
41300	0.010099535807967186	3.2195410242988776e-05	1764292810
41350	0.012184977531433105	3.215741309495451e-05	1764292817
41400	0.027396786957979202	3.211939792814131e-05	1764292824
41450	0.013122773729264736	3.20813648382523e-05	1764292832
41500	0.0066465530544519424	3.2043313921035743e-05	1764292839
41550	0.015031516551971436	3.2005245272284785e-05	1764292846
41600	0.017735004425048828	3.19671589878372e-05	1764292853
41650	0.009955320507287979	3.192905516357515e-05	1764292859
41700	0.012952985242009163	3.1890933895424976e-05	1764292867
41750	0.011642256751656532	3.185279527935694e-05	1764292874
41800	0.012408350594341755	3.181463941138495e-05	1764292881
41850	0.021005090326070786	3.177646638756635e-05	1764292888
41900	0.015237171202898026	3.17382763040017e-05	1764292895
41950	0.022381113842129707	3.170006925683448e-05	1764292902
42000	0.043358806520700455	3.166184534225087e-05	1764292909
42050	0.007985842414200306	3.162360465647957e-05	1764292916
42100	0.03531832993030548	3.158534729579142e-05	1764292923
42150	0.012778474017977715	3.1547073356499296e-05	1764292930
42200	0.015126179903745651	3.15087829349578e-05	1764292937
42250	0.06338164955377579	3.147047612756302e-05	1764292944
42300	0.0273825004696846	3.1432153030752295e-05	1764292951
42350	0.012498238123953342	3.139381374100397e-05	1764292959
42400	0.030122116208076477	3.135545835483718e-05	1764292965
42450	0.05326024815440178	3.131708696881154e-05	1764292973
42500	0.02192634344100952	3.127869967952698e-05	1764292980
42550	0.012244101613759995	3.124029658362346e-05	1764292987
42600	0.010014032013714314	3.120187777778073e-05	1764292994
42650	0.015769634395837784	3.1163443358718065e-05	1764293001
42700	0.01143104862421751	3.11249934231941e-05	1764293008
42750	0.013523474335670471	3.108652806800648e-05	1764293015
42800	0.0381806343793869	3.104804738999169e-05	1764293022
42850	0.01354539580643177	3.100955148602481e-05	1764293029
42900	0.009779278188943863	3.097104045301922e-05	1764293036
42950	0.017795149236917496	3.0932514387926406e-05	1764293043
43000	0.012325581163167953	3.0893973387735687e-05	1764293050
43050	0.015018614009022713	3.0855417549473975e-05	1764293057
43100	0.012448255904018879	3.0816846970205556e-05	1764293064
43150	0.010313041508197784	3.077826174703183e-05	1764293071
43200	0.007244820706546307	3.073966197709103e-05	1764293078
43250	0.008187856525182724	3.070104775755804e-05	1764293085
43300	0.0074995653703808784	3.0662419185644115e-05	1764293092
43350	0.010727695189416409	3.062377635859663e-05	1764293100
43400	0.01936177909374237	3.058511937369886e-05	1764293107
43450	0.023861771449446678	3.054644832826972e-05	1764293114
43500	0.013059252873063087	3.0507763319663517e-05	1764293121
43550	0.007370682433247566	3.0469064445269724e-05	1764293128
43600	0.015660136938095093	3.0430351802512698e-05	1764293135
43650	0.011786527931690216	3.0391625488851476e-05	1764293142
43700	0.013475269079208374	3.0352885601779512e-05	1764293149
43750	0.013775035738945007	3.0314132238824415e-05	1764293156
43800	0.01998521387577057	3.027536549754775e-05	1764293163
43850	0.010978030040860176	3.0236585475544717e-05	1764293170
43900	0.011699024587869644	3.0197792270443982e-05	1764293177
43950	0.01795172318816185	3.0158985979907405e-05	1764293184
44000	0.011737212538719177	3.012016670162977e-05	1764293191
44050	0.0145124401897192	3.0081334533338557e-05	1764293198
44100	0.02239079587161541	3.004248957279372e-05	1764293205
44150	0.012183882296085358	3.0003631917787378e-05	1764293212
44200	0.012406828813254833	2.996476166614364e-05	1764293219
44250	0.019247952848672867	2.992587891571833e-05	1764293226
44300	0.015152041800320148	2.9886983764398707e-05	1764293233
44350	0.012010731734335423	2.9848076310103286e-05	1764293240
44400	0.007483531720936298	2.9809156650781528e-05	1764293247
44450	0.008167997933924198	2.9770224884413623e-05	1764293254
44500	0.026857156306505203	2.9731281109010256e-05	1764293261
44550	0.01369778998196125	2.969232542261234e-05	1764293268
44600	0.008947965689003468	2.9653357923290753e-05	1764293275
44650	0.007303830236196518	2.9614378709146133e-05	1764293282
44700	0.013650014065206051	2.9575387878308615e-05	1764293289
44750	0.03639400005340576	2.9536385528937567e-05	1764293296
44800	0.015321314334869385	2.9497371759221347e-05	1764293302
44850	0.01767784357070923	2.9458346667377078e-05	1764293310
44900	0.017468592151999474	2.9419310351650392e-05	1764293316
44950	0.021318472921848297	2.9380262910315155e-05	1764293324
45000	0.009972858242690563	2.9341204441673266e-05	1764293331
45050	0.015688559040427208	2.9302135044054357e-05	1764293338
45100	0.014729722402989864	2.92630548158156e-05	1764293345
45150	0.010265368968248367	2.9223963855341418e-05	1764293352
45200	0.010196462273597717	2.918486226104327e-05	1764293359
45250	0.01035059243440628	2.9145750131359355e-05	1764293366
45300	0.05796791985630989	2.910662756475443e-05	1764293373
45350	0.011440321803092957	2.90674946597195e-05	1764293380
45400	0.00968717597424984	2.9028351514771606e-05	1764293387
45450	0.01798359677195549	2.8989198228453573e-05	1764293393
45500	0.012289514765143394	2.895003489933375e-05	1764293401
45550	0.013632373884320259	2.8910861626005776e-05	1764293407
45600	0.015591557137668133	2.8871678507088312e-05	1764293415
45650	0.012774357572197914	2.8832485641224816e-05	1764293421
45700	0.02234649285674095	2.8793283127083292e-05	1764293429
45750	0.010400161147117615	2.8754071063356008e-05	1764293436
45800	0.01949402317404747	2.8714849548759293e-05	1764293442
45850	0.014710085466504097	2.8675618682033273e-05	1764293450
45900	0.009372121654450893	2.8636378561941592e-05	1764293457
45950	0.014004251919686794	2.8597129287271207e-05	1764293464
46000	0.009164366871118546	2.8557870956832132e-05	1764293471
46050	0.006583290174603462	2.8518603669457162e-05	1764293478
46100	0.014398405328392982	2.8479327524001636e-05	1764293485
46150	0.015045592561364174	2.8440042619343227e-05	1764293492
46200	0.03326355293393135	2.840074905438161e-05	1764293499
46250	0.015663623809814453	2.8361446928038298e-05	1764293505
46300	0.008277272805571556	2.8322136339256356e-05	1764293513
46350	0.018031854182481766	2.828281738700013e-05	1764293520
46400	0.01011574175208807	2.8243490170255043e-05	1764293527
46450	0.021020442247390747	2.8204154788027325e-05	1764293534
46500	0.012351674027740955	2.8164811339343732e-05	1764293541
46550	0.010031630285084248	2.812545992325137e-05	1764293548
46600	0.0459589883685112	2.808610063881737e-05	1764293555
46650	0.009765037335455418	2.8046733585128687e-05	1764293562
46700	0.009081851691007614	2.800735886129184e-05	1764293569
46750	0.01051817275583744	2.796797656643263e-05	1764293576
46800	0.009429902769625187	2.792858679969596e-05	1764293583
46850	0.010021073743700981	2.7889189660245503e-05	1764293590
46900	0.009485889226198196	2.7849785247263515e-05	1764293597
46950	0.007661409210413694	2.7810373659950573e-05	1764293604
47000	0.010842707939445972	2.7770954997525277e-05	1764293611
47050	0.01272183284163475	2.7731529359224077e-05	1764293618
47100	0.04787710681557655	2.769209684430098e-05	1764293625
47150	0.007271088659763336	2.765265755202727e-05	1764293632
47200	0.010104984976351261	2.761321158169134e-05	1764293639
47250	0.011160009540617466	2.7573759032598366e-05	1764293646
47300	0.03953075408935547	2.7534300004070086e-05	1764293653
47350	0.008819802664220333	2.7494834595444568e-05	1764293660
47400	0.012130306102335453	2.7455362906075932e-05	1764293667
47450	0.010673766024410725	2.74158850353341e-05	1764293674
47500	0.015073835849761963	2.7376401082604564e-05	1764293682
47550	0.009950235486030579	2.7336911147288146e-05	1764293688
47600	0.009978709742426872	2.7297415328800692e-05	1764293695
47650	0.014130447059869766	2.7257913726572883e-05	1764293702
47700	0.015151270665228367	2.7218406440049954e-05	1764293709
47750	0.05763368308544159	2.717889356869146e-05	1764293716
47800	0.01270169299095869	2.7139375211970996e-05	1764293723
47850	0.022681016474962234	2.7099851469375986e-05	1764293730
47900	0.007803852669894695	2.706032244040741e-05	1764293737
47950	0.009853849187493324	2.7020788224579535e-05	1764293744
48000	0.020676806569099426	2.698124892141971e-05	1764293751
48050	0.0073061478324234486	2.6941704630468094e-05	1764293758
48100	0.014086319133639336	2.6902155451277377e-05	1764293765
48150	0.0163564532995224	2.686260148341258e-05	1764293771
48200	0.006986536085605621	2.6823042826450774e-05	1764293779
48250	0.011679651215672493	2.6783479579980807e-05	1764293785
48300	0.020450787618756294	2.674391184360313e-05	1764293793
48350	0.008402607403695583	2.670433971692947e-05	1764293799
48400	0.010720006190240383	2.6664763299582602e-05	1764293807
48450	0.011603062972426414	2.6625182691196105e-05	1764293814
48500	0.02823464944958687	2.6585597991414114e-05	1764293821
48550	0.018034059554338455	2.6546009299891077e-05	1764293828
48600	0.01218094490468502	2.6506416716291465e-05	1764293834
48650	0.006581708788871765	2.646682034028956e-05	1764293841
48700	0.008671998977661133	2.6427220271569203e-05	1764293847
48750	0.029173139482736588	2.6387616609823507e-05	1764293853
48800	0.043532274663448334	2.6348009454754653e-05	1764293859
48850	0.020306244492530823	2.63083989060736e-05	1764293866
48900	0.03330331668257713	2.626878506349986e-05	1764293872
48950	0.012803119607269764	2.6229168026761232e-05	1764293879
49000	0.008036361075937748	2.6189547895593562e-05	1764293886
49050	0.01583462581038475	2.614992476974048e-05	1764293893
49100	0.012081708759069443	2.6110298748953153e-05	1764293900
49150	0.010728997178375721	2.6070669932990067e-05	1764293907
49200	0.008637685328722	2.6031038421616683e-05	1764293914
49250	0.014890782535076141	2.599140431460531e-05	1764293921
49300	0.012712775729596615	2.5951767711734753e-05	1764293928
49350	0.01329892873764038	2.591212871279012e-05	1764293935
49400	0.01969100534915924	2.587248741756253e-05	1764293942
49450	0.011132605373859406	2.5832843925848904e-05	1764293949
49500	0.025604836642742157	2.5793198337451696e-05	1764293956
49550	0.013054081238806248	2.5753550752178613e-05	1764293963
49600	0.013244740664958954	2.5713901269842404e-05	1764293970
49650	0.012902999296784401	2.5674249990260614e-05	1764293977
49700	0.012153608724474907	2.563459701325526e-05	1764293984
49750	0.01139292772859335	2.5594942438652688e-05	1764293991
49800	0.020281357690691948	2.5555286366283237e-05	1764293998
49850	0.008236430585384369	2.551562889598102e-05	1764294005
49900	0.01526553276926279	2.5475970127583666e-05	1764294012
49950	0.013561694882810116	2.5436310160932092e-05	1764294019
50000	0.01739230379462242	2.5396649095870202e-05	1764294026
50050	0.007867839187383652	2.5356987032244683e-05	1764294034
50100	0.012519732117652893	2.531732406990474e-05	1764294041
50150	0.009745195508003235	2.5277660308701833e-05	1764294048
50200	0.01168812531977892	2.523799584848942e-05	1764294055
50250	0.016576550900936127	2.5198330789122742e-05	1764294062
50300	0.01167695876210928	2.515866523045855e-05	1764294069
50350	0.011736718937754631	2.5118999272354816e-05	1764294076
50400	0.006348791066557169	2.507933301467056e-05	1764294083
50450	0.007394801359623671	2.503966655726554e-05	1764294090
50500	0.014712419360876083	2.5e-05	1764294097
50550	0.008597180247306824	2.496033344273447e-05	1764294104
50600	0.013959349133074284	2.4920666985329443e-05	1764294111
50650	0.017346862703561783	2.4881000727645193e-05	1764294118
50700	0.01165635883808136	2.484133476954146e-05	1764294125
50750	0.013596340082585812	2.4801669210877264e-05	1764294132
50800	0.03439347445964813	2.4762004151510584e-05	1764294139
50850	0.011733140796422958	2.472233969129818e-05	1764294146
50900	0.006939644459635019	2.4682675930095263e-05	1764294153
50950	0.006002343259751797	2.4643012967755326e-05	1764294160
51000	0.01135016418993473	2.46033509041298e-05	1764294167
51050	0.016372226178646088	2.4563689839067913e-05	1764294174
51100	0.0069814929738640785	2.4524029872416333e-05	1764294182
51150	0.007316845469176769	2.4484371104018986e-05	1764294188
51200	0.02130892500281334	2.4444713633716765e-05	1764294196
51250	0.03443824499845505	2.4405057561347315e-05	1764294202
51300	0.023452937602996826	2.4365402986744738e-05	1764294210
51350	0.01578458771109581	2.4325750009739395e-05	1764294216
51400	0.008077723905444145	2.42860987301576e-05	1764294223
51450	0.030583882704377174	2.4246449247821392e-05	1764294230
51500	0.012607460841536522	2.4206801662548314e-05	1764294237
51550	0.010402639396488667	2.41671560741511e-05	1764294244
51600	0.01081630028784275	2.4127512582437485e-05	1764294251
51650	0.010013497434556484	2.408787128720989e-05	1764294259
51700	0.009537676349282265	2.4048232288265253e-05	1764294266
51750	0.005994871258735657	2.4008595685394696e-05	1764294273
51800	0.010020749643445015	2.3968961578383323e-05	1764294280
51850	0.05176097899675369	2.3929330067009942e-05	1764294287
51900	0.009439312852919102	2.388970125104685e-05	1764294294
51950	0.006211257539689541	2.3850075230259522e-05	1764294301
52000	0.012073933146893978	2.3810452104406444e-05	1764294308
52050	0.0065688989125192165	2.377083197323877e-05	1764294315
52100	0.01630745641887188	2.3731214936500147e-05	1764294322
52150	0.01989000476896763	2.3691601093926404e-05	1764294329
52200	0.010157596319913864	2.3651990545245356e-05	1764294336
52250	0.009749548509716988	2.3612383390176503e-05	1764294343
52300	0.014657402411103249	2.35727797284308e-05	1764294350
52350	0.019818224012851715	2.3533179659710445e-05	1764294357
52400	0.015535187907516956	2.349358328370854e-05	1764294364
52450	0.012100858613848686	2.3453990700108932e-05	1764294372
52500	0.00857696495950222	2.3414402008585888e-05	1764294378
52550	0.013445512391626835	2.3374817308803908e-05	1764294386
52600	0.06503939628601074	2.3335236700417404e-05	1764294393
52650	0.005019358824938536	2.3295660283070535e-05	1764294400
52700	0.013545351102948189	2.3256088156396868e-05	1764294407
52750	0.010319478809833527	2.3216520420019195e-05	1764294414
52800	0.016635891050100327	2.3176957173549235e-05	1764294421
52850	0.009443318471312523	2.3137398516587425e-05	1764294428
52900	0.00690195057541132	2.309784454872262e-05	1764294435
52950	0.014796338975429535	2.3058295369531908e-05	1764294442
53000	0.01282206829637289	2.3018751078580287e-05	1764294449
53050	0.00607274379581213	2.297921177542047e-05	1764294456
53100	0.011580785736441612	2.2939677559592605e-05	1764294463
53150	0.012674756348133087	2.290014853062402e-05	1764294470
53200	0.015912536531686783	2.2860624788029013e-05	1764294477
53250	0.0059180790558457375	2.2821106431308544e-05	1764294484
53300	0.010927122086286545	2.2781593559950052e-05	1764294491
53350	0.013388772495090961	2.2742086273427123e-05	1764294498
53400	0.00655533978715539	2.2702584671199317e-05	1764294505
53450	0.007194093894213438	2.266308885271186e-05	1764294513
53500	0.009997069835662842	2.2623598917395438e-05	1764294520
53550	0.008521664887666702	2.25841149646659e-05	1764294527
53600	0.005454804748296738	2.2544637093924074e-05	1764294534
53650	0.011767839081585407	2.250516540455543e-05	1764294541
53700	0.011517470702528954	2.2465699995929916e-05	1764294548
53750	0.010776358656585217	2.242624096740164e-05	1764294555
53800	0.005644743796437979	2.238678841830867e-05	1764294562
53850	0.006062934175133705	2.2347342447972727e-05	1764294569
53900	0.011511661112308502	2.2307903155699027e-05	1764294576
53950	0.010576235130429268	2.2268470640775932e-05	1764294583
54000	0.010847505182027817	2.222904500247473e-05	1764294590
54050	0.013431048020720482	2.2189626340049437e-05	1764294597
54100	0.014418698847293854	2.2150214752736488e-05	1764294604
54150	0.00540308840572834	2.2110810339754506e-05	1764294611
54200	0.0076312837190926075	2.2071413200304043e-05	1764294618
54250	0.007341922260820866	2.2032023433567378e-05	1764294625
54300	0.007225310429930687	2.1992641138708166e-05	1764294632
54350	0.005849294364452362	2.195326641487132e-05	1764294639
54400	0.016369473189115524	2.1913899361182632e-05	1764294646
54450	0.009828003123402596	2.187454007674864e-05	1764294654
54500	0.02897271141409874	2.1835188660656267e-05	1764294661
54550	0.006669953931123018	2.179584521197268e-05	1764294668
54600	0.005269345361739397	2.1756509829744956e-05	1764294675
54650	0.008562018163502216	2.1717182612999875e-05	1764294682
54700	0.006455575115978718	2.167786366074365e-05	1764294689
54750	0.004162002820521593	2.1638553071961708e-05	1764294696
54800	0.007051997818052769	2.1599250945618402e-05	1764294703
54850	0.008496467024087906	2.1559957380656782e-05	1764294710
54900	0.03470269590616226	2.1520672475998373e-05	1764294717
54950	0.01911494880914688	2.1481396330542847e-05	1764294724
55000	0.010877314954996109	2.1442129043167874e-05	1764294731
55050	0.01751025766134262	2.14028707127288e-05	1764294738
55100	0.012106267735362053	2.136362143805842e-05	1764294745
55150	0.010066041722893715	2.1324381317966732e-05	1764294752
55200	0.009377678856253624	2.1285150451240713e-05	1764294759
55250	0.010237356647849083	2.124592893664399e-05	1764294766
55300	0.007256541401147842	2.1206716872916714e-05	1764294773
55350	0.016247104853391647	2.1167514358775183e-05	1764294780
55400	0.007502920459955931	2.1128321492911697e-05	1764294787
55450	0.010845605283975601	2.1089138373994223e-05	1764294794
55500	0.008293579332530499	2.104996510066625e-05	1764294801
55550	0.013638263568282127	2.101080177154643e-05	1764294807
55600	0.007640649564564228	2.09716484852284e-05	1764294815
55650	0.007096894085407257	2.093250534028051e-05	1764294821
55700	0.009794862940907478	2.089337243524558e-05	1764294829
55750	0.012903232127428055	2.085424986864065e-05	1764294836
55800	0.004298793151974678	2.0815137738956735e-05	1764294843
55850	0.03672102838754654	2.077603614465859e-05	1764294850
55900	0.008166723884642124	2.0736945184184405e-05	1764294857
55950	0.01039960142225027	2.0697864955945652e-05	1764294864
56000	0.012810136191546917	2.0658795558326743e-05	1764294871
56050	0.007433212362229824	2.061973708968485e-05	1764294878
56100	0.010225947946310043	2.0580689648349603e-05	1764294885
56150	0.005352364853024483	2.0541653332622925e-05	1764294892
56200	0.007136479485780001	2.0502628240778655e-05	1764294899
56250	0.01201658695936203	2.0463614471062435e-05	1764294906
56300	0.007690316531807184	2.0424612121691384e-05	1764294913
56350	0.03522495552897453	2.038562129085387e-05	1764294921
56400	0.007827650755643845	2.034664207670925e-05	1764294928
56450	0.011301236227154732	2.0307674577387667e-05	1764294935
56500	0.010421788319945335	2.0268718890989753e-05	1764294942
56550	0.009449673816561699	2.022977511558638e-05	1764294949
56600	0.009361546486616135	2.0190843349218485e-05	1764294956
56650	0.0040683746337890625	2.0151923689896723e-05	1764294963
56700	0.005482657812535763	2.0113016235601302e-05	1764294970
56750	0.008868783712387085	2.0074121084281678e-05	1764294977
56800	0.008474765345454216	2.003523833385637e-05	1764294985
56850	0.01490115188062191	1.999636808221263e-05	1764294991
56900	0.006883508991450071	1.9957510427206295e-05	1764294998
56950	0.004619068931788206	1.9918665466661446e-05	1764295005
57000	0.0066202846355736256	1.9879833298370238e-05	1764295012
57050	0.028639167547225952	1.984101402009259e-05	1764295019
57100	0.006830484140664339	1.980220772955602e-05	1764295026
57150	0.009600899182260036	1.9763414524455285e-05	1764295033
57200	0.02511456049978733	1.972463450245226e-05	1764295040
57250	0.00665475707501173	1.9685867761175584e-05	1764295047
57300	0.006524143740534782	1.9647114398220494e-05	1764295054
57350	0.010710122995078564	1.960837451114853e-05	1764295061
57400	0.00458931177854538	1.956964819748731e-05	1764295068
57450	0.009146612137556076	1.953093555473029e-05	1764295075
57500	0.00893515907227993	1.9492236680336485e-05	1764295082
57550	0.0044113346375525	1.945355167173029e-05	1764295089
57600	0.006103286053985357	1.9414880626301147e-05	1764295096
57650	0.007405413314700127	1.937622364140338e-05	1764295103
57700	0.011357549577951431	1.9337580814355888e-05	1764295110
57750	0.007969619706273079	1.929895224244197e-05	1764295117
57800	0.005149968899786472	1.926033802290897e-05	1764295124
57850	0.006027414463460445	1.9221738252968175e-05	1764295131
57900	0.008978411555290222	1.918315302979444e-05	1764295138
57950	0.006683899089694023	1.914458245052603e-05	1764295145
58000	0.016324492171406746	1.9106026612264316e-05	1764295152
58050	0.021158087998628616	1.9067485612073603e-05	1764295159
58100	0.006134485825896263	1.9028959546980777e-05	1764295166
58150	0.006110791116952896	1.899044851397519e-05	1764295173
58200	0.008348377421498299	1.895195261000831e-05	1764295180
58250	0.007864691317081451	1.891347193199353e-05	1764295188
58300	0.016861634328961372	1.8875006576805914e-05	1764295195
58350	0.019917629659175873	1.883655664128194e-05	1764295202
58400	0.008075147867202759	1.879812222221929e-05	1764295209
58450	0.008991824463009834	1.8759703416376542e-05	1764295216
58500	0.009950095787644386	1.872130032047302e-05	1764295223
58550	0.021049901843070984	1.8682913031188464e-05	1764295230
58600	0.0169900543987751	1.8644541645162834e-05	1764295237
58650	0.007045566104352474	1.8606186258996027e-05	1764295244
58700	0.010254968889057636	1.8567846969247714e-05	1764295252
58750	0.0076634883880615234	1.852952387243698e-05	1764295258
58800	0.01446759793907404	1.84912170650422e-05	1764295265
58850	0.003916858695447445	1.84529266435007e-05	1764295273
58900	0.01266572903841734	1.8414652704208583e-05	1764295280
58950	0.004993770271539688	1.8376395343520434e-05	1764295287
59000	0.003534481627866626	1.8338154657749128e-05	1764295294
59050	0.03813028335571289	1.8299930743165535e-05	1764295301
59100	0.017809664830565453	1.8261723695998307e-05	1764295308
59150	0.038659628480672836	1.8223533612433653e-05	1764295315
59200	0.006215772591531277	1.8185360588615058e-05	1764295322
59250	0.014095154590904713	1.8147204720643067e-05	1764295329
59300	0.020143788307905197	1.8109066104575023e-05	1764295336
59350	0.0070352875627577305	1.8070944836424863e-05	1764295343
59400	0.010926558636128902	1.803284101216281e-05	1764295350
59450	0.007734941318631172	1.7994754727715224e-05	1764295357
59500	0.008973658084869385	1.795668607896426e-05	1764295364
59550	0.009688593447208405	1.7918635161747708e-05	1764295371
59600	0.01143187191337347	1.7880602071858692e-05	1764295378
59650	0.009211664088070393	1.7842586905045494e-05	1764295385
59700	0.005804000422358513	1.7804589757011226e-05	1764295392
59750	0.009574683383107185	1.7766610723413684e-05	1764295399
59800	0.02187987044453621	1.7728649899865024e-05	1764295406
59850	0.010447691194713116	1.7690707381931583e-05	1764295413
59900	0.008633003570139408	1.7652783265133606e-05	1764295420
59950	0.007853168994188309	1.7614877644945e-05	1764295427
60000	0.006275127176195383	1.7576990616793137e-05	1764295434
60050	0.007331307977437973	1.753912227605854e-05	1764295442
60100	0.007201968226581812	1.7501272718074737e-05	1764295449
60150	0.005038801580667496	1.7463442038127932e-05	1764295456
60200	0.01891729235649109	1.742563033145682e-05	1764295463
60250	0.012545302510261536	1.7387837693252328e-05	1764295470
60300	0.007599302567541599	1.735006421865738e-05	1764295477
60350	0.005329638719558716	1.7312310002766634e-05	1764295484
60400	0.006477981805801392	1.7274575140626318e-05	1764295491
60450	0.017801320180296898	1.723685972723387e-05	1764295498
60500	0.011195428669452667	1.7199163857537825e-05	1764295505
60550	0.013040481135249138	1.7161487626437473e-05	1764295512
60600	0.013795037753880024	1.7123831128782684e-05	1764295519
60650	0.009836992248892784	1.7086194459373638e-05	1764295526
60700	0.006777860224246979	1.7048577712960627e-05	1764295533
60750	0.006957266014069319	1.7010980984243756e-05	1764295540
60800	0.00724700978025794	1.697340436787273e-05	1764295547
60850	0.016933560371398926	1.6935847958446657e-05	1764295555
60900	0.026538236066699028	1.6898311850513738e-05	1764295560
60950	0.008161596022546291	1.686079613857109e-05	1764295567
61000	0.004676482640206814	1.682330091706446e-05	1764295572
61050	0.003768031019717455	1.678582628038804e-05	1764295579
61100	0.0062489816918969154	1.674837232288417e-05	1764295586
61150	0.012308789417147636	1.6710939138843157e-05	1764295593
61200	0.006717572920024395	1.667352682250298e-05	1764295600
61250	0.008076675236225128	1.6636135468049123e-05	1764295607
61300	0.012974363751709461	1.6598765169614243e-05	1764295614
61350	0.00972828734666109	1.6561416021278058e-05	1764295621
61400	0.0070271799340844154	1.6524088117066984e-05	1764295628
61450	0.015463018789887428	1.6486781550953984e-05	1764295635
61500	0.009793788194656372	1.6449496416858284e-05	1764295642
61550	0.011182872578501701	1.6412232808645173e-05	1764295649
61600	0.008098939433693886	1.637499082012574e-05	1764295656
61650	0.01662936806678772	1.6337770545056634e-05	1764295663
61700	0.004653428681194782	1.6300572077139874e-05	1764295670
61750	0.013081458397209644	1.6263395510022543e-05	1764295677
61800	0.01287591177970171	1.6226240937296617e-05	1764295684
61850	0.00842675194144249	1.618910845249867e-05	1764295691
61900	0.006067022681236267	1.615199814910971e-05	1764295698
61950	0.006155313458293676	1.611491012055486e-05	1764295705
62000	0.008275032043457031	1.6077844460203206e-05	1764295712
62050	0.009794758632779121	1.6040801261367493e-05	1764295719
62100	0.007607478182762861	1.600378061730394e-05	1764295726
62150	0.005540535319596529	1.5966782621211963e-05	1764295733
62200	0.009392526000738144	1.5929807366233977e-05	1764295739
62250	0.021368354558944702	1.589285494545514e-05	1764295746
62300	0.00991249643266201	1.585592545190314e-05	1764295754
62350	0.02260584384202957	1.5819018978547916e-05	1764295761
62400	0.018113870173692703	1.5782135618301486e-05	1764295768
62450	0.008263405412435532	1.5745275464017657e-05	1764295775
62500	0.006158583797514439	1.5708438608491814e-05	1764295782
62550	0.010358470492064953	1.567162514446072e-05	1764295789
62600	0.008385635912418365	1.56348351646022e-05	1764295796
62650	0.016303516924381256	1.559806876153501e-05	1764295803
62700	0.008842363953590393	1.5561326027818507e-05	1764295810
62750	0.036971159279346466	1.5524607055952496e-05	1764295817
62800	0.008795841597020626	1.5487911938376924e-05	1764295824
62850	0.010989457368850708	1.545124076747173e-05	1764295831
62900	0.016376417130231857	1.541459363555652e-05	1764295837
62950	0.007276608608663082	1.537797063489042e-05	1764295844
63000	0.008309748023748398	1.5341371857671782e-05	1764295851
63050	0.005189107730984688	1.5304797396037998e-05	1764295858
63100	0.013092579320073128	1.5268247342065215e-05	1764295865
63150	0.009070944041013718	1.523172178776816e-05	1764295872
63200	0.023208661004900932	1.5195220825099862e-05	1764295879
63250	0.011063160374760628	1.5158744545951467e-05	1764295886
63300	0.0076982406899333	1.5122293042151953e-05	1764295893
63350	0.014588739722967148	1.5085866405467944e-05	1764295900
63400	0.004713709466159344	1.5049464727603452e-05	1764295907
63450	0.030264507979154587	1.5013088100199648e-05	1764295914
63500	0.0065678260289132595	1.4976736614834664e-05	1764295921
63550	0.010706473141908646	1.4940410363023306e-05	1764295928
63600	0.006157235242426395	1.4904109436216884e-05	1764295935
63650	0.009023647755384445	1.4867833925802926e-05	1764295942
63700	0.011504841968417168	1.4831583923104999e-05	1764295949
63750	0.004602621775120497	1.479535951938243e-05	1764295956
63800	0.01062190905213356	1.4759160805830119e-05	1764295963
63850	0.008957242593169212	1.4722987873578273e-05	1764295970
63900	0.010384710505604744	1.4686840813692224e-05	1764295977
63950	0.008264333941042423	1.4650719717172138e-05	1764295984
64000	0.02740694023668766	1.4614624674952842e-05	1764295991
64050	0.004140529781579971	1.4578555777903553e-05	1764295998
64100	0.007744933478534222	1.4542513116827682e-05	1764296006
64150	0.010110558941960335	1.450649678246258e-05	1764296013
64200	0.04404337704181671	1.4470506865479336e-05	1764296020
64250	0.014473095536231995	1.443454345648252e-05	1764296027
64300	0.0320388525724411	1.4398606646009963e-05	1764296034
64350	0.014105146750807762	1.4362696524532548e-05	1764296041
64400	0.006069547962397337	1.4326813182453958e-05	1764296047
64450	0.004748673643916845	1.4290956710110475e-05	1764296055
64500	0.01972419023513794	1.425512719777071e-05	1764296061
64550	0.007693036925047636	1.4219324735635437e-05	1764296068
64600	0.013484166003763676	1.4183549413837289e-05	1764296075
64650	0.005290599539875984	1.414780132244063e-05	1764296082
64700	0.005263159982860088	1.4112080551441199e-05	1764296089
64750	0.006755645852535963	1.4076387190766017e-05	1764296096
64800	0.00514407642185688	1.4040721330273062e-05	1764296103
64850	0.009979292750358582	1.4005083059751118e-05	1764296110
64900	0.008137406781315804	1.3969472468919461e-05	1764296117
64950	0.004939046688377857	1.393388964742775e-05	1764296123
65000	0.010448715649545193	1.3898334684855647e-05	1764296130
65050	0.025782376527786255	1.3862807670712763e-05	1764296137
65100	0.004414207302033901	1.3827308694438308e-05	1764296144
65150	0.006506544072180986	1.379183784540089e-05	1764296151
65200	0.01187275443226099	1.3756395212898359e-05	1764296158
65250	0.006209099665284157	1.3720980886157489e-05	1764296165
65300	0.008440732955932617	1.3685594954333802e-05	1764296172
65350	0.009493346326053143	1.3650237506511331e-05	1764296179
65400	0.014216259121894836	1.3614908631702433e-05	1764296186
65450	0.007058789953589439	1.357960841884748e-05	1764296193
65500	0.01572360284626484	1.354433695681474e-05	1764296199
65550	0.005020340904593468	1.350909433440006e-05	1764296207
65600	0.0038939143996685743	1.3473880640326725e-05	1764296213
65650	0.008886879310011864	1.343869596324513e-05	1764296220
65700	0.015226742252707481	1.3403540391732688e-05	1764296227
65750	0.015039028599858284	1.3368414014293485e-05	1764296234
65800	0.008612267673015594	1.3333316919358157e-05	1764296241
65850	0.018783792853355408	1.329824919528358e-05	1764296248
65900	0.020414328202605247	1.3263210930352737e-05	1764296255
65950	0.006751062348484993	1.3228202212774387e-05	1764296262
66000	0.00793856754899025	1.3193223130682936e-05	1764296269
66050	0.009245269000530243	1.31582737721382e-05	1764296276
66100	0.006202004849910736	1.3123354225125128e-05	1764296283
66150	0.011038516648113728	1.3088464577553659e-05	1764296290
66200	0.005686904303729534	1.3053604917258427e-05	1764296297
66250	0.005327427759766579	1.301877533199859e-05	1764296304
66300	0.0042383186519145966	1.298397590945757e-05	1764296311
66350	0.006017111707478762	1.2949206737242898e-05	1764296318
66400	0.00770525261759758	1.2914467902885901e-05	1764296325
66450	0.009534846991300583	1.2879759493841575e-05	1764296332
66500	0.006020997650921345	1.2845081597488287e-05	1764296339
66550	0.008337785489857197	1.2810434301127599e-05	1764296347
66600	0.007708030752837658	1.2775817691984033e-05	1764296353
66650	0.008853007107973099	1.2741231857204872e-05	1764296361
66700	0.0058077238500118256	1.2706676883859903e-05	1764296367
66750	0.0067866211757063866	1.2672152858941244e-05	1764296374
66800	0.007829499430954456	1.2637659869363083e-05	1764296381
66850	0.005347872618585825	1.2603198001961475e-05	1764296388
66900	0.006239443086087704	1.256876734349413e-05	1764296395
66950	0.003298227209597826	1.2534367980640183e-05	1764296402
67000	0.011705474928021431	1.2500000000000006e-05	1764296409
67050	0.004699551034718752	1.246566348809493e-05	1764296416
67100	0.01501527614891529	1.2431358531367105e-05	1764296423
67150	0.007033707574009895	1.2397085216179208e-05	1764296430
67200	0.006073931232094765	1.2362843628814267e-05	1764296437
67250	0.007998204790055752	1.2328633855475429e-05	1764296444
67300	0.015506872907280922	1.2294455982285777e-05	1764296451
67350	0.006863297428935766	1.2260310095288046e-05	1764296458
67400	0.004181211348623037	1.2226196280444488e-05	1764296465
67450	0.01882297359406948	1.2192114623636577e-05	1764296472
67500	0.006952549330890179	1.2158065210664848e-05	1764296479
67550	0.03160671144723892	1.2124048127248644e-05	1764296486
67600	0.006473707966506481	1.2090063459025955e-05	1764296493
67650	0.017157752066850662	1.205611129155313e-05	1764296500
67700	0.007092047017067671	1.2022191710304703e-05	1764296507
67750	0.006635131314396858	1.1988304800673197e-05	1764296514
67800	0.004698628094047308	1.1954450647968856e-05	1764296521
67850	0.005914413370192051	1.1920629337419473e-05	1764296528
67900	0.005799704696983099	1.1886840954170142e-05	1764296535
67950	0.007852131500840187	1.1853085583283102e-05	1764296542
68000	0.003975443542003632	1.181936330973744e-05	1764296549
68050	0.028605561703443527	1.1785674218428952e-05	1764296556
68100	0.0062209609895944595	1.175201839416988e-05	1764296563
68150	0.010537523776292801	1.1718395921688724e-05	1764296570
68200	0.005445448681712151	1.1684806885630004e-05	1764296577
68250	0.009929215535521507	1.1651251370554101e-05	1764296584
68300	0.007137148641049862	1.1617729460936963e-05	1764296591
68350	0.032458506524562836	1.1584241241169977e-05	1764296598
68400	0.006870270241051912	1.155078679555969e-05	1764296605
68450	0.011726925149559975	1.1517366208327624e-05	1764296613
68500	0.004792834632098675	1.148397956361007e-05	1764296620
68550	0.009927986189723015	1.1450626945457857e-05	1764296627
68600	0.005219514947384596	1.141730843783618e-05	1764296634
68650	0.007361573167145252	1.1384024124624324e-05	1764296641
68700	0.0049661388620734215	1.1350774089615524e-05	1764296648
68750	0.004879924468696117	1.1317558416516697e-05	1764296655
68800	0.021510951220989227	1.1284377188948258e-05	1764296662
68850	0.006131834350526333	1.1251230490443903e-05	1764296669
68900	0.007322056218981743	1.1218118404450422e-05	1764296676
68950	0.012877554632723331	1.1185041014327433e-05	1764296682
69000	0.005483443848788738	1.1151998403347244e-05	1764296690
69050	0.006752949673682451	1.111899065469458e-05	1764296696
69100	0.017416629940271378	1.1086017851466413e-05	1764296703
69150	0.009391099214553833	1.1053080076671721e-05	1764296710
69200	0.006783672608435154	1.1020177413231334e-05	1764296717
69250	0.005259905010461807	1.0987309943977647e-05	1764296725
69300	0.007108563557267189	1.0954477751654497e-05	1764296732
69350	0.0037082782946527004	1.0921680918916877e-05	1764296739
69400	0.004929758608341217	1.0888919528330777e-05	1764296746
69450	0.004134498070925474	1.0856193662372955e-05	1764296753
69500	0.006375916302204132	1.0823503403430734e-05	1764296760
69550	0.0060140229761600494	1.0790848833801816e-05	1764296767
69600	0.006726428866386414	1.0758230035694031e-05	1764296774
69650	0.003938388079404831	1.0725647091225174e-05	1764296781
69700	0.005253089591860771	1.0693100082422763e-05	1764296788
69750	0.0047522373497486115	1.0660589091223855e-05	1764296795
69800	0.005673759151250124	1.062811419947482e-05	1764296802
69850	0.005236214026808739	1.059567548893118e-05	1764296809
69900	0.029325271025300026	1.0563273041257332e-05	1764296816
69950	0.003927958197891712	1.0530906938026416e-05	1764296823
70000	0.006761791650205851	1.049857726072005e-05	1764296830
70050	0.006049515213817358	1.0466284090728157e-05	1764296838
70100	0.006686616223305464	1.0434027509348746e-05	1764296845
70150	0.03305641561746597	1.0401807597787738e-05	1764296852
70200	0.004513676278293133	1.036962443715872e-05	1764296859
70250	0.005333211272954941	1.0337478108482742e-05	1764296866
70300	0.004006273578852415	1.0305368692688174e-05	1764296873
70350	0.009254722855985165	1.0273296270610419e-05	1764296880
70400	0.010166158899664879	1.024126092299176e-05	1764296887
70450	0.00713936984539032	1.0209262730481143e-05	1764296894
70500	0.00775805301964283	1.0177301773633993e-05	1764296901
70550	0.011597754433751106	1.0145378132911964e-05	1764296908
70600	0.005706995725631714	1.0113491888682802e-05	1764296915
70650	0.004310321994125843	1.0081643121220077e-05	1764296922
70700	0.0061234841123223305	1.0049831910703028e-05	1764296929
70750	0.004270439967513084	1.0018058337216327e-05	1764296936
70800	0.015769392251968384	9.986322480749927e-06	1764296943
70850	0.006099337246268988	9.954624421198792e-06	1764296950
70900	0.0065945815294981	9.922964238362762e-06	1764296957
70950	0.014560118317604065	9.891342011946305e-06	1764296964
71000	0.007101808674633503	9.859757821558337e-06	1764296971
71050	0.014186094515025616	9.828211746712024e-06	1764296979
71100	0.006475009024143219	9.796703866824555e-06	1764296985
71150	0.009016646072268486	9.765234261217005e-06	1764296993
71200	0.010878108441829681	9.733803009114045e-06	1764296999
71250	0.0060872966423630714	9.702410189643837e-06	1764297006
71300	0.007830342277884483	9.671055881837756e-06	1764297013
71350	0.006507164798676968	9.639740164630235e-06	1764297020
71400	0.004220251925289631	9.608463116858542e-06	1764297026
71450	0.005050933454185724	9.577224817262634e-06	1764297031
71500	0.0044760871678590775	9.546025344484869e-06	1764297037
71550	0.006006675772368908	9.514864777069899e-06	1764297043
71600	0.004590785130858421	9.483743193464408e-06	1764297050
71650	0.00658635888248682	9.452660672016949e-06	1764297056
71700	0.0038501694798469543	9.421617290977721e-06	1764297063
71750	0.009581061080098152	9.390613128498418e-06	1764297070
71800	0.004386434331536293	9.359648262631961e-06	1764297077
71850	0.007512650452554226	9.328722771332386e-06	1764297084
71900	0.00687686912715435	9.297836732454564e-06	1764297091
71950	0.0044469875283539295	9.266990223754069e-06	1764297098
72000	0.005768199451267719	9.236183322886945e-06	1764297105
72050	0.007191401906311512	9.205416107409523e-06	1764297112
72100	0.019289178773760796	9.174688654778243e-06	1764297119
72150	0.004944600164890289	9.14400104234942e-06	1764297126
72200	0.0065735261887311935	9.113353347379097e-06	1764297133
72250	0.00689956359565258	9.082745647022797e-06	1764297140
72300	0.007546441629528999	9.052178018335374e-06	1764297147
72350	0.007616796065121889	9.021650538270787e-06	1764297154
72400	0.010041278786957264	8.991163283681944e-06	1764297161
72450	0.011554384604096413	8.96071633132046e-06	1764297168
72500	0.007030246313661337	8.930309757836517e-06	1764297175
72550	0.004964442923665047	8.899943639778619e-06	1764297182
72600	0.0058786398731172085	8.86961805359343e-06	1764297189
72650	0.011580504477024078	8.839333075625569e-06	1764297196
72700	0.005327804945409298	8.809088782117452e-06	1764297203
72750	0.006258874665945768	8.778885249209044e-06	1764297210
72800	0.005800491664558649	8.748722552937689e-06	1764297217
72850	0.008750341832637787	8.718600769237958e-06	1764297224
72900	0.006972908042371273	8.6885199739414e-06	1764297231
72950	0.010136781260371208	8.658480242776379e-06	1764297239
73000	0.005537741351872683	8.628481651367876e-06	1764297245
73050	0.003731983248144388	8.598524275237322e-06	1764297253
73100	0.008935268968343735	8.568608189802363e-06	1764297260
73150	0.006510220933705568	8.538733470376722e-06	1764297267
73200	0.007716963067650795	8.508900192169964e-06	1764297274
73250	0.006471090018749237	8.47910843028733e-06	1764297281
73300	0.0040052589029073715	8.449358259729537e-06	1764297288
73350	0.004183662123978138	8.41964975539262e-06	1764297295
73400	0.008273768238723278	8.389982992067688e-06	1764297302
73450	0.006527893710881472	8.360358044440797e-06	1764297309
73500	0.002798881381750107	8.330774987092712e-06	1764297316
73550	0.007369557395577431	8.301233894498742e-06	1764297323
73600	0.006589103024452925	8.271734841028553e-06	1764297330
73650	0.019282160326838493	8.242277900945969e-06	1764297337
73700	0.0067583369091153145	8.212863148408817e-06	1764297344
73750	0.006561002694070339	8.183490657468688e-06	1764297351
73800	0.006584599614143372	8.154160502070803e-06	1764297358
73850	0.0042924764566123486	8.124872756053795e-06	1764297365
73900	0.009068252518773079	8.09562749314952e-06	1764297372
73950	0.0038793962448835373	8.06642478698289e-06	1764297379
74000	0.00444816006347537	8.0372647110717e-06	1764297386
74050	0.00768551230430603	8.008147338826385e-06	1764297393
74100	0.006535199470818043	7.979072743549915e-06	1764297400
74150	0.009239532053470612	7.950040998437542e-06	1764297407
74200	0.007111072074621916	7.921052176576644e-06	1764297414
74250	0.008326915092766285	7.892106350946543e-06	1764297421
74300	0.0050954390317201614	7.863203594418337e-06	1764297428
74350	0.006016520783305168	7.83434397975466e-06	1764297435
74400	0.005168970208615065	7.805527579609576e-06	1764297442
74450	0.00905502401292324	7.776754466528333e-06	1764297449
74500	0.010932385921478271	7.748024712947205e-06	1764297456
74550	0.012462683022022247	7.719338391193315e-06	1764297463
74600	0.00660656439140439	7.690695573484433e-06	1764297470
74650	0.004796629771590233	7.662096331928837e-06	1764297477
74700	0.011342694982886314	7.633540738525066e-06	1764297484
74750	0.007543737068772316	7.605028865161809e-06	1764297491
74800	0.004420651122927666	7.576560783617668e-06	1764297498
74850	0.0038238908164203167	7.548136565560998e-06	1764297505
74900	0.007199473679065704	7.519756282549734e-06	1764297512
74950	0.008776498027145863	7.491420006031213e-06	1764297519
75000	0.010042542591691017	7.463127807341966e-06	1764297526
75050	0.004289036616683006	7.434879757707583e-06	1764297533
75100	0.008267863653600216	7.40667592824249e-06	1764297540
75150	0.008403269574046135	7.378516389949794e-06	1764297547
75200	0.008405368775129318	7.350401213721089e-06	1764297554
75250	0.004683380946516991	7.3223304703363135e-06	1764297561
75300	0.011512938886880875	7.294304230463525e-06	1764297568
75350	0.006927882321178913	7.2663225646587395e-06	1764297575
75400	0.0068158721551299095	7.238385543365783e-06	1764297582
75450	0.010395669378340244	7.210493236916063e-06	1764297589
75500	0.0065702470019459724	7.1826457155284355e-06	1764297596
75550	0.004957212135195732	7.154843049308988e-06	1764297603
75600	0.009388876147568226	7.127085308250914e-06	1764297610
75650	0.009089503437280655	7.099372562234283e-06	1764297617
75700	0.0038209455087780952	7.071704881025915e-06	1764297624
75750	0.005909400060772896	7.04408233427915e-06	1764297631
75800	0.005422546062618494	7.016504991533726e-06	1764297638
75850	0.022036677226424217	6.988972922215559e-06	1764297645
75900	0.006250605918467045	6.961486195636613e-06	1764297652
75950	0.02201731875538826	6.934044880994678e-06	1764297659
76000	0.005453138146549463	6.906649047373246e-06	1764297665
76050	0.008420142345130444	6.8792987637412845e-06	1764297673
76100	0.013250906020402908	6.8519940989531045e-06	1764297679
76150	0.01098213717341423	6.824735121748163e-06	1764297686
76200	0.00433678412809968	6.797521900750897e-06	1764297694
76250	0.01003238931298256	6.770354504470575e-06	1764297701
76300	0.009032762609422207	6.743233001301067e-06	1764297708
76350	0.0054816086776554585	6.716157459520739e-06	1764297715
76400	0.005739671178162098	6.689127947292231e-06	1764297722
76450	0.006175870541483164	6.662144532662304e-06	1764297729
76500	0.003425051225349307	6.63520728356167e-06	1764297736
76550	0.03197750076651573	6.608316267804832e-06	1764297743
76600	0.006477090530097485	6.5814715530898745e-06	1764297750
76650	0.014150099828839302	6.554673206998354e-06	1764297757
76700	0.0071065910160541534	6.5279212969950655e-06	1764297764
76750	0.007543614134192467	6.501215890427909e-06	1764297771
76800	0.004935787059366703	6.4745570545277075e-06	1764297778
76850	0.007064733188599348	6.447944856408064e-06	1764297785
76900	0.004112537018954754	6.421379363065142e-06	1764297792
76950	0.00745991338044405	6.394860641377551e-06	1764297799
77000	0.0060174232348799706	6.368388758106133e-06	1764297806
77050	0.004398770164698362	6.341963779893828e-06	1764297813
77100	0.005566091276705265	6.315585773265484e-06	1764297820
77150	0.0036848681047558784	6.289254804627692e-06	1764297827
77200	0.005334929097443819	6.2629709402686535e-06	1764297834
77250	0.008704415522515774	6.2367342463579475e-06	1764297841
77300	0.007201992906630039	6.210544788946434e-06	1764297848
77350	0.008886301890015602	6.184402633966035e-06	1764297854
77400	0.008692629635334015	6.158307847229594e-06	1764297861
77450	0.006156513001769781	6.1322604944307e-06	1764297868
77500	0.003681303933262825	6.106260641143546e-06	1764297874
77550	0.0031318787951022387	6.080308352822717e-06	1764297881
77600	0.0054209595546126366	6.054403694803079e-06	1764297888
77650	0.002874585799872875	6.028546732299578e-06	1764297895
77700	0.0035071205347776413	6.0027375304070795e-06	1764297902
77750	0.007383276708424091	5.9769761541002135e-06	1764297909
77800	0.011045059189200401	5.951262668233232e-06	1764297916
77850	0.005587521009147167	5.925597137539793e-06	1764297924
77900	0.007769775111228228	5.899979626632834e-06	1764297931
77950	0.005742829293012619	5.874410200004421e-06	1764297937
78000	0.004059498198330402	5.848888922025553e-06	1764297945
78050	0.00647013820707798	5.82341585694601e-06	1764297952
78100	0.004383256658911705	5.797991068894201e-06	1764297959
78150	0.0034563273657113314	5.772614621877015e-06	1764297966
78200	0.005445254035294056	5.747286579779606e-06	1764297973
78250	0.005006634630262852	5.72200700636531e-06	1764297980
78300	0.010129604488611221	5.696775965275414e-06	1764297987
78350	0.0037588258273899555	5.671593520029034e-06	1764297994
78400	0.006365828216075897	5.646459734022938e-06	1764298001
78450	0.00856812298297882	5.621374670531418e-06	1764298008
78500	0.0028180063236504793	5.596338392706077e-06	1764298015
78550	0.0072096106596291065	5.571350963575728e-06	1764298022
78600	0.004628829658031464	5.546412446046187e-06	1764298029
78650	0.0060206083580851555	5.521522902900142e-06	1764298037
78700	0.00603468855842948	5.49668239679699e-06	1764298044
78750	0.007112703286111355	5.471890990272666e-06	1764298051
78800	0.0040552616119384766	5.4471487457395225e-06	1764298058
78850	0.003614869900047779	5.422455725486114e-06	1764298065
78900	0.006577500142157078	5.397811991677107e-06	1764298072
78950	0.007084276061505079	5.373217606353062e-06	1764298079
79000	0.005610837135463953	5.348672631430318e-06	1764298086
79050	0.005881321616470814	5.324177128700811e-06	1764298093
79100	0.012685470283031464	5.299731159831953e-06	1764298100
79150	0.005741913802921772	5.2753347863664314e-06	1764298107
79200	0.016779325902462006	5.250988069722096e-06	1764298115
79250	0.013696798123419285	5.226691071191772e-06	1764298121
79300	0.0024511958472430706	5.202443851943126e-06	1764298129
79350	0.005234832875430584	5.178246473018497e-06	1764298135
79400	0.005713280290365219	5.154098995334769e-06	1764298142
79450	0.004388903733342886	5.130001479683174e-06	1764298150
79500	0.0050087301060557365	5.105953986729195e-06	1764298157
79550	0.007767339237034321	5.081956577012362e-06	1764298164
79600	0.004008838441222906	5.058009310946119e-06	1764298171
79650	0.008998054079711437	5.034112248817685e-06	1764298178
79700	0.003987516276538372	5.010265450787877e-06	1764298185
79750	0.00471983477473259	4.986468976890993e-06	1764298192
79800	0.003783905180171132	4.962722887034615e-06	1764298199
79850	0.002731467131525278	4.9390272409995135e-06	1764298206
79900	0.007536483462899923	4.915382098439436e-06	1764298213
79950	0.006663540378212929	4.8917875188810025e-06	1764298220
80000	0.005863419268280268	4.868243561723535e-06	1764298227
80050	0.0053984676487743855	4.844750286238928e-06	1764298235
80100	0.005441037937998772	4.821307751571463e-06	1764298243
80150	0.005568689666688442	4.797916016737708e-06	1764298250
80200	0.006451663561165333	4.7745751406263165e-06	1764298257
80250	0.005503150634467602	4.751285181997919e-06	1764298264
80300	0.004475638270378113	4.728046199484951e-06	1764298271
80350	0.004155843518674374	4.704858251591537e-06	1764298278
80400	0.005406021140515804	4.681721396693303e-06	1764298285
80450	0.010182215832173824	4.658635693037244e-06	1764298292
80500	0.004406016319990158	4.6356011987416075e-06	1764298299
80550	0.011510806158185005	4.612617971795699e-06	1764298306
80600	0.004756622482091188	4.589686070059762e-06	1764298313
80650	0.006081015802919865	4.566805551264827e-06	1764298320
80700	0.0056530325673520565	4.5439764730125875e-06	1764298327
80750	0.00982296746224165	4.521198892775203e-06	1764298334
80800	0.024482272565364838	4.498472867895223e-06	1764298341
80850	0.004021805711090565	4.475798455585378e-06	1764298348
80900	0.005055567249655724	4.453175712928476e-06	1764298355
80950	0.005115041509270668	4.430604696877239e-06	1764298362
81000	0.016740737482905388	4.408085464254183e-06	1764298369
81050	0.005358634516596794	4.385618071751438e-06	1764298376
81100	0.008661760948598385	4.36320257593065e-06	1764298383
81150	0.004287795163691044	4.340839033222799e-06	1764298390
81200	0.00358798960223794	4.318527499928074e-06	1764298397
81250	0.006243360228836536	4.296268032215733e-06	1764298404
81300	0.0070182932540774345	4.274060686123959e-06	1764298411
81350	0.003964850213378668	4.2519055175597265e-06	1764298418
81400	0.012312628328800201	4.229802582298633e-06	1764298425
81450	0.004981420934200287	4.2077519359848075e-06	1764298432
81500	0.005818418227136135	4.185753634130718e-06	1764298439
81550	0.005471332930028439	4.1638077321170646e-06	1764298446
81600	0.004086527042090893	4.141914285192619e-06	1764298453
81650	0.008709598332643509	4.120073348474127e-06	1764298460
81700	0.0040021068416535854	4.098284976946101e-06	1764298467
81750	0.0028754512313753366	4.076549225460757e-06	1764298474
81800	0.004189172759652138	4.054866148737818e-06	1764298481
81850	0.0031334038358181715	4.0332358013644016e-06	1764298488
81900	0.007412168197333813	4.011658237794877e-06	1764298495
81950	0.006778228562325239	3.990133512350747e-06	1764298502
82000	0.01894792914390564	3.968661679220468e-06	1764298509
82050	0.005598796997219324	3.947242792459368e-06	1764298516
82100	0.007416172418743372	3.925876905989462e-06	1764298523
82150	0.006382272113114595	3.9045640735993456e-06	1764298530
82200	0.004229801241308451	3.883304348944048e-06	1764298537
82250	0.003969117999076843	3.8620977855448935e-06	1764298544
82300	0.004893142729997635	3.840944436789393e-06	1764298551
82350	0.007075855974107981	3.819844355931066e-06	1764298558
82400	0.016093874350190163	3.798797596089351e-06	1764298565
82450	0.003122324589639902	3.777804210249436e-06	1764298572
82500	0.004056233447045088	3.756864251262143e-06	1764298579
82550	0.007937263697385788	3.7359777718437933e-06	1764298586
82600	0.020590392872691154	3.715144824576078e-06	1764298593
82650	0.0071708569303154945	3.6943654619059133e-06	1764298600
82700	0.0046172598376870155	3.6736397361453233e-06	1764298607
82750	0.0034148450940847397	3.652967699471299e-06	1764298614
82800	0.0027188826352357864	3.632349403925664e-06	1764298622
82850	0.007299982942640781	3.6117849014149496e-06	1764298629
82900	0.006268926430493593	3.591274243710277e-06	1764298636
82950	0.0047270311042666435	3.5708174824471947e-06	1764298643
83000	0.00295212771743536	3.5504146691255736e-06	1764298650
83050	0.006903005763888359	3.5300658551094796e-06	1764298657
83100	0.006463229190558195	3.509771091627023e-06	1764298664
83150	0.00521286204457283	3.4895304297702464e-06	1764298671
83200	0.00315091316588223	3.4693439204949858e-06	1764298678
83250	0.008407331071794033	3.4492116146207675e-06	1764298685
83300	0.003775940043851733	3.429133562830636e-06	1764298692
83350	0.0045457882806658745	3.4091098156710744e-06	1764298699
83400	0.004059093073010445	3.3891404235518344e-06	1764298706
83450	0.003027138765901327	3.3692254367458377e-06	1764298713
83500	0.006359371356666088	3.3493649053890326e-06	1764298720
83550	0.00624224916100502	3.329558879480299e-06	1764298727
83600	0.004948911722749472	3.3098074088812686e-06	1764298734
83650	0.005862212739884853	3.290110543316258e-06	1764298741
83700	0.003946417476981878	3.270468332372098e-06	1764298748
83750	0.006126009859144688	3.250880825498026e-06	1764298755
83800	0.005950585938990116	3.2313480720055745e-06	1764298762
83850	0.003123374655842781	3.2118701210684166e-06	1764298769
83900	0.005187188275158405	3.1924470217222835e-06	1764298776
83950	0.007374829612672329	3.1730788228647946e-06	1764298783
84000	0.004550078883767128	3.1537655732553768e-06	1764298790
84050	0.0059209465980529785	3.1345073215151066e-06	1764298797
84100	0.005709072109311819	3.1153041161266134e-06	1764298804
84150	0.004308480769395828	3.0961560054339338e-06	1764298811
84200	0.003664125921204686	3.0770630376424277e-06	1764298818
84250	0.004152411594986916	3.058025260818609e-06	1764298825
84300	0.003092431928962469	3.0390427228900646e-06	1764298832
84350	0.009657112881541252	3.02011547164531e-06	1764298840
84400	0.0034375530667603016	3.0012435547336737e-06	1764298847
84450	0.003919928800314665	2.982427019665182e-06	1764298854
84500	0.005914744455367327	2.9636659138104513e-06	1764298861
84550	0.00454310467466712	2.9449602844005277e-06	1764298867
84600	0.006272605620324612	2.9263101785268254e-06	1764298875
84650	0.01120447926223278	2.9077156431409626e-06	1764298881
84700	0.004232718143612146	2.889176725054643e-06	1764298889
84750	0.0035358951427042484	2.8706934709395892e-06	1764298895
84800	0.004318779334425926	2.8522659273273604e-06	1764298903
84850	0.005274329334497452	2.8338941406092835e-06	1764298909
84900	0.0052809687331318855	2.8155781570363026e-06	1764298917
84950	0.005064908415079117	2.797318022718898e-06	1764298923
85000	0.007995277643203735	2.779113783626916e-06	1764298930
85050	0.003728501033037901	2.76096548558952e-06	1764298937
85100	0.003978601656854153	2.742873174295024e-06	1764298944
85150	0.005467788781970739	2.7248368952908053e-06	1764298952
85200	0.004809816367924213	2.7068566939831645e-06	1764298958
85250	0.003996639512479305	2.6889326156372517e-06	1764298965
85300	0.01052374579012394	2.671064705376905e-06	1764298972
85350	0.010383965447545052	2.653253008184567e-06	1764298980
85400	0.004129947163164616	2.6354975689011576e-06	1764298987
85450	0.004470699466764927	2.6177984322259875e-06	1764298993
85500	0.017643671482801437	2.6001556427166063e-06	1764299001
85550	0.005016544833779335	2.5825692447887074e-06	1764299008
85600	0.005403454881161451	2.565039282716045e-06	1764299015
85650	0.005304667167365551	2.547565800630258e-06	1764299022
85700	0.005515775643289089	2.5301488425208296e-06	1764299029
85750	0.00693375151604414	2.512788452234921e-06	1764299036
85800	0.0052917469292879105	2.495484673477305e-06	1764299043
85850	0.0035569455940276384	2.4782375498102167e-06	1764299050
85900	0.005243951454758644	2.461047124653279e-06	1764299057
85950	0.005042866338044405	2.443913441283349e-06	1764299064
86000	0.006330179050564766	2.4268365428344736e-06	1764299071
86050	0.0076845199801027775	2.4098164722977073e-06	1764299079
86100	0.009637347422540188	2.39285327252107e-06	1764299085
86150	0.0038312887772917747	2.3759469862093903e-06	1764299093
86200	0.019139854237437248	2.3590976559242278e-06	1764299100
86250	0.005019988864660263	2.3423053240837515e-06	1764299107
86300	0.00839211605489254	2.3255700329626347e-06	1764299114
86350	0.012027818709611893	2.3088918246919527e-06	1764299121
86400	0.004007888957858086	2.29227074125907e-06	1764299128
86450	0.0029328344389796257	2.2757068245075564e-06	1764299135
86500	0.007231326308101416	2.2592001161370392e-06	1764299142
86550	0.00399772310629487	2.2427506577031547e-06	1764299149
86600	0.004960740450769663	2.226358490617372e-06	1764299156
86650	0.0068613383919000626	2.2100236561469728e-06	1764299163
86700	0.004269272089004517	2.193746195414867e-06	1764299170
86750	0.0026446999981999397	2.177526149399556e-06	1764299177
86800	0.003748253919184208	2.1613635589349756e-06	1764299184
86850	0.0062679722905159	2.1452584647104422e-06	1764299191
86900	0.003789845621213317	2.129210907270496e-06	1764299198
86950	0.004576499108225107	2.11322092701485e-06	1764299205
87000	0.0036013652570545673	2.09728856419826e-06	1764299212
87050	0.007829111069440842	2.0814138589304337e-06	1764299219
87100	0.008612974546849728	2.0655968511759134e-06	1764299226
87150	0.007398694753646851	2.0498375807540103e-06	1764299233
87200	0.0057125696912407875	2.0341360873386674e-06	1764299239
87250	0.002986664418131113	2.0184924104583613e-06	1764299247
87300	0.005401254165917635	2.0029065894960454e-06	1764299253
87350	0.003011559834703803	1.9873786636889906e-06	1764299260
87400	0.0031195254996418953	1.97190867212875e-06	1764299267
87450	0.005639317445456982	1.956496653760992e-06	1764299274
87500	0.006335306912660599	1.9411426473854688e-06	1764299282
87550	0.008888139389455318	1.925846691655861e-06	1764299288
87600	0.0028510019183158875	1.9106088250797267e-06	1764299296
87650	0.022004369646310806	1.8954290860183687e-06	1764299303
87700	0.004166333470493555	1.8803075126867715e-06	1764299310
87750	0.0037087020464241505	1.8652441431534717e-06	1764299317
87800	0.006916578859090805	1.8502390153404935e-06	1764299324
87850	0.004678248427808285	1.8352921670232143e-06	1764299331
87900	0.0033872409258037806	1.8204036358303173e-06	1764299338
87950	0.0036025792360305786	1.8055734592436536e-06	1764299345
88000	0.003323107026517391	1.790801674598186e-06	1764299352
88050	0.005709327757358551	1.7760883190818534e-06	1764299359
88100	0.00449641328305006	1.7614334297355234e-06	1764299366
88150	0.005812244489789009	1.7468370434528536e-06	1764299373
88200	0.00896537583321333	1.7322991969802248e-06	1764299380
88250	0.0048557971604168415	1.7178199269166584e-06	1764299387
88300	0.0031008534133434296	1.703399269713693e-06	1764299394
88350	0.0028373687528073788	1.6890372616753193e-06	1764299401
88400	0.0053820256143808365	1.674733938957873e-06	1764299409
88450	0.004009800031781197	1.6604893375699594e-06	1764299416
88500	0.006008329801261425	1.6463034933723337e-06	1764299423
88550	0.004486037418246269	1.6321764420778486e-06	1764299430
88600	0.004297021776437759	1.6181082192513353e-06	1764299437
88650	0.004566870629787445	1.6040988603095358e-06	1764299444
88700	0.004423188976943493	1.5901484005209855e-06	1764299450
88750	0.0033272295258939266	1.5762568750059604e-06	1764299457
88800	0.004529195837676525	1.5624243187363441e-06	1764299464
88850	0.0023993179202079773	1.5486507665355948e-06	1764299471
88900	0.005102676339447498	1.534936253078606e-06	1764299478
88950	0.0035205648746341467	1.521280812891654e-06	1764299485
89000	0.005087857600301504	1.5076844803522922e-06	1764299492
89050	0.005283975508064032	1.4941472896892683e-06	1764299499
89100	0.003414614824578166	1.4806692749824464e-06	1764299506
89150	0.02314017340540886	1.4672504701627066e-06	1764299513
89200	0.004858403466641903	1.4538909090118846e-06	1764299520
89250	0.007537232246249914	1.4405906251626494e-06	1764299527
89300	0.005768858827650547	1.4273496520984587e-06	1764299534
89350	0.00855653453618288	1.4141680231534393e-06	1764299541
89400	0.008405281230807304	1.4010457715123354e-06	1764299549
89450	0.004050867632031441	1.3879829302103852e-06	1764299555
89500	0.003582682693377137	1.3749795321332887e-06	1764299562
89550	0.0047683874145150185	1.362035610017079e-06	1764299569
89600	0.003642837516963482	1.3491511964480702e-06	1764299576
89650	0.0045730601996183395	1.3363263238627493e-06	1764299583
89700	0.0037435819394886494	1.3235610245477315e-06	1764299590
89750	0.0027921737637370825	1.3108553306396265e-06	1764299597
89800	0.006640487350523472	1.2982092741250145e-06	1764299603
89850	0.0038679547142237425	1.2856228868403236e-06	1764299610
89900	0.0053091333247721195	1.2730962004717685e-06	1764299617
89950	0.0029149753972887993	1.26062924655527e-06	1764299624
90000	0.007684432901442051	1.248222056476367e-06	1764299630
90050	0.0049074990674853325	1.2358746614701488e-06	1764299639
90100	0.004046390764415264	1.2235870926211619e-06	1764299646
90150	0.0046656494960188866	1.2113593808633527e-06	1764299652
90200	0.005052037537097931	1.1991915569799644e-06	1764299660
90250	0.002316583413630724	1.1870836516034878e-06	1764299666
90300	0.003392366925254464	1.1750356952155512e-06	1764299672
90350	0.008840689435601234	1.1630477181468812e-06	1764299679
90400	0.0036471188068389893	1.1511197505771843e-06	1764299685
90450	0.006360006518661976	1.1392518225351118e-06	1764299691
90500	0.0039002837147563696	1.1274439638981532e-06	1764299698
90550	0.0054427701979875565	1.1156962043925828e-06	1764299704
90600	0.005853948183357716	1.104008573593368e-06	1764299710
90650	0.005379104055464268	1.0923811009241142e-06	1764299717
90700	0.007439993321895599	1.0808138156569614e-06	1764299724
90750	0.0033412231132388115	1.0693067469125323e-06	1764299731
90800	0.0039026339072734118	1.0578599236598707e-06	1764299738
90850	0.0034861057065427303	1.0464733747163307e-06	1764299745
90900	0.0033947699703276157	1.0351471287475406e-06	1764299752
90950	0.004074001219123602	1.023881214267311e-06	1764299759
91000	0.0037311515770852566	1.0126756596375686e-06	1764299766
91050	0.0045854514464735985	1.0015304930682783e-06	1764299773
91100	0.004566350020468235	9.904457426173907e-07	1764299780
91150	0.003949924372136593	9.794214361907473e-07	1764299787
91200	0.0043571884743869305	9.684576015420278e-07	1764299794
91250	0.0031025898642838	9.575542662726754e-07	1764299801
91300	0.008311966434121132	9.467114578318226e-07	1764299808
91350	0.0038096699863672256	9.359292035162226e-07	1764299815
91400	0.004016369581222534	9.252075304701929e-07	1764299822
91450	0.006381405517458916	9.145464656855257e-07	1764299829
91500	0.002472059102728963	9.03946036001449e-07	1764299836
91550	0.004154054448008537	8.934062681045241e-07	1764299844
91600	0.008087212219834328	8.829271885286094e-07	1764299851
91650	0.002726753707975149	8.725088236547719e-07	1764299858
91700	0.011636914685368538	8.62151199711228e-07	1764299865
91750	0.004268995486199856	8.51854342773295e-07	1764299872
91800	0.004664111882448196	8.416182787632871e-07	1764299879
91850	0.003348390571773052	8.314430334504908e-07	1764299886
91900	0.00427634222432971	8.213286324510738e-07	1764299892
91950	0.008232020772993565	8.112751012280235e-07	1764299898
92000	0.004576926119625568	8.012824650910938e-07	1764299905
92050	0.006819423288106918	7.91350749196737e-07	1764299912
92100	0.004866014700382948	7.814799785480359e-07	1764299920
92150	0.011536822654306889	7.716701779946433e-07	1764299926
92200	0.003071337239816785	7.619213722327185e-07	1764299934
92250	0.00847250409424305	7.522335858048707e-07	1764299941
92300	0.00270204059779644	7.426068431000882e-07	1764299948
92350	0.005156739614903927	7.330411683536876e-07	1764299955
92400	0.008768521249294281	7.235365856472442e-07	1764299962
92450	0.009661402553319931	7.140931189085265e-07	1764299969
92500	0.003560494165867567	7.047107919114588e-07	1764299976
92550	0.0046966178342700005	6.953896282760359e-07	1764299983
92600	0.006811889354139566	6.86129651468273e-07	1764299990
92650	0.008144853636622429	6.769308848001532e-07	1764299997
92700	0.005497012287378311	6.677933514295604e-07	1764300004
92750	0.009874420240521431	6.587170743602239e-07	1764300011
92800	0.002960596699267626	6.497020764416633e-07	1764300018
92850	0.004213416948914528	6.407483803691216e-07	1764300025
92900	0.003823817241936922	6.318560086835179e-07	1764300032
92950	0.021388914436101913	6.230249837713864e-07	1764300039
93000	0.003474515862762928	6.142553278648239e-07	1764300046
93050	0.00259593827649951	6.055470630414284e-07	1764300053
93100	0.010611498728394508	5.969002112242494e-07	1764300060
93150	0.005796149373054504	5.883147941817213e-07	1764300067
93200	0.0048876055516302586	5.797908335276214e-07	1764300074
93250	0.003965899348258972	5.713283507210148e-07	1764300081
93300	0.0024266999680548906	5.629273670661849e-07	1764300089
93350	0.0041624028235673904	5.545879037126057e-07	1764300096
93400	0.005804809276014566	5.463099816548579e-07	1764300102
93450	0.004490001127123833	5.380936217326105e-07	1764300110
93500	0.005529988557100296	5.299388446305343e-07	1764300117
93550	0.004164491314440966	5.218456708782682e-07	1764300124
93600	0.005110154859721661	5.1381412085037e-07	1764300131
93650	0.004323677625507116	5.058442147662601e-07	1764300138
93700	0.0043045529164373875	4.979359726901639e-07	1764300145
93750	0.004060605075210333	4.900894145310753e-07	1764300152
93800	0.003563167992979288	4.823045600426901e-07	1764300159
93850	0.005404409021139145	4.7458142882337574e-07	1764300166
93900	0.007452701218426228	4.669200403160989e-07	1764300173
93950	0.003971118945628405	4.5932041380840065e-07	1764300180
94000	0.011030388996005058	4.517825684323324e-07	1764300187
94050	0.0027833108324557543	4.443065231644089e-07	1764300193
94100	0.005003334954380989	4.3689229682556676e-07	1764300201
94150	0.005851210094988346	4.2953990808111135e-07	1764300207
94200	0.004154868423938751	4.2224937544067257e-07	1764300215
94250	0.0028844084590673447	4.1502071725815216e-07	1764300221
94300	0.0038539767265319824	4.078539517316987e-07	1764300228
94350	0.0040404703468084335	4.0074909690362707e-07	1764300235
94400	0.005702252499759197	3.9370617066040726e-07	1764300242
94450	0.005228486843407154	3.867251907325953e-07	1764300249
94500	0.005066877231001854	3.7980617469479953e-07	1764300256
94550	0.0027994022238999605	3.729491399656337e-07	1764300263
94600	0.00353446789085865	3.6615410380767544e-07	1764300270
94650	0.0030429197940975428	3.5942108332741866e-07	1764300277
94700	0.009639186784625053	3.5275009547523774e-07	1764300284
94750	0.003297655377537012	3.4614115704533767e-07	1764300291
94800	0.0045241499319672585	3.395942846757066e-07	1764300298
94850	0.004623889923095703	3.3310949484809117e-07	1764300305
94900	0.008009381592273712	3.266868038879434e-07	1764300313
94950	0.005739067681133747	3.2032622796438204e-07	1764300319
95000	0.009527256712317467	3.140277830901428e-07	1764300327
95050	0.0039525460451841354	3.077914851215585e-07	1764300333
95100	0.00467334222048521	3.016173497584984e-07	1764300341
95150	0.00443732226267457	2.955053925443457e-07	1764300347
95200	0.004156479146331549	2.894556288659395e-07	1764300354
95250	0.007067137397825718	2.834680739535578e-07	1764300361
95300	0.0036620129831135273	2.7754274288085966e-07	1764300368
95350	0.0037878532893955708	2.7167965056486e-07	1764300375
95400	0.006344520952552557	2.658788117658878e-07	1764300382
95450	0.00455063208937645	2.6014024108754755e-07	1764300390
95500	0.0039712004363536835	2.544639529766829e-07	1764300396
95550	0.0030532984528690577	2.4884996172334086e-07	1764300404
95600	0.0045424290001392365	2.4329828146074095e-07	1764300410
95650	0.005589658860117197	2.378089261652311e-07	1764300417
95700	0.006174001842737198	2.3238190965625684e-07	1764300424
95750	0.006567163392901421	2.2701724559632542e-07	1764300430
95800	0.008423369377851486	2.2171494749097245e-07	1764300436
95850	0.0036678870674222708	2.1647502868872295e-07	1764300443
95900	0.0034071882255375385	2.1129750238107203e-07	1764300450
95950	0.0029627052135765553	2.061823816024322e-07	1764300457
96000	0.009572467766702175	2.011296792301165e-07	1764300464
96050	0.004482417367398739	1.9613940798429707e-07	1764300471
96100	0.0030463840812444687	1.912115804279746e-07	1764300478
96150	0.004974781069904566	1.8634620896695043e-07	1764300485
96200	0.0022554071620106697	1.8154330584978784e-07	1764300492
96250	0.0034589420538395643	1.768028831677926e-07	1764300499
96300	0.00394803611561656	1.7212495285497399e-07	1764300505
96350	0.011096171103417873	1.6750952668801445e-07	1764300513
96400	0.021255090832710266	1.6295661628624447e-07	1764300519
96450	0.007244391366839409	1.5846623311160936e-07	1764300526
96500	0.0071573881432414055	1.5403838846864694e-07	1764300533
96550	0.003208979032933712	1.4967309350444604e-07	1764300540
96600	0.004627089016139507	1.453703592086353e-07	1764300547
96650	0.0032857954502105713	1.411301964133388e-07	1764300554
96700	0.003513786941766739	1.3695261579316777e-07	1764300561
96750	0.004614035598933697	1.328376278651705e-07	1764300568
96800	0.007089157588779926	1.2878524298882698e-07	1764300575
96850	0.002815276850014925	1.2479547136600989e-07	1764300582
96900	0.0038235606625676155	1.2086832304096797e-07	1764300589
96950	0.00487970095127821	1.170038079002872e-07	1764300596
97000	0.0029119092505425215	1.1320193567288529e-07	1764300603
97050	0.007232567295432091	1.0946271592996715e-07	1764300610
97100	0.00540157500654459	1.0578615808501391e-07	1764300617
97150	0.005362935364246368	1.0217227139376062e-07	1764300624
97200	0.004316006787121296	9.862106495415469e-08	1764300631
97250	0.0024757252540439367	9.513254770636137e-08	1764300638
97300	0.005645835772156715	9.170672843271666e-08	1764300645
97350	0.004665084183216095	8.834361575771333e-08	1764300652
97400	0.0047555058263242245	8.504321814798433e-08	1764300659
97450	0.0041646696627140045	8.180554391228056e-08	1764300666
97500	0.009126702323555946	7.863060120144317e-08	1764300673
97550	0.004704564344137907	7.551839800837846e-08	1764300679
97600	0.0054631163366138935	7.246894216806355e-08	1764300687
97650	0.008005471900105476	6.948224135749637e-08	1764300694
97700	0.003822959726676345	6.655830309569289e-08	1764300701
97750	0.00393838994204998	6.369713474366212e-08	1764300708
97800	0.004012563265860081	6.089874350439506e-08	1764300715
97850	0.005109447054564953	5.816313642283411e-08	1764300722
97900	0.006230546161532402	5.54903203858731e-08	1764300729
97950	0.00632117735221982	5.2880302122318425e-08	1764300736
98000	0.002681152429431677	5.033308820289184e-08	1764300743
98050	0.004494973458349705	4.784868504019435e-08	1764300750
98100	0.005916068330407143	4.542709888871732e-08	1764300757
98150	0.004636793397367001	4.306833584479253e-08	1764300764
98200	0.008860863745212555	4.07724018466088e-08	1764300771
98250	0.0054993112571537495	3.853930267417316e-08	1764300777
98300	0.009252110496163368	3.636904394931362e-08	1764300783
98350	0.004566986579447985	3.426163113565417e-08	1764300789
98400	0.008690904825925827	3.221706953860093e-08	1764300795
98450	0.006095524411648512	3.023536430533658e-08	1764300801
98500	0.00837770290672779	2.831652042480093e-08	1764300808
98550	0.003978508524596691	2.6460542727682614e-08	1764300815
98600	0.009367834776639938	2.466743588640241e-08	1764300822
98650	0.0033431188203394413	2.2937204415107717e-08	1764300829
98700	0.004058695863932371	2.126985266964754e-08	1764300836
98750	0.0039959317073225975	1.9665384847583622e-08	1764300843
98800	0.004627767484635115	1.812380498815991e-08	1764300850
98850	0.004984494764357805	1.664511697230253e-08	1764300857
98900	0.0029129800386726856	1.522932452260595e-08	1764300864
98950	0.0028459641616791487	1.3876431203327378e-08	1764300871
99000	0.003289482556283474	1.2586440420372936e-08	1764300878
99050	0.004320021718740463	1.1359355421292072e-08	1764300885
99100	0.004639477469027042	1.0195179295269252e-08	1764300892
99150	0.0037683025002479553	9.0939149731184e-09	1764300899
99200	0.0030921618454158306	8.055565227271799e-09	1764300906
99250	0.005431855097413063	7.080132671774542e-09	1764300913
99300	0.002893524942919612	6.167619762270649e-09	1764300920
99350	0.0073227896355092525	5.318028796016949e-09	1764300927
99400	0.008068934082984924	4.531361911855325e-09	1764300934
99450	0.006454496644437313	3.807621090218261e-09	1764300941
99500	0.00881243497133255	3.146808153123293e-09	1764300948
99550	0.003905639285221696	2.5489247641674596e-09	1764300955
99600	0.006159837357699871	2.0139724285161977e-09	1764300962
99650	0.005019346252083778	1.5419524929172203e-09	1764300969
99700	0.0035905209369957447	1.132866145678313e-09	1764300976
99750	0.003627937287092209	7.867144166728846e-10	1764300983
99800	0.003700711764395237	5.034981773371916e-10	1764300990
99850	0.008679468184709549	2.8321814067033824e-10	1764300997
99900	0.006407127715647221	1.2587486122317416e-10	1764301004
99950	0.003199493046849966	3.14687351121723e-11	1764301011
100000	0.006894462741911411	0.0	1764301018
